Order_ID,Material_ID,Supplier_ID,Theoretical_Capacity,Purchase_Quantity,Material_Unit_Price,Order_Create_Date,Order_Delivery_Date,Promised_Delivery_Date,Defective_Quantity,Incoming_Total_Qty,Is_Qualified_Supplier,Is_Returned,Is_Delayed,Delayed_Delivery_Cost
OID0001,MID0001,SID0001,1094,847,239.42,2025/04/01,2025/04/13,2025/04/13,48,0,1,1,0,0
OID0002,MID0009,SID0001,1017,727,6.05,2025/04/01,2025/04/08,2025/04/11,0,727,1,0,0,0
OID0003,MID0019,SID0001,1040,377,6.13,2025/04/01,2025/04/12,2025/04/13,2,377,0,0,0,0
OID0004,MID0002,SID0002,1411,592,13,2025/04/02,2025/04/11,2025/04/13,4,592,1,0,0,0
OID0005,MID0003,SID0003,1109,411,62.12,2025/04/02,2025/04/12,2025/04/10,2,411,0,0,1,43.48
OID0006,MID0004,SID0004,1437,531,2,2025/04/02,2025/04/19,2025/04/16,0,531,1,0,1,2.1
OID0007,MID0005,SID0005,849,454,35.8,2025/04/02,2025/04/17,2025/04/15,2,454,1,0,1,25.06
OID0008,MID0007,SID0006,880,341,15.11,2025/04/03,2025/04/12,2025/04/13,1,341,1,0,0,0
OID0009,MID0008,SID0007,932,398,106.53,2025/04/03,2025/04/11,2025/04/17,0,398,1,0,0,0
OID0010,MID0010,SID0009,1158,988,28.19,2025/04/03,2025/04/15,2025/04/14,8,988,0,0,1,9.87
OID0011,MID0011,SID0010,947,617,29.93,2025/04/03,2025/04/13,2025/04/14,39,0,1,1,0,0
OID0012,MID0012,SID0011,710,480,221.24,2025/04/04,2025/04/17,2025/04/13,3,480,0,0,1,309.74
OID0013,MID0013,SID0012,798,560,5,2025/04/04,2025/04/16,2025/04/12,4,560,1,0,1,7.0
OID0014,MID0014,SID0013,936,509,6,2025/04/04,2025/04/13,2025/04/14,2,509,1,0,0,0
OID0015,MID0015,SID0014,722,501,42.91,2025/04/04,2025/04/16,2025/04/17,2,501,1,0,0,0
OID0016,MID0016,SID0015,585,313,128.17,2025/04/05,2025/04/13,2025/04/13,1,313,1,0,0,0
OID0017,MID0017,SID0016,835,350,7,2025/04/05,2025/04/11,2025/04/15,2,350,1,0,0,0
OID0018,MID0018,SID0017,627,311,4,2025/04/05,2025/04/16,2025/04/19,2,311,0,0,0,0
OID0019,MID0020,SID0018,474,291,86.26,2025/04/05,2025/04/13,2025/04/13,1,291,1,0,0,0
OID0020,MID0021,SID0019,382,325,12,2025/04/06,2025/04/13,2025/04/18,2,325,1,0,0,0
OID0021,MID0022,SID0020,575,243,1,2025/04/06,2025/04/10,2025/04/15,2,243,1,0,0,0
OID0022,MID0024,SID0020,543,342,4,2025/04/06,2025/04/23,2025/04/19,3,342,1,0,1,5.6
OID0023,MID0019,SID0021,342,256,6.13,2025/04/06,2025/04/14,2025/04/17,2,256,1,0,0,0
OID0024,MID0023,SID0021,327,239,312.55,2025/04/07,2025/04/16,2025/04/18,0,239,1,0,0,0
OID0025,MID0025,SID0021,336,295,30.62,2025/04/07,2025/04/19,2025/04/21,2,295,1,0,0,0
OID0026,MID0023,SID0021,336,148,312.55,2025/04/07,2025/04/23,2025/04/21,7,148,0,0,1,218.78
OID0027,MID0007,SID0006,925,695,15.11,2025/04/07,2025/04/15,2025/04/19,4,695,1,0,0,0
OID0028,MID0005,SID0005,856,317,35.8,2025/04/08,2025/04/15,2025/04/15,2,317,1,0,0,0
OID0029,MID0003,SID0003,1176,804,62.12,2025/04/08,2025/04/10,2025/04/16,6,804,1,0,0,0
OID0030,MID0016,SID0015,616,410,128.17,2025/04/08,2025/04/22,2025/04/18,1,410,1,0,1,179.44
OID0031,MID0015,SID0014,712,440,42.91,2025/04/08,2025/04/12,2025/04/16,40,0,1,1,0,0
OID0032,MID0020,SID0018,499,263,86.26,2025/04/09,2025/04/26,2025/04/23,3,263,1,0,1,90.57
OID0033,MID0020,SID0018,501,374,86.26,2025/04/09,2025/04/21,2025/04/18,2,374,1,0,1,90.57
OID0034,MID0023,SID0021,330,143,312.55,2025/04/09,2025/04/20,2025/04/17,0,143,1,0,1,328.18
OID0035,MID0008,SID0007,896,357,106.53,2025/04/09,2025/04/19,2025/04/19,7,357,1,0,0,0
OID0036,MID0003,SID0003,1135,663,62.12,2025/04/10,2025/04/18,2025/04/21,3,663,0,0,0,0
OID0037,MID0007,SID0006,985,617,15.11,2025/04/10,2025/04/16,2025/04/22,22,617,1,0,0,0
OID0038,MID0012,SID0011,694,411,221.24,2025/04/10,2025/04/17,2025/04/18,1,411,1,0,0,0
OID0039,MID0011,SID0010,918,868,29.93,2025/04/10,2025/04/16,2025/04/21,1,868,1,0,0,0
OID0040,MID0010,SID0009,1090,519,28.19,2025/04/10,2025/04/20,2025/04/17,1,519,0,0,1,29.6
OID0041,MID0012,SID0011,705,404,221.24,2025/04/11,2025/04/18,2025/04/20,0,404,1,0,0,0
OID0042,MID0007,SID0006,855,736,15.11,2025/04/11,2025/04/13,2025/04/18,3,736,1,0,0,0
OID0043,MID0016,SID0015,583,340,128.17,2025/04/11,2025/04/23,2025/04/23,3,340,1,0,0,0
OID0044,MID0005,SID0005,839,384,35.8,2025/04/11,2025/04/22,2025/04/25,1,384,1,0,0,0
OID0045,MID0005,SID0005,870,417,35.8,2025/04/12,2025/04/26,2025/04/22,2,417,1,0,1,50.12
OID0046,MID0023,SID0021,314,199,312.55,2025/04/12,2025/04/24,2025/04/26,1,199,1,0,0,0
OID0047,MID0023,SID0021,333,235,312.55,2025/04/12,2025/04/28,2025/04/24,1,235,1,0,1,437.57
OID0048,MID0019,SID0021,350,206,6.13,2025/04/12,2025/04/16,2025/04/20,0,206,1,0,0,0
OID0049,MID0017,SID0016,888,355,7,2025/04/13,2025/04/23,2025/04/22,3,355,1,0,1,2.45
OID0050,MID0010,SID0009,1130,518,28.19,2025/04/13,2025/04/15,2025/04/21,0,518,1,0,0,0
OID0051,MID0001,SID0001,1066,591,239.42,2025/04/13,2025/04/18,2025/04/20,0,591,1,0,0,0
OID0052,MID0016,SID0015,656,341,128.17,2025/04/13,2025/04/27,2025/04/23,0,341,1,0,1,179.44
OID0053,MID0023,SID0021,329,126,312.55,2025/04/14,2025/04/19,2025/04/24,1,126,1,0,0,0
OID0054,MID0009,SID0001,1099,693,6.05,2025/04/14,2025/04/26,2025/04/28,2,693,1,0,0,0
OID0055,MID0003,SID0003,1206,914,62.12,2025/04/14,2025/04/21,2025/04/21,6,914,1,0,0,0
OID0056,MID0010,SID0009,1086,602,28.19,2025/04/14,2025/04/21,2025/04/26,4,602,1,0,0,0
OID0057,MID0021,SID0019,437,313,12,2025/04/15,2025/04/22,2025/04/23,1,313,0,0,0,0
OID0058,MID0012,SID0011,790,749,221.24,2025/04/15,2025/05/01,2025/04/27,25,749,1,0,1,309.74
OID0059,MID0016,SID0015,608,266,128.17,2025/04/15,2025/04/20,2025/04/24,2,266,1,0,0,0
OID0060,MID0007,SID0006,901,389,15.11,2025/04/15,2025/04/26,2025/04/24,3,389,0,0,1,10.58
OID0061,MID0012,SID0011,755,346,221.24,2025/04/16,2025/04/20,2025/04/23,3,346,1,0,0,0
OID0062,MID0025,SID0021,335,300,30.62,2025/04/16,2025/04/30,2025/04/30,1,300,1,0,0,0
OID0063,MID0010,SID0009,1044,453,28.19,2025/04/16,2025/04/29,2025/04/27,5,453,1,0,1,19.73
OID0064,MID0011,SID0010,984,459,29.93,2025/04/16,2025/04/27,2025/04/30,4,459,0,0,0,0
OID0065,MID0003,SID0003,1170,929,62.12,2025/04/17,2025/04/21,2025/04/27,5,929,1,0,0,0
OID0066,MID0003,SID0003,1230,846,62.12,2025/04/17,2025/04/28,2025/04/29,0,846,1,0,0,0
OID0067,MID0003,SID0003,1231,517,62.12,2025/04/17,2025/04/18,2025/04/24,2,517,1,0,0,0
OID0068,MID0018,SID0017,604,351,4,2025/04/17,2025/04/30,2025/04/27,15,351,0,0,1,4.2
OID0069,MID0001,SID0001,1024,610,239.42,2025/04/18,2025/05/01,2025/05/01,0,610,1,0,0,0
OID0070,MID0010,SID0009,1012,462,28.19,2025/04/18,2025/04/20,2025/04/25,2,462,1,0,0,0
OID0071,MID0015,SID0014,718,515,42.91,2025/04/18,2025/04/23,2025/04/29,4,515,1,0,0,0
OID0072,MID0013,SID0012,720,468,5,2025/04/18,2025/05/04,2025/04/30,3,468,1,0,1,7.0
OID0073,MID0010,SID0009,1105,782,28.19,2025/04/19,2025/04/27,2025/05/01,6,782,1,0,0,0
OID0074,MID0008,SID0007,902,712,106.53,2025/04/19,2025/04/25,2025/04/28,3,712,1,0,0,0
OID0075,MID0007,SID0006,886,367,15.11,2025/04/19,2025/04/28,2025/04/27,2,367,1,0,1,5.29
OID0076,MID0001,SID0001,1058,540,239.42,2025/04/19,2025/04/22,2025/04/27,3,540,1,0,0,0
OID0077,MID0023,SID0021,307,177,312.55,2025/04/20,2025/04/28,2025/04/27,0,177,1,0,1,109.39
OID0078,MID0023,SID0021,312,184,312.55,2025/04/20,2025/04/25,2025/04/28,1,184,1,0,0,0
OID0079,MID0012,SID0011,777,309,221.24,2025/04/20,2025/05/03,2025/05/02,0,309,1,0,1,77.43
OID0080,MID0025,SID0021,343,172,30.62,2025/04/20,2025/04/22,2025/04/28,1,172,1,0,0,0
OID0081,MID0023,SID0021,305,129,312.55,2025/04/20,2025/04/24,2025/04/27,0,129,1,0,0,0
OID0082,MID0017,SID0016,784,375,7,2025/04/21,2025/04/29,2025/04/28,0,375,1,0,1,2.45
OID0083,MID0016,SID0015,670,369,128.17,2025/04/21,2025/05/03,2025/05/02,1,369,0,0,1,44.86
OID0084,MID0010,SID0009,1071,629,28.19,2025/04/21,2025/04/29,2025/04/30,3,629,0,0,0,0
OID0085,MID0003,SID0003,1260,454,62.12,2025/04/21,2025/04/27,2025/04/29,4,454,1,0,0,0
OID0086,MID0003,SID0003,1111,962,62.12,2025/04/22,2025/05/02,2025/05/03,6,962,1,0,0,0
OID0087,MID0023,SID0021,333,157,312.55,2025/04/22,2025/04/29,2025/05/03,0,157,1,0,0,0
OID0088,MID0025,SID0021,307,113,30.62,2025/04/22,2025/05/08,2025/05/06,0,113,1,0,1,21.43
OID0089,MID0008,SID0007,894,418,106.53,2025/04/22,2025/05/07,2025/05/05,0,418,1,0,1,74.57
OID0090,MID0011,SID0010,909,846,29.93,2025/04/23,2025/04/27,2025/05/01,6,846,1,0,0,0
OID0091,MID0003,SID0003,1253,500,62.12,2025/04/23,2025/05/05,2025/05/06,2,500,1,0,0,0
OID0092,MID0023,SID0021,329,193,312.55,2025/04/23,2025/04/28,2025/05/01,2,193,1,0,0,0
OID0093,MID0011,SID0010,993,651,29.93,2025/04/23,2025/05/01,2025/05/05,3,651,0,0,0,0
OID0094,MID0025,SID0021,347,122,30.62,2025/04/24,2025/05/07,2025/05/08,0,122,1,0,0,0
OID0095,MID0023,SID0021,323,188,312.55,2025/04/24,2025/05/03,2025/05/02,0,188,1,0,1,109.39
OID0096,MID0012,SID0011,695,302,221.24,2025/04/24,2025/05/04,2025/05/03,1,302,0,0,1,77.43
OID0097,MID0017,SID0016,856,365,7,2025/04/24,2025/04/30,2025/05/06,2,365,1,0,0,0
OID0098,MID0008,SID0007,907,321,106.53,2025/04/25,2025/05/12,2025/05/09,2,321,1,0,1,111.86
OID0099,MID0011,SID0010,942,492,29.93,2025/04/25,2025/05/04,2025/05/06,2,492,1,0,0,0
OID0100,MID0016,SID0015,588,367,128.17,2025/04/25,2025/05/03,2025/05/05,39,0,0,1,0,0
OID0101,MID0015,SID0014,739,363,42.91,2025/04/25,2025/05/04,2025/05/08,15,363,1,0,0,0
OID0102,MID0012,SID0011,705,499,221.24,2025/04/26,2025/05/09,2025/05/05,4,499,1,0,1,309.74
OID0103,MID0012,SID0011,770,555,221.24,2025/04/26,2025/05/04,2025/05/09,3,555,1,0,0,0
OID0104,MID0005,SID0005,831,700,35.8,2025/04/26,2025/05/12,2025/05/08,3,700,0,0,1,50.12
OID0105,MID0009,SID0001,1120,557,6.05,2025/04/26,2025/05/04,2025/05/04,2,557,1,0,0,0
OID0106,MID0011,SID0010,901,423,29.93,2025/04/27,2025/05/09,2025/05/10,1,423,1,0,0,0
OID0107,MID0023,SID0021,350,191,312.55,2025/04/27,2025/05/13,2025/05/11,1,191,1,0,1,218.78
OID0108,MID0003,SID0003,1275,1000,62.12,2025/04/27,2025/05/08,2025/05/04,2,1000,0,0,1,86.97
OID0109,MID0012,SID0011,784,363,221.24,2025/04/27,2025/05/14,2025/05/10,0,363,0,0,1,309.74
OID0110,MID0005,SID0005,870,487,35.8,2025/04/28,2025/05/12,2025/05/08,2,487,0,0,1,50.12
OID0111,MID0008,SID0007,891,407,106.53,2025/04/28,2025/05/13,2025/05/10,1,407,1,0,1,111.86
OID0112,MID0012,SID0011,760,327,221.24,2025/04/28,2025/05/07,2025/05/11,15,327,1,0,0,0
OID0113,MID0002,SID0002,1254,803,13,2025/04/28,2025/05/01,2025/05/05,5,803,0,0,0,0
OID0114,MID0016,SID0015,602,466,128.17,2025/04/29,2025/05/04,2025/05/06,1,466,0,0,0,0
OID0115,MID0025,SID0021,331,241,30.62,2025/04/29,2025/05/06,2025/05/07,1,241,0,0,0,0
OID0116,MID0008,SID0007,934,731,106.53,2025/04/29,2025/05/15,2025/05/13,3,731,1,0,1,74.57
OID0117,MID0007,SID0006,852,504,15.11,2025/04/29,2025/05/09,2025/05/07,0,504,1,0,1,10.58
OID0118,MID0020,SID0018,499,230,86.26,2025/04/29,2025/05/06,2025/05/09,22,0,1,1,0,0
OID0119,MID0003,SID0003,1128,559,62.12,2025/04/30,2025/05/12,2025/05/08,4,559,1,0,1,86.97
OID0120,MID0012,SID0011,750,538,221.24,2025/04/30,2025/05/06,2025/05/10,4,538,1,0,0,0
OID0121,MID0003,SID0003,1278,881,62.12,2025/04/30,2025/05/10,2025/05/14,32,881,1,0,0,0
OID0122,MID0010,SID0009,1041,555,28.19,2025/04/30,2025/05/04,2025/05/09,2,555,1,0,0,0
OID0123,MID0009,SID0001,1050,555,6.05,2025/05/01,2025/05/15,2025/05/11,2,555,1,0,1,8.47
OID0124,MID0016,SID0015,616,311,128.17,2025/05/01,2025/05/13,2025/05/10,1,311,1,0,1,134.58
OID0125,MID0005,SID0005,929,662,35.8,2025/05/01,2025/05/06,2025/05/10,2,662,0,0,0,0
OID0126,MID0011,SID0010,927,709,29.93,2025/05/01,2025/05/16,2025/05/13,4,709,0,0,1,31.43
OID0127,MID0025,SID0021,301,233,30.62,2025/05/02,2025/05/09,2025/05/14,2,233,1,0,0,0
OID0128,MID0025,SID0021,334,248,30.62,2025/05/02,2025/05/17,2025/05/13,1,248,1,0,1,42.87
OID0129,MID0001,SID0001,1028,555,239.42,2025/05/02,2025/05/18,2025/05/14,4,555,1,0,1,335.19
OID0130,MID0003,SID0003,1253,580,62.12,2025/05/02,2025/05/19,2025/05/16,5,580,1,0,1,65.23
OID0131,MID0003,SID0003,1159,756,62.12,2025/05/03,2025/05/09,2025/05/15,1,756,1,0,0,0
OID0132,MID0010,SID0009,1023,452,28.19,2025/05/03,2025/05/08,2025/05/10,4,452,1,0,0,0
OID0133,MID0003,SID0003,1109,437,62.12,2025/05/03,2025/05/11,2025/05/11,2,437,0,0,0,0
OID0134,MID0003,SID0003,1119,786,62.12,2025/05/03,2025/05/09,2025/05/11,0,786,1,0,0,0
OID0135,MID0019,SID0001,1148,527,6.13,2025/05/04,2025/05/11,2025/05/11,0,527,1,0,0,0
OID0136,MID0015,SID0014,675,279,42.91,2025/05/04,2025/05/13,2025/05/18,1,279,0,0,0,0
OID0137,MID0020,SID0018,533,256,86.26,2025/05/04,2025/05/09,2025/05/12,1,256,0,0,0,0
OID0138,MID0020,SID0018,526,205,86.26,2025/05/04,2025/05/16,2025/05/15,1,205,0,0,1,30.19
OID0139,MID0025,SID0021,326,194,30.62,2025/05/05,2025/05/15,2025/05/19,1,194,1,0,0,0
OID0140,MID0003,SID0003,1212,982,62.12,2025/05/05,2025/05/08,2025/05/14,4,982,1,0,0,0
OID0141,MID0004,SID0004,1435,631,2,2025/05/05,2025/05/20,2025/05/19,4,631,1,0,1,0.7
OID0142,MID0023,SID0021,301,198,312.55,2025/05/05,2025/05/09,2025/05/15,1,198,1,0,0,0
OID0143,MID0007,SID0006,857,501,15.11,2025/05/06,2025/05/15,2025/05/17,0,501,1,0,0,0
OID0144,MID0016,SID0015,643,383,128.17,2025/05/06,2025/05/14,2025/05/19,1,383,0,0,0,0
OID0145,MID0011,SID0010,976,609,29.93,2025/05/06,2025/05/15,2025/05/20,3,609,1,0,0,0
OID0146,MID0025,SID0021,330,214,30.62,2025/05/06,2025/05/15,2025/05/18,0,214,1,0,0,0
OID0147,MID0012,SID0011,752,497,221.24,2025/05/07,2025/05/13,2025/05/19,26,0,0,1,0,0
OID0148,MID0019,SID0001,1018,393,6.13,2025/05/07,2025/05/12,2025/05/15,2,393,1,0,0,0
OID0149,MID0012,SID0011,729,645,221.24,2025/05/07,2025/05/22,2025/05/18,2,645,1,0,1,309.74
OID0150,MID0007,SID0006,941,613,15.11,2025/05/07,2025/05/21,2025/05/20,3,613,1,0,1,5.29
OID0151,MID0023,SID0021,315,180,312.55,2025/05/08,2025/05/19,2025/05/21,0,180,1,0,0,0
OID0152,MID0015,SID0014,652,244,42.91,2025/05/08,2025/05/19,2025/05/18,0,244,1,0,1,15.02
OID0153,MID0010,SID0009,1119,715,28.19,2025/05/08,2025/05/22,2025/05/19,2,715,1,0,1,29.6
OID0154,MID0023,SID0021,344,164,312.55,2025/05/08,2025/05/16,2025/05/15,7,164,0,0,1,109.39
OID0155,MID0005,SID0005,896,350,35.8,2025/05/08,2025/05/15,2025/05/18,2,350,1,0,0,0
OID0156,MID0003,SID0003,1274,538,62.12,2025/05/09,2025/05/13,2025/05/19,4,538,1,0,0,0
OID0157,MID0015,SID0014,732,490,42.91,2025/05/09,2025/05/16,2025/05/21,1,490,1,0,0,0
OID0158,MID0001,SID0001,1142,644,239.42,2025/05/09,2025/05/17,2025/05/22,5,644,1,0,0,0
OID0159,MID0005,SID0005,882,623,35.8,2025/05/09,2025/05/20,2025/05/19,2,623,1,0,1,12.53
OID0160,MID0023,SID0021,307,273,312.55,2025/05/10,2025/05/20,2025/05/18,0,273,1,0,1,218.78
OID0161,MID0003,SID0003,1124,842,62.12,2025/05/10,2025/05/20,2025/05/23,1,842,0,0,0,0
OID0162,MID0012,SID0011,687,365,221.24,2025/05/10,2025/05/15,2025/05/20,3,365,0,0,0,0
OID0163,MID0015,SID0014,720,376,42.91,2025/05/10,2025/05/19,2025/05/17,32,0,1,1,1,30.04
OID0164,MID0023,SID0021,345,246,312.55,2025/05/11,2025/05/17,2025/05/20,2,246,1,0,0,0
OID0165,MID0001,SID0001,1117,787,239.42,2025/05/11,2025/05/19,2025/05/22,2,787,1,0,0,0
OID0166,MID0025,SID0021,312,178,30.62,2025/05/11,2025/05/15,2025/05/21,1,178,1,0,0,0
OID0167,MID0025,SID0021,341,162,30.62,2025/05/11,2025/05/12,2025/05/18,1,162,0,0,0,0
OID0168,MID0019,SID0021,334,166,6.13,2025/05/12,2025/05/18,2025/05/21,0,166,1,0,0,0
OID0169,MID0025,SID0021,304,172,30.62,2025/05/12,2025/05/20,2025/05/20,0,172,1,0,0,0
OID0170,MID0025,SID0021,323,188,30.62,2025/05/12,2025/05/28,2025/05/26,1,188,0,0,1,21.43
OID0171,MID0012,SID0011,793,546,221.24,2025/05/12,2025/05/25,2025/05/25,3,546,0,0,0,0
OID0172,MID0012,SID0011,752,267,221.24,2025/05/13,2025/05/24,2025/05/22,1,267,1,0,1,154.87
OID0173,MID0003,SID0003,1202,993,62.12,2025/05/13,2025/05/21,2025/05/27,4,993,1,0,0,0
OID0174,MID0012,SID0011,766,344,221.24,2025/05/13,2025/05/17,2025/05/23,0,344,1,0,0,0
OID0175,MID0025,SID0021,352,161,30.62,2025/05/13,2025/05/27,2025/05/25,0,161,0,0,1,21.43
OID0176,MID0003,SID0003,1133,650,62.12,2025/05/14,2025/05/24,2025/05/25,44,0,0,1,0,0
OID0177,MID0003,SID0003,1172,828,62.12,2025/05/14,2025/05/25,2025/05/27,5,828,1,0,0,0
OID0178,MID0015,SID0014,660,392,42.91,2025/05/14,2025/05/21,2025/05/21,3,392,1,0,0,0
OID0179,MID0005,SID0005,868,322,35.8,2025/05/14,2025/05/22,2025/05/28,2,322,1,0,0,0
OID0180,MID0016,SID0015,624,268,128.17,2025/05/15,2025/05/25,2025/05/24,2,268,1,0,1,44.86
OID0181,MID0012,SID0011,796,588,221.24,2025/05/15,2025/05/29,2025/05/28,5,588,1,0,1,77.43
OID0182,MID0023,SID0021,328,134,312.55,2025/05/15,2025/05/27,2025/05/24,1,134,1,0,1,328.18
OID0183,MID0008,SID0007,846,462,106.53,2025/05/15,2025/06/02,2025/05/29,20,462,1,0,1,149.14
OID0184,MID0007,SID0006,885,385,15.11,2025/05/16,2025/05/24,2025/05/23,2,385,1,0,1,5.29
OID0185,MID0015,SID0014,649,601,42.91,2025/05/16,2025/05/28,2025/05/25,5,601,1,0,1,45.06
OID0186,MID0011,SID0010,898,597,29.93,2025/05/16,2025/06/01,2025/05/28,3,597,1,0,1,41.9
OID0187,MID0003,SID0003,1137,717,62.12,2025/05/16,2025/05/23,2025/05/28,0,717,1,0,0,0
OID0188,MID0008,SID0007,933,471,106.53,2025/05/17,2025/05/26,2025/05/25,1,471,1,0,1,37.29
OID0189,MID0003,SID0003,1287,615,62.12,2025/05/17,2025/05/29,2025/05/26,4,615,0,0,1,65.23
OID0190,MID0016,SID0015,621,348,128.17,2025/05/17,2025/05/21,2025/05/27,1,348,1,0,0,0
OID0191,MID0023,SID0021,342,211,312.55,2025/05/17,2025/06/01,2025/05/28,0,211,1,0,1,437.57
OID0192,MID0003,SID0003,1149,995,62.12,2025/05/18,2025/05/22,2025/05/27,3,995,1,0,0,0
OID0193,MID0008,SID0007,916,681,106.53,2025/05/18,2025/05/25,2025/05/28,3,681,1,0,0,0
OID0194,MID0012,SID0011,767,542,221.24,2025/05/18,2025/05/27,2025/05/28,3,542,1,0,0,0
OID0195,MID0016,SID0015,597,432,128.17,2025/05/18,2025/05/25,2025/05/26,0,432,0,0,0,0
OID0196,MID0001,SID0001,1135,787,239.42,2025/05/18,2025/05/24,2025/05/27,6,787,1,0,0,0
OID0197,MID0010,SID0009,996,764,28.19,2025/05/19,2025/05/30,2025/06/02,6,764,0,0,0,0
OID0198,MID0005,SID0005,895,560,35.8,2025/05/19,2025/05/23,2025/05/29,1,560,1,0,0,0
OID0199,MID0007,SID0006,987,439,15.11,2025/05/19,2025/05/27,2025/06/01,0,439,1,0,0,0
OID0200,MID0001,SID0001,1125,661,239.42,2025/05/19,2025/06/03,2025/05/31,0,661,1,0,1,251.39
OID0201,MID0001,SID0001,1141,650,239.42,2025/05/20,2025/06/03,2025/06/01,3,650,1,0,1,167.59
OID0202,MID0010,SID0009,1008,550,28.19,2025/05/20,2025/05/28,2025/06/03,0,550,0,0,0,0
OID0203,MID0005,SID0005,837,537,35.8,2025/05/20,2025/06/03,2025/06/01,4,537,1,0,1,25.06
OID0204,MID0010,SID0009,1108,425,28.19,2025/05/20,2025/06/02,2025/06/03,3,425,0,0,0,0
OID0205,MID0012,SID0011,761,595,221.24,2025/05/21,2025/05/23,2025/05/28,1,595,1,0,0,0
OID0206,MID0005,SID0005,876,477,35.8,2025/05/21,2025/05/25,2025/05/30,1,477,1,0,0,0
OID0207,MID0003,SID0003,1261,476,62.12,2025/05/21,2025/06/03,2025/06/01,1,476,0,0,1,43.48
OID0208,MID0005,SID0005,895,346,35.8,2025/05/21,2025/06/07,2025/06/03,1,346,0,0,1,50.12
OID0209,MID0023,SID0021,313,172,312.55,2025/05/22,2025/05/28,2025/05/30,6,172,1,0,0,0
OID0210,MID0022,SID0020,505,469,1,2025/05/22,2025/05/29,2025/05/31,0,469,1,0,0,0
OID0211,MID0001,SID0001,1145,854,239.42,2025/05/22,2025/06/03,2025/05/31,34,854,1,0,1,251.39
OID0212,MID0023,SID0021,340,154,312.55,2025/05/22,2025/06/03,2025/06/01,0,154,1,0,1,218.78
OID0213,MID0005,SID0005,866,660,35.8,2025/05/23,2025/06/01,2025/06/03,5,660,0,0,0,0
OID0214,MID0001,SID0001,1002,752,239.42,2025/05/23,2025/05/31,2025/06/02,42,0,1,1,0,0
OID0215,MID0008,SID0007,809,307,106.53,2025/05/23,2025/05/30,2025/06/05,1,307,1,0,0,0
OID0216,MID0015,SID0014,642,559,42.91,2025/05/23,2025/06/01,2025/06/03,3,559,1,0,0,0
OID0217,MID0012,SID0011,710,307,221.24,2025/05/24,2025/05/25,2025/05/31,11,307,1,0,0,0
OID0218,MID0017,SID0016,816,300,7,2025/05/24,2025/05/30,2025/06/02,2,300,1,0,0,0
OID0219,MID0008,SID0007,832,571,106.53,2025/05/24,2025/06/03,2025/06/02,4,571,0,0,1,37.29
OID0220,MID0012,SID0011,795,495,221.24,2025/05/24,2025/05/27,2025/06/01,4,495,0,0,0,0
OID0221,MID0008,SID0007,914,846,106.53,2025/05/25,2025/06/02,2025/06/01,7,846,1,0,1,37.29
OID0222,MID0005,SID0005,810,506,35.8,2025/05/25,2025/06/04,2025/06/06,0,506,0,0,0,0
OID0223,MID0010,SID0009,1039,743,28.19,2025/05/25,2025/06/06,2025/06/05,1,743,1,0,1,9.87
OID0224,MID0025,SID0021,326,123,30.62,2025/05/25,2025/06/04,2025/06/03,0,123,1,0,1,10.72
OID0225,MID0016,SID0015,662,381,128.17,2025/05/26,2025/06/10,2025/06/08,1,381,1,0,1,89.72
OID0226,MID0014,SID0013,843,479,6,2025/05/26,2025/06/08,2025/06/07,44,0,1,1,1,2.1
OID0227,MID0008,SID0007,865,504,106.53,2025/05/26,2025/06/04,2025/06/09,3,504,1,0,0,0
OID0228,MID0008,SID0007,871,322,106.53,2025/05/26,2025/06/04,2025/06/08,1,322,1,0,0,0
OID0229,MID0015,SID0014,728,353,42.91,2025/05/27,2025/06/10,2025/06/06,2,353,0,0,1,60.07
OID0230,MID0012,SID0011,784,674,221.24,2025/05/27,2025/06/06,2025/06/10,5,674,1,0,0,0
OID0231,MID0020,SID0018,528,419,86.26,2025/05/27,2025/06/02,2025/06/03,2,419,1,0,0,0
OID0232,MID0025,SID0021,308,198,30.62,2025/05/27,2025/06/07,2025/06/08,0,198,1,0,0,0
OID0233,MID0010,SID0009,1055,784,28.19,2025/05/27,2025/06/02,2025/06/04,2,784,1,0,0,0
OID0234,MID0020,SID0018,481,345,86.26,2025/05/28,2025/06/06,2025/06/10,3,345,1,0,0,0
OID0235,MID0016,SID0015,669,512,128.17,2025/05/28,2025/06/08,2025/06/11,3,512,1,0,0,0
OID0236,MID0005,SID0005,926,658,35.8,2025/05/28,2025/06/07,2025/06/11,4,658,1,0,0,0
OID0237,MID0021,SID0019,390,240,12,2025/05/28,2025/06/02,2025/06/08,0,240,1,0,0,0
OID0238,MID0015,SID0014,676,276,42.91,2025/05/29,2025/06/08,2025/06/09,1,276,0,0,0,0
OID0239,MID0005,SID0005,834,371,35.8,2025/05/29,2025/06/11,2025/06/07,1,371,1,0,1,50.12
OID0240,MID0015,SID0014,725,537,42.91,2025/05/29,2025/06/04,2025/06/05,0,537,1,0,0,0
OID0241,MID0003,SID0003,1227,958,62.12,2025/05/29,2025/05/31,2025/06/06,8,958,1,0,0,0
OID0242,MID0015,SID0014,697,374,42.91,2025/05/30,2025/06/08,2025/06/12,1,374,0,0,0,0
OID0243,MID0007,SID0006,867,463,15.11,2025/05/30,2025/06/15,2025/06/11,4,463,1,0,1,21.15
OID0244,MID0005,SID0005,928,497,35.8,2025/05/30,2025/06/08,2025/06/12,1,497,1,0,0,0
OID0245,MID0025,SID0021,319,204,30.62,2025/05/30,2025/06/12,2025/06/10,1,204,1,0,1,21.43
OID0246,MID0016,SID0015,656,403,128.17,2025/05/31,2025/06/13,2025/06/12,1,403,1,0,1,44.86
OID0247,MID0011,SID0010,900,699,29.93,2025/05/31,2025/06/03,2025/06/09,50,0,1,1,0,0
OID0248,MID0023,SID0021,321,187,312.55,2025/05/31,2025/06/14,2025/06/12,0,187,1,0,1,218.78
OID0249,MID0023,SID0021,330,190,312.55,2025/05/31,2025/06/04,2025/06/10,0,190,1,0,0,0
OID0250,MID0001,SID0001,1025,555,239.42,2025/06/01,2025/06/17,2025/06/13,12,555,1,0,1,335.19
OID0251,MID0020,SID0018,478,275,86.26,2025/06/01,2025/06/16,2025/06/15,0,275,0,0,1,30.19
OID0252,MID0023,SID0021,348,188,312.55,2025/06/01,2025/06/04,2025/06/09,0,188,1,0,0,0
OID0253,MID0005,SID0005,935,652,35.8,2025/06/01,2025/06/13,2025/06/12,0,652,1,0,1,12.53
OID0254,MID0008,SID0007,859,498,106.53,2025/06/02,2025/06/11,2025/06/16,1,498,1,0,0,0
OID0255,MID0016,SID0015,641,226,128.17,2025/06/02,2025/06/13,2025/06/12,1,226,1,0,1,44.86
OID0256,MID0012,SID0011,797,538,221.24,2025/06/02,2025/06/08,2025/06/13,4,538,1,0,0,0
OID0257,MID0023,SID0021,337,234,312.55,2025/06/02,2025/06/10,2025/06/12,8,234,1,0,0,0
OID0258,MID0003,SID0003,1174,876,62.12,2025/06/03,2025/06/21,2025/06/17,6,876,1,0,1,86.97
OID0259,MID0008,SID0007,881,628,106.53,2025/06/03,2025/06/10,2025/06/15,3,628,1,0,0,0
OID0260,MID0004,SID0004,1499,607,2,2025/06/03,2025/06/09,2025/06/11,4,607,1,0,0,0
OID0261,MID0005,SID0005,880,579,35.8,2025/06/03,2025/06/14,2025/06/10,0,579,1,0,1,50.12
OID0262,MID0025,SID0021,304,181,30.62,2025/06/04,2025/06/19,2025/06/15,0,181,0,0,1,42.87
OID0263,MID0016,SID0015,636,491,128.17,2025/06/04,2025/06/15,2025/06/12,3,491,1,0,1,134.58
OID0264,MID0005,SID0005,917,768,35.8,2025/06/04,2025/06/18,2025/06/16,0,768,1,0,1,25.06
OID0265,MID0005,SID0005,927,448,35.8,2025/06/04,2025/06/20,2025/06/18,4,448,1,0,1,25.06
OID0266,MID0012,SID0011,791,465,221.24,2025/06/05,2025/06/15,2025/06/14,2,465,1,0,1,77.43
OID0267,MID0008,SID0007,901,443,106.53,2025/06/05,2025/06/18,2025/06/18,3,443,1,0,0,0
OID0268,MID0016,SID0015,608,347,128.17,2025/06/05,2025/06/20,2025/06/17,14,347,1,0,1,134.58
OID0269,MID0025,SID0021,326,265,30.62,2025/06/05,2025/06/13,2025/06/13,10,265,1,0,0,0
OID0270,MID0020,SID0018,488,271,86.26,2025/06/06,2025/06/14,2025/06/18,11,271,1,0,0,0
OID0271,MID0015,SID0014,712,385,42.91,2025/06/06,2025/06/14,2025/06/17,0,385,1,0,0,0
OID0272,MID0007,SID0006,884,381,15.11,2025/06/06,2025/06/17,2025/06/20,1,381,1,0,0,0
OID0273,MID0001,SID0001,1018,358,239.42,2025/06/06,2025/06/16,2025/06/17,1,358,1,0,0,0
OID0274,MID0012,SID0011,699,275,221.24,2025/06/06,2025/06/18,2025/06/15,0,275,1,0,1,232.3
OID0275,MID0012,SID0011,736,435,221.24,2025/06/07,2025/06/15,2025/06/18,2,435,0,0,0,0
OID0276,MID0025,SID0021,319,186,30.62,2025/06/07,2025/06/11,2025/06/15,0,186,0,0,0,0
OID0277,MID0012,SID0011,780,452,221.24,2025/06/07,2025/06/10,2025/06/15,3,452,1,0,0,0
OID0278,MID0007,SID0006,984,761,15.11,2025/06/07,2025/06/13,2025/06/14,0,761,1,0,0,0
OID0279,MID0010,SID0009,1076,480,28.19,2025/06/08,2025/06/15,2025/06/21,2,480,1,0,0,0
OID0280,MID0011,SID0010,921,467,29.93,2025/06/08,2025/06/18,2025/06/20,5,467,0,0,0,0
OID0281,MID0012,SID0011,770,373,221.24,2025/06/08,2025/06/13,2025/06/19,1,373,1,0,0,0
OID0282,MID0005,SID0005,826,561,35.8,2025/06/08,2025/06/11,2025/06/17,2,561,0,0,0,0
OID0283,MID0014,SID0013,873,440,6,2025/06/09,2025/06/16,2025/06/17,0,440,1,0,0,0
OID0284,MID0005,SID0005,810,547,35.8,2025/06/09,2025/06/13,2025/06/18,2,547,1,0,0,0
OID0285,MID0010,SID0009,1016,476,28.19,2025/06/09,2025/06/22,2025/06/22,2,476,0,0,0,0
OID0286,MID0008,SID0007,822,731,106.53,2025/06/09,2025/06/21,2025/06/22,3,731,1,0,0,0
OID0287,MID0003,SID0003,1205,842,62.12,2025/06/10,2025/06/12,2025/06/18,4,842,1,0,0,0
OID0288,MID0003,SID0003,1209,904,62.12,2025/06/10,2025/06/17,2025/06/18,6,904,1,0,0,0
OID0289,MID0003,SID0003,1241,990,62.12,2025/06/10,2025/06/19,2025/06/21,6,990,1,0,0,0
OID0290,MID0003,SID0003,1246,564,62.12,2025/06/10,2025/06/17,2025/06/19,2,564,0,0,0,0
OID0291,MID0025,SID0021,318,114,30.62,2025/06/11,2025/06/16,2025/06/21,1,114,1,0,0,0
OID0292,MID0001,SID0001,1158,868,239.42,2025/06/11,2025/06/20,2025/06/18,2,868,1,0,1,167.59
OID0293,MID0011,SID0010,1030,662,29.93,2025/06/11,2025/06/18,2025/06/22,2,662,1,0,0,0
OID0294,MID0023,SID0021,314,265,312.55,2025/06/11,2025/06/20,2025/06/19,1,265,1,0,1,109.39
OID0295,MID0025,SID0021,348,260,30.62,2025/06/12,2025/06/22,2025/06/25,2,260,1,0,0,0
OID0296,MID0012,SID0011,763,387,221.24,2025/06/12,2025/06/20,2025/06/21,1,387,1,0,0,0
OID0297,MID0016,SID0015,625,361,128.17,2025/06/12,2025/06/22,2025/06/19,3,361,0,0,1,134.58
OID0298,MID0002,SID0002,1416,774,13,2025/06/12,2025/06/22,2025/06/20,4,774,1,0,1,9.1
OID0299,MID0003,SID0003,1129,754,62.12,2025/06/13,2025/06/18,2025/06/22,3,754,1,0,0,0
OID0300,MID0016,SID0015,614,486,128.17,2025/06/13,2025/06/18,2025/06/22,3,486,1,0,0,0
OID0301,MID0008,SID0007,918,425,106.53,2025/06/13,2025/06/20,2025/06/23,3,425,1,0,0,0
OID0302,MID0016,SID0015,586,250,128.17,2025/06/13,2025/06/28,2025/06/25,1,250,1,0,1,134.58
OID0303,MID0005,SID0005,888,440,35.8,2025/06/14,2025/07/01,2025/06/27,0,440,1,0,1,50.12
OID0304,MID0019,SID0021,313,159,6.13,2025/06/14,2025/06/27,2025/06/27,4,159,1,0,0,0
OID0305,MID0025,SID0021,314,202,30.62,2025/06/14,2025/06/22,2025/06/24,1,202,1,0,0,0
OID0306,MID0023,SID0021,325,209,312.55,2025/06/14,2025/06/28,2025/06/24,1,209,0,0,1,437.57
OID0307,MID0008,SID0007,883,610,106.53,2025/06/15,2025/06/19,2025/06/24,3,610,1,0,0,0
OID0308,MID0008,SID0007,922,613,106.53,2025/06/15,2025/06/26,2025/06/28,3,613,1,0,0,0
OID0309,MID0012,SID0011,687,276,221.24,2025/06/15,2025/06/22,2025/06/28,7,276,1,0,0,0
OID0310,MID0008,SID0007,927,479,106.53,2025/06/15,2025/06/18,2025/06/23,1,479,0,0,0,0
OID0311,MID0020,SID0018,509,242,86.26,2025/06/15,2025/06/19,2025/06/22,0,242,1,0,0,0
OID0312,MID0011,SID0010,896,617,29.93,2025/06/16,2025/06/30,2025/06/27,3,617,1,0,1,31.43
OID0313,MID0012,SID0011,757,280,221.24,2025/06/16,2025/06/24,2025/06/25,0,280,1,0,0,0
OID0314,MID0025,SID0021,314,151,30.62,2025/06/16,2025/06/29,2025/06/29,1,151,1,0,0,0
OID0315,MID0023,SID0021,353,187,312.55,2025/06/16,2025/06/25,2025/06/26,1,187,1,0,0,0
OID0316,MID0003,SID0003,1248,935,62.12,2025/06/17,2025/06/29,2025/06/26,2,935,1,0,1,65.23
OID0317,MID0007,SID0006,985,691,15.11,2025/06/17,2025/07/03,2025/06/30,4,691,1,0,1,15.87
OID0318,MID0012,SID0011,734,362,221.24,2025/06/17,2025/07/02,2025/06/28,2,362,1,0,1,309.74
OID0319,MID0023,SID0021,332,157,312.55,2025/06/17,2025/07/01,2025/06/28,0,157,0,0,1,328.18
OID0320,MID0010,SID0009,1122,625,28.19,2025/06/18,2025/07/04,2025/07/02,2,625,1,0,1,19.73
OID0321,MID0012,SID0011,768,427,221.24,2025/06/18,2025/06/24,2025/06/27,1,427,1,0,0,0
OID0322,MID0013,SID0012,761,565,5,2025/06/18,2025/06/25,2025/06/25,15,565,1,0,0,0
OID0323,MID0001,SID0001,1106,496,239.42,2025/06/18,2025/06/30,2025/07/01,14,496,0,0,0,0
OID0324,MID0005,SID0005,876,424,35.8,2025/06/19,2025/06/24,2025/06/26,0,424,1,0,0,0
OID0325,MID0001,SID0001,1041,769,239.42,2025/06/19,2025/06/30,2025/06/27,11,769,1,0,1,251.39
OID0326,MID0010,SID0009,1070,466,28.19,2025/06/19,2025/06/29,2025/06/30,0,466,1,0,0,0
OID0327,MID0008,SID0007,832,747,106.53,2025/06/19,2025/06/26,2025/06/30,0,747,1,0,0,0
OID0328,MID0007,SID0006,984,515,15.11,2025/06/20,2025/06/28,2025/07/04,4,515,1,0,0,0
OID0329,MID0020,SID0018,477,209,86.26,2025/06/20,2025/06/23,2025/06/28,1,209,1,0,0,0
OID0330,MID0010,SID0009,997,818,28.19,2025/06/20,2025/06/29,2025/06/29,4,818,1,0,0,0
OID0331,MID0025,SID0021,336,207,30.62,2025/06/20,2025/06/29,2025/06/27,0,207,1,0,1,21.43
OID0332,MID0016,SID0015,618,416,128.17,2025/06/21,2025/06/30,2025/06/29,1,416,1,0,1,44.86
OID0333,MID0008,SID0007,933,328,106.53,2025/06/21,2025/06/25,2025/07/01,1,328,1,0,0,0
OID0334,MID0003,SID0003,1239,691,62.12,2025/06/21,2025/07/02,2025/06/28,5,691,0,0,1,86.97
OID0335,MID0008,SID0007,918,673,106.53,2025/06/21,2025/07/06,2025/07/02,4,673,1,0,1,149.14
OID0336,MID0005,SID0005,872,606,35.8,2025/06/22,2025/06/28,2025/07/04,1,606,1,0,0,0
OID0337,MID0003,SID0003,1133,460,62.12,2025/06/22,2025/06/28,2025/06/29,2,460,1,0,0,0
OID0338,MID0008,SID0007,808,431,106.53,2025/06/22,2025/06/26,2025/07/01,3,431,1,0,0,0
OID0339,MID0007,SID0006,907,824,15.11,2025/06/22,2025/07/03,2025/06/29,4,824,0,0,1,21.15
OID0340,MID0007,SID0006,907,467,15.11,2025/06/23,2025/07/04,2025/07/04,2,467,1,0,0,0
OID0341,MID0010,SID0009,1052,777,28.19,2025/06/23,2025/07/01,2025/07/07,44,0,1,1,0,0
OID0342,MID0020,SID0018,469,272,86.26,2025/06/23,2025/07/07,2025/07/05,0,272,1,0,1,60.38
OID0343,MID0023,SID0021,351,267,312.55,2025/06/23,2025/06/29,2025/07/05,1,267,0,0,0,0
OID0344,MID0011,SID0010,929,836,29.93,2025/06/24,2025/07/08,2025/07/08,1,836,1,0,0,0
OID0345,MID0016,SID0015,602,444,128.17,2025/06/24,2025/07/02,2025/07/05,1,444,1,0,0,0
OID0346,MID0020,SID0018,534,439,86.26,2025/06/24,2025/07/02,2025/07/04,3,439,0,0,0,0
OID0347,MID0010,SID0009,1021,541,28.19,2025/06/24,2025/06/30,2025/07/04,4,541,1,0,0,0
OID0348,MID0008,SID0007,831,600,106.53,2025/06/24,2025/07/10,2025/07/07,2,600,0,0,1,111.86
OID0349,MID0025,SID0021,301,280,30.62,2025/06/25,2025/07/07,2025/07/03,0,280,1,0,1,42.87
OID0350,MID0001,SID0001,1077,489,239.42,2025/06/25,2025/07/08,2025/07/07,4,489,1,0,1,83.8
OID0351,MID0012,SID0011,684,360,221.24,2025/06/25,2025/07/03,2025/07/09,1,360,1,0,0,0
OID0352,MID0003,SID0003,1224,671,62.12,2025/06/25,2025/07/10,2025/07/06,5,671,1,0,1,86.97
OID0353,MID0020,SID0018,497,191,86.26,2025/06/26,2025/07/09,2025/07/08,0,191,0,0,1,30.19
OID0354,MID0010,SID0009,1041,428,28.19,2025/06/26,2025/07/09,2025/07/06,2,428,1,0,1,29.6
OID0355,MID0025,SID0021,338,175,30.62,2025/06/26,2025/07/06,2025/07/03,8,175,1,0,1,32.15
OID0356,MID0023,SID0021,312,291,312.55,2025/06/26,2025/06/30,2025/07/06,1,291,1,0,0,0
OID0357,MID0008,SID0007,878,417,106.53,2025/06/27,2025/07/14,2025/07/11,0,417,1,0,1,111.86
OID0358,MID0008,SID0007,877,416,106.53,2025/06/27,2025/07/04,2025/07/05,3,416,1,0,0,0
OID0359,MID0011,SID0010,996,553,29.93,2025/06/27,2025/07/06,2025/07/06,1,553,1,0,0,0
OID0360,MID0023,SID0021,301,240,312.55,2025/06/27,2025/07/01,2025/07/05,1,240,1,0,0,0
OID0361,MID0005,SID0005,938,434,35.8,2025/06/28,2025/07/07,2025/07/07,0,434,1,0,0,0
OID0362,MID0012,SID0011,712,374,221.24,2025/06/28,2025/07/14,2025/07/12,7,374,1,0,1,154.87
OID0363,MID0012,SID0011,766,493,221.24,2025/06/28,2025/06/29,2025/07/05,39,0,0,1,0,0
OID0364,MID0008,SID0007,807,303,106.53,2025/06/28,2025/07/05,2025/07/08,1,303,1,0,0,0
OID0365,MID0003,SID0003,1171,481,62.12,2025/06/29,2025/07/14,2025/07/12,21,481,1,0,1,43.48
OID0366,MID0001,SID0001,1008,471,239.42,2025/06/29,2025/07/07,2025/07/13,8,471,1,0,0,0
OID0367,MID0005,SID0005,860,389,35.8,2025/06/29,2025/07/16,2025/07/12,0,389,1,0,1,50.12
OID0368,MID0011,SID0010,914,472,29.93,2025/06/29,2025/07/11,2025/07/08,0,472,1,0,1,31.43
OID0369,MID0012,SID0011,751,370,221.24,2025/06/30,2025/07/05,2025/07/11,3,370,1,0,0,0
OID0370,MID0020,SID0018,478,175,86.26,2025/06/30,2025/07/07,2025/07/10,0,175,1,0,0,0
OID0371,MID0007,SID0006,977,500,15.11,2025/06/30,2025/07/06,2025/07/09,1,500,1,0,0,0
OID0372,MID0010,SID0009,1075,439,28.19,2025/06/30,2025/07/13,2025/07/13,0,439,1,0,0,0
OID0373,MID0012,SID0011,756,352,221.24,2025/07/01,2025/07/13,2025/07/15,2,352,1,0,0,0
OID0374,MID0012,SID0011,748,569,221.24,2025/07/01,2025/07/03,2025/07/08,4,569,1,0,0,0
OID0375,MID0005,SID0005,922,361,35.8,2025/07/01,2025/07/14,2025/07/10,0,361,0,0,1,50.12
OID0376,MID0003,SID0003,1104,646,62.12,2025/07/01,2025/07/10,2025/07/10,5,646,1,0,0,0
OID0377,MID0005,SID0005,925,836,35.8,2025/07/02,2025/07/14,2025/07/11,2,836,1,0,1,37.59
OID0378,MID0016,SID0015,670,549,128.17,2025/07/02,2025/07/16,2025/07/14,4,549,1,0,1,89.72
OID0379,MID0025,SID0021,333,147,30.62,2025/07/02,2025/07/11,2025/07/13,1,147,1,0,0,0
OID0380,MID0004,SID0004,1500,952,2,2025/07/02,2025/07/19,2025/07/16,3,952,1,0,1,2.1
OID0381,MID0008,SID0007,805,589,106.53,2025/07/03,2025/07/08,2025/07/10,4,589,1,0,0,0
OID0382,MID0016,SID0015,633,332,128.17,2025/07/03,2025/07/16,2025/07/16,0,332,1,0,0,0
OID0383,MID0008,SID0007,837,348,106.53,2025/07/03,2025/07/08,2025/07/13,0,348,1,0,0,0
OID0384,MID0015,SID0014,733,602,42.91,2025/07/03,2025/07/11,2025/07/17,46,0,1,1,0,0
OID0385,MID0003,SID0003,1129,792,62.12,2025/07/04,2025/07/08,2025/07/11,5,792,1,0,0,0
OID0386,MID0016,SID0015,638,267,128.17,2025/07/04,2025/07/13,2025/07/15,2,267,0,0,0,0
OID0387,MID0003,SID0003,1116,982,62.12,2025/07/04,2025/07/10,2025/07/15,5,982,1,0,0,0
OID0388,MID0025,SID0021,322,152,30.62,2025/07/04,2025/07/12,2025/07/14,1,152,1,0,0,0
OID0389,MID0012,SID0011,703,421,221.24,2025/07/04,2025/07/19,2025/07/15,0,421,1,0,1,309.74
OID0390,MID0016,SID0015,626,451,128.17,2025/07/05,2025/07/07,2025/07/13,2,451,1,0,0,0
OID0391,MID0008,SID0007,877,351,106.53,2025/07/05,2025/07/17,2025/07/16,2,351,0,0,1,37.29
OID0392,MID0008,SID0007,926,435,106.53,2025/07/05,2025/07/14,2025/07/16,3,435,0,0,0,0
OID0393,MID0011,SID0010,901,435,29.93,2025/07/05,2025/07/15,2025/07/18,1,435,1,0,0,0
OID0394,MID0019,SID0001,1158,529,6.13,2025/07/06,2025/07/14,2025/07/20,0,529,1,0,0,0
OID0395,MID0016,SID0015,654,312,128.17,2025/07/06,2025/07/16,2025/07/16,1,312,1,0,0,0
OID0396,MID0024,SID0020,535,343,4,2025/07/06,2025/07/11,2025/07/13,3,343,1,0,0,0
OID0397,MID0007,SID0006,872,485,15.11,2025/07/06,2025/07/19,2025/07/17,4,485,1,0,1,10.58
OID0398,MID0005,SID0005,933,526,35.8,2025/07/07,2025/07/19,2025/07/21,20,526,1,0,0,0
OID0399,MID0011,SID0010,904,580,29.93,2025/07/07,2025/07/14,2025/07/20,0,580,1,0,0,0
OID0400,MID0015,SID0014,681,248,42.91,2025/07/07,2025/07/13,2025/07/14,2,248,1,0,0,0
OID0401,MID0005,SID0005,874,636,35.8,2025/07/07,2025/07/20,2025/07/17,0,636,1,0,1,37.59
OID0402,MID0023,SID0021,302,120,312.55,2025/07/08,2025/07/19,2025/07/17,0,120,1,0,1,218.78
OID0403,MID0020,SID0018,493,248,86.26,2025/07/08,2025/07/22,2025/07/20,0,248,1,0,1,60.38
OID0404,MID0023,SID0021,313,236,312.55,2025/07/08,2025/07/12,2025/07/18,1,236,0,0,0,0
OID0405,MID0008,SID0007,899,334,106.53,2025/07/08,2025/07/24,2025/07/21,0,334,1,0,1,111.86
OID0406,MID0001,SID0001,1129,994,239.42,2025/07/09,2025/07/15,2025/07/17,5,994,1,0,0,0
OID0407,MID0023,SID0021,346,177,312.55,2025/07/09,2025/07/20,2025/07/18,20,0,1,1,1,218.78
OID0408,MID0003,SID0003,1120,459,62.12,2025/07/09,2025/07/19,2025/07/21,10,459,1,0,0,0
OID0409,MID0015,SID0014,707,407,42.91,2025/07/09,2025/07/16,2025/07/20,0,407,1,0,0,0
OID0410,MID0016,SID0015,592,387,128.17,2025/07/10,2025/07/19,2025/07/23,0,387,0,0,0,0
OID0411,MID0015,SID0014,667,360,42.91,2025/07/10,2025/07/17,2025/07/20,17,360,1,0,0,0
OID0412,MID0016,SID0015,578,316,128.17,2025/07/10,2025/07/20,2025/07/18,0,316,0,0,1,89.72
OID0413,MID0010,SID0009,1057,452,28.19,2025/07/10,2025/07/25,2025/07/22,1,452,1,0,1,29.6
OID0414,MID0012,SID0011,762,695,221.24,2025/07/11,2025/07/20,2025/07/18,6,695,1,0,1,154.87
OID0415,MID0005,SID0005,850,475,35.8,2025/07/11,2025/07/14,2025/07/19,2,475,1,0,0,0
OID0416,MID0025,SID0021,335,167,30.62,2025/07/11,2025/07/18,2025/07/24,0,167,0,0,0,0
OID0417,MID0010,SID0009,1011,454,28.19,2025/07/11,2025/07/18,2025/07/23,2,454,1,0,0,0
OID0418,MID0011,SID0010,960,426,29.93,2025/07/12,2025/07/20,2025/07/19,0,426,1,0,1,10.48
OID0419,MID0010,SID0009,1109,400,28.19,2025/07/12,2025/07/26,2025/07/24,19,400,1,0,1,19.73
OID0420,MID0012,SID0011,792,352,221.24,2025/07/12,2025/07/15,2025/07/21,2,352,1,0,0,0
OID0421,MID0019,SID0021,315,134,6.13,2025/07/12,2025/07/22,2025/07/24,0,134,1,0,0,0
OID0422,MID0023,SID0021,322,161,312.55,2025/07/13,2025/07/24,2025/07/25,1,161,1,0,0,0
OID0423,MID0007,SID0006,973,366,15.11,2025/07/13,2025/07/24,2025/07/22,3,366,1,0,1,10.58
OID0424,MID0007,SID0006,887,673,15.11,2025/07/13,2025/07/22,2025/07/25,45,0,1,1,0,0
OID0425,MID0012,SID0011,755,362,221.24,2025/07/13,2025/07/25,2025/07/23,0,362,1,0,1,154.87
OID0426,MID0003,SID0003,1175,817,62.12,2025/07/13,2025/07/25,2025/07/25,7,817,1,0,0,0
OID0427,MID0011,SID0010,946,730,29.93,2025/07/14,2025/07/15,2025/07/21,0,730,1,0,0,0
OID0428,MID0005,SID0005,907,795,35.8,2025/07/14,2025/07/24,2025/07/25,2,795,1,0,0,0
OID0429,MID0020,SID0018,474,375,86.26,2025/07/14,2025/07/29,2025/07/28,1,375,1,0,1,30.19
OID0430,MID0010,SID0009,1139,784,28.19,2025/07/14,2025/07/25,2025/07/25,3,784,1,0,0,0
OID0431,MID0015,SID0014,708,304,42.91,2025/07/15,2025/07/19,2025/07/25,1,304,0,0,0,0
OID0432,MID0023,SID0021,315,153,312.55,2025/07/15,2025/07/24,2025/07/25,0,153,0,0,0,0
OID0433,MID0012,SID0011,778,353,221.24,2025/07/15,2025/07/25,2025/07/28,1,353,1,0,0,0
OID0434,MID0008,SID0007,830,719,106.53,2025/07/15,2025/07/21,2025/07/23,4,719,0,0,0,0
OID0435,MID0003,SID0003,1215,996,62.12,2025/07/16,2025/07/24,2025/07/24,2,996,1,0,0,0
OID0436,MID0023,SID0021,353,306,312.55,2025/07/16,2025/07/23,2025/07/27,1,306,0,0,0,0
OID0437,MID0023,SID0021,325,240,312.55,2025/07/16,2025/07/21,2025/07/23,2,240,1,0,0,0
OID0438,MID0003,SID0003,1241,450,62.12,2025/07/16,2025/07/18,2025/07/24,4,450,1,0,0,0
OID0439,MID0016,SID0015,581,212,128.17,2025/07/17,2025/07/26,2025/07/29,1,212,1,0,0,0
OID0440,MID0007,SID0006,873,649,15.11,2025/07/17,2025/07/21,2025/07/27,16,649,0,0,0,0
OID0441,MID0023,SID0021,315,144,312.55,2025/07/17,2025/07/26,2025/07/31,1,144,0,0,0,0
OID0442,MID0016,SID0015,581,460,128.17,2025/07/17,2025/07/23,2025/07/26,1,460,1,0,0,0
OID0443,MID0011,SID0010,992,565,29.93,2025/07/18,2025/07/29,2025/07/27,0,565,1,0,1,20.95
OID0444,MID0001,SID0001,1012,749,239.42,2025/07/18,2025/08/01,2025/07/29,4,749,1,0,1,251.39
OID0445,MID0015,SID0014,651,563,42.91,2025/07/18,2025/07/22,2025/07/28,0,563,1,0,0,0
OID0446,MID0008,SID0007,917,399,106.53,2025/07/18,2025/07/29,2025/08/01,2,399,1,0,0,0
OID0447,MID0016,SID0015,648,614,128.17,2025/07/19,2025/07/25,2025/07/30,46,0,0,1,0,0
OID0448,MID0023,SID0021,311,181,312.55,2025/07/19,2025/07/26,2025/07/28,1,181,1,0,0,0
OID0449,MID0023,SID0021,319,174,312.55,2025/07/19,2025/07/30,2025/07/30,1,174,1,0,0,0
OID0450,MID0025,SID0021,304,150,30.62,2025/07/19,2025/07/30,2025/07/30,0,150,0,0,0,0
OID0451,MID0008,SID0007,874,668,106.53,2025/07/20,2025/07/27,2025/07/31,4,668,1,0,0,0
OID0452,MID0007,SID0006,941,438,15.11,2025/07/20,2025/07/22,2025/07/27,3,438,0,0,0,0
OID0453,MID0003,SID0003,1176,687,62.12,2025/07/20,2025/07/28,2025/07/30,4,687,1,0,0,0
OID0454,MID0020,SID0018,506,191,86.26,2025/07/20,2025/07/29,2025/08/03,1,191,0,0,0,0
OID0455,MID0016,SID0015,641,490,128.17,2025/07/21,2025/07/25,2025/07/30,2,490,1,0,0,0
OID0456,MID0012,SID0011,778,610,221.24,2025/07/21,2025/08/03,2025/07/31,2,610,1,0,1,232.3
OID0457,MID0008,SID0007,851,353,106.53,2025/07/21,2025/07/27,2025/07/30,0,353,0,0,0,0
OID0458,MID0015,SID0014,680,554,42.91,2025/07/21,2025/08/06,2025/08/03,1,554,1,0,1,45.06
OID0459,MID0008,SID0007,918,387,106.53,2025/07/22,2025/08/01,2025/08/02,0,387,1,0,0,0
OID0460,MID0001,SID0001,1032,701,239.42,2025/07/22,2025/07/28,2025/08/03,5,701,1,0,0,0
OID0461,MID0003,SID0003,1283,840,62.12,2025/07/22,2025/07/25,2025/07/31,0,840,1,0,0,0
OID0462,MID0015,SID0014,657,430,42.91,2025/07/22,2025/07/30,2025/08/02,3,430,1,0,0,0
OID0463,MID0025,SID0021,323,153,30.62,2025/07/22,2025/08/07,2025/08/04,1,153,1,0,1,32.15
OID0464,MID0001,SID0001,1154,832,239.42,2025/07/23,2025/08/03,2025/08/05,6,832,1,0,0,0
OID0465,MID0007,SID0006,899,653,15.11,2025/07/23,2025/08/02,2025/08/02,1,653,1,0,0,0
OID0466,MID0005,SID0005,932,743,35.8,2025/07/23,2025/07/31,2025/08/01,6,743,1,0,0,0
OID0467,MID0017,SID0016,791,416,7,2025/07/23,2025/07/29,2025/08/01,2,416,1,0,0,0
OID0468,MID0015,SID0014,735,615,42.91,2025/07/24,2025/07/28,2025/08/03,0,615,1,0,0,0
OID0469,MID0016,SID0015,646,383,128.17,2025/07/24,2025/08/01,2025/08/07,0,383,1,0,0,0
OID0470,MID0015,SID0014,680,300,42.91,2025/07/24,2025/08/01,2025/07/31,0,300,1,0,1,15.02
OID0471,MID0005,SID0005,928,617,35.8,2025/07/24,2025/07/31,2025/08/04,2,617,1,0,0,0
OID0472,MID0012,SID0011,787,347,221.24,2025/07/25,2025/08/08,2025/08/06,3,347,1,0,1,154.87
OID0473,MID0016,SID0015,659,372,128.17,2025/07/25,2025/08/05,2025/08/01,2,372,1,0,1,179.44
OID0474,MID0001,SID0001,1027,477,239.42,2025/07/25,2025/08/07,2025/08/04,1,477,1,0,1,251.39
OID0475,MID0023,SID0021,345,155,312.55,2025/07/25,2025/08/04,2025/08/03,1,155,1,0,1,109.39
OID0476,MID0025,SID0021,345,188,30.62,2025/07/26,2025/08/05,2025/08/03,1,188,1,0,1,21.43
OID0477,MID0023,SID0021,342,192,312.55,2025/07/26,2025/07/28,2025/08/03,0,192,1,0,0,0
OID0478,MID0015,SID0014,737,403,42.91,2025/07/26,2025/08/06,2025/08/08,3,403,0,0,0,0
OID0479,MID0016,SID0015,593,242,128.17,2025/07/26,2025/08/06,2025/08/02,0,242,1,0,1,179.44
OID0480,MID0014,SID0013,857,559,6,2025/07/27,2025/08/05,2025/08/08,5,559,1,0,0,0
OID0481,MID0010,SID0009,1148,599,28.19,2025/07/27,2025/08/10,2025/08/07,3,599,1,0,1,29.6
OID0482,MID0003,SID0003,1207,822,62.12,2025/07/27,2025/08/02,2025/08/03,5,822,1,0,0,0
OID0483,MID0012,SID0011,717,551,221.24,2025/07/27,2025/08/03,2025/08/03,0,551,1,0,0,0
OID0484,MID0007,SID0006,937,608,15.11,2025/07/28,2025/08/05,2025/08/11,1,608,1,0,0,0
OID0485,MID0024,SID0020,539,370,4,2025/07/28,2025/08/11,2025/08/11,19,0,1,1,0,0
OID0486,MID0020,SID0018,526,214,86.26,2025/07/28,2025/08/06,2025/08/04,8,214,0,0,1,60.38
OID0487,MID0011,SID0010,965,486,29.93,2025/07/28,2025/08/08,2025/08/06,0,486,1,0,1,20.95
OID0488,MID0015,SID0014,735,376,42.91,2025/07/29,2025/08/07,2025/08/06,3,376,0,0,1,15.02
OID0489,MID0023,SID0021,321,301,312.55,2025/07/29,2025/08/09,2025/08/10,0,301,1,0,0,0
OID0490,MID0020,SID0018,528,360,86.26,2025/07/29,2025/08/10,2025/08/12,2,360,1,0,0,0
OID0491,MID0023,SID0021,351,166,312.55,2025/07/29,2025/08/06,2025/08/09,1,166,1,0,0,0
OID0492,MID0005,SID0005,865,435,35.8,2025/07/30,2025/08/13,2025/08/11,0,435,1,0,1,25.06
OID0493,MID0015,SID0014,656,422,42.91,2025/07/30,2025/08/13,2025/08/12,1,422,1,0,1,15.02
OID0494,MID0011,SID0010,908,348,29.93,2025/07/30,2025/08/04,2025/08/07,2,348,1,0,0,0
OID0495,MID0010,SID0009,1003,879,28.19,2025/07/30,2025/08/10,2025/08/08,5,879,1,0,1,19.73
OID0496,MID0023,SID0021,307,160,312.55,2025/07/31,2025/08/11,2025/08/13,0,160,1,0,0,0
OID0497,MID0001,SID0001,1112,736,239.42,2025/07/31,2025/08/15,2025/08/14,5,736,1,0,1,83.8
OID0498,MID0005,SID0005,808,548,35.8,2025/07/31,2025/08/07,2025/08/10,4,548,1,0,0,0
OID0499,MID0025,SID0021,313,201,30.62,2025/07/31,2025/08/15,2025/08/14,0,201,1,0,1,10.72
OID0500,MID0025,SID0021,306,208,30.62,2025/08/01,2025/08/12,2025/08/08,0,208,1,0,1,42.87
OID0501,MID0003,SID0003,1119,627,62.12,2025/08/01,2025/08/07,2025/08/12,3,627,1,0,0,0
OID0502,MID0008,SID0007,818,626,106.53,2025/08/01,2025/08/11,2025/08/14,1,626,1,0,0,0
OID0503,MID0003,SID0003,1241,921,62.12,2025/08/01,2025/08/08,2025/08/11,0,921,1,0,0,0
OID0504,MID0011,SID0010,984,550,29.93,2025/08/01,2025/08/18,2025/08/14,1,550,1,0,1,41.9
OID0505,MID0005,SID0005,906,594,35.8,2025/08/02,2025/08/13,2025/08/16,0,594,1,0,0,0
OID0506,MID0012,SID0011,732,369,221.24,2025/08/02,2025/08/13,2025/08/12,1,369,0,0,1,77.43
OID0507,MID0020,SID0018,482,273,86.26,2025/08/02,2025/08/10,2025/08/12,2,273,1,0,0,0
OID0508,MID0003,SID0003,1105,522,62.12,2025/08/02,2025/08/18,2025/08/16,45,0,0,1,1,43.48
OID0509,MID0003,SID0003,1193,536,62.12,2025/08/03,2025/08/08,2025/08/11,2,536,1,0,0,0
OID0510,MID0023,SID0021,326,135,312.55,2025/08/03,2025/08/15,2025/08/13,0,135,1,0,1,218.78
OID0511,MID0020,SID0018,542,235,86.26,2025/08/03,2025/08/10,2025/08/15,0,235,1,0,0,0
OID0512,MID0008,SID0007,942,694,106.53,2025/08/03,2025/08/10,2025/08/14,0,694,1,0,0,0
OID0513,MID0023,SID0021,336,166,312.55,2025/08/04,2025/08/06,2025/08/11,0,166,0,0,0,0
OID0514,MID0001,SID0001,1090,712,239.42,2025/08/04,2025/08/09,2025/08/13,43,0,0,1,0,0
OID0515,MID0024,SID0020,576,533,4,2025/08/04,2025/08/19,2025/08/15,2,533,1,0,1,5.6
OID0516,MID0008,SID0007,835,320,106.53,2025/08/04,2025/08/08,2025/08/11,0,320,1,0,0,0
OID0517,MID0010,SID0009,1078,524,28.19,2025/08/05,2025/08/11,2025/08/14,8,524,0,0,0,0
OID0518,MID0007,SID0006,961,663,15.11,2025/08/05,2025/08/10,2025/08/13,2,663,0,0,0,0
OID0519,MID0015,SID0014,643,291,42.91,2025/08/05,2025/08/15,2025/08/15,2,291,1,0,0,0
OID0520,MID0011,SID0010,1029,372,29.93,2025/08/05,2025/08/14,2025/08/13,3,372,0,0,1,10.48
OID0521,MID0005,SID0005,904,317,35.8,2025/08/06,2025/08/21,2025/08/19,0,317,1,0,1,25.06
OID0522,MID0003,SID0003,1205,541,62.12,2025/08/06,2025/08/17,2025/08/13,1,541,1,0,1,86.97
OID0523,MID0016,SID0015,628,581,128.17,2025/08/06,2025/08/18,2025/08/15,0,581,1,0,1,134.58
OID0524,MID0012,SID0011,711,315,221.24,2025/08/06,2025/08/18,2025/08/20,1,315,1,0,0,0
OID0525,MID0005,SID0005,825,323,35.8,2025/08/07,2025/08/16,2025/08/20,0,323,0,0,0,0
OID0526,MID0020,SID0018,526,344,86.26,2025/08/07,2025/08/19,2025/08/19,1,344,0,0,0,0
OID0527,MID0016,SID0015,670,329,128.17,2025/08/07,2025/08/16,2025/08/19,2,329,0,0,0,0
OID0528,MID0005,SID0005,842,699,35.8,2025/08/07,2025/08/19,2025/08/21,0,699,1,0,0,0
OID0529,MID0016,SID0015,640,249,128.17,2025/08/08,2025/08/18,2025/08/18,2,249,1,0,0,0
OID0530,MID0007,SID0006,928,466,15.11,2025/08/08,2025/08/15,2025/08/17,4,466,1,0,0,0
OID0531,MID0002,SID0002,1344,732,13,2025/08/08,2025/08/23,2025/08/20,2,732,1,0,1,13.65
OID0532,MID0008,SID0007,812,417,106.53,2025/08/08,2025/08/22,2025/08/18,0,417,0,0,1,149.14
OID0533,MID0016,SID0015,648,486,128.17,2025/08/09,2025/08/14,2025/08/20,4,486,1,0,0,0
OID0534,MID0015,SID0014,666,260,42.91,2025/08/09,2025/08/19,2025/08/23,2,260,1,0,0,0
OID0535,MID0008,SID0007,914,613,106.53,2025/08/09,2025/08/22,2025/08/19,1,613,1,0,1,111.86
OID0536,MID0015,SID0014,691,365,42.91,2025/08/09,2025/08/15,2025/08/18,1,365,1,0,0,0
OID0537,MID0015,SID0014,684,453,42.91,2025/08/10,2025/08/22,2025/08/20,2,453,1,0,1,30.04
OID0538,MID0016,SID0015,591,399,128.17,2025/08/10,2025/08/25,2025/08/22,2,399,1,0,1,134.58
OID0539,MID0021,SID0019,438,329,12,2025/08/10,2025/08/19,2025/08/20,2,329,1,0,0,0
OID0540,MID0005,SID0005,860,370,35.8,2025/08/10,2025/08/23,2025/08/20,2,370,1,0,1,37.59
OID0541,MID0001,SID0001,1016,572,239.42,2025/08/10,2025/08/20,2025/08/18,1,572,1,0,1,167.59
OID0542,MID0015,SID0014,720,461,42.91,2025/08/11,2025/08/20,2025/08/21,1,461,1,0,0,0
OID0543,MID0023,SID0021,311,259,312.55,2025/08/11,2025/08/22,2025/08/21,2,259,1,0,1,109.39
OID0544,MID0015,SID0014,742,554,42.91,2025/08/11,2025/08/17,2025/08/18,3,554,1,0,0,0
OID0545,MID0001,SID0001,1090,742,239.42,2025/08/11,2025/08/24,2025/08/25,4,742,0,0,0,0
OID0546,MID0019,SID0001,1085,477,6.13,2025/08/12,2025/08/18,2025/08/20,1,477,0,0,0,0
OID0547,MID0010,SID0009,1052,781,28.19,2025/08/12,2025/08/26,2025/08/23,3,781,1,0,1,29.6
OID0548,MID0001,SID0001,1053,388,239.42,2025/08/12,2025/08/29,2025/08/26,2,388,1,0,1,251.39
OID0549,MID0007,SID0006,889,325,15.11,2025/08/12,2025/08/23,2025/08/21,1,325,1,0,1,10.58
OID0550,MID0014,SID0013,847,327,6,2025/08/13,2025/08/27,2025/08/27,0,327,1,0,0,0
OID0551,MID0008,SID0007,920,550,106.53,2025/08/13,2025/08/21,2025/08/27,4,550,0,0,0,0
OID0552,MID0003,SID0003,1145,461,62.12,2025/08/13,2025/08/25,2025/08/21,3,461,1,0,1,86.97
OID0553,MID0016,SID0015,629,312,128.17,2025/08/13,2025/08/16,2025/08/20,1,312,1,0,0,0
OID0554,MID0007,SID0006,887,323,15.11,2025/08/14,2025/08/18,2025/08/23,15,323,1,0,0,0
OID0555,MID0003,SID0003,1142,542,62.12,2025/08/14,2025/08/27,2025/08/25,0,542,1,0,1,43.48
OID0556,MID0023,SID0021,348,214,312.55,2025/08/14,2025/08/24,2025/08/24,1,214,1,0,0,0
OID0557,MID0023,SID0021,320,249,312.55,2025/08/14,2025/08/30,2025/08/27,1,249,1,0,1,328.18
OID0558,MID0023,SID0021,347,156,312.55,2025/08/15,2025/09/01,2025/08/28,1,156,1,0,1,437.57
OID0559,MID0003,SID0003,1111,720,62.12,2025/08/15,2025/08/23,2025/08/27,1,720,1,0,0,0
OID0560,MID0008,SID0007,843,312,106.53,2025/08/15,2025/08/20,2025/08/26,0,312,1,0,0,0
OID0561,MID0025,SID0021,323,234,30.62,2025/08/15,2025/08/23,2025/08/23,0,234,1,0,0,0
OID0562,MID0001,SID0001,1058,986,239.42,2025/08/16,2025/08/25,2025/08/26,1,986,1,0,0,0
OID0563,MID0007,SID0006,895,651,15.11,2025/08/16,2025/08/31,2025/08/30,5,651,0,0,1,5.29
OID0564,MID0005,SID0005,818,490,35.8,2025/08/16,2025/08/24,2025/08/26,1,490,1,0,0,0
OID0565,MID0012,SID0011,708,432,221.24,2025/08/16,2025/08/21,2025/08/24,42,0,1,1,0,0
OID0566,MID0020,SID0018,514,198,86.26,2025/08/17,2025/08/27,2025/08/30,0,198,1,0,0,0
OID0567,MID0011,SID0010,972,533,29.93,2025/08/17,2025/08/27,2025/08/31,3,533,1,0,0,0
OID0568,MID0020,SID0018,487,306,86.26,2025/08/17,2025/08/30,2025/08/30,1,306,1,0,0,0
OID0569,MID0015,SID0014,659,356,42.91,2025/08/17,2025/08/28,2025/08/24,1,356,1,0,1,60.07
OID0570,MID0005,SID0005,940,542,35.8,2025/08/18,2025/08/25,2025/08/26,3,542,1,0,0,0
OID0571,MID0020,SID0018,485,273,86.26,2025/08/18,2025/08/29,2025/08/31,0,273,0,0,0,0
OID0572,MID0008,SID0007,918,479,106.53,2025/08/18,2025/08/25,2025/08/27,1,479,1,0,0,0
OID0573,MID0012,SID0011,721,378,221.24,2025/08/18,2025/08/23,2025/08/27,1,378,1,0,0,0
OID0574,MID0005,SID0005,883,597,35.8,2025/08/19,2025/08/25,2025/08/31,5,597,1,0,0,0
OID0575,MID0015,SID0014,737,381,42.91,2025/08/19,2025/08/24,2025/08/27,1,381,0,0,0,0
OID0576,MID0020,SID0018,525,250,86.26,2025/08/19,2025/09/06,2025/09/02,2,250,0,0,1,120.76
OID0577,MID0020,SID0018,522,240,86.26,2025/08/19,2025/09/04,2025/09/02,0,240,1,0,1,60.38
OID0578,MID0025,SID0021,347,262,30.62,2025/08/19,2025/08/21,2025/08/27,1,262,0,0,0,0
OID0579,MID0015,SID0014,724,396,42.91,2025/08/20,2025/09/02,2025/09/02,0,396,1,0,0,0
OID0580,MID0008,SID0007,857,318,106.53,2025/08/20,2025/09/02,2025/08/29,0,318,0,0,1,149.14
OID0581,MID0025,SID0021,344,140,30.62,2025/08/20,2025/08/28,2025/09/02,0,140,1,0,0,0
OID0582,MID0012,SID0011,699,463,221.24,2025/08/20,2025/09/02,2025/09/02,4,463,1,0,0,0
OID0583,MID0012,SID0011,713,380,221.24,2025/08/21,2025/09/01,2025/09/03,3,380,1,0,0,0
OID0584,MID0020,SID0018,486,304,86.26,2025/08/21,2025/08/31,2025/09/02,2,304,1,0,0,0
OID0585,MID0005,SID0005,923,593,35.8,2025/08/21,2025/08/31,2025/08/28,1,593,0,0,1,37.59
OID0586,MID0010,SID0009,1144,445,28.19,2025/08/21,2025/08/29,2025/09/03,2,445,1,0,0,0
OID0587,MID0011,SID0010,962,703,29.93,2025/08/22,2025/09/05,2025/09/03,1,703,1,0,1,20.95
OID0588,MID0005,SID0005,805,289,35.8,2025/08/22,2025/09/07,2025/09/04,0,289,1,0,1,37.59
OID0589,MID0011,SID0010,1010,402,29.93,2025/08/22,2025/08/27,2025/09/01,6,402,1,0,0,0
OID0590,MID0012,SID0011,755,436,221.24,2025/08/22,2025/09/05,2025/09/01,3,436,1,0,1,309.74
OID0591,MID0008,SID0007,912,505,106.53,2025/08/23,2025/09/08,2025/09/06,3,505,1,0,1,74.57
OID0592,MID0023,SID0021,344,189,312.55,2025/08/23,2025/09/04,2025/09/04,1,189,1,0,0,0
OID0593,MID0001,SID0001,1054,664,239.42,2025/08/23,2025/09/05,2025/09/03,2,664,0,0,1,167.59
OID0594,MID0011,SID0010,1010,366,29.93,2025/08/23,2025/09/04,2025/09/03,1,366,0,0,1,10.48
OID0595,MID0003,SID0003,1290,1000,62.12,2025/08/24,2025/08/29,2025/09/04,5,1000,1,0,0,0
OID0596,MID0025,SID0021,347,181,30.62,2025/08/24,2025/08/30,2025/09/05,1,181,1,0,0,0
OID0597,MID0003,SID0003,1266,869,62.12,2025/08/24,2025/09/01,2025/09/05,0,869,1,0,0,0
OID0598,MID0007,SID0006,889,420,15.11,2025/08/24,2025/09/04,2025/09/06,3,420,0,0,0,0
OID0599,MID0012,SID0011,726,512,221.24,2025/08/25,2025/09/06,2025/09/05,4,512,1,0,1,77.43
OID0600,MID0011,SID0010,1033,776,29.93,2025/08/25,2025/09/11,2025/09/08,6,776,0,0,1,31.43
OID0601,MID0001,SID0001,1022,429,239.42,2025/08/25,2025/08/30,2025/09/04,0,429,0,0,0,0
OID0602,MID0016,SID0015,648,586,128.17,2025/08/25,2025/09/08,2025/09/06,0,586,1,0,1,89.72
OID0603,MID0010,SID0009,1135,829,28.19,2025/08/26,2025/09/03,2025/09/03,7,829,1,0,0,0
OID0604,MID0008,SID0007,864,608,106.53,2025/08/26,2025/09/03,2025/09/02,36,0,1,1,1,37.29
OID0605,MID0008,SID0007,893,365,106.53,2025/08/26,2025/09/12,2025/09/09,3,365,1,0,1,111.86
OID0606,MID0005,SID0005,842,532,35.8,2025/08/26,2025/08/30,2025/09/02,0,532,1,0,0,0
OID0607,MID0025,SID0021,314,288,30.62,2025/08/27,2025/09/04,2025/09/04,1,288,1,0,0,0
OID0608,MID0003,SID0003,1215,988,62.12,2025/08/27,2025/09/06,2025/09/08,0,988,1,0,0,0
OID0609,MID0012,SID0011,725,264,221.24,2025/08/27,2025/09/03,2025/09/08,2,264,1,0,0,0
OID0610,MID0008,SID0007,856,357,106.53,2025/08/27,2025/09/13,2025/09/10,0,357,1,0,1,111.86
OID0611,MID0003,SID0003,1253,703,62.12,2025/08/28,2025/09/07,2025/09/09,6,703,1,0,0,0
OID0612,MID0012,SID0011,764,369,221.24,2025/08/28,2025/09/09,2025/09/11,2,369,1,0,0,0
OID0613,MID0001,SID0001,1048,501,239.42,2025/08/28,2025/09/13,2025/09/11,4,501,1,0,1,167.59
OID0614,MID0015,SID0014,701,487,42.91,2025/08/28,2025/09/04,2025/09/04,1,487,0,0,0,0
OID0615,MID0012,SID0011,726,292,221.24,2025/08/29,2025/09/11,2025/09/10,1,292,1,0,1,77.43
OID0616,MID0011,SID0010,927,741,29.93,2025/08/29,2025/09/04,2025/09/05,49,0,1,1,0,0
OID0617,MID0012,SID0011,686,641,221.24,2025/08/29,2025/09/01,2025/09/05,37,0,1,1,0,0
OID0618,MID0008,SID0007,816,572,106.53,2025/08/29,2025/09/06,2025/09/12,3,572,1,0,0,0
OID0619,MID0020,SID0018,497,257,86.26,2025/08/29,2025/09/07,2025/09/07,2,257,1,0,0,0
OID0620,MID0015,SID0014,642,398,42.91,2025/08/30,2025/09/14,2025/09/10,1,398,0,0,1,60.07
OID0621,MID0010,SID0009,1115,546,28.19,2025/08/30,2025/09/05,2025/09/06,1,546,1,0,0,0
OID0622,MID0005,SID0005,855,548,35.8,2025/08/30,2025/09/07,2025/09/09,2,548,1,0,0,0
OID0623,MID0016,SID0015,587,317,128.17,2025/08/30,2025/09/06,2025/09/09,2,317,1,0,0,0
OID0624,MID0007,SID0006,962,416,15.11,2025/08/31,2025/09/11,2025/09/07,3,416,1,0,1,21.15
OID0625,MID0001,SID0001,1139,677,239.42,2025/08/31,2025/09/12,2025/09/14,0,677,0,0,0,0
OID0626,MID0003,SID0003,1170,729,62.12,2025/08/31,2025/09/07,2025/09/10,4,729,1,0,0,0
OID0627,MID0023,SID0021,325,154,312.55,2025/08/31,2025/09/06,2025/09/12,0,154,1,0,0,0
OID0628,MID0012,SID0011,731,427,221.24,2025/09/01,2025/09/14,2025/09/11,9,427,1,0,1,232.3
OID0629,MID0008,SID0007,873,562,106.53,2025/09/01,2025/09/13,2025/09/12,2,562,1,0,1,37.29
OID0630,MID0007,SID0006,967,795,15.11,2025/09/01,2025/09/08,2025/09/09,5,795,1,0,0,0
OID0631,MID0010,SID0009,1164,907,28.19,2025/09/01,2025/09/16,2025/09/14,5,907,1,0,1,19.73
OID0632,MID0015,SID0014,665,244,42.91,2025/09/02,2025/09/17,2025/09/13,20,0,1,1,1,60.07
OID0633,MID0017,SID0016,910,364,7,2025/09/02,2025/09/13,2025/09/12,0,364,1,0,1,2.45
OID0634,MID0005,SID0005,846,620,35.8,2025/09/02,2025/09/20,2025/09/16,0,620,1,0,1,50.12
OID0635,MID0009,SID0001,1028,970,6.05,2025/09/02,2025/09/11,2025/09/11,8,970,1,0,0,0
OID0636,MID0013,SID0012,709,453,5,2025/09/03,2025/09/13,2025/09/12,0,453,1,0,1,1.75
OID0637,MID0001,SID0001,1048,645,239.42,2025/09/03,2025/09/13,2025/09/13,2,645,0,0,0,0
OID0638,MID0001,SID0001,1098,828,239.42,2025/09/03,2025/09/08,2025/09/12,3,828,1,0,0,0
OID0639,MID0003,SID0003,1217,426,62.12,2025/09/03,2025/09/20,2025/09/16,0,426,1,0,1,86.97
OID0640,MID0025,SID0021,352,253,30.62,2025/09/04,2025/09/11,2025/09/11,0,253,1,0,0,0
OID0641,MID0025,SID0021,341,233,30.62,2025/09/04,2025/09/18,2025/09/16,1,233,1,0,1,21.43
OID0642,MID0016,SID0015,676,514,128.17,2025/09/04,2025/09/07,2025/09/13,4,514,1,0,0,0
OID0643,MID0001,SID0001,1129,864,239.42,2025/09/04,2025/09/19,2025/09/16,2,864,1,0,1,251.39
OID0644,MID0010,SID0009,1164,570,28.19,2025/09/05,2025/09/09,2025/09/12,3,570,1,0,0,0
OID0645,MID0003,SID0003,1134,490,62.12,2025/09/05,2025/09/16,2025/09/12,48,0,0,1,1,86.97
OID0646,MID0015,SID0014,673,294,42.91,2025/09/05,2025/09/17,2025/09/17,0,294,1,0,0,0
OID0647,MID0017,SID0016,892,639,7,2025/09/05,2025/09/18,2025/09/14,0,639,0,0,1,9.8
OID0648,MID0008,SID0007,807,293,106.53,2025/09/06,2025/09/19,2025/09/19,2,293,1,0,0,0
OID0649,MID0025,SID0021,334,173,30.62,2025/09/06,2025/09/18,2025/09/20,1,173,1,0,0,0
OID0650,MID0016,SID0015,668,375,128.17,2025/09/06,2025/09/16,2025/09/20,1,375,1,0,0,0
OID0651,MID0008,SID0007,924,542,106.53,2025/09/06,2025/09/16,2025/09/14,0,542,0,0,1,74.57
OID0652,MID0011,SID0010,980,380,29.93,2025/09/07,2025/09/22,2025/09/20,0,380,0,0,1,20.95
OID0653,MID0015,SID0014,685,442,42.91,2025/09/07,2025/09/11,2025/09/15,3,442,1,0,0,0
OID0654,MID0021,SID0019,403,160,12,2025/09/07,2025/09/17,2025/09/15,0,160,1,0,1,8.4
OID0655,MID0020,SID0018,491,439,86.26,2025/09/07,2025/09/13,2025/09/19,1,439,0,0,0,0
OID0656,MID0023,SID0021,325,187,312.55,2025/09/07,2025/09/13,2025/09/15,1,187,1,0,0,0
OID0657,MID0008,SID0007,923,527,106.53,2025/09/08,2025/09/25,2025/09/21,3,527,1,0,1,149.14
OID0658,MID0008,SID0007,821,629,106.53,2025/09/08,2025/09/22,2025/09/21,2,629,1,0,1,37.29
OID0659,MID0023,SID0021,350,252,312.55,2025/09/08,2025/09/15,2025/09/17,0,252,1,0,0,0
OID0660,MID0010,SID0009,1150,842,28.19,2025/09/08,2025/09/18,2025/09/16,0,842,1,0,1,19.73
OID0661,MID0025,SID0021,321,137,30.62,2025/09/09,2025/09/23,2025/09/19,0,137,0,0,1,42.87
OID0662,MID0012,SID0011,681,489,221.24,2025/09/09,2025/09/19,2025/09/22,3,489,1,0,0,0
OID0663,MID0025,SID0021,304,161,30.62,2025/09/09,2025/09/16,2025/09/20,1,161,1,0,0,0
OID0664,MID0020,SID0018,493,233,86.26,2025/09/09,2025/09/17,2025/09/19,1,233,1,0,0,0
OID0665,MID0023,SID0021,312,128,312.55,2025/09/10,2025/09/19,2025/09/20,1,128,1,0,0,0
OID0666,MID0003,SID0003,1216,426,62.12,2025/09/10,2025/09/18,2025/09/20,20,426,1,0,0,0
OID0667,MID0003,SID0003,1204,899,62.12,2025/09/10,2025/09/15,2025/09/18,6,899,1,0,0,0
OID0668,MID0025,SID0021,345,173,30.62,2025/09/10,2025/09/17,2025/09/22,0,173,1,0,0,0
OID0669,MID0012,SID0011,709,486,221.24,2025/09/11,2025/09/19,2025/09/20,12,486,1,0,0,0
OID0670,MID0016,SID0015,595,312,128.17,2025/09/11,2025/09/20,2025/09/19,1,312,1,0,1,44.86
OID0671,MID0020,SID0018,487,406,86.26,2025/09/11,2025/09/23,2025/09/20,1,406,0,0,1,90.57
OID0672,MID0011,SID0010,965,708,29.93,2025/09/11,2025/09/27,2025/09/24,5,708,1,0,1,31.43
OID0673,MID0025,SID0021,313,184,30.62,2025/09/12,2025/09/25,2025/09/23,6,184,1,0,1,21.43
OID0674,MID0005,SID0005,805,593,35.8,2025/09/12,2025/09/19,2025/09/24,12,593,1,0,0,0
OID0675,MID0023,SID0021,323,198,312.55,2025/09/12,2025/09/16,2025/09/21,0,198,0,0,0,0
OID0676,MID0015,SID0014,673,292,42.91,2025/09/12,2025/09/26,2025/09/22,1,292,1,0,1,60.07
OID0677,MID0023,SID0021,334,121,312.55,2025/09/13,2025/09/23,2025/09/21,1,121,0,0,1,218.78
OID0678,MID0019,SID0021,308,138,6.13,2025/09/13,2025/09/18,2025/09/21,0,138,1,0,0,0
OID0679,MID0005,SID0005,840,522,35.8,2025/09/13,2025/09/17,2025/09/21,34,0,0,1,0,0
OID0680,MID0001,SID0001,1128,624,239.42,2025/09/13,2025/09/21,2025/09/26,0,624,1,0,0,0
OID0681,MID0012,SID0011,747,581,221.24,2025/09/14,2025/10/02,2025/09/28,5,581,1,0,1,309.74
OID0682,MID0023,SID0021,306,202,312.55,2025/09/14,2025/09/22,2025/09/25,1,202,1,0,0,0
OID0683,MID0007,SID0006,940,643,15.11,2025/09/14,2025/09/23,2025/09/22,1,643,1,0,1,5.29
OID0684,MID0019,SID0021,330,274,6.13,2025/09/14,2025/09/25,2025/09/21,0,274,1,0,1,8.58
OID0685,MID0003,SID0003,1168,556,62.12,2025/09/15,2025/09/23,2025/09/24,3,556,1,0,0,0
OID0686,MID0011,SID0010,900,668,29.93,2025/09/15,2025/09/27,2025/09/26,6,668,1,0,1,10.48
OID0687,MID0012,SID0011,692,405,221.24,2025/09/15,2025/09/27,2025/09/23,2,405,1,0,1,309.74
OID0688,MID0003,SID0003,1134,505,62.12,2025/09/15,2025/10/02,2025/09/29,2,505,1,0,1,65.23
OID0689,MID0003,SID0003,1134,581,62.12,2025/09/16,2025/09/27,2025/09/26,0,581,1,0,1,21.74
OID0690,MID0005,SID0005,825,343,35.8,2025/09/16,2025/09/26,2025/09/23,0,343,1,0,1,37.59
OID0691,MID0010,SID0009,1110,773,28.19,2025/09/16,2025/09/19,2025/09/25,3,773,1,0,0,0
OID0692,MID0003,SID0003,1227,933,62.12,2025/09/16,2025/09/22,2025/09/23,0,933,1,0,0,0
OID0693,MID0015,SID0014,741,437,42.91,2025/09/16,2025/09/24,2025/09/25,3,437,1,0,0,0
OID0694,MID0016,SID0015,664,386,128.17,2025/09/17,2025/09/28,2025/09/28,1,386,1,0,0,0
OID0695,MID0005,SID0005,891,685,35.8,2025/09/17,2025/09/26,2025/10/01,6,685,1,0,0,0
OID0696,MID0015,SID0014,704,466,42.91,2025/09/17,2025/09/29,2025/09/28,2,466,1,0,1,15.02
OID0697,MID0007,SID0006,842,672,15.11,2025/09/17,2025/10/01,2025/09/30,8,672,1,0,1,5.29
OID0698,MID0005,SID0005,836,357,35.8,2025/09/18,2025/10/01,2025/09/30,0,357,1,0,1,12.53
OID0699,MID0007,SID0006,940,445,15.11,2025/09/18,2025/09/27,2025/09/29,0,445,1,0,0,0
OID0700,MID0020,SID0018,508,286,86.26,2025/09/18,2025/09/26,2025/09/30,1,286,0,0,0,0
OID0701,MID0010,SID0009,1022,628,28.19,2025/09/18,2025/10/01,2025/10/02,0,628,1,0,0,0
OID0702,MID0012,SID0011,711,494,221.24,2025/09/19,2025/09/30,2025/09/28,4,494,0,0,1,154.87
OID0703,MID0007,SID0006,987,801,15.11,2025/09/19,2025/09/25,2025/09/26,4,801,0,0,0,0
OID0704,MID0015,SID0014,684,484,42.91,2025/09/19,2025/09/24,2025/09/26,0,484,0,0,0,0
OID0705,MID0016,SID0015,615,490,128.17,2025/09/19,2025/09/23,2025/09/26,2,490,1,0,0,0
OID0706,MID0012,SID0011,734,464,221.24,2025/09/20,2025/10/01,2025/10/03,1,464,1,0,0,0
OID0707,MID0018,SID0017,640,313,4,2025/09/20,2025/09/27,2025/09/27,1,313,1,0,0,0
OID0708,MID0007,SID0006,861,494,15.11,2025/09/20,2025/09/22,2025/09/28,0,494,1,0,0,0
OID0709,MID0020,SID0018,542,347,86.26,2025/09/20,2025/10/03,2025/10/01,0,347,1,0,1,60.38
OID0710,MID0003,SID0003,1236,652,62.12,2025/09/21,2025/09/28,2025/10/03,3,652,1,0,0,0
OID0711,MID0023,SID0021,352,257,312.55,2025/09/21,2025/09/28,2025/09/30,0,257,1,0,0,0
OID0712,MID0007,SID0006,874,311,15.11,2025/09/21,2025/10/04,2025/10/05,1,311,0,0,0,0
OID0713,MID0008,SID0007,869,609,106.53,2025/09/21,2025/09/28,2025/09/30,4,609,1,0,0,0
OID0714,MID0008,SID0007,838,399,106.53,2025/09/22,2025/10/01,2025/10/05,2,399,1,0,0,0
OID0715,MID0005,SID0005,913,771,35.8,2025/09/22,2025/10/02,2025/09/30,6,771,1,0,1,25.06
OID0716,MID0020,SID0018,491,227,86.26,2025/09/22,2025/09/28,2025/10/01,2,227,0,0,0,0
OID0717,MID0007,SID0006,978,434,15.11,2025/09/22,2025/09/30,2025/09/30,3,434,0,0,0,0
OID0718,MID0011,SID0010,991,469,29.93,2025/09/23,2025/10/01,2025/10/07,1,469,1,0,0,0
OID0719,MID0003,SID0003,1215,995,62.12,2025/09/23,2025/10/05,2025/10/01,4,995,1,0,1,86.97
OID0720,MID0008,SID0007,892,772,106.53,2025/09/23,2025/10/02,2025/10/07,1,772,1,0,0,0
OID0721,MID0023,SID0021,343,214,312.55,2025/09/23,2025/10/01,2025/09/30,0,214,1,0,1,109.39
OID0722,MID0008,SID0007,854,364,106.53,2025/09/24,2025/09/27,2025/10/03,1,364,1,0,0,0
OID0723,MID0008,SID0007,915,486,106.53,2025/09/24,2025/09/30,2025/10/03,1,486,1,0,0,0
OID0724,MID0003,SID0003,1142,441,62.12,2025/09/24,2025/10/03,2025/10/01,0,441,1,0,1,43.48
OID0725,MID0003,SID0003,1162,981,62.12,2025/09/24,2025/10/03,2025/10/08,5,981,1,0,0,0
OID0726,MID0023,SID0021,324,228,312.55,2025/09/25,2025/10/05,2025/10/06,2,228,1,0,0,0
OID0727,MID0016,SID0015,591,419,128.17,2025/09/25,2025/10/04,2025/10/02,1,419,0,0,1,89.72
OID0728,MID0009,SID0001,1105,800,6.05,2025/09/25,2025/10/02,2025/10/05,23,800,0,0,0,0
OID0729,MID0008,SID0007,809,638,106.53,2025/09/25,2025/10/04,2025/10/02,1,638,1,0,1,74.57
OID0730,MID0023,SID0021,305,207,312.55,2025/09/26,2025/10/06,2025/10/08,0,207,1,0,0,0
OID0731,MID0015,SID0014,660,511,42.91,2025/09/26,2025/10/04,2025/10/04,25,511,1,0,0,0
OID0732,MID0003,SID0003,1250,441,62.12,2025/09/26,2025/10/01,2025/10/03,2,441,1,0,0,0
OID0733,MID0011,SID0010,898,835,29.93,2025/09/26,2025/10/07,2025/10/05,0,835,1,0,1,20.95
OID0734,MID0011,SID0010,883,557,29.93,2025/09/26,2025/10/07,2025/10/05,3,557,0,0,1,20.95
OID0735,MID0008,SID0007,895,499,106.53,2025/09/27,2025/10/08,2025/10/10,2,499,1,0,0,0
OID0736,MID0012,SID0011,796,355,221.24,2025/09/27,2025/10/03,2025/10/04,3,355,0,0,0,0
OID0737,MID0023,SID0021,305,152,312.55,2025/09/27,2025/09/30,2025/10/04,0,152,0,0,0,0
OID0738,MID0010,SID0009,1053,492,28.19,2025/09/27,2025/10/08,2025/10/07,3,492,1,0,1,9.87
OID0739,MID0002,SID0002,1357,607,13,2025/09/28,2025/10/05,2025/10/06,37,0,1,1,0,0
OID0740,MID0013,SID0012,764,280,5,2025/09/28,2025/10/09,2025/10/06,0,280,1,0,1,5.25
OID0741,MID0012,SID0011,683,305,221.24,2025/09/28,2025/10/08,2025/10/07,2,305,1,0,1,77.43
OID0742,MID0003,SID0003,1237,817,62.12,2025/09/28,2025/10/01,2025/10/06,7,817,1,0,0,0
OID0743,MID0003,SID0003,1253,851,62.12,2025/09/29,2025/10/14,2025/10/13,2,851,1,0,1,21.74
OID0744,MID0007,SID0006,855,805,15.11,2025/09/29,2025/10/07,2025/10/06,3,805,1,0,1,5.29
OID0745,MID0016,SID0015,674,299,128.17,2025/09/29,2025/10/14,2025/10/10,0,299,1,0,1,179.44
OID0746,MID0011,SID0010,994,579,29.93,2025/09/29,2025/10/08,2025/10/06,5,579,1,0,1,20.95
OID0747,MID0005,SID0005,893,789,35.8,2025/09/30,2025/10/10,2025/10/09,6,789,1,0,1,12.53
OID0748,MID0001,SID0001,1153,405,239.42,2025/09/30,2025/10/13,2025/10/12,0,405,1,0,1,83.8
OID0749,MID0012,SID0011,716,289,221.24,2025/09/30,2025/10/04,2025/10/08,2,289,1,0,0,0
OID0750,MID0023,SID0021,352,217,312.55,2025/09/30,2025/10/06,2025/10/10,0,217,1,0,0,0
OID0751,MID0016,SID0015,639,240,128.17,2025/10/01,2025/10/14,2025/10/13,1,240,0,0,1,44.86
OID0752,MID0020,SID0018,507,240,86.26,2025/10/01,2025/10/10,2025/10/13,0,240,1,0,0,0
OID0753,MID0012,SID0011,725,336,221.24,2025/10/01,2025/10/09,2025/10/15,0,336,1,0,0,0
OID0754,MID0005,SID0005,876,627,35.8,2025/10/01,2025/10/06,2025/10/09,4,627,1,0,0,0
OID0755,MID0003,SID0003,1235,480,62.12,2025/10/02,2025/10/13,2025/10/09,1,480,0,0,1,86.97
OID0756,MID0003,SID0003,1121,586,62.12,2025/10/02,2025/10/11,2025/10/16,24,586,1,0,0,0
OID0757,MID0012,SID0011,715,441,221.24,2025/10/02,2025/10/17,2025/10/16,2,441,1,0,1,77.43
OID0758,MID0025,SID0021,328,196,30.62,2025/10/02,2025/10/06,2025/10/10,1,196,1,0,0,0
OID0759,MID0003,SID0003,1207,795,62.12,2025/10/03,2025/10/15,2025/10/12,6,795,1,0,1,65.23
OID0760,MID0010,SID0009,1135,972,28.19,2025/10/03,2025/10/15,2025/10/17,4,972,1,0,0,0
OID0761,MID0003,SID0003,1123,555,62.12,2025/10/03,2025/10/20,2025/10/16,2,555,1,0,1,86.97
OID0762,MID0012,SID0011,764,547,221.24,2025/10/03,2025/10/05,2025/10/10,4,547,1,0,0,0
OID0763,MID0012,SID0011,684,518,221.24,2025/10/04,2025/10/14,2025/10/12,4,518,1,0,1,154.87
OID0764,MID0003,SID0003,1257,479,62.12,2025/10/04,2025/10/16,2025/10/14,4,479,1,0,1,43.48
OID0765,MID0008,SID0007,814,668,106.53,2025/10/04,2025/10/16,2025/10/16,0,668,1,0,0,0
OID0766,MID0003,SID0003,1272,744,62.12,2025/10/04,2025/10/12,2025/10/12,2,744,1,0,0,0
OID0767,MID0020,SID0018,497,267,86.26,2025/10/05,2025/10/18,2025/10/17,2,267,1,0,1,30.19
OID0768,MID0019,SID0021,304,242,6.13,2025/10/05,2025/10/15,2025/10/19,1,242,1,0,0,0
OID0769,MID0005,SID0005,807,321,35.8,2025/10/05,2025/10/19,2025/10/15,2,321,1,0,1,50.12
OID0770,MID0007,SID0006,923,728,15.11,2025/10/05,2025/10/08,2025/10/14,5,728,1,0,0,0
OID0771,MID0005,SID0005,930,792,35.8,2025/10/05,2025/10/17,2025/10/16,0,792,1,0,1,12.53
OID0772,MID0014,SID0013,827,534,6,2025/10/06,2025/10/16,2025/10/15,3,534,1,0,1,2.1
OID0773,MID0023,SID0021,314,269,312.55,2025/10/06,2025/10/09,2025/10/15,2,269,0,0,0,0
OID0774,MID0020,SID0018,539,364,86.26,2025/10/06,2025/10/23,2025/10/19,3,364,0,0,1,120.76
OID0775,MID0010,SID0009,1149,851,28.19,2025/10/06,2025/10/15,2025/10/19,6,851,1,0,0,0
OID0776,MID0020,SID0018,506,191,86.26,2025/10/07,2025/10/11,2025/10/16,0,191,1,0,0,0
OID0777,MID0003,SID0003,1208,597,62.12,2025/10/07,2025/10/15,2025/10/21,24,597,1,0,0,0
OID0778,MID0005,SID0005,915,402,35.8,2025/10/07,2025/10/16,2025/10/16,3,402,1,0,0,0
OID0779,MID0020,SID0018,488,219,86.26,2025/10/07,2025/10/16,2025/10/19,0,219,1,0,0,0
OID0780,MID0001,SID0001,1090,450,239.42,2025/10/08,2025/10/18,2025/10/15,0,450,1,0,1,251.39
OID0781,MID0020,SID0018,481,306,86.26,2025/10/08,2025/10/12,2025/10/15,0,306,1,0,0,0
OID0782,MID0010,SID0009,1041,974,28.19,2025/10/08,2025/10/19,2025/10/16,8,974,1,0,1,29.6
OID0783,MID0001,SID0001,1113,915,239.42,2025/10/08,2025/10/24,2025/10/20,7,915,0,0,1,335.19
OID0784,MID0005,SID0005,807,316,35.8,2025/10/09,2025/10/19,2025/10/16,1,316,1,0,1,37.59
OID0785,MID0018,SID0017,589,325,4,2025/10/09,2025/10/17,2025/10/19,0,325,1,0,0,0
OID0786,MID0015,SID0014,732,273,42.91,2025/10/09,2025/10/13,2025/10/16,2,273,1,0,0,0
OID0787,MID0016,SID0015,658,241,128.17,2025/10/09,2025/10/16,2025/10/16,0,241,1,0,0,0
OID0788,MID0023,SID0021,314,247,312.55,2025/10/10,2025/10/23,2025/10/19,2,247,0,0,1,437.57
OID0789,MID0003,SID0003,1269,1000,62.12,2025/10/10,2025/10/25,2025/10/22,9,1000,1,0,1,65.23
OID0790,MID0001,SID0001,1139,406,239.42,2025/10/10,2025/10/17,2025/10/18,2,406,0,0,0,0
OID0791,MID0013,SID0012,777,588,5,2025/10/10,2025/10/28,2025/10/24,1,588,0,0,1,7.0
OID0792,MID0023,SID0021,318,252,312.55,2025/10/11,2025/10/19,2025/10/25,0,252,1,0,0,0
OID0793,MID0009,SID0001,1002,437,6.05,2025/10/11,2025/10/20,2025/10/24,0,437,1,0,0,0
OID0794,MID0016,SID0015,672,273,128.17,2025/10/11,2025/10/13,2025/10/19,2,273,0,0,0,0
OID0795,MID0025,SID0021,317,203,30.62,2025/10/11,2025/10/13,2025/10/18,0,203,1,0,0,0
OID0796,MID0011,SID0010,1015,700,29.93,2025/10/12,2025/10/21,2025/10/25,3,700,0,0,0,0
OID0797,MID0016,SID0015,594,393,128.17,2025/10/12,2025/10/16,2025/10/22,2,393,0,0,0,0
OID0798,MID0010,SID0009,1163,832,28.19,2025/10/12,2025/10/18,2025/10/23,5,832,1,0,0,0
OID0799,MID0005,SID0005,931,488,35.8,2025/10/12,2025/10/22,2025/10/20,1,488,0,0,1,25.06
OID0800,MID0015,SID0014,639,275,42.91,2025/10/13,2025/10/26,2025/10/22,1,275,1,0,1,60.07
OID0801,MID0011,SID0010,894,445,29.93,2025/10/13,2025/10/21,2025/10/24,4,445,0,0,0,0
OID0802,MID0012,SID0011,700,313,221.24,2025/10/13,2025/10/23,2025/10/21,2,313,1,0,1,154.87
OID0803,MID0025,SID0021,308,259,30.62,2025/10/13,2025/10/17,2025/10/21,2,259,1,0,0,0
OID0804,MID0015,SID0014,728,419,42.91,2025/10/14,2025/10/29,2025/10/25,2,419,1,0,1,60.07
OID0805,MID0020,SID0018,481,374,86.26,2025/10/14,2025/10/23,2025/10/28,2,374,0,0,0,0
OID0806,MID0007,SID0006,945,749,15.11,2025/10/14,2025/10/22,2025/10/27,4,749,1,0,0,0
OID0807,MID0011,SID0010,947,504,29.93,2025/10/14,2025/10/19,2025/10/22,0,504,0,0,0,0
OID0808,MID0003,SID0003,1157,515,62.12,2025/10/15,2025/10/18,2025/10/22,42,0,1,1,0,0
OID0809,MID0025,SID0021,321,204,30.62,2025/10/15,2025/10/22,2025/10/28,0,204,1,0,0,0
OID0810,MID0011,SID0010,888,631,29.93,2025/10/15,2025/10/20,2025/10/23,3,631,0,0,0,0
OID0811,MID0003,SID0003,1172,992,62.12,2025/10/15,2025/10/27,2025/10/28,2,992,0,0,0,0
OID0812,MID0023,SID0021,345,154,312.55,2025/10/15,2025/10/30,2025/10/26,1,154,1,0,1,437.57
OID0813,MID0020,SID0018,524,366,86.26,2025/10/16,2025/10/19,2025/10/23,0,366,1,0,0,0
OID0814,MID0010,SID0009,1112,718,28.19,2025/10/16,2025/10/29,2025/10/26,1,718,1,0,1,29.6
OID0815,MID0023,SID0021,331,160,312.55,2025/10/16,2025/10/28,2025/10/26,0,160,1,0,1,218.78
OID0816,MID0023,SID0021,332,229,312.55,2025/10/16,2025/10/28,2025/10/28,0,229,1,0,0,0
OID0817,MID0025,SID0021,337,150,30.62,2025/10/17,2025/10/24,2025/10/24,1,150,0,0,0,0
OID0818,MID0003,SID0003,1175,540,62.12,2025/10/17,2025/10/29,2025/10/29,1,540,1,0,0,0
OID0819,MID0016,SID0015,652,263,128.17,2025/10/17,2025/11/02,2025/10/30,2,263,1,0,1,134.58
OID0820,MID0005,SID0005,900,735,35.8,2025/10/17,2025/10/18,2025/10/24,3,735,1,0,0,0
OID0821,MID0010,SID0009,995,449,28.19,2025/10/18,2025/10/22,2025/10/25,0,449,0,0,0,0
OID0822,MID0008,SID0007,917,667,106.53,2025/10/18,2025/10/20,2025/10/26,6,667,1,0,0,0
OID0823,MID0010,SID0009,1102,503,28.19,2025/10/18,2025/10/29,2025/10/27,2,503,1,0,1,19.73
OID0824,MID0010,SID0009,1045,486,28.19,2025/10/18,2025/10/23,2025/10/28,1,486,1,0,0,0
OID0825,MID0001,SID0001,1160,741,239.42,2025/10/19,2025/10/31,2025/11/02,25,741,1,0,0,0
OID0826,MID0015,SID0014,690,350,42.91,2025/10/19,2025/10/24,2025/10/28,3,350,1,0,0,0
OID0827,MID0023,SID0021,304,190,312.55,2025/10/19,2025/10/31,2025/10/29,0,190,0,0,1,218.78
OID0828,MID0003,SID0003,1131,739,62.12,2025/10/19,2025/10/25,2025/10/31,3,739,1,0,0,0
OID0829,MID0010,SID0009,1108,733,28.19,2025/10/20,2025/10/25,2025/10/28,5,733,0,0,0,0
OID0830,MID0016,SID0015,594,308,128.17,2025/10/20,2025/10/21,2025/10/27,13,308,1,0,0,0
OID0831,MID0011,SID0010,906,346,29.93,2025/10/20,2025/10/25,2025/10/27,2,346,1,0,0,0
OID0832,MID0009,SID0001,1132,515,6.05,2025/10/20,2025/10/29,2025/11/01,1,515,0,0,0,0
OID0833,MID0015,SID0014,710,280,42.91,2025/10/21,2025/10/31,2025/10/29,1,280,1,0,1,30.04
OID0834,MID0012,SID0011,778,595,221.24,2025/10/21,2025/11/03,2025/10/30,1,595,1,0,1,309.74
OID0835,MID0003,SID0003,1105,492,62.12,2025/10/21,2025/10/30,2025/10/30,1,492,1,0,0,0
OID0836,MID0003,SID0003,1189,702,62.12,2025/10/21,2025/10/29,2025/11/01,3,702,1,0,0,0
OID0837,MID0011,SID0010,887,378,29.93,2025/10/22,2025/10/30,2025/10/30,2,378,1,0,0,0
OID0838,MID0023,SID0021,339,199,312.55,2025/10/22,2025/11/04,2025/11/05,0,199,1,0,0,0
OID0839,MID0005,SID0005,817,316,35.8,2025/10/22,2025/11/01,2025/10/31,2,316,1,0,1,12.53
OID0840,MID0010,SID0009,1012,379,28.19,2025/10/22,2025/10/26,2025/10/31,10,379,1,0,0,0
OID0841,MID0012,SID0011,687,322,221.24,2025/10/23,2025/11/09,2025/11/06,2,322,1,0,1,232.3
OID0842,MID0007,SID0006,886,347,15.11,2025/10/23,2025/11/09,2025/11/05,1,347,1,0,1,21.15
OID0843,MID0016,SID0015,626,251,128.17,2025/10/23,2025/10/24,2025/10/30,1,251,0,0,0,0
OID0844,MID0016,SID0015,662,503,128.17,2025/10/23,2025/11/05,2025/11/06,4,503,0,0,0,0
OID0845,MID0016,SID0015,656,504,128.17,2025/10/24,2025/11/02,2025/11/06,3,504,1,0,0,0
OID0846,MID0020,SID0018,472,195,86.26,2025/10/24,2025/10/25,2025/10/31,0,195,1,0,0,0
OID0847,MID0001,SID0001,1061,741,239.42,2025/10/24,2025/11/08,2025/11/07,0,741,1,0,1,83.8
OID0848,MID0020,SID0018,502,465,86.26,2025/10/24,2025/11/04,2025/11/07,10,465,1,0,0,0
OID0849,MID0025,SID0021,336,209,30.62,2025/10/24,2025/10/30,2025/11/03,0,209,1,0,0,0
OID0850,MID0015,SID0014,702,634,42.91,2025/10/25,2025/11/08,2025/11/05,0,634,1,0,1,45.06
OID0851,MID0023,SID0021,309,222,312.55,2025/10/25,2025/11/06,2025/11/08,1,222,1,0,0,0
OID0852,MID0008,SID0007,868,576,106.53,2025/10/25,2025/11/08,2025/11/07,3,576,1,0,1,37.29
OID0853,MID0015,SID0014,683,372,42.91,2025/10/25,2025/11/03,2025/11/05,0,372,1,0,0,0
OID0854,MID0008,SID0007,853,454,106.53,2025/10/26,2025/11/08,2025/11/04,4,454,1,0,1,149.14
OID0855,MID0015,SID0014,639,339,42.91,2025/10/26,2025/11/06,2025/11/09,2,339,1,0,0,0
OID0856,MID0010,SID0009,1110,973,28.19,2025/10/26,2025/11/06,2025/11/06,3,973,1,0,0,0
OID0857,MID0012,SID0011,702,249,221.24,2025/10/26,2025/11/06,2025/11/05,1,249,0,0,1,77.43
OID0858,MID0021,SID0019,396,282,12,2025/10/27,2025/11/02,2025/11/04,0,282,1,0,0,0
OID0859,MID0023,SID0021,330,254,312.55,2025/10/27,2025/11/05,2025/11/09,1,254,1,0,0,0
OID0860,MID0015,SID0014,652,385,42.91,2025/10/27,2025/10/30,2025/11/05,0,385,1,0,0,0
OID0861,MID0008,SID0007,820,503,106.53,2025/10/27,2025/11/06,2025/11/09,4,503,0,0,0,0
OID0862,MID0007,SID0006,978,359,15.11,2025/10/28,2025/11/10,2025/11/09,1,359,1,0,1,5.29
OID0863,MID0007,SID0006,961,680,15.11,2025/10/28,2025/11/02,2025/11/05,2,680,1,0,0,0
OID0864,MID0001,SID0001,1058,520,239.42,2025/10/28,2025/11/12,2025/11/11,4,520,1,0,1,83.8
OID0865,MID0015,SID0014,689,251,42.91,2025/10/28,2025/11/11,2025/11/11,2,251,1,0,0,0
OID0866,MID0007,SID0006,938,397,15.11,2025/10/29,2025/11/01,2025/11/06,3,397,1,0,0,0
OID0867,MID0011,SID0010,968,340,29.93,2025/10/29,2025/10/31,2025/11/05,0,340,1,0,0,0
OID0868,MID0020,SID0018,525,348,86.26,2025/10/29,2025/11/15,2025/11/12,0,348,1,0,1,90.57
OID0869,MID0010,SID0009,1038,547,28.19,2025/10/29,2025/11/15,2025/11/11,3,547,1,0,1,39.47
OID0870,MID0022,SID0020,538,307,1,2025/10/30,2025/11/09,2025/11/07,0,307,0,0,1,0.7
OID0871,MID0020,SID0018,495,327,86.26,2025/10/30,2025/11/10,2025/11/10,2,327,1,0,0,0
OID0872,MID0011,SID0010,917,349,29.93,2025/10/30,2025/11/06,2025/11/12,2,349,1,0,0,0
OID0873,MID0005,SID0005,925,545,35.8,2025/10/30,2025/11/06,2025/11/09,1,545,0,0,0,0
OID0874,MID0003,SID0003,1179,998,62.12,2025/10/31,2025/11/04,2025/11/09,5,998,0,0,0,0
OID0875,MID0016,SID0015,633,446,128.17,2025/10/31,2025/11/03,2025/11/09,0,446,0,0,0,0
OID0876,MID0015,SID0014,693,259,42.91,2025/10/31,2025/11/10,2025/11/09,0,259,1,0,1,15.02
OID0877,MID0001,SID0001,1058,431,239.42,2025/10/31,2025/11/08,2025/11/13,3,431,1,0,0,0
OID0878,MID0008,SID0007,925,676,106.53,2025/11/01,2025/11/14,2025/11/10,5,676,1,0,1,149.14
OID0879,MID0016,SID0015,636,311,128.17,2025/11/01,2025/11/14,2025/11/12,2,311,0,0,1,89.72
OID0880,MID0005,SID0005,934,423,35.8,2025/11/01,2025/11/04,2025/11/08,0,423,0,0,0,0
OID0881,MID0023,SID0021,336,220,312.55,2025/11/01,2025/11/04,2025/11/10,0,220,1,0,0,0
OID0882,MID0010,SID0009,1084,536,28.19,2025/11/02,2025/11/15,2025/11/12,3,536,1,0,1,29.6
OID0883,MID0015,SID0014,713,325,42.91,2025/11/02,2025/11/18,2025/11/14,2,325,1,0,1,60.07
OID0884,MID0008,SID0007,830,361,106.53,2025/11/02,2025/11/12,2025/11/15,0,361,0,0,0,0
OID0885,MID0008,SID0007,937,450,106.53,2025/11/02,2025/11/06,2025/11/10,2,450,0,0,0,0
OID0886,MID0003,SID0003,1171,467,62.12,2025/11/02,2025/11/13,2025/11/14,0,467,0,0,0,0
OID0887,MID0004,SID0004,1399,890,2,2025/11/03,2025/11/13,2025/11/15,7,890,1,0,0,0
OID0888,MID0016,SID0015,594,341,128.17,2025/11/03,2025/11/12,2025/11/16,0,341,1,0,0,0
OID0889,MID0005,SID0005,823,440,35.8,2025/11/03,2025/11/18,2025/11/15,2,440,1,0,1,37.59
OID0890,MID0011,SID0010,914,339,29.93,2025/11/03,2025/11/08,2025/11/12,1,339,1,0,0,0
OID0891,MID0004,SID0004,1461,648,2,2025/11/04,2025/11/14,2025/11/15,13,648,1,0,0,0
OID0892,MID0008,SID0007,807,440,106.53,2025/11/04,2025/11/10,2025/11/13,1,440,1,0,0,0
OID0893,MID0011,SID0010,992,639,29.93,2025/11/04,2025/11/18,2025/11/18,0,639,1,0,0,0
OID0894,MID0010,SID0009,1130,553,28.19,2025/11/04,2025/11/19,2025/11/16,4,553,1,0,1,29.6
OID0895,MID0025,SID0021,316,248,30.62,2025/11/05,2025/11/14,2025/11/14,0,248,1,0,0,0
OID0896,MID0005,SID0005,897,714,35.8,2025/11/05,2025/11/17,2025/11/19,6,714,1,0,0,0
OID0897,MID0011,SID0010,882,654,29.93,2025/11/05,2025/11/07,2025/11/12,2,654,1,0,0,0
OID0898,MID0001,SID0001,1156,762,239.42,2025/11/05,2025/11/10,2025/11/16,1,762,1,0,0,0
OID0899,MID0023,SID0021,347,195,312.55,2025/11/06,2025/11/17,2025/11/13,1,195,1,0,1,437.57
OID0900,MID0016,SID0015,583,210,128.17,2025/11/06,2025/11/16,2025/11/18,1,210,1,0,0,0
OID0901,MID0005,SID0005,817,479,35.8,2025/11/06,2025/11/09,2025/11/13,3,479,1,0,0,0
OID0902,MID0008,SID0007,921,854,106.53,2025/11/06,2025/11/15,2025/11/18,1,854,0,0,0,0
OID0903,MID0023,SID0021,346,322,312.55,2025/11/07,2025/11/16,2025/11/17,0,322,1,0,0,0
OID0904,MID0010,SID0009,1076,479,28.19,2025/11/07,2025/11/13,2025/11/19,2,479,1,0,0,0
OID0905,MID0008,SID0007,849,356,106.53,2025/11/07,2025/11/08,2025/11/14,3,356,1,0,0,0
OID0906,MID0003,SID0003,1269,1000,62.12,2025/11/07,2025/11/13,2025/11/16,50,1000,1,0,0,0
OID0907,MID0008,SID0007,904,598,106.53,2025/11/08,2025/11/15,2025/11/19,5,598,1,0,0,0
OID0908,MID0009,SID0001,1118,696,6.05,2025/11/08,2025/11/14,2025/11/15,2,696,0,0,0,0
OID0909,MID0023,SID0021,315,129,312.55,2025/11/08,2025/11/17,2025/11/17,0,129,0,0,0,0
OID0910,MID0025,SID0021,321,134,30.62,2025/11/08,2025/11/17,2025/11/16,0,134,1,0,1,10.72
OID0911,MID0008,SID0007,817,641,106.53,2025/11/09,2025/11/18,2025/11/22,2,641,1,0,0,0
OID0912,MID0007,SID0006,973,519,15.11,2025/11/09,2025/11/21,2025/11/19,1,519,0,0,1,10.58
OID0913,MID0007,SID0006,881,550,15.11,2025/11/09,2025/11/23,2025/11/21,1,550,1,0,1,10.58
OID0914,MID0005,SID0005,829,751,35.8,2025/11/09,2025/11/20,2025/11/23,3,751,1,0,0,0
OID0915,MID0001,SID0001,1014,439,239.42,2025/11/10,2025/11/23,2025/11/24,1,439,1,0,0,0
OID0916,MID0001,SID0001,1008,876,239.42,2025/11/10,2025/11/24,2025/11/21,4,876,1,0,1,251.39
OID0917,MID0016,SID0015,590,317,128.17,2025/11/10,2025/11/27,2025/11/23,1,317,1,0,1,179.44
OID0918,MID0007,SID0006,963,797,15.11,2025/11/10,2025/11/24,2025/11/24,4,797,1,0,0,0
OID0919,MID0012,SID0011,797,441,221.24,2025/11/11,2025/11/14,2025/11/18,3,441,0,0,0,0
OID0920,MID0008,SID0007,804,289,106.53,2025/11/11,2025/11/24,2025/11/24,0,289,1,0,0,0
OID0921,MID0011,SID0010,946,668,29.93,2025/11/11,2025/11/17,2025/11/22,5,668,1,0,0,0
OID0922,MID0021,SID0019,420,154,12,2025/11/11,2025/11/14,2025/11/19,1,154,1,0,0,0
OID0923,MID0015,SID0014,735,367,42.91,2025/11/12,2025/11/22,2025/11/19,0,367,0,0,1,45.06
OID0924,MID0016,SID0015,634,327,128.17,2025/11/12,2025/11/25,2025/11/21,0,327,1,0,1,179.44
OID0925,MID0003,SID0003,1155,802,62.12,2025/11/12,2025/11/24,2025/11/25,5,802,1,0,0,0
OID0926,MID0005,SID0005,833,653,35.8,2025/11/12,2025/11/17,2025/11/23,3,653,1,0,0,0
OID0927,MID0016,SID0015,622,436,128.17,2025/11/12,2025/11/21,2025/11/20,3,436,1,0,1,44.86
OID0928,MID0020,SID0018,532,193,86.26,2025/11/13,2025/11/26,2025/11/26,1,193,0,0,0,0
OID0929,MID0009,SID0001,1088,770,6.05,2025/11/13,2025/11/25,2025/11/27,0,770,1,0,0,0
OID0930,MID0003,SID0003,1286,547,62.12,2025/11/13,2025/11/22,2025/11/27,1,547,0,0,0,0
OID0931,MID0008,SID0007,854,662,106.53,2025/11/13,2025/11/23,2025/11/20,2,662,0,0,1,111.86
OID0932,MID0010,SID0009,1026,673,28.19,2025/11/14,2025/11/23,2025/11/24,2,673,1,0,0,0
OID0933,MID0012,SID0011,705,327,221.24,2025/11/14,2025/11/19,2025/11/23,1,327,1,0,0,0
OID0934,MID0008,SID0007,834,662,106.53,2025/11/14,2025/11/21,2025/11/22,0,662,1,0,0,0
OID0935,MID0012,SID0011,689,312,221.24,2025/11/14,2025/11/20,2025/11/24,0,312,1,0,0,0
OID0936,MID0008,SID0007,824,339,106.53,2025/11/15,2025/11/23,2025/11/29,3,339,0,0,0,0
OID0937,MID0010,SID0009,1036,591,28.19,2025/11/15,2025/11/23,2025/11/24,4,591,1,0,0,0
OID0938,MID0015,SID0014,656,240,42.91,2025/11/15,2025/11/23,2025/11/29,0,240,1,0,0,0
OID0939,MID0023,SID0021,312,113,312.55,2025/11/15,2025/11/27,2025/11/25,0,113,1,0,1,218.78
OID0940,MID0005,SID0005,914,612,35.8,2025/11/16,2025/11/26,2025/11/29,2,612,0,0,0,0
OID0941,MID0010,SID0009,1112,583,28.19,2025/11/16,2025/11/25,2025/11/30,5,583,1,0,0,0
OID0942,MID0011,SID0010,897,426,29.93,2025/11/16,2025/11/30,2025/11/30,0,426,1,0,0,0
OID0943,MID0023,SID0021,336,291,312.55,2025/11/16,2025/11/23,2025/11/27,1,291,1,0,0,0
OID0944,MID0025,SID0021,348,174,30.62,2025/11/17,2025/11/25,2025/11/30,19,0,1,1,0,0
OID0945,MID0020,SID0018,525,325,86.26,2025/11/17,2025/11/26,2025/11/28,12,325,1,0,0,0
OID0946,MID0008,SID0007,817,424,106.53,2025/11/17,2025/11/29,2025/12/01,0,424,1,0,0,0
OID0947,MID0016,SID0015,610,387,128.17,2025/11/17,2025/11/26,2025/12/01,2,387,1,0,0,0
OID0948,MID0023,SID0021,341,204,312.55,2025/11/18,2025/11/29,2025/12/01,0,204,1,0,0,0
OID0949,MID0003,SID0003,1262,536,62.12,2025/11/18,2025/12/01,2025/11/30,4,536,1,0,1,21.74
OID0950,MID0015,SID0014,711,504,42.91,2025/11/18,2025/11/26,2025/11/29,2,504,1,0,0,0
OID0951,MID0025,SID0021,316,114,30.62,2025/11/18,2025/11/29,2025/11/26,1,114,0,0,1,32.15
OID0952,MID0011,SID0010,1015,386,29.93,2025/11/19,2025/11/28,2025/11/27,1,386,1,0,1,10.48
OID0953,MID0015,SID0014,722,565,42.91,2025/11/19,2025/12/04,2025/11/30,4,565,1,0,1,60.07
OID0954,MID0005,SID0005,835,654,35.8,2025/11/19,2025/12/02,2025/11/30,5,654,1,0,1,25.06
OID0955,MID0012,SID0011,723,346,221.24,2025/11/19,2025/11/28,2025/11/29,0,346,0,0,0,0
OID0956,MID0011,SID0010,942,621,29.93,2025/11/20,2025/12/04,2025/12/03,3,621,1,0,1,10.48
OID0957,MID0015,SID0014,668,363,42.91,2025/11/20,2025/12/05,2025/12/02,1,363,1,0,1,45.06
OID0958,MID0003,SID0003,1104,869,62.12,2025/11/20,2025/11/27,2025/12/01,4,869,1,0,0,0
OID0959,MID0007,SID0006,899,390,15.11,2025/11/20,2025/12/01,2025/11/30,16,390,1,0,1,5.29
OID0960,MID0005,SID0005,891,665,35.8,2025/11/21,2025/11/25,2025/11/30,1,665,1,0,0,0
OID0961,MID0005,SID0005,807,334,35.8,2025/11/21,2025/11/30,2025/11/30,0,334,1,0,0,0
OID0962,MID0012,SID0011,766,301,221.24,2025/11/21,2025/12/02,2025/11/28,1,301,1,0,1,309.74
OID0963,MID0016,SID0015,651,493,128.17,2025/11/21,2025/11/28,2025/11/29,0,493,0,0,0,0
OID0964,MID0008,SID0007,941,464,106.53,2025/11/21,2025/11/26,2025/11/29,4,464,0,0,0,0
OID0965,MID0015,SID0014,731,395,42.91,2025/11/22,2025/12/07,2025/12/03,3,395,0,0,1,60.07
OID0966,MID0011,SID0010,959,606,29.93,2025/11/22,2025/12/03,2025/12/01,5,606,1,0,1,20.95
OID0967,MID0003,SID0003,1132,729,62.12,2025/11/22,2025/12/05,2025/12/01,0,729,1,0,1,86.97
OID0968,MID0016,SID0015,637,464,128.17,2025/11/22,2025/12/10,2025/12/06,10,464,1,0,1,179.44
OID0969,MID0003,SID0003,1259,875,62.12,2025/11/23,2025/12/07,2025/12/04,3,875,1,0,1,65.23
OID0970,MID0018,SID0017,631,442,4,2025/11/23,2025/12/04,2025/12/02,1,442,1,0,1,2.8
OID0971,MID0020,SID0018,516,410,86.26,2025/11/23,2025/12/01,2025/12/05,0,410,1,0,0,0
OID0972,MID0021,SID0019,378,343,12,2025/11/23,2025/11/30,2025/12/01,0,343,1,0,0,0
OID0973,MID0005,SID0005,852,472,35.8,2025/11/24,2025/12/03,2025/12/01,1,472,1,0,1,25.06
OID0974,MID0012,SID0011,767,344,221.24,2025/11/24,2025/11/26,2025/12/01,6,344,0,0,0,0
OID0975,MID0010,SID0009,1073,387,28.19,2025/11/24,2025/12/01,2025/12/05,0,387,1,0,0,0
OID0976,MID0012,SID0011,758,606,221.24,2025/11/24,2025/12/02,2025/12/06,1,606,1,0,0,0
OID0977,MID0005,SID0005,869,552,35.8,2025/11/25,2025/11/28,2025/12/02,3,552,0,0,0,0
OID0978,MID0010,SID0009,1132,885,28.19,2025/11/25,2025/12/05,2025/12/04,3,885,0,0,1,9.87
OID0979,MID0025,SID0021,317,293,30.62,2025/11/25,2025/12/11,2025/12/08,0,293,1,0,1,32.15
OID0980,MID0016,SID0015,666,486,128.17,2025/11/25,2025/12/06,2025/12/02,1,486,1,0,1,179.44
OID0981,MID0003,SID0003,1136,592,62.12,2025/11/26,2025/12/13,2025/12/09,0,592,1,0,1,86.97
OID0982,MID0011,SID0010,890,595,29.93,2025/11/26,2025/12/05,2025/12/03,1,595,1,0,1,20.95
OID0983,MID0011,SID0010,896,323,29.93,2025/11/26,2025/11/29,2025/12/04,0,323,1,0,0,0
OID0984,MID0020,SID0018,539,272,86.26,2025/11/26,2025/12/06,2025/12/07,0,272,1,0,0,0
OID0985,MID0015,SID0014,652,597,42.91,2025/11/27,2025/12/12,2025/12/08,4,597,1,0,1,60.07
OID0986,MID0011,SID0010,924,465,29.93,2025/11/27,2025/12/13,2025/12/10,1,465,1,0,1,31.43
OID0987,MID0023,SID0021,310,147,312.55,2025/11/27,2025/12/07,2025/12/09,0,147,1,0,0,0
OID0988,MID0010,SID0009,1093,545,28.19,2025/11/27,2025/12/09,2025/12/11,13,545,1,0,0,0
OID0989,MID0012,SID0011,757,514,221.24,2025/11/28,2025/12/02,2025/12/05,0,514,1,0,0,0
OID0990,MID0016,SID0015,622,385,128.17,2025/11/28,2025/12/12,2025/12/09,1,385,1,0,1,134.58
OID0991,MID0007,SID0006,977,543,15.11,2025/11/28,2025/12/09,2025/12/08,1,543,1,0,1,5.29
OID0992,MID0012,SID0011,759,544,221.24,2025/11/28,2025/12/09,2025/12/06,2,544,1,0,1,232.3
OID0993,MID0025,SID0021,339,247,30.62,2025/11/29,2025/12/07,2025/12/09,0,247,1,0,0,0
OID0994,MID0024,SID0020,515,284,4,2025/11/29,2025/12/10,2025/12/11,1,284,1,0,0,0
OID0995,MID0014,SID0013,891,733,6,2025/11/29,2025/12/15,2025/12/11,2,733,1,0,1,8.4
OID0996,MID0011,SID0010,924,583,29.93,2025/11/29,2025/12/12,2025/12/08,2,583,1,0,1,41.9
OID0997,MID0025,SID0021,345,191,30.62,2025/11/30,2025/12/09,2025/12/13,1,191,1,0,0,0
OID0998,MID0012,SID0011,711,472,221.24,2025/11/30,2025/12/06,2025/12/08,3,472,1,0,0,0
OID0999,MID0003,SID0003,1227,734,62.12,2025/11/30,2025/12/14,2025/12/14,5,734,1,0,0,0
OID1000,MID0023,SID0021,303,209,312.55,2025/11/30,2025/12/08,2025/12/14,0,209,0,0,0,0
OID1001,MID0010,SID0009,1097,947,28.19,2025/11/30,2025/12/15,2025/12/12,0,947,0,0,1,29.6
OID1002,MID0011,SID0010,938,640,29.93,2025/12/01,2025/12/18,2025/12/14,0,640,1,0,1,41.9
OID1003,MID0003,SID0003,1135,661,62.12,2025/12/01,2025/12/11,2025/12/11,5,661,1,0,0,0
OID1004,MID0003,SID0003,1187,683,62.12,2025/12/01,2025/12/09,2025/12/13,1,683,1,0,0,0
OID1005,MID0003,SID0003,1122,461,62.12,2025/12/01,2025/12/09,2025/12/08,2,461,0,0,1,21.74
OID1006,MID0023,SID0021,303,246,312.55,2025/12/02,2025/12/14,2025/12/15,1,246,1,0,0,0
OID1007,MID0023,SID0021,345,233,312.55,2025/12/02,2025/12/05,2025/12/11,0,233,1,0,0,0
OID1008,MID0020,SID0018,507,293,86.26,2025/12/02,2025/12/04,2025/12/09,1,293,1,0,0,0
OID1009,MID0003,SID0003,1114,566,62.12,2025/12/02,2025/12/11,2025/12/15,1,566,1,0,0,0
OID1010,MID0020,SID0018,527,394,86.26,2025/12/03,2025/12/07,2025/12/10,1,394,1,0,0,0
OID1011,MID0003,SID0003,1210,992,62.12,2025/12/03,2025/12/13,2025/12/13,5,992,1,0,0,0
OID1012,MID0005,SID0005,827,360,35.8,2025/12/03,2025/12/09,2025/12/13,2,360,1,0,0,0
OID1013,MID0012,SID0011,751,382,221.24,2025/12/03,2025/12/08,2025/12/12,0,382,0,0,0,0
OID1014,MID0005,SID0005,871,344,35.8,2025/12/04,2025/12/08,2025/12/12,3,344,1,0,0,0
OID1015,MID0015,SID0014,658,314,42.91,2025/12/04,2025/12/13,2025/12/11,1,314,0,0,1,30.04
OID1016,MID0019,SID0001,1017,578,6.13,2025/12/04,2025/12/16,2025/12/16,0,578,1,0,0,0
OID1017,MID0025,SID0021,340,254,30.62,2025/12/04,2025/12/12,2025/12/13,1,254,0,0,0,0
OID1018,MID0005,SID0005,834,292,35.8,2025/12/05,2025/12/13,2025/12/15,2,292,1,0,0,0
OID1019,MID0005,SID0005,892,514,35.8,2025/12/05,2025/12/20,2025/12/19,2,514,1,0,1,12.53
OID1020,MID0023,SID0021,344,174,312.55,2025/12/05,2025/12/17,2025/12/17,1,174,1,0,0,0
OID1021,MID0016,SID0015,667,321,128.17,2025/12/05,2025/12/15,2025/12/17,2,321,1,0,0,0
OID1022,MID0011,SID0010,1006,658,29.93,2025/12/06,2025/12/19,2025/12/20,2,658,1,0,0,0
OID1023,MID0005,SID0005,932,511,35.8,2025/12/06,2025/12/16,2025/12/20,3,511,1,0,0,0
OID1024,MID0016,SID0015,644,267,128.17,2025/12/06,2025/12/14,2025/12/19,8,267,1,0,0,0
OID1025,MID0012,SID0011,776,587,221.24,2025/12/06,2025/12/17,2025/12/20,3,587,1,0,0,0
OID1026,MID0022,SID0020,536,356,1,2025/12/07,2025/12/17,2025/12/21,3,356,1,0,0,0
OID1027,MID0005,SID0005,806,762,35.8,2025/12/07,2025/12/12,2025/12/17,6,762,0,0,0,0
OID1028,MID0001,SID0001,1046,713,239.42,2025/12/07,2025/12/08,2025/12/14,5,713,1,0,0,0
OID1029,MID0001,SID0001,1112,551,239.42,2025/12/07,2025/12/18,2025/12/21,4,551,1,0,0,0
OID1030,MID0025,SID0021,302,227,30.62,2025/12/08,2025/12/14,2025/12/19,0,227,1,0,0,0
OID1031,MID0022,SID0020,554,198,1,2025/12/08,2025/12/15,2025/12/21,0,198,0,0,0,0
OID1032,MID0025,SID0021,334,192,30.62,2025/12/08,2025/12/19,2025/12/22,0,192,1,0,0,0
OID1033,MID0010,SID0009,1125,828,28.19,2025/12/08,2025/12/19,2025/12/17,46,0,1,1,1,19.73
OID1034,MID0010,SID0009,1120,773,28.19,2025/12/09,2025/12/20,2025/12/16,1,773,1,0,1,39.47
OID1035,MID0001,SID0001,1145,449,239.42,2025/12/09,2025/12/16,2025/12/21,0,449,1,0,0,0
OID1036,MID0025,SID0021,332,189,30.62,2025/12/09,2025/12/18,2025/12/20,1,189,1,0,0,0
OID1037,MID0011,SID0010,907,401,29.93,2025/12/09,2025/12/20,2025/12/21,1,401,1,0,0,0
OID1038,MID0009,SID0001,1144,885,6.05,2025/12/10,2025/12/14,2025/12/17,4,885,1,0,0,0
OID1039,MID0003,SID0003,1279,658,62.12,2025/12/10,2025/12/27,2025/12/23,5,658,0,0,1,86.97
OID1040,MID0016,SID0015,675,421,128.17,2025/12/10,2025/12/16,2025/12/21,49,0,1,1,0,0
OID1041,MID0023,SID0021,314,202,312.55,2025/12/10,2025/12/19,2025/12/19,0,202,1,0,0,0
OID1042,MID0008,SID0007,930,392,106.53,2025/12/10,2025/12/22,2025/12/20,0,392,0,0,1,74.57
OID1043,MID0003,SID0003,1262,588,62.12,2025/12/11,2025/12/23,2025/12/21,5,588,0,0,1,43.48
OID1044,MID0012,SID0011,780,590,221.24,2025/12/11,2025/12/21,2025/12/23,22,590,1,0,0,0
OID1045,MID0016,SID0015,611,222,128.17,2025/12/11,2025/12/13,2025/12/18,1,222,1,0,0,0
OID1046,MID0008,SID0007,843,448,106.53,2025/12/11,2025/12/17,2025/12/20,4,448,1,0,0,0
OID1047,MID0001,SID0001,1039,675,239.42,2025/12/12,2025/12/22,2025/12/20,5,675,0,0,1,167.59
OID1048,MID0016,SID0015,615,348,128.17,2025/12/12,2025/12/21,2025/12/21,2,348,1,0,0,0
OID1049,MID0010,SID0009,1004,693,28.19,2025/12/12,2025/12/24,2025/12/23,6,693,1,0,1,9.87
OID1050,MID0010,SID0009,1159,456,28.19,2025/12/12,2025/12/18,2025/12/23,2,456,1,0,0,0
OID1051,MID0003,SID0003,1283,921,62.12,2025/12/13,2025/12/21,2025/12/21,8,921,0,0,0,0
OID1052,MID0010,SID0009,1074,576,28.19,2025/12/13,2025/12/23,2025/12/21,4,576,1,0,1,19.73
OID1053,MID0021,SID0019,414,222,12,2025/12/13,2025/12/20,2025/12/26,1,222,1,0,0,0
OID1054,MID0005,SID0005,926,614,35.8,2025/12/13,2025/12/27,2025/12/27,1,614,1,0,0,0
OID1055,MID0008,SID0007,888,613,106.53,2025/12/14,2025/12/22,2025/12/28,0,613,1,0,0,0
OID1056,MID0008,SID0007,889,629,106.53,2025/12/14,2025/12/25,2025/12/27,5,629,1,0,0,0
OID1057,MID0016,SID0015,616,464,128.17,2025/12/14,2025/12/29,2025/12/26,3,464,1,0,1,134.58
OID1058,MID0003,SID0003,1227,633,62.12,2025/12/14,2025/12/26,2025/12/27,4,633,0,0,0,0
OID1059,MID0023,SID0021,329,190,312.55,2025/12/15,2025/12/25,2025/12/28,1,190,1,0,0,0
OID1060,MID0019,SID0021,314,210,6.13,2025/12/15,2025/12/21,2025/12/27,0,210,1,0,0,0
OID1061,MID0023,SID0021,314,284,312.55,2025/12/15,2025/12/24,2025/12/26,2,284,1,0,0,0
OID1062,MID0003,SID0003,1216,832,62.12,2025/12/15,2025/12/21,2025/12/22,1,832,1,0,0,0
OID1063,MID0010,SID0009,1023,548,28.19,2025/12/16,2025/12/30,2025/12/27,4,548,0,0,1,29.6
OID1064,MID0003,SID0003,1235,1000,62.12,2025/12/16,2025/12/28,2025/12/25,50,1000,1,0,1,65.23
OID1065,MID0005,SID0005,926,601,35.8,2025/12/16,2025/12/27,2025/12/28,5,601,0,0,0,0
OID1066,MID0016,SID0015,655,339,128.17,2025/12/16,2025/12/25,2025/12/26,1,339,1,0,0,0
OID1067,MID0008,SID0007,921,515,106.53,2025/12/17,2025/12/31,2025/12/29,3,515,0,0,1,74.57
OID1068,MID0016,SID0015,600,418,128.17,2025/12/17,2026/01/01,2025/12/30,1,418,1,0,1,89.72
OID1069,MID0016,SID0015,650,388,128.17,2025/12/17,2025/12/26,2025/12/27,2,388,1,0,0,0
OID1070,MID0009,SID0001,1086,459,6.05,2025/12/17,2026/01/01,2025/12/28,3,459,0,0,1,8.47
OID1071,MID0016,SID0015,634,244,128.17,2025/12/18,2025/12/27,2025/12/25,2,244,1,0,1,89.72
OID1072,MID0020,SID0018,491,411,86.26,2025/12/18,2026/01/01,2026/01/01,3,411,1,0,0,0
OID1073,MID0020,SID0018,491,330,86.26,2025/12/18,2025/12/27,2025/12/25,2,330,1,0,1,60.38
OID1074,MID0008,SID0007,806,331,106.53,2025/12/18,2025/12/22,2025/12/26,1,331,1,0,0,0
OID1075,MID0003,SID0003,1190,748,62.12,2025/12/19,2026/01/01,2025/12/29,0,748,1,0,1,65.23
OID1076,MID0015,SID0014,716,299,42.91,2025/12/19,2025/12/24,2025/12/30,0,299,1,0,0,0
OID1077,MID0020,SID0018,547,225,86.26,2025/12/19,2025/12/29,2026/01/01,10,225,1,0,0,0
OID1078,MID0020,SID0018,513,264,86.26,2025/12/19,2026/01/01,2025/12/31,2,264,1,0,1,30.19
OID1079,MID0008,SID0007,896,525,106.53,2025/12/19,2026/01/03,2026/01/01,4,525,1,0,1,74.57
OID1080,MID0003,SID0003,1160,770,62.12,2025/12/20,2026/01/04,2026/01/03,0,770,1,0,1,21.74
OID1081,MID0012,SID0011,753,564,221.24,2025/12/20,2026/01/01,2026/01/01,2,564,1,0,0,0
OID1082,MID0003,SID0003,1147,648,62.12,2025/12/20,2025/12/29,2025/12/30,5,648,1,0,0,0
OID1083,MID0012,SID0011,740,399,221.24,2025/12/20,2025/12/30,2026/01/03,3,399,1,0,0,0
OID1084,MID0007,SID0006,853,364,15.11,2025/12/21,2026/01/03,2026/01/04,3,364,1,0,0,0
OID1085,MID0011,SID0010,915,359,29.93,2025/12/21,2026/01/02,2025/12/30,25,0,0,1,1,31.43
OID1086,MID0011,SID0010,940,546,29.93,2025/12/21,2026/01/02,2026/01/01,4,546,1,0,1,10.48
OID1087,MID0001,SID0001,1154,657,239.42,2025/12/21,2025/12/27,2025/12/31,3,657,1,0,0,0
OID1088,MID0005,SID0005,932,804,35.8,2025/12/22,2026/01/07,2026/01/04,0,804,1,0,1,37.59
OID1089,MID0016,SID0015,610,388,128.17,2025/12/22,2026/01/02,2025/12/29,3,388,1,0,1,179.44
OID1090,MID0003,SID0003,1252,747,62.12,2025/12/22,2025/12/27,2026/01/01,1,747,1,0,0,0
OID1091,MID0012,SID0011,725,625,221.24,2025/12/22,2025/12/31,2026/01/02,25,625,1,0,0,0
OID1092,MID0002,SID0002,1408,715,13,2025/12/23,2026/01/03,2026/01/04,2,715,1,0,0,0
OID1093,MID0010,SID0009,1113,565,28.19,2025/12/23,2026/01/02,2026/01/06,4,565,1,0,0,0
OID1094,MID0003,SID0003,1281,859,62.12,2025/12/23,2026/01/04,2026/01/02,6,859,1,0,1,43.48
OID1095,MID0001,SID0001,1089,782,239.42,2025/12/23,2026/01/02,2026/01/04,0,782,1,0,0,0
OID1096,MID0015,SID0014,710,300,42.91,2025/12/24,2026/01/03,2026/01/02,2,300,1,0,1,15.02
OID1097,MID0010,SID0009,1133,629,28.19,2025/12/24,2026/01/04,2026/01/01,4,629,1,0,1,29.6
OID1098,MID0016,SID0015,614,320,128.17,2025/12/24,2026/01/05,2026/01/07,11,320,1,0,0,0
OID1099,MID0010,SID0009,1077,589,28.19,2025/12/24,2026/01/08,2026/01/04,5,589,1,0,1,39.47
OID1100,MID0003,SID0003,1270,742,62.12,2025/12/25,2026/01/05,2026/01/02,3,742,1,0,1,65.23
OID1101,MID0020,SID0018,503,266,86.26,2025/12/25,2026/01/08,2026/01/04,21,0,0,1,1,120.76
OID1102,MID0008,SID0007,837,483,106.53,2025/12/25,2025/12/29,2026/01/01,2,483,0,0,0,0
OID1103,MID0015,SID0014,674,431,42.91,2025/12/25,2026/01/02,2026/01/06,34,0,1,1,0,0
OID1104,MID0020,SID0018,503,193,86.26,2025/12/26,2026/01/06,2026/01/07,0,193,1,0,0,0
OID1105,MID0007,SID0006,902,357,15.11,2025/12/26,2026/01/04,2026/01/06,2,357,0,0,0,0
OID1106,MID0012,SID0011,718,271,221.24,2025/12/26,2026/01/08,2026/01/08,2,271,1,0,0,0
OID1107,MID0020,SID0018,535,329,86.26,2025/12/26,2026/01/10,2026/01/06,2,329,0,0,1,120.76
OID1108,MID0025,SID0021,341,162,30.62,2025/12/27,2026/01/03,2026/01/06,1,162,0,0,0,0
OID1109,MID0003,SID0003,1289,968,62.12,2025/12/27,2026/01/02,2026/01/08,50,0,1,1,0,0
OID1110,MID0016,SID0015,641,339,128.17,2025/12/27,2026/01/02,2026/01/07,2,339,1,0,0,0
OID1111,MID0020,SID0018,490,196,86.26,2025/12/27,2026/01/06,2026/01/10,1,196,1,0,0,0
OID1112,MID0008,SID0007,831,489,106.53,2025/12/28,2025/12/31,2026/01/05,2,489,0,0,0,0
OID1113,MID0023,SID0021,328,185,312.55,2025/12/28,2026/01/07,2026/01/09,0,185,1,0,0,0
OID1114,MID0003,SID0003,1159,527,62.12,2025/12/28,2026/01/09,2026/01/09,25,527,1,0,0,0
OID1115,MID0003,SID0003,1281,456,62.12,2025/12/28,2026/01/08,2026/01/05,4,456,1,0,1,65.23
OID1116,MID0008,SID0007,856,356,106.53,2025/12/28,2026/01/05,2026/01/06,1,356,1,0,0,0
OID1117,MID0003,SID0003,1197,637,62.12,2025/12/29,2026/01/09,2026/01/11,4,637,1,0,0,0
OID1118,MID0015,SID0014,706,293,42.91,2025/12/29,2026/01/04,2026/01/07,1,293,1,0,0,0
OID1119,MID0008,SID0007,942,334,106.53,2025/12/29,2026/01/09,2026/01/10,6,334,1,0,0,0
OID1120,MID0009,SID0001,1167,698,6.05,2025/12/29,2026/01/09,2026/01/11,4,698,1,0,0,0
OID1121,MID0010,SID0009,1014,698,28.19,2025/12/30,2026/01/05,2026/01/06,6,698,0,0,0,0
OID1122,MID0012,SID0011,777,307,221.24,2025/12/30,2026/01/03,2026/01/08,0,307,0,0,0,0
OID1123,MID0008,SID0007,936,460,106.53,2025/12/30,2026/01/17,2026/01/13,16,460,1,0,1,149.14
OID1124,MID0008,SID0007,886,522,106.53,2025/12/30,2026/01/06,2026/01/09,12,522,1,0,0,0
OID1125,MID0003,SID0003,1215,711,62.12,2025/12/31,2026/01/05,2026/01/07,2,711,1,0,0,0
OID1126,MID0011,SID0010,1011,453,29.93,2025/12/31,2026/01/12,2026/01/12,0,453,1,0,0,0
OID1127,MID0003,SID0003,1152,495,62.12,2025/12/31,2026/01/05,2026/01/07,3,495,0,0,0,0
OID1128,MID0005,SID0005,893,687,35.8,2025/12/31,2026/01/03,2026/01/07,1,687,1,0,0,0
OID1129,MID0010,SID0009,1050,593,28.19,2026/01/01,2026/01/11,2026/01/12,1,593,1,0,0,0
OID1130,MID0004,SID0004,1423,607,2,2026/01/01,2026/01/15,2026/01/12,0,607,1,0,1,2.1
OID1131,MID0003,SID0003,1200,989,62.12,2026/01/01,2026/01/18,2026/01/15,2,989,0,0,1,65.23
OID1132,MID0007,SID0006,953,414,15.11,2026/01/01,2026/01/08,2026/01/09,1,414,1,0,0,0
OID1133,MID0016,SID0015,607,227,128.17,2026/01/02,2026/01/17,2026/01/14,0,227,1,0,1,134.58
OID1134,MID0005,SID0005,814,339,35.8,2026/01/02,2026/01/13,2026/01/15,0,339,1,0,0,0
OID1135,MID0014,SID0013,876,364,6,2026/01/02,2026/01/19,2026/01/15,1,364,1,0,1,8.4
OID1136,MID0003,SID0003,1199,987,62.12,2026/01/02,2026/01/10,2026/01/11,3,987,1,0,0,0
OID1137,MID0007,SID0006,948,552,15.11,2026/01/03,2026/01/17,2026/01/13,1,552,1,0,1,21.15
OID1138,MID0010,SID0009,1069,677,28.19,2026/01/03,2026/01/13,2026/01/14,6,677,0,0,0,0
OID1139,MID0012,SID0011,775,303,221.24,2026/01/03,2026/01/12,2026/01/14,1,303,0,0,0,0
OID1140,MID0025,SID0021,334,164,30.62,2026/01/03,2026/01/11,2026/01/12,3,164,1,0,0,0
OID1141,MID0003,SID0003,1259,669,62.12,2026/01/04,2026/01/15,2026/01/15,2,669,1,0,0,0
OID1142,MID0010,SID0009,1138,461,28.19,2026/01/04,2026/01/08,2026/01/13,0,461,1,0,0,0
OID1143,MID0023,SID0021,344,279,312.55,2026/01/04,2026/01/13,2026/01/17,2,279,1,0,0,0
OID1144,MID0005,SID0005,827,549,35.8,2026/01/04,2026/01/13,2026/01/15,1,549,1,0,0,0
OID1145,MID0011,SID0010,971,345,29.93,2026/01/05,2026/01/16,2026/01/14,0,345,1,0,1,20.95
OID1146,MID0016,SID0015,598,260,128.17,2026/01/05,2026/01/23,2026/01/19,2,260,1,0,1,179.44
OID1147,MID0003,SID0003,1265,956,62.12,2026/01/05,2026/01/10,2026/01/16,7,956,1,0,0,0
OID1148,MID0005,SID0005,870,395,35.8,2026/01/05,2026/01/18,2026/01/16,2,395,1,0,1,25.06
OID1149,MID0008,SID0007,887,610,106.53,2026/01/06,2026/01/17,2026/01/17,0,610,1,0,0,0
OID1150,MID0008,SID0007,841,457,106.53,2026/01/06,2026/01/20,2026/01/16,4,457,1,0,1,149.14
OID1151,MID0018,SID0017,564,258,4,2026/01/06,2026/01/15,2026/01/18,2,258,1,0,0,0
OID1152,MID0003,SID0003,1148,847,62.12,2026/01/06,2026/01/19,2026/01/15,7,847,1,0,1,86.97
OID1153,MID0016,SID0015,601,349,128.17,2026/01/07,2026/01/15,2026/01/17,0,349,1,0,0,0
OID1154,MID0001,SID0001,1093,445,239.42,2026/01/07,2026/01/18,2026/01/20,17,445,1,0,0,0
OID1155,MID0010,SID0009,1123,468,28.19,2026/01/07,2026/01/12,2026/01/17,4,468,1,0,0,0
OID1156,MID0010,SID0009,1099,614,28.19,2026/01/07,2026/01/14,2026/01/19,5,614,1,0,0,0
OID1157,MID0001,SID0001,1034,605,239.42,2026/01/07,2026/01/08,2026/01/14,13,605,1,0,0,0
OID1158,MID0001,SID0001,1142,400,239.42,2026/01/08,2026/01/15,2026/01/18,3,400,1,0,0,0
OID1159,MID0010,SID0009,995,672,28.19,2026/01/08,2026/01/23,2026/01/20,2,672,1,0,1,29.6
OID1160,MID0002,SID0002,1346,680,13,2026/01/08,2026/01/11,2026/01/15,3,680,1,0,0,0
OID1161,MID0023,SID0021,318,158,312.55,2026/01/08,2026/01/10,2026/01/16,0,158,0,0,0,0
OID1162,MID0008,SID0007,910,379,106.53,2026/01/09,2026/01/20,2026/01/20,1,379,1,0,0,0
OID1163,MID0005,SID0005,819,617,35.8,2026/01/09,2026/01/18,2026/01/23,0,617,0,0,0,0
OID1164,MID0012,SID0011,797,637,221.24,2026/01/09,2026/01/20,2026/01/20,3,637,0,0,0,0
OID1165,MID0005,SID0005,836,296,35.8,2026/01/09,2026/01/16,2026/01/19,0,296,1,0,0,0
OID1166,MID0003,SID0003,1192,537,62.12,2026/01/10,2026/01/19,2026/01/19,0,537,0,0,0,0
OID1167,MID0012,SID0011,693,526,221.24,2026/01/10,2026/01/13,2026/01/18,4,526,0,0,0,0
OID1168,MID0025,SID0021,304,125,30.62,2026/01/10,2026/01/26,2026/01/23,0,125,1,0,1,32.15
OID1169,MID0015,SID0014,684,291,42.91,2026/01/10,2026/01/16,2026/01/22,0,291,1,0,0,0
OID1170,MID0003,SID0003,1230,456,62.12,2026/01/11,2026/01/20,2026/01/20,4,456,1,0,0,0
OID1171,MID0025,SID0021,329,146,30.62,2026/01/11,2026/01/12,2026/01/18,1,146,1,0,0,0
OID1172,MID0023,SID0021,353,219,312.55,2026/01/11,2026/01/23,2026/01/25,1,219,1,0,0,0
OID1173,MID0005,SID0005,903,693,35.8,2026/01/11,2026/01/29,2026/01/25,0,693,1,0,1,50.12
OID1174,MID0015,SID0014,712,306,42.91,2026/01/12,2026/01/27,2026/01/24,2,306,0,0,1,45.06
OID1175,MID0003,SID0003,1241,465,62.12,2026/01/12,2026/01/17,2026/01/23,0,465,1,0,0,0
OID1176,MID0024,SID0020,564,207,4,2026/01/12,2026/01/27,2026/01/24,1,207,1,0,1,4.2
OID1177,MID0003,SID0003,1118,653,62.12,2026/01/12,2026/01/16,2026/01/19,12,653,0,0,0,0
OID1178,MID0005,SID0005,874,361,35.8,2026/01/13,2026/01/23,2026/01/22,1,361,0,0,1,12.53
OID1179,MID0003,SID0003,1239,699,62.12,2026/01/13,2026/01/19,2026/01/25,6,699,1,0,0,0
OID1180,MID0003,SID0003,1224,772,62.12,2026/01/13,2026/01/23,2026/01/26,2,772,1,0,0,0
OID1181,MID0010,SID0009,1098,431,28.19,2026/01/13,2026/01/26,2026/01/25,0,431,1,0,1,9.87
OID1182,MID0011,SID0010,916,467,29.93,2026/01/14,2026/01/24,2026/01/25,4,467,1,0,0,0
OID1183,MID0004,SID0004,1500,608,2,2026/01/14,2026/01/26,2026/01/22,3,608,1,0,1,2.8
OID1184,MID0023,SID0021,305,160,312.55,2026/01/14,2026/01/22,2026/01/22,1,160,1,0,0,0
OID1185,MID0008,SID0007,816,717,106.53,2026/01/14,2026/01/29,2026/01/26,1,717,1,0,1,111.86
OID1186,MID0025,SID0021,348,162,30.62,2026/01/15,2026/01/27,2026/01/29,1,162,1,0,0,0
OID1187,MID0005,SID0005,840,478,35.8,2026/01/15,2026/01/28,2026/01/27,0,478,0,0,1,12.53
OID1188,MID0003,SID0003,1188,739,62.12,2026/01/15,2026/01/26,2026/01/22,2,739,1,0,1,86.97
OID1189,MID0020,SID0018,487,200,86.26,2026/01/15,2026/02/01,2026/01/28,1,200,0,0,1,120.76
OID1190,MID0001,SID0001,1093,587,239.42,2026/01/16,2026/01/21,2026/01/27,39,0,0,1,0,0
OID1191,MID0008,SID0007,860,422,106.53,2026/01/16,2026/01/23,2026/01/26,2,422,1,0,0,0
OID1192,MID0025,SID0021,342,197,30.62,2026/01/16,2026/01/27,2026/01/23,1,197,1,0,1,42.87
OID1193,MID0001,SID0001,1091,858,239.42,2026/01/16,2026/01/26,2026/01/23,45,0,1,1,1,251.39
OID1194,MID0015,SID0014,727,515,42.91,2026/01/16,2026/01/29,2026/01/28,6,515,1,0,1,15.02
OID1195,MID0015,SID0014,740,387,42.91,2026/01/17,2026/02/02,2026/01/29,3,387,1,0,1,60.07
OID1196,MID0010,SID0009,1088,452,28.19,2026/01/17,2026/01/29,2026/01/27,2,452,1,0,1,19.73
OID1197,MID0019,SID0021,315,147,6.13,2026/01/17,2026/01/24,2026/01/25,1,147,0,0,0,0
OID1198,MID0003,SID0003,1224,965,62.12,2026/01/17,2026/02/02,2026/01/29,8,965,1,0,1,86.97
OID1199,MID0003,SID0003,1247,510,62.12,2026/01/18,2026/01/29,2026/01/27,21,510,0,0,1,43.48
OID1200,MID0005,SID0005,904,329,35.8,2026/01/18,2026/01/28,2026/01/30,0,329,1,0,0,0
OID1201,MID0021,SID0019,425,260,12,2026/01/18,2026/01/28,2026/01/30,0,260,1,0,0,0
OID1202,MID0023,SID0021,311,239,312.55,2026/01/18,2026/01/29,2026/01/27,1,239,1,0,1,218.78
OID1203,MID0010,SID0009,1002,495,28.19,2026/01/19,2026/01/30,2026/01/30,1,495,1,0,0,0
OID1204,MID0008,SID0007,871,455,106.53,2026/01/19,2026/02/02,2026/01/30,7,455,0,0,1,111.86
OID1205,MID0016,SID0015,587,299,128.17,2026/01/19,2026/02/02,2026/02/01,12,299,1,0,1,44.86
OID1206,MID0008,SID0007,834,635,106.53,2026/01/19,2026/01/27,2026/01/31,2,635,1,0,0,0
OID1207,MID0019,SID0021,349,262,6.13,2026/01/20,2026/01/22,2026/01/27,18,0,0,1,0,0
OID1208,MID0003,SID0003,1281,514,62.12,2026/01/20,2026/01/26,2026/02/01,3,514,1,0,0,0
OID1209,MID0011,SID0010,957,666,29.93,2026/01/20,2026/01/28,2026/01/30,1,666,1,0,0,0
OID1210,MID0012,SID0011,691,243,221.24,2026/01/20,2026/01/31,2026/02/01,24,0,1,1,0,0
OID1211,MID0023,SID0021,329,211,312.55,2026/01/21,2026/01/27,2026/01/31,4,211,1,0,0,0
OID1212,MID0012,SID0011,707,513,221.24,2026/01/21,2026/02/07,2026/02/04,31,0,1,1,1,232.3
OID1213,MID0015,SID0014,684,547,42.91,2026/01/21,2026/01/23,2026/01/28,3,547,1,0,0,0
OID1214,MID0020,SID0018,548,328,86.26,2026/01/21,2026/02/08,2026/02/04,2,328,1,0,1,120.76
OID1215,MID0001,SID0001,1161,583,239.42,2026/01/22,2026/02/06,2026/02/02,5,583,1,0,1,335.19
OID1216,MID0008,SID0007,842,387,106.53,2026/01/22,2026/02/01,2026/02/02,35,0,1,1,0,0
OID1217,MID0012,SID0011,709,309,221.24,2026/01/22,2026/02/04,2026/02/04,2,309,0,0,0,0
OID1218,MID0016,SID0015,617,430,128.17,2026/01/22,2026/01/30,2026/02/05,0,430,1,0,0,0
OID1219,MID0015,SID0014,720,335,42.91,2026/01/23,2026/01/28,2026/02/02,3,335,1,0,0,0
OID1220,MID0011,SID0010,916,636,29.93,2026/01/23,2026/01/31,2026/02/02,0,636,1,0,0,0
OID1221,MID0005,SID0005,914,754,35.8,2026/01/23,2026/02/03,2026/02/02,3,754,1,0,1,12.53
OID1222,MID0020,SID0018,508,355,86.26,2026/01/23,2026/02/07,2026/02/03,3,355,1,0,1,120.76
OID1223,MID0025,SID0021,302,195,30.62,2026/01/24,2026/02/07,2026/02/03,1,195,1,0,1,42.87
OID1224,MID0005,SID0005,928,524,35.8,2026/01/24,2026/02/09,2026/02/07,2,524,1,0,1,25.06
OID1225,MID0012,SID0011,740,435,221.24,2026/01/24,2026/02/04,2026/02/04,1,435,1,0,0,0
OID1226,MID0019,SID0021,342,227,6.13,2026/01/24,2026/02/06,2026/02/06,0,227,1,0,0,0
OID1227,MID0016,SID0015,658,298,128.17,2026/01/25,2026/02/02,2026/02/03,0,298,1,0,0,0
OID1228,MID0011,SID0010,1013,511,29.93,2026/01/25,2026/01/31,2026/02/01,20,511,1,0,0,0
OID1229,MID0012,SID0011,765,574,221.24,2026/01/25,2026/02/03,2026/02/01,1,574,1,0,1,154.87
OID1230,MID0025,SID0021,352,277,30.62,2026/01/25,2026/01/26,2026/02/01,0,277,1,0,0,0
OID1231,MID0012,SID0011,770,374,221.24,2026/01/25,2026/01/28,2026/02/03,2,374,1,0,0,0
OID1232,MID0010,SID0009,1003,443,28.19,2026/01/26,2026/02/08,2026/02/04,3,443,1,0,1,39.47
OID1233,MID0004,SID0004,1404,906,2,2026/01/26,2026/01/31,2026/02/04,2,906,0,0,0,0
OID1234,MID0020,SID0018,477,354,86.26,2026/01/26,2026/01/29,2026/02/03,0,354,0,0,0,0
OID1235,MID0016,SID0015,587,276,128.17,2026/01/26,2026/02/02,2026/02/07,2,276,1,0,0,0
OID1236,MID0004,SID0004,1363,899,2,2026/01/27,2026/01/28,2026/02/03,0,899,0,0,0,0
OID1237,MID0003,SID0003,1168,768,62.12,2026/01/27,2026/02/13,2026/02/09,0,768,1,0,1,86.97
OID1238,MID0009,SID0001,1078,969,6.05,2026/01/27,2026/02/05,2026/02/03,7,969,1,0,1,4.23
OID1239,MID0009,SID0001,1013,673,6.05,2026/01/27,2026/02/03,2026/02/07,3,673,1,0,0,0
OID1240,MID0003,SID0003,1166,731,62.12,2026/01/28,2026/02/06,2026/02/08,0,731,1,0,0,0
OID1241,MID0011,SID0010,991,407,29.93,2026/01/28,2026/02/08,2026/02/06,1,407,0,0,1,20.95
OID1242,MID0022,SID0020,575,274,1,2026/01/28,2026/02/12,2026/02/11,1,274,1,0,1,0.35
OID1243,MID0003,SID0003,1269,592,62.12,2026/01/28,2026/02/05,2026/02/11,5,592,0,0,0,0
OID1244,MID0023,SID0021,309,190,312.55,2026/01/29,2026/02/05,2026/02/09,2,190,1,0,0,0
OID1245,MID0001,SID0001,1100,862,239.42,2026/01/29,2026/02/10,2026/02/11,3,862,1,0,0,0
OID1246,MID0025,SID0021,309,142,30.62,2026/01/29,2026/02/11,2026/02/12,1,142,1,0,0,0
OID1247,MID0008,SID0007,865,487,106.53,2026/01/29,2026/02/07,2026/02/09,2,487,0,0,0,0
OID1248,MID0023,SID0021,319,229,312.55,2026/01/30,2026/02/09,2026/02/10,1,229,1,0,0,0
OID1249,MID0023,SID0021,316,121,312.55,2026/01/30,2026/02/12,2026/02/13,1,121,1,0,0,0
OID1250,MID0010,SID0009,999,397,28.19,2026/01/30,2026/02/09,2026/02/08,1,397,1,0,1,9.87
OID1251,MID0019,SID0021,309,157,6.13,2026/01/30,2026/02/11,2026/02/07,4,157,1,0,1,8.58
OID1252,MID0010,SID0009,1057,479,28.19,2026/01/31,2026/02/13,2026/02/09,2,479,1,0,1,39.47
OID1253,MID0005,SID0005,860,371,35.8,2026/01/31,2026/02/07,2026/02/08,3,371,1,0,0,0
OID1254,MID0025,SID0021,315,124,30.62,2026/01/31,2026/02/09,2026/02/07,0,124,0,0,1,21.43
OID1255,MID0010,SID0009,1039,516,28.19,2026/01/31,2026/02/12,2026/02/08,0,516,1,0,1,39.47
OID1256,MID0020,SID0018,498,187,86.26,2026/02/01,2026/02/07,2026/02/08,0,187,0,0,0,0
OID1257,MID0016,SID0015,653,274,128.17,2026/02/01,2026/02/05,2026/02/08,9,274,0,0,0,0
OID1258,MID0025,SID0021,338,155,30.62,2026/02/01,2026/02/12,2026/02/14,1,155,1,0,0,0
OID1259,MID0003,SID0003,1116,461,62.12,2026/02/01,2026/02/12,2026/02/09,2,461,1,0,1,65.23
OID1260,MID0023,SID0021,317,232,312.55,2026/02/02,2026/02/14,2026/02/14,23,0,1,1,0,0
OID1261,MID0025,SID0021,315,145,30.62,2026/02/02,2026/02/15,2026/02/14,3,145,1,0,1,10.72
OID1262,MID0010,SID0009,1133,809,28.19,2026/02/02,2026/02/10,2026/02/14,0,809,1,0,0,0
OID1263,MID0016,SID0015,637,248,128.17,2026/02/02,2026/02/09,2026/02/13,0,248,0,0,0,0
OID1264,MID0011,SID0010,935,546,29.93,2026/02/03,2026/02/13,2026/02/15,4,546,1,0,0,0
OID1265,MID0012,SID0011,797,588,221.24,2026/02/03,2026/02/14,2026/02/14,2,588,1,0,0,0
OID1266,MID0025,SID0021,320,241,30.62,2026/02/03,2026/02/15,2026/02/11,2,241,1,0,1,42.87
OID1267,MID0008,SID0007,833,549,106.53,2026/02/03,2026/02/11,2026/02/17,2,549,1,0,0,0
OID1268,MID0001,SID0001,1087,537,239.42,2026/02/04,2026/02/12,2026/02/14,0,537,1,0,0,0
OID1269,MID0020,SID0018,509,246,86.26,2026/02/04,2026/02/10,2026/02/13,0,246,1,0,0,0
OID1270,MID0025,SID0021,305,147,30.62,2026/02/04,2026/02/11,2026/02/11,1,147,1,0,0,0
OID1271,MID0010,SID0009,999,611,28.19,2026/02/04,2026/02/10,2026/02/13,2,611,1,0,0,0
OID1272,MID0005,SID0005,882,605,35.8,2026/02/04,2026/02/13,2026/02/17,5,605,1,0,0,0
OID1273,MID0005,SID0005,927,721,35.8,2026/02/05,2026/02/15,2026/02/14,3,721,0,0,1,12.53
OID1274,MID0023,SID0021,317,123,312.55,2026/02/05,2026/02/11,2026/02/17,1,123,1,0,0,0
OID1275,MID0007,SID0006,882,317,15.11,2026/02/05,2026/02/06,2026/02/12,0,317,0,0,0,0
OID1276,MID0025,SID0021,310,149,30.62,2026/02/05,2026/02/09,2026/02/13,0,149,1,0,0,0
OID1277,MID0011,SID0010,918,651,29.93,2026/02/06,2026/02/22,2026/02/19,3,651,1,0,1,31.43
OID1278,MID0016,SID0015,660,257,128.17,2026/02/06,2026/02/21,2026/02/19,0,257,1,0,1,89.72
OID1279,MID0015,SID0014,690,310,42.91,2026/02/06,2026/02/15,2026/02/14,14,310,1,0,1,15.02
OID1280,MID0012,SID0011,695,473,221.24,2026/02/06,2026/02/14,2026/02/19,2,473,1,0,0,0
OID1281,MID0008,SID0007,936,500,106.53,2026/02/07,2026/02/18,2026/02/14,2,500,1,0,1,149.14
OID1282,MID0005,SID0005,911,843,35.8,2026/02/07,2026/02/12,2026/02/16,5,843,1,0,0,0
OID1283,MID0020,SID0018,500,318,86.26,2026/02/07,2026/02/19,2026/02/15,1,318,1,0,1,120.76
OID1284,MID0010,SID0009,1083,505,28.19,2026/02/07,2026/02/14,2026/02/16,4,505,1,0,0,0
OID1285,MID0019,SID0021,352,184,6.13,2026/02/08,2026/02/19,2026/02/16,1,184,1,0,1,6.44
OID1286,MID0008,SID0007,861,565,106.53,2026/02/08,2026/02/19,2026/02/22,2,565,1,0,0,0
OID1287,MID0011,SID0010,1004,485,29.93,2026/02/08,2026/02/23,2026/02/20,1,485,0,0,1,31.43
OID1288,MID0003,SID0003,1123,961,62.12,2026/02/08,2026/02/20,2026/02/18,5,961,1,0,1,43.48
OID1289,MID0011,SID0010,885,768,29.93,2026/02/09,2026/02/12,2026/02/16,6,768,1,0,0,0
OID1290,MID0008,SID0007,922,731,106.53,2026/02/09,2026/02/19,2026/02/22,6,731,1,0,0,0
OID1291,MID0010,SID0009,1099,492,28.19,2026/02/09,2026/02/21,2026/02/17,4,492,1,0,1,39.47
OID1292,MID0025,SID0021,353,145,30.62,2026/02/09,2026/02/17,2026/02/19,0,145,1,0,0,0
OID1293,MID0025,SID0021,309,210,30.62,2026/02/10,2026/02/22,2026/02/22,1,210,1,0,0,0
OID1294,MID0012,SID0011,706,639,221.24,2026/02/10,2026/02/18,2026/02/19,16,639,1,0,0,0
OID1295,MID0003,SID0003,1265,1000,62.12,2026/02/10,2026/02/21,2026/02/24,1,1000,1,0,0,0
OID1296,MID0005,SID0005,872,362,35.8,2026/02/10,2026/02/22,2026/02/24,2,362,1,0,0,0
OID1297,MID0023,SID0021,323,277,312.55,2026/02/11,2026/02/14,2026/02/20,2,277,1,0,0,0
OID1298,MID0010,SID0009,1023,431,28.19,2026/02/11,2026/02/19,2026/02/24,1,431,1,0,0,0
OID1299,MID0023,SID0021,305,228,312.55,2026/02/11,2026/02/22,2026/02/22,1,228,1,0,0,0
OID1300,MID0025,SID0021,343,224,30.62,2026/02/11,2026/02/22,2026/02/24,2,224,1,0,0,0
OID1301,MID0001,SID0001,1163,989,239.42,2026/02/12,2026/03/01,2026/02/25,7,989,1,0,1,335.19
OID1302,MID0003,SID0003,1150,856,62.12,2026/02/12,2026/02/18,2026/02/19,1,856,1,0,0,0
OID1303,MID0008,SID0007,925,345,106.53,2026/02/12,2026/02/20,2026/02/20,1,345,0,0,0,0
OID1304,MID0005,SID0005,824,494,35.8,2026/02/12,2026/02/13,2026/02/19,32,0,1,1,0,0
OID1305,MID0012,SID0011,722,564,221.24,2026/02/13,2026/02/24,2026/02/26,5,564,1,0,0,0
OID1306,MID0016,SID0015,635,274,128.17,2026/02/13,2026/02/20,2026/02/25,2,274,1,0,0,0
OID1307,MID0003,SID0003,1286,1000,62.12,2026/02/13,2026/02/24,2026/02/26,1,1000,1,0,0,0
OID1308,MID0025,SID0021,309,225,30.62,2026/02/13,2026/02/18,2026/02/24,4,225,1,0,0,0
OID1309,MID0011,SID0010,926,516,29.93,2026/02/13,2026/02/19,2026/02/22,3,516,1,0,0,0
OID1310,MID0012,SID0011,767,434,221.24,2026/02/14,2026/02/25,2026/02/23,3,434,1,0,1,154.87
OID1311,MID0008,SID0007,868,443,106.53,2026/02/14,2026/02/24,2026/02/21,14,443,0,0,1,111.86
OID1312,MID0016,SID0015,660,282,128.17,2026/02/14,2026/03/04,2026/02/28,2,282,1,0,1,179.44
OID1313,MID0010,SID0009,1100,412,28.19,2026/02/14,2026/02/26,2026/02/24,2,412,0,0,1,19.73
OID1314,MID0007,SID0006,968,615,15.11,2026/02/15,2026/02/20,2026/02/24,1,615,1,0,0,0
OID1315,MID0005,SID0005,914,816,35.8,2026/02/15,2026/02/22,2026/02/22,6,816,0,0,0,0
OID1316,MID0012,SID0011,747,429,221.24,2026/02/15,2026/03/03,2026/02/27,0,429,1,0,1,309.74
OID1317,MID0005,SID0005,915,465,35.8,2026/02/15,2026/02/17,2026/02/22,1,465,1,0,0,0
OID1318,MID0008,SID0007,822,597,106.53,2026/02/16,2026/03/01,2026/02/28,0,597,0,0,1,37.29
OID1319,MID0003,SID0003,1145,683,62.12,2026/02/16,2026/02/28,2026/02/25,48,0,0,1,1,65.23
OID1320,MID0025,SID0021,302,173,30.62,2026/02/16,2026/02/25,2026/02/28,0,173,1,0,0,0
OID1321,MID0025,SID0021,314,257,30.62,2026/02/16,2026/02/25,2026/02/27,19,0,0,1,0,0
OID1322,MID0011,SID0010,915,403,29.93,2026/02/17,2026/02/23,2026/02/24,1,403,1,0,0,0
OID1323,MID0010,SID0009,1104,563,28.19,2026/02/17,2026/02/22,2026/02/27,0,563,1,0,0,0
OID1324,MID0023,SID0021,318,195,312.55,2026/02/17,2026/03/07,2026/03/03,0,195,0,0,1,437.57
OID1325,MID0008,SID0007,931,622,106.53,2026/02/17,2026/03/05,2026/03/02,5,622,1,0,1,111.86
OID1326,MID0011,SID0010,1025,677,29.93,2026/02/18,2026/03/02,2026/02/27,4,677,1,0,1,31.43
OID1327,MID0012,SID0011,733,658,221.24,2026/02/18,2026/03/03,2026/02/28,3,658,1,0,1,232.3
OID1328,MID0003,SID0003,1102,710,62.12,2026/02/18,2026/02/20,2026/02/26,6,710,0,0,0,0
OID1329,MID0008,SID0007,862,401,106.53,2026/02/18,2026/03/04,2026/02/28,1,401,1,0,1,149.14
OID1330,MID0016,SID0015,657,454,128.17,2026/02/19,2026/03/04,2026/03/02,1,454,1,0,1,89.72
OID1331,MID0012,SID0011,784,302,221.24,2026/02/19,2026/02/27,2026/02/28,1,302,1,0,0,0
OID1332,MID0003,SID0003,1255,884,62.12,2026/02/19,2026/03/03,2026/02/28,0,884,1,0,1,65.23
OID1333,MID0001,SID0001,1119,409,239.42,2026/02/19,2026/03/02,2026/02/26,33,0,1,1,1,335.19
OID1334,MID0011,SID0010,919,763,29.93,2026/02/20,2026/02/26,2026/02/28,6,763,1,0,0,0
OID1335,MID0010,SID0009,1073,431,28.19,2026/02/20,2026/03/06,2026/03/02,2,431,1,0,1,39.47
OID1336,MID0005,SID0005,903,707,35.8,2026/02/20,2026/03/04,2026/02/28,3,707,1,0,1,50.12
OID1337,MID0023,SID0021,328,268,312.55,2026/02/20,2026/02/23,2026/02/27,1,268,1,0,0,0
OID1338,MID0008,SID0007,808,579,106.53,2026/02/21,2026/03/05,2026/03/06,1,579,0,0,0,0
OID1339,MID0023,SID0021,351,192,312.55,2026/02/21,2026/03/09,2026/03/07,1,192,1,0,1,218.78
OID1340,MID0023,SID0021,344,211,312.55,2026/02/21,2026/03/04,2026/03/02,1,211,1,0,1,218.78
OID1341,MID0016,SID0015,607,409,128.17,2026/02/21,2026/03/03,2026/03/02,3,409,1,0,1,44.86
OID1342,MID0015,SID0014,707,458,42.91,2026/02/22,2026/02/28,2026/03/03,0,458,1,0,0,0
OID1343,MID0005,SID0005,846,740,35.8,2026/02/22,2026/03/01,2026/03/06,5,740,1,0,0,0
OID1344,MID0015,SID0014,639,438,42.91,2026/02/22,2026/03/01,2026/03/07,19,438,1,0,0,0
OID1345,MID0001,SID0001,1153,498,239.42,2026/02/22,2026/03/04,2026/03/01,2,498,1,0,1,251.39
OID1346,MID0012,SID0011,753,379,221.24,2026/02/23,2026/02/28,2026/03/04,1,379,0,0,0,0
OID1347,MID0005,SID0005,928,736,35.8,2026/02/23,2026/03/02,2026/03/03,4,736,1,0,0,0
OID1348,MID0020,SID0018,529,329,86.26,2026/02/23,2026/03/03,2026/03/08,0,329,1,0,0,0
OID1349,MID0016,SID0015,577,297,128.17,2026/02/23,2026/02/27,2026/03/02,2,297,1,0,0,0
OID1350,MID0005,SID0005,842,692,35.8,2026/02/23,2026/03/12,2026/03/08,1,692,0,0,1,50.12
OID1351,MID0005,SID0005,879,420,35.8,2026/02/24,2026/03/01,2026/03/04,2,420,1,0,0,0
OID1352,MID0012,SID0011,719,293,221.24,2026/02/24,2026/03/11,2026/03/10,2,293,1,0,1,77.43
OID1353,MID0025,SID0021,310,247,30.62,2026/02/24,2026/03/03,2026/03/05,2,247,1,0,0,0
OID1354,MID0020,SID0018,491,366,86.26,2026/02/24,2026/03/07,2026/03/03,3,366,1,0,1,120.76
OID1355,MID0015,SID0014,693,325,42.91,2026/02/25,2026/03/09,2026/03/09,0,325,1,0,0,0
OID1356,MID0023,SID0021,304,139,312.55,2026/02/25,2026/03/03,2026/03/07,1,139,1,0,0,0
OID1357,MID0005,SID0005,859,354,35.8,2026/02/25,2026/02/27,2026/03/05,0,354,1,0,0,0
OID1358,MID0020,SID0018,483,374,86.26,2026/02/25,2026/03/07,2026/03/10,3,374,1,0,0,0
OID1359,MID0018,SID0017,594,364,4,2026/02/26,2026/02/28,2026/03/05,0,364,1,0,0,0
OID1360,MID0015,SID0014,655,366,42.91,2026/02/26,2026/03/06,2026/03/06,1,366,1,0,0,0
OID1361,MID0023,SID0021,307,146,312.55,2026/02/26,2026/03/06,2026/03/12,0,146,1,0,0,0
OID1362,MID0010,SID0009,1047,809,28.19,2026/02/26,2026/03/11,2026/03/10,0,809,1,0,1,9.87
OID1363,MID0003,SID0003,1143,405,62.12,2026/02/27,2026/03/07,2026/03/13,1,405,0,0,0,0
OID1364,MID0003,SID0003,1205,443,62.12,2026/02/27,2026/03/08,2026/03/12,1,443,1,0,0,0
OID1365,MID0025,SID0021,317,175,30.62,2026/02/27,2026/03/13,2026/03/09,0,175,1,0,1,42.87
OID1366,MID0022,SID0020,553,297,1,2026/02/27,2026/03/08,2026/03/06,1,297,0,0,1,0.7
OID1367,MID0024,SID0020,511,455,4,2026/02/28,2026/03/10,2026/03/10,4,455,1,0,0,0
OID1368,MID0023,SID0021,303,131,312.55,2026/02/28,2026/03/16,2026/03/14,0,131,1,0,1,218.78
OID1369,MID0015,SID0014,707,512,42.91,2026/02/28,2026/03/14,2026/03/12,3,512,1,0,1,30.04
OID1370,MID0020,SID0018,527,204,86.26,2026/02/28,2026/03/13,2026/03/14,1,204,0,0,0,0
OID1371,MID0005,SID0005,933,461,35.8,2026/03/01,2026/03/09,2026/03/12,2,461,1,0,0,0
OID1372,MID0023,SID0021,310,133,312.55,2026/03/01,2026/03/15,2026/03/15,1,133,0,0,0,0
OID1373,MID0005,SID0005,844,336,35.8,2026/03/01,2026/03/14,2026/03/15,0,336,0,0,0,0
OID1374,MID0009,SID0001,1141,492,6.05,2026/03/01,2026/03/07,2026/03/08,11,492,1,0,0,0
OID1375,MID0011,SID0010,938,681,29.93,2026/03/02,2026/03/12,2026/03/12,27,681,1,0,0,0
OID1376,MID0025,SID0021,307,152,30.62,2026/03/02,2026/03/09,2026/03/13,1,152,1,0,0,0
OID1377,MID0007,SID0006,918,668,15.11,2026/03/02,2026/03/08,2026/03/09,3,668,1,0,0,0
OID1378,MID0010,SID0009,1072,496,28.19,2026/03/02,2026/03/09,2026/03/12,0,496,1,0,0,0
OID1379,MID0020,SID0018,514,281,86.26,2026/03/03,2026/03/13,2026/03/12,2,281,1,0,1,30.19
OID1380,MID0005,SID0005,838,492,35.8,2026/03/03,2026/03/09,2026/03/10,4,492,1,0,0,0
OID1381,MID0001,SID0001,1059,798,239.42,2026/03/03,2026/03/15,2026/03/16,1,798,1,0,0,0
OID1382,MID0016,SID0015,670,326,128.17,2026/03/03,2026/03/06,2026/03/12,15,326,1,0,0,0
OID1383,MID0023,SID0021,319,241,312.55,2026/03/04,2026/03/16,2026/03/14,0,241,0,0,1,218.78
OID1384,MID0007,SID0006,876,724,15.11,2026/03/04,2026/03/21,2026/03/17,5,724,1,0,1,21.15
OID1385,MID0003,SID0003,1156,465,62.12,2026/03/04,2026/03/14,2026/03/17,4,465,1,0,0,0
OID1386,MID0025,SID0021,347,147,30.62,2026/03/04,2026/03/08,2026/03/14,0,147,1,0,0,0
OID1387,MID0016,SID0015,654,376,128.17,2026/03/04,2026/03/11,2026/03/17,1,376,1,0,0,0
OID1388,MID0001,SID0001,1032,762,239.42,2026/03/05,2026/03/08,2026/03/12,1,762,1,0,0,0
OID1389,MID0023,SID0021,313,134,312.55,2026/03/05,2026/03/20,2026/03/16,0,134,1,0,1,437.57
OID1390,MID0016,SID0015,613,360,128.17,2026/03/05,2026/03/18,2026/03/16,1,360,1,0,1,89.72
OID1391,MID0016,SID0015,585,401,128.17,2026/03/05,2026/03/13,2026/03/17,0,401,1,0,0,0
OID1392,MID0004,SID0004,1328,854,2,2026/03/06,2026/03/19,2026/03/15,2,854,1,0,1,2.8
OID1393,MID0001,SID0001,1011,794,239.42,2026/03/06,2026/03/24,2026/03/20,28,794,1,0,1,335.19
OID1394,MID0020,SID0018,530,367,86.26,2026/03/06,2026/03/12,2026/03/17,2,367,0,0,0,0
OID1395,MID0025,SID0021,342,261,30.62,2026/03/06,2026/03/15,2026/03/20,0,261,0,0,0,0
OID1396,MID0025,SID0021,309,227,30.62,2026/03/07,2026/03/15,2026/03/14,17,0,1,1,1,10.72
OID1397,MID0010,SID0009,1100,613,28.19,2026/03/07,2026/03/14,2026/03/18,3,613,1,0,0,0
OID1398,MID0023,SID0021,319,234,312.55,2026/03/07,2026/03/23,2026/03/21,2,234,1,0,1,218.78
OID1399,MID0023,SID0021,306,145,312.55,2026/03/07,2026/03/17,2026/03/20,0,145,1,0,0,0
OID1400,MID0011,SID0010,900,484,29.93,2026/03/08,2026/03/19,2026/03/16,1,484,1,0,1,31.43
OID1401,MID0020,SID0018,495,335,86.26,2026/03/08,2026/03/22,2026/03/18,0,335,1,0,1,120.76
OID1402,MID0003,SID0003,1154,939,62.12,2026/03/08,2026/03/21,2026/03/19,50,0,1,1,1,43.48
OID1403,MID0012,SID0011,728,606,221.24,2026/03/08,2026/03/11,2026/03/15,2,606,1,0,0,0
OID1404,MID0013,SID0012,728,673,5,2026/03/09,2026/03/14,2026/03/16,0,673,1,0,0,0
OID1405,MID0005,SID0005,886,609,35.8,2026/03/09,2026/03/22,2026/03/20,0,609,1,0,1,25.06
OID1406,MID0005,SID0005,808,475,35.8,2026/03/09,2026/03/17,2026/03/16,2,475,1,0,1,12.53
OID1407,MID0025,SID0021,311,176,30.62,2026/03/09,2026/03/16,2026/03/20,1,176,1,0,0,0
OID1408,MID0010,SID0009,1027,439,28.19,2026/03/10,2026/03/19,2026/03/23,1,439,1,0,0,0
OID1409,MID0012,SID0011,750,449,221.24,2026/03/10,2026/03/20,2026/03/23,3,449,1,0,0,0
OID1410,MID0001,SID0001,1118,798,239.42,2026/03/10,2026/03/26,2026/03/23,0,798,1,0,1,251.39
OID1411,MID0015,SID0014,662,475,42.91,2026/03/10,2026/03/28,2026/03/24,2,475,1,0,1,60.07
OID1412,MID0015,SID0014,709,251,42.91,2026/03/11,2026/03/23,2026/03/19,0,251,0,0,1,60.07
OID1413,MID0005,SID0005,892,437,35.8,2026/03/11,2026/03/22,2026/03/22,2,437,1,0,0,0
OID1414,MID0007,SID0006,917,620,15.11,2026/03/11,2026/03/22,2026/03/21,1,620,1,0,1,5.29
OID1415,MID0025,SID0021,316,187,30.62,2026/03/11,2026/03/24,2026/03/22,1,187,0,0,1,21.43
OID1416,MID0012,SID0011,692,302,221.24,2026/03/12,2026/03/20,2026/03/20,2,302,1,0,0,0
OID1417,MID0015,SID0014,662,482,42.91,2026/03/12,2026/03/26,2026/03/25,0,482,1,0,1,15.02
OID1418,MID0005,SID0005,817,329,35.8,2026/03/12,2026/03/23,2026/03/21,1,329,0,0,1,25.06
OID1419,MID0003,SID0003,1190,872,62.12,2026/03/12,2026/03/22,2026/03/22,5,872,1,0,0,0
OID1420,MID0025,SID0021,318,144,30.62,2026/03/13,2026/03/21,2026/03/26,0,144,1,0,0,0
OID1421,MID0023,SID0021,347,290,312.55,2026/03/13,2026/03/24,2026/03/22,1,290,0,0,1,218.78
OID1422,MID0003,SID0003,1107,822,62.12,2026/03/13,2026/03/25,2026/03/26,3,822,1,0,0,0
OID1423,MID0023,SID0021,305,176,312.55,2026/03/13,2026/03/22,2026/03/20,2,176,1,0,1,218.78
OID1424,MID0003,SID0003,1115,831,62.12,2026/03/13,2026/03/28,2026/03/24,2,831,1,0,1,86.97
OID1425,MID0015,SID0014,686,304,42.91,2026/03/14,2026/03/17,2026/03/22,2,304,1,0,0,0
OID1426,MID0003,SID0003,1156,570,62.12,2026/03/14,2026/03/19,2026/03/25,12,570,1,0,0,0
OID1427,MID0020,SID0018,517,335,86.26,2026/03/14,2026/03/30,2026/03/26,1,335,1,0,1,120.76
OID1428,MID0010,SID0009,1108,652,28.19,2026/03/14,2026/03/30,2026/03/26,25,652,1,0,1,39.47
OID1429,MID0005,SID0005,926,605,35.8,2026/03/15,2026/03/21,2026/03/24,1,605,1,0,0,0
OID1430,MID0015,SID0014,710,278,42.91,2026/03/15,2026/03/28,2026/03/29,21,0,1,1,0,0
OID1431,MID0015,SID0014,654,419,42.91,2026/03/15,2026/03/23,2026/03/28,2,419,0,0,0,0
OID1432,MID0007,SID0006,845,697,15.11,2026/03/15,2026/04/01,2026/03/28,6,697,0,0,1,21.15
OID1433,MID0012,SID0011,785,588,221.24,2026/03/16,2026/03/21,2026/03/25,4,588,1,0,0,0
OID1434,MID0012,SID0011,771,308,221.24,2026/03/16,2026/03/21,2026/03/27,6,308,0,0,0,0
OID1435,MID0011,SID0010,1001,599,29.93,2026/03/16,2026/03/31,2026/03/28,2,599,0,0,1,31.43
OID1436,MID0011,SID0010,981,614,29.93,2026/03/16,2026/03/19,2026/03/25,3,614,1,0,0,0
OID1437,MID0016,SID0015,675,524,128.17,2026/03/17,2026/03/26,2026/03/30,2,524,1,0,0,0
OID1438,MID0005,SID0005,808,380,35.8,2026/03/17,2026/03/25,2026/03/29,0,380,1,0,0,0
OID1439,MID0022,SID0020,578,451,1,2026/03/17,2026/03/24,2026/03/30,3,451,1,0,0,0
OID1440,MID0023,SID0021,305,138,312.55,2026/03/17,2026/03/26,2026/03/24,1,138,1,0,1,218.78
OID1441,MID0016,SID0015,599,328,128.17,2026/03/18,2026/03/24,2026/03/28,1,328,0,0,0,0
OID1442,MID0005,SID0005,825,608,35.8,2026/03/18,2026/03/29,2026/03/25,3,608,1,0,1,50.12
OID1443,MID0025,SID0021,313,169,30.62,2026/03/18,2026/03/24,2026/03/30,0,169,1,0,0,0
OID1444,MID0020,SID0018,489,233,86.26,2026/03/18,2026/03/25,2026/03/25,0,233,1,0,0,0
OID1445,MID0023,SID0021,348,208,312.55,2026/03/19,2026/03/29,2026/03/27,0,208,0,0,1,218.78
OID1446,MID0005,SID0005,915,412,35.8,2026/03/19,2026/03/23,2026/03/29,3,412,1,0,0,0
OID1447,MID0010,SID0009,1160,878,28.19,2026/03/19,2026/03/26,2026/03/30,5,878,1,0,0,0
OID1448,MID0020,SID0018,539,203,86.26,2026/03/19,2026/03/25,2026/03/27,1,203,1,0,0,0
OID1449,MID0025,SID0021,326,154,30.62,2026/03/20,2026/03/30,2026/04/02,0,154,0,0,0,0
OID1450,MID0003,SID0003,1284,734,62.12,2026/03/20,2026/03/27,2026/03/29,2,734,1,0,0,0
OID1451,MID0025,SID0021,346,326,30.62,2026/03/20,2026/03/28,2026/03/28,38,0,1,1,0,0
OID1452,MID0001,SID0001,1035,636,239.42,2026/03/20,2026/03/31,2026/04/01,46,0,0,1,0,0
OID1453,MID0008,SID0007,914,680,106.53,2026/03/21,2026/03/27,2026/03/30,9,680,0,0,0,0
OID1454,MID0023,SID0021,334,156,312.55,2026/03/21,2026/03/30,2026/03/29,0,156,0,0,1,109.39
OID1455,MID0023,SID0021,342,233,312.55,2026/03/21,2026/03/28,2026/04/02,2,233,0,0,0,0
OID1456,MID0008,SID0007,841,476,106.53,2026/03/21,2026/04/02,2026/04/01,3,476,1,0,1,37.29
OID1457,MID0020,SID0018,514,199,86.26,2026/03/22,2026/04/02,2026/04/04,5,199,1,0,0,0
OID1458,MID0015,SID0014,686,621,42.91,2026/03/22,2026/04/01,2026/04/01,2,621,0,0,0,0
OID1459,MID0005,SID0005,888,380,35.8,2026/03/22,2026/03/27,2026/03/29,3,380,1,0,0,0
OID1460,MID0005,SID0005,813,322,35.8,2026/03/22,2026/04/02,2026/03/29,1,322,1,0,1,50.12
OID1461,MID0011,SID0010,973,413,29.93,2026/03/23,2026/04/01,2026/03/31,1,413,1,0,1,10.48
OID1462,MID0015,SID0014,661,360,42.91,2026/03/23,2026/03/28,2026/03/30,3,360,1,0,0,0
OID1463,MID0019,SID0001,1024,426,6.13,2026/03/23,2026/03/25,2026/03/31,2,426,1,0,0,0
OID1464,MID0015,SID0014,696,309,42.91,2026/03/23,2026/04/08,2026/04/04,11,309,0,0,1,60.07
OID1465,MID0023,SID0021,329,128,312.55,2026/03/23,2026/04/05,2026/04/03,0,128,1,0,1,218.78
OID1466,MID0016,SID0015,663,498,128.17,2026/03/24,2026/04/02,2026/04/05,4,498,1,0,0,0
OID1467,MID0019,SID0001,1118,412,6.13,2026/03/24,2026/04/01,2026/04/05,2,412,1,0,0,0
OID1468,MID0025,SID0021,305,183,30.62,2026/03/24,2026/03/31,2026/04/01,7,183,1,0,0,0
OID1469,MID0010,SID0009,1033,800,28.19,2026/03/24,2026/04/11,2026/04/07,2,800,0,0,1,39.47
OID1470,MID0023,SID0021,315,152,312.55,2026/03/25,2026/04/01,2026/04/04,1,152,1,0,0,0
OID1471,MID0011,SID0010,980,429,29.93,2026/03/25,2026/04/01,2026/04/02,0,429,1,0,0,0
OID1472,MID0003,SID0003,1143,745,62.12,2026/03/25,2026/04/03,2026/04/07,3,745,1,0,0,0
OID1473,MID0001,SID0001,1051,826,239.42,2026/03/25,2026/04/01,2026/04/07,1,826,1,0,0,0
OID1474,MID0007,SID0006,916,397,15.11,2026/03/26,2026/04/01,2026/04/06,1,397,1,0,0,0
OID1475,MID0005,SID0005,832,475,35.8,2026/03/26,2026/04/02,2026/04/04,0,475,1,0,0,0
OID1476,MID0015,SID0014,641,509,42.91,2026/03/26,2026/04/02,2026/04/03,1,509,1,0,0,0
OID1477,MID0011,SID0010,881,463,29.93,2026/03/26,2026/04/02,2026/04/04,3,463,1,0,0,0
OID1478,MID0020,SID0018,534,357,86.26,2026/03/27,2026/04/08,2026/04/10,1,357,1,0,0,0
OID1479,MID0007,SID0006,951,567,15.11,2026/03/27,2026/04/07,2026/04/09,1,567,1,0,0,0
OID1480,MID0016,SID0015,672,284,128.17,2026/03/27,2026/04/02,2026/04/07,2,284,1,0,0,0
OID1481,MID0020,SID0018,504,431,86.26,2026/03/27,2026/04/08,2026/04/10,1,431,1,0,0,0
OID1482,MID0001,SID0001,1156,430,239.42,2026/03/28,2026/04/02,2026/04/08,2,430,0,0,0,0
OID1483,MID0023,SID0021,325,138,312.55,2026/03/28,2026/04/09,2026/04/10,16,0,1,1,0,0
OID1484,MID0023,SID0021,337,121,312.55,2026/03/28,2026/04/08,2026/04/11,0,121,1,0,0,0
OID1485,MID0012,SID0011,778,575,221.24,2026/03/28,2026/04/06,2026/04/06,4,575,1,0,0,0
OID1486,MID0020,SID0018,512,222,86.26,2026/03/29,2026/04/08,2026/04/05,0,222,1,0,1,90.57
OID1487,MID0015,SID0014,715,647,42.91,2026/03/29,2026/04/04,2026/04/09,3,647,0,0,0,0
OID1488,MID0009,SID0001,1085,442,6.05,2026/03/29,2026/04/02,2026/04/07,0,442,1,0,0,0
OID1489,MID0010,SID0009,1043,869,28.19,2026/03/29,2026/04/11,2026/04/11,1,869,0,0,0,0
OID1490,MID0013,SID0012,719,504,5,2026/03/30,2026/04/13,2026/04/11,1,504,1,0,1,3.5
OID1491,MID0012,SID0011,699,334,221.24,2026/03/30,2026/04/02,2026/04/07,3,334,1,0,0,0
OID1492,MID0020,SID0018,511,248,86.26,2026/03/30,2026/04/14,2026/04/11,0,248,1,0,1,90.57
OID1493,MID0011,SID0010,949,340,29.93,2026/03/30,2026/04/09,2026/04/07,1,340,0,0,1,20.95
OID1494,MID0008,SID0007,904,360,106.53,2026/03/31,2026/04/12,2026/04/09,0,360,1,0,1,111.86
OID1495,MID0003,SID0003,1271,492,62.12,2026/03/31,2026/04/11,2026/04/13,4,492,1,0,0,0
OID1496,MID0012,SID0011,693,496,221.24,2026/03/31,2026/04/09,2026/04/11,1,496,1,0,0,0
OID1497,MID0016,SID0015,665,242,128.17,2026/03/31,2026/04/11,2026/04/10,7,242,1,0,1,44.86
OID1498,MID0011,SID0010,932,701,29.93,2026/04/01,2026/04/17,2026/04/15,4,701,1,0,1,20.95
OID1499,MID0008,SID0007,939,881,106.53,2026/04/01,2026/04/13,2026/04/09,4,881,1,0,1,149.14
OID1500,MID0016,SID0015,670,395,128.17,2026/04/01,2026/04/12,2026/04/11,1,395,1,0,1,44.86
