Supplier_Daily_Inventory_ID,Supplier_ID,Purchased_Material_ID,Inventory_Qty,Inventory_Date
SDII000001,SID0002,MID0001,154,2025/01/01
SDII000002,SID0002,MID0001,138,2025/01/02
SDII000003,SID0002,MID0001,114,2025/01/03
SDII000004,SID0002,MID0001,108,2025/01/04
SDII000005,SID0002,MID0001,108,2025/01/05
SDII000006,SID0002,MID0001,108,2025/01/06
SDII000007,SID0002,MID0001,80,2025/01/07
SDII000008,SID0002,MID0001,44,2025/01/08
SDII000009,SID0002,MID0001,44,2025/01/09
SDII000010,SID0002,MID0001,44,2025/01/10
SDII000011,SID0002,MID0001,44,2025/01/11
SDII000012,SID0002,MID0001,44,2025/01/12
SDII000013,SID0002,MID0001,378,2025/01/13
SDII000014,SID0002,MID0001,356,2025/01/14
SDII000015,SID0002,MID0001,349,2025/01/15
SDII000016,SID0002,MID0001,334,2025/01/16
SDII000017,SID0002,MID0001,310,2025/01/17
SDII000018,SID0002,MID0001,302,2025/01/18
SDII000019,SID0002,MID0001,302,2025/01/19
SDII000020,SID0002,MID0001,302,2025/01/20
SDII000021,SID0002,MID0001,276,2025/01/21
SDII000022,SID0002,MID0001,266,2025/01/22
SDII000023,SID0002,MID0001,234,2025/01/23
SDII000024,SID0002,MID0001,234,2025/01/24
SDII000025,SID0002,MID0001,234,2025/01/25
SDII000026,SID0002,MID0001,234,2025/01/26
SDII000027,SID0002,MID0001,234,2025/01/27
SDII000028,SID0002,MID0001,234,2025/01/28
SDII000029,SID0002,MID0001,221,2025/01/29
SDII000030,SID0002,MID0001,168,2025/01/30
SDII000031,SID0002,MID0001,168,2025/01/31
SDII000032,SID0002,MID0001,168,2025/02/01
SDII000033,SID0002,MID0001,391,2025/02/02
SDII000034,SID0002,MID0001,391,2025/02/03
SDII000035,SID0002,MID0001,391,2025/02/04
SDII000036,SID0002,MID0001,391,2025/02/05
SDII000037,SID0002,MID0001,343,2025/02/06
SDII000038,SID0002,MID0001,329,2025/02/07
SDII000039,SID0002,MID0001,316,2025/02/08
SDII000040,SID0002,MID0001,316,2025/02/09
SDII000041,SID0002,MID0001,316,2025/02/10
SDII000042,SID0002,MID0001,296,2025/02/11
SDII000043,SID0002,MID0001,273,2025/02/12
SDII000044,SID0002,MID0001,256,2025/02/13
SDII000045,SID0002,MID0001,236,2025/02/14
SDII000046,SID0002,MID0001,234,2025/02/15
SDII000047,SID0002,MID0001,234,2025/02/16
SDII000048,SID0002,MID0001,234,2025/02/17
SDII000049,SID0002,MID0001,218,2025/02/18
SDII000050,SID0002,MID0001,167,2025/02/19
SDII000051,SID0002,MID0001,156,2025/02/20
SDII000052,SID0002,MID0001,156,2025/02/21
SDII000053,SID0002,MID0001,379,2025/02/22
SDII000054,SID0002,MID0001,379,2025/02/23
SDII000055,SID0002,MID0001,379,2025/02/24
SDII000056,SID0002,MID0001,379,2025/02/25
SDII000057,SID0002,MID0001,379,2025/02/26
SDII000058,SID0002,MID0001,369,2025/02/27
SDII000059,SID0002,MID0001,294,2025/02/28
SDII000060,SID0002,MID0001,294,2025/03/01
SDII000061,SID0002,MID0001,294,2025/03/02
SDII000062,SID0002,MID0001,294,2025/03/03
SDII000063,SID0002,MID0001,288,2025/03/04
SDII000064,SID0002,MID0001,262,2025/03/05
SDII000065,SID0002,MID0001,245,2025/03/06
SDII000066,SID0002,MID0001,222,2025/03/07
SDII000067,SID0002,MID0001,218,2025/03/08
SDII000068,SID0002,MID0001,218,2025/03/09
SDII000069,SID0002,MID0001,218,2025/03/10
SDII000070,SID0002,MID0001,194,2025/03/11
SDII000071,SID0002,MID0001,182,2025/03/12
SDII000072,SID0002,MID0001,156,2025/03/13
SDII000073,SID0002,MID0001,352,2025/03/14
SDII000074,SID0002,MID0001,352,2025/03/15
SDII000075,SID0002,MID0001,352,2025/03/16
SDII000076,SID0002,MID0001,352,2025/03/17
SDII000077,SID0002,MID0001,327,2025/03/18
SDII000078,SID0002,MID0001,299,2025/03/19
SDII000079,SID0002,MID0001,296,2025/03/20
SDII000080,SID0002,MID0001,278,2025/03/21
SDII000081,SID0002,MID0001,268,2025/03/22
SDII000082,SID0002,MID0001,268,2025/03/23
SDII000083,SID0002,MID0001,268,2025/03/24
SDII000084,SID0002,MID0001,229,2025/03/25
SDII000085,SID0002,MID0001,228,2025/03/26
SDII000086,SID0002,MID0001,227,2025/03/27
SDII000087,SID0002,MID0001,178,2025/03/28
SDII000088,SID0002,MID0001,178,2025/03/29
SDII000089,SID0002,MID0001,178,2025/03/30
SDII000090,SID0002,MID0001,178,2025/03/31
SDII000091,SID0002,MID0001,401,2025/04/01
SDII000092,SID0002,MID0001,401,2025/04/02
SDII000093,SID0002,MID0001,378,2025/04/03
SDII000094,SID0002,MID0001,360,2025/04/04
SDII000095,SID0002,MID0001,320,2025/04/05
SDII000096,SID0002,MID0001,320,2025/04/06
SDII000097,SID0002,MID0001,320,2025/04/07
SDII000098,SID0002,MID0001,280,2025/04/08
SDII000099,SID0002,MID0001,229,2025/04/09
SDII000100,SID0002,MID0001,229,2025/04/10
SDII000101,SID0002,MID0001,229,2025/04/11
SDII000102,SID0002,MID0001,229,2025/04/12
SDII000103,SID0002,MID0001,229,2025/04/13
SDII000104,SID0002,MID0001,229,2025/04/14
SDII000105,SID0002,MID0001,200,2025/04/15
SDII000106,SID0002,MID0001,163,2025/04/16
SDII000107,SID0002,MID0001,346,2025/04/17
SDII000108,SID0002,MID0001,340,2025/04/18
SDII000109,SID0002,MID0001,340,2025/04/19
SDII000110,SID0002,MID0001,340,2025/04/20
SDII000111,SID0002,MID0001,340,2025/04/21
SDII000112,SID0002,MID0001,334,2025/04/22
SDII000113,SID0002,MID0001,308,2025/04/23
SDII000114,SID0002,MID0001,297,2025/04/24
SDII000115,SID0002,MID0001,269,2025/04/25
SDII000116,SID0002,MID0001,257,2025/04/26
SDII000117,SID0002,MID0001,257,2025/04/27
SDII000118,SID0002,MID0001,257,2025/04/28
SDII000119,SID0002,MID0001,240,2025/04/29
SDII000120,SID0002,MID0001,219,2025/04/30
SDII000121,SID0002,MID0001,400,2025/05/01
SDII000122,SID0002,MID0001,377,2025/05/02
SDII000123,SID0002,MID0001,377,2025/05/03
SDII000124,SID0002,MID0001,377,2025/05/04
SDII000125,SID0002,MID0001,377,2025/05/05
SDII000126,SID0002,MID0001,377,2025/05/06
SDII000127,SID0002,MID0001,351,2025/05/07
SDII000128,SID0002,MID0001,341,2025/05/08
SDII000129,SID0002,MID0001,318,2025/05/09
SDII000130,SID0002,MID0001,297,2025/05/10
SDII000131,SID0002,MID0001,297,2025/05/11
SDII000132,SID0002,MID0001,297,2025/05/12
SDII000133,SID0002,MID0001,247,2025/05/13
SDII000134,SID0002,MID0001,240,2025/05/14
SDII000135,SID0002,MID0001,215,2025/05/15
SDII000136,SID0002,MID0001,215,2025/05/16
SDII000137,SID0002,MID0001,215,2025/05/17
SDII000138,SID0002,MID0001,438,2025/05/18
SDII000139,SID0002,MID0001,438,2025/05/19
SDII000140,SID0002,MID0001,438,2025/05/20
SDII000141,SID0002,MID0001,438,2025/05/21
SDII000142,SID0002,MID0001,438,2025/05/22
SDII000143,SID0002,MID0001,398,2025/05/23
SDII000144,SID0002,MID0001,351,2025/05/24
SDII000145,SID0002,MID0001,351,2025/05/25
SDII000146,SID0002,MID0001,351,2025/05/26
SDII000147,SID0002,MID0001,351,2025/05/27
SDII000148,SID0002,MID0001,351,2025/05/28
SDII000149,SID0002,MID0001,351,2025/05/29
SDII000150,SID0002,MID0001,295,2025/05/30
SDII000151,SID0002,MID0001,253,2025/05/31
SDII000152,SID0002,MID0001,253,2025/06/01
SDII000153,SID0002,MID0001,253,2025/06/02
SDII000154,SID0002,MID0001,253,2025/06/03
SDII000155,SID0002,MID0001,253,2025/06/04
SDII000156,SID0002,MID0001,210,2025/06/05
SDII000157,SID0002,MID0001,421,2025/06/06
SDII000158,SID0002,MID0001,385,2025/06/07
SDII000159,SID0002,MID0001,385,2025/06/08
SDII000160,SID0002,MID0001,385,2025/06/09
SDII000161,SID0002,MID0001,385,2025/06/10
SDII000162,SID0002,MID0001,353,2025/06/11
SDII000163,SID0002,MID0001,320,2025/06/12
SDII000164,SID0002,MID0001,297,2025/06/13
SDII000165,SID0002,MID0001,297,2025/06/14
SDII000166,SID0002,MID0001,297,2025/06/15
SDII000167,SID0002,MID0001,297,2025/06/16
SDII000168,SID0002,MID0001,285,2025/06/17
SDII000169,SID0002,MID0001,262,2025/06/18
SDII000170,SID0002,MID0001,244,2025/06/19
SDII000171,SID0002,MID0001,227,2025/06/20
SDII000172,SID0002,MID0001,209,2025/06/21
SDII000173,SID0002,MID0001,432,2025/06/22
SDII000174,SID0002,MID0001,432,2025/06/23
SDII000175,SID0002,MID0001,432,2025/06/24
SDII000176,SID0002,MID0001,390,2025/06/25
SDII000177,SID0002,MID0001,368,2025/06/26
SDII000178,SID0002,MID0001,348,2025/06/27
SDII000179,SID0002,MID0001,335,2025/06/28
SDII000180,SID0002,MID0001,335,2025/06/29
SDII000181,SID0002,MID0001,335,2025/06/30
SDII000182,SID0002,MID0001,280,2025/07/01
SDII000183,SID0002,MID0001,261,2025/07/02
SDII000184,SID0002,MID0001,252,2025/07/03
SDII000185,SID0002,MID0001,242,2025/07/04
SDII000186,SID0002,MID0001,242,2025/07/05
SDII000187,SID0002,MID0001,242,2025/07/06
SDII000188,SID0002,MID0001,465,2025/07/07
SDII000189,SID0002,MID0001,449,2025/07/08
SDII000190,SID0002,MID0001,446,2025/07/09
SDII000191,SID0002,MID0001,415,2025/07/10
SDII000192,SID0002,MID0001,389,2025/07/11
SDII000193,SID0002,MID0001,373,2025/07/12
SDII000194,SID0002,MID0001,373,2025/07/13
SDII000195,SID0002,MID0001,373,2025/07/14
SDII000196,SID0002,MID0001,339,2025/07/15
SDII000197,SID0002,MID0001,337,2025/07/16
SDII000198,SID0002,MID0001,313,2025/07/17
SDII000199,SID0002,MID0001,296,2025/07/18
SDII000200,SID0002,MID0001,291,2025/07/19
SDII000201,SID0002,MID0001,291,2025/07/20
SDII000202,SID0002,MID0001,291,2025/07/21
SDII000203,SID0002,MID0001,274,2025/07/22
SDII000204,SID0002,MID0001,227,2025/07/23
SDII000205,SID0002,MID0001,212,2025/07/24
SDII000206,SID0002,MID0001,212,2025/07/25
SDII000207,SID0002,MID0001,212,2025/07/26
SDII000208,SID0002,MID0001,212,2025/07/27
SDII000209,SID0002,MID0001,212,2025/07/28
SDII000210,SID0002,MID0001,192,2025/07/29
SDII000211,SID0002,MID0001,392,2025/07/30
SDII000212,SID0002,MID0001,356,2025/07/31
SDII000213,SID0002,MID0001,356,2025/08/01
SDII000214,SID0002,MID0001,356,2025/08/02
SDII000215,SID0002,MID0001,356,2025/08/03
SDII000216,SID0002,MID0001,356,2025/08/04
SDII000217,SID0002,MID0001,348,2025/08/05
SDII000218,SID0002,MID0001,331,2025/08/06
SDII000219,SID0002,MID0001,307,2025/08/07
SDII000220,SID0002,MID0001,303,2025/08/08
SDII000221,SID0002,MID0001,282,2025/08/09
SDII000222,SID0002,MID0001,282,2025/08/10
SDII000223,SID0002,MID0001,282,2025/08/11
SDII000224,SID0002,MID0001,259,2025/08/12
SDII000225,SID0002,MID0001,237,2025/08/13
SDII000226,SID0002,MID0001,221,2025/08/14
SDII000227,SID0002,MID0001,200,2025/08/15
SDII000228,SID0002,MID0001,200,2025/08/16
SDII000229,SID0002,MID0001,200,2025/08/17
SDII000230,SID0002,MID0001,200,2025/08/18
SDII000231,SID0002,MID0001,142,2025/08/19
SDII000232,SID0002,MID0001,122,2025/08/20
SDII000233,SID0002,MID0001,345,2025/08/21
SDII000234,SID0002,MID0001,345,2025/08/22
SDII000235,SID0002,MID0001,345,2025/08/23
SDII000236,SID0002,MID0001,345,2025/08/24
SDII000237,SID0002,MID0001,345,2025/08/25
SDII000238,SID0002,MID0001,345,2025/08/26
SDII000239,SID0002,MID0001,330,2025/08/27
SDII000240,SID0002,MID0001,308,2025/08/28
SDII000241,SID0002,MID0001,288,2025/08/29
SDII000242,SID0002,MID0001,263,2025/08/30
SDII000243,SID0002,MID0001,263,2025/08/31
SDII000244,SID0002,MID0001,263,2025/09/01
SDII000245,SID0002,MID0001,263,2025/09/02
SDII000246,SID0002,MID0001,252,2025/09/03
SDII000247,SID0002,MID0001,229,2025/09/04
SDII000248,SID0002,MID0001,213,2025/09/05
SDII000249,SID0002,MID0001,195,2025/09/06
SDII000250,SID0002,MID0001,418,2025/09/07
SDII000251,SID0002,MID0001,418,2025/09/08
SDII000252,SID0002,MID0001,418,2025/09/09
SDII000253,SID0002,MID0001,413,2025/09/10
SDII000254,SID0002,MID0001,405,2025/09/11
SDII000255,SID0002,MID0001,361,2025/09/12
SDII000256,SID0002,MID0001,342,2025/09/13
SDII000257,SID0002,MID0001,342,2025/09/14
SDII000258,SID0002,MID0001,342,2025/09/15
SDII000259,SID0002,MID0001,342,2025/09/16
SDII000260,SID0002,MID0001,342,2025/09/17
SDII000261,SID0002,MID0001,342,2025/09/18
SDII000262,SID0002,MID0001,294,2025/09/19
SDII000263,SID0002,MID0001,264,2025/09/20
SDII000264,SID0002,MID0001,264,2025/09/21
SDII000265,SID0002,MID0001,264,2025/09/22
SDII000266,SID0002,MID0001,202,2025/09/23
SDII000267,SID0002,MID0001,192,2025/09/24
SDII000268,SID0002,MID0001,192,2025/09/25
SDII000269,SID0002,MID0001,192,2025/09/26
SDII000270,SID0002,MID0001,192,2025/09/27
SDII000271,SID0002,MID0001,192,2025/09/28
SDII000272,SID0002,MID0001,192,2025/09/29
SDII000273,SID0002,MID0001,192,2025/09/30
SDII000274,SID0002,MID0001,192,2025/10/01
SDII000275,SID0002,MID0001,192,2025/10/02
SDII000276,SID0002,MID0001,155,2025/10/03
SDII000277,SID0002,MID0001,348,2025/10/04
SDII000278,SID0002,MID0001,348,2025/10/05
SDII000279,SID0002,MID0001,348,2025/10/06
SDII000280,SID0002,MID0001,348,2025/10/07
SDII000281,SID0002,MID0001,348,2025/10/08
SDII000282,SID0002,MID0001,348,2025/10/09
SDII000283,SID0002,MID0001,288,2025/10/10
SDII000284,SID0002,MID0001,281,2025/10/11
SDII000285,SID0002,MID0001,281,2025/10/12
SDII000286,SID0002,MID0001,281,2025/10/13
SDII000287,SID0002,MID0001,281,2025/10/14
SDII000288,SID0002,MID0001,281,2025/10/15
SDII000289,SID0002,MID0001,264,2025/10/16
SDII000290,SID0002,MID0001,222,2025/10/17
SDII000291,SID0002,MID0001,222,2025/10/18
SDII000292,SID0002,MID0001,222,2025/10/19
SDII000293,SID0002,MID0001,445,2025/10/20
SDII000294,SID0002,MID0001,428,2025/10/21
SDII000295,SID0002,MID0001,416,2025/10/22
SDII000296,SID0002,MID0001,396,2025/10/23
SDII000297,SID0002,MID0001,390,2025/10/24
SDII000298,SID0002,MID0001,382,2025/10/25
SDII000299,SID0002,MID0001,382,2025/10/26
SDII000300,SID0002,MID0001,382,2025/10/27
SDII000301,SID0002,MID0001,382,2025/10/28
SDII000302,SID0002,MID0001,367,2025/10/29
SDII000303,SID0002,MID0001,353,2025/10/30
SDII000304,SID0002,MID0001,349,2025/10/31
SDII000305,SID0002,MID0001,311,2025/11/01
SDII000306,SID0002,MID0001,311,2025/11/02
SDII000307,SID0002,MID0001,311,2025/11/03
SDII000308,SID0002,MID0001,311,2025/11/04
SDII000309,SID0002,MID0001,311,2025/11/05
SDII000310,SID0002,MID0001,288,2025/11/06
SDII000311,SID0002,MID0001,272,2025/11/07
SDII000312,SID0002,MID0001,255,2025/11/08
SDII000313,SID0002,MID0001,255,2025/11/09
SDII000314,SID0002,MID0001,255,2025/11/10
SDII000315,SID0002,MID0001,234,2025/11/11
SDII000316,SID0002,MID0001,230,2025/11/12
SDII000317,SID0002,MID0001,215,2025/11/13
SDII000318,SID0002,MID0001,205,2025/11/14
SDII000319,SID0002,MID0001,196,2025/11/15
SDII000320,SID0002,MID0001,196,2025/11/16
SDII000321,SID0002,MID0001,196,2025/11/17
SDII000322,SID0002,MID0001,168,2025/11/18
SDII000323,SID0002,MID0001,159,2025/11/19
SDII000324,SID0002,MID0001,148,2025/11/20
SDII000325,SID0002,MID0001,136,2025/11/21
SDII000326,SID0002,MID0001,136,2025/11/22
SDII000327,SID0002,MID0001,136,2025/11/23
SDII000328,SID0002,MID0001,136,2025/11/24
SDII000329,SID0002,MID0001,136,2025/11/25
SDII000330,SID0002,MID0001,128,2025/11/26
SDII000331,SID0002,MID0001,103,2025/11/27
SDII000332,SID0002,MID0001,322,2025/11/28
SDII000333,SID0002,MID0001,298,2025/11/29
SDII000334,SID0002,MID0001,298,2025/11/30
SDII000335,SID0002,MID0001,298,2025/12/01
SDII000336,SID0002,MID0001,268,2025/12/02
SDII000337,SID0002,MID0001,262,2025/12/03
SDII000338,SID0002,MID0001,250,2025/12/04
SDII000339,SID0002,MID0001,239,2025/12/05
SDII000340,SID0002,MID0001,239,2025/12/06
SDII000341,SID0002,MID0001,239,2025/12/07
SDII000342,SID0002,MID0001,239,2025/12/08
SDII000343,SID0002,MID0001,239,2025/12/09
SDII000344,SID0002,MID0001,239,2025/12/10
SDII000345,SID0002,MID0001,412,2025/12/11
SDII000346,SID0002,MID0001,380,2025/12/12
SDII000347,SID0002,MID0001,367,2025/12/13
SDII000348,SID0002,MID0001,367,2025/12/14
SDII000349,SID0002,MID0001,367,2025/12/15
SDII000350,SID0002,MID0001,367,2025/12/16
SDII000351,SID0002,MID0001,361,2025/12/17
SDII000352,SID0002,MID0001,351,2025/12/18
SDII000353,SID0002,MID0001,310,2025/12/19
SDII000354,SID0002,MID0001,299,2025/12/20
SDII000355,SID0002,MID0001,299,2025/12/21
SDII000356,SID0002,MID0001,299,2025/12/22
SDII000357,SID0002,MID0001,293,2025/12/23
SDII000358,SID0002,MID0001,280,2025/12/24
SDII000359,SID0002,MID0001,269,2025/12/25
SDII000360,SID0002,MID0001,265,2025/12/26
SDII000361,SID0002,MID0001,229,2025/12/27
SDII000362,SID0002,MID0001,229,2025/12/28
SDII000363,SID0002,MID0001,229,2025/12/29
SDII000364,SID0002,MID0001,216,2025/12/30
SDII000365,SID0002,MID0001,203,2025/12/31
SDII000366,SID0002,MID0001,195,2026/01/01
SDII000367,SID0002,MID0020,139,2025/01/01
SDII000368,SID0002,MID0020,137,2025/01/02
SDII000369,SID0002,MID0020,104,2025/01/03
SDII000370,SID0002,MID0020,0,2025/01/04
SDII000371,SID0002,MID0020,0,2025/01/05
SDII000372,SID0002,MID0020,0,2025/01/06
SDII000373,SID0002,MID0020,0,2025/01/07
SDII000374,SID0002,MID0020,0,2025/01/08
SDII000375,SID0002,MID0020,0,2025/01/09
SDII000376,SID0002,MID0020,0,2025/01/10
SDII000377,SID0002,MID0020,0,2025/01/11
SDII000378,SID0002,MID0020,0,2025/01/12
SDII000379,SID0002,MID0020,0,2025/01/13
SDII000380,SID0002,MID0020,0,2025/01/14
SDII000381,SID0002,MID0020,0,2025/01/15
SDII000382,SID0002,MID0020,0,2025/01/16
SDII000383,SID0002,MID0020,361,2025/01/17
SDII000384,SID0002,MID0020,361,2025/01/18
SDII000385,SID0002,MID0020,361,2025/01/19
SDII000386,SID0002,MID0020,361,2025/01/20
SDII000387,SID0002,MID0020,361,2025/01/21
SDII000388,SID0002,MID0020,361,2025/01/22
SDII000389,SID0002,MID0020,356,2025/01/23
SDII000390,SID0002,MID0020,346,2025/01/24
SDII000391,SID0002,MID0020,313,2025/01/25
SDII000392,SID0002,MID0020,313,2025/01/26
SDII000393,SID0002,MID0020,313,2025/01/27
SDII000394,SID0002,MID0020,256,2025/01/28
SDII000395,SID0002,MID0020,198,2025/01/29
SDII000396,SID0002,MID0020,198,2025/01/30
SDII000397,SID0002,MID0020,198,2025/01/31
SDII000398,SID0002,MID0020,198,2025/02/01
SDII000399,SID0002,MID0020,198,2025/02/02
SDII000400,SID0002,MID0020,198,2025/02/03
SDII000401,SID0002,MID0020,198,2025/02/04
SDII000402,SID0002,MID0020,375,2025/02/05
SDII000403,SID0002,MID0020,375,2025/02/06
SDII000404,SID0002,MID0020,375,2025/02/07
SDII000405,SID0002,MID0020,375,2025/02/08
SDII000406,SID0002,MID0020,375,2025/02/09
SDII000407,SID0002,MID0020,375,2025/02/10
SDII000408,SID0002,MID0020,375,2025/02/11
SDII000409,SID0002,MID0020,283,2025/02/12
SDII000410,SID0002,MID0020,241,2025/02/13
SDII000411,SID0002,MID0020,241,2025/02/14
SDII000412,SID0002,MID0020,241,2025/02/15
SDII000413,SID0002,MID0020,241,2025/02/16
SDII000414,SID0002,MID0020,241,2025/02/17
SDII000415,SID0002,MID0020,241,2025/02/18
SDII000416,SID0002,MID0020,241,2025/02/19
SDII000417,SID0002,MID0020,241,2025/02/20
SDII000418,SID0002,MID0020,241,2025/02/21
SDII000419,SID0002,MID0020,189,2025/02/22
SDII000420,SID0002,MID0020,189,2025/02/23
SDII000421,SID0002,MID0020,389,2025/02/24
SDII000422,SID0002,MID0020,308,2025/02/25
SDII000423,SID0002,MID0020,308,2025/02/26
SDII000424,SID0002,MID0020,308,2025/02/27
SDII000425,SID0002,MID0020,308,2025/02/28
SDII000426,SID0002,MID0020,308,2025/03/01
SDII000427,SID0002,MID0020,308,2025/03/02
SDII000428,SID0002,MID0020,308,2025/03/03
SDII000429,SID0002,MID0020,308,2025/03/04
SDII000430,SID0002,MID0020,308,2025/03/05
SDII000431,SID0002,MID0020,308,2025/03/06
SDII000432,SID0002,MID0020,308,2025/03/07
SDII000433,SID0002,MID0020,308,2025/03/08
SDII000434,SID0002,MID0020,308,2025/03/09
SDII000435,SID0002,MID0020,308,2025/03/10
SDII000436,SID0002,MID0020,241,2025/03/11
SDII000437,SID0002,MID0020,207,2025/03/12
SDII000438,SID0002,MID0020,207,2025/03/13
SDII000439,SID0002,MID0020,207,2025/03/14
SDII000440,SID0002,MID0020,207,2025/03/15
SDII000441,SID0002,MID0020,207,2025/03/16
SDII000442,SID0002,MID0020,207,2025/03/17
SDII000443,SID0002,MID0020,207,2025/03/18
SDII000444,SID0002,MID0020,207,2025/03/19
SDII000445,SID0002,MID0020,207,2025/03/20
SDII000446,SID0002,MID0020,207,2025/03/21
SDII000447,SID0002,MID0020,207,2025/03/22
SDII000448,SID0002,MID0020,207,2025/03/23
SDII000449,SID0002,MID0020,207,2025/03/24
SDII000450,SID0002,MID0020,207,2025/03/25
SDII000451,SID0002,MID0020,172,2025/03/26
SDII000452,SID0002,MID0020,131,2025/03/27
SDII000453,SID0002,MID0020,404,2025/03/28
SDII000454,SID0002,MID0020,404,2025/03/29
SDII000455,SID0002,MID0020,404,2025/03/30
SDII000456,SID0002,MID0020,404,2025/03/31
SDII000457,SID0002,MID0020,404,2025/04/01
SDII000458,SID0002,MID0020,404,2025/04/02
SDII000459,SID0002,MID0020,404,2025/04/03
SDII000460,SID0002,MID0020,404,2025/04/04
SDII000461,SID0002,MID0020,404,2025/04/05
SDII000462,SID0002,MID0020,404,2025/04/06
SDII000463,SID0002,MID0020,404,2025/04/07
SDII000464,SID0002,MID0020,375,2025/04/08
SDII000465,SID0002,MID0020,311,2025/04/09
SDII000466,SID0002,MID0020,271,2025/04/10
SDII000467,SID0002,MID0020,271,2025/04/11
SDII000468,SID0002,MID0020,271,2025/04/12
SDII000469,SID0002,MID0020,271,2025/04/13
SDII000470,SID0002,MID0020,271,2025/04/14
SDII000471,SID0002,MID0020,271,2025/04/15
SDII000472,SID0002,MID0020,271,2025/04/16
SDII000473,SID0002,MID0020,271,2025/04/17
SDII000474,SID0002,MID0020,271,2025/04/18
SDII000475,SID0002,MID0020,271,2025/04/19
SDII000476,SID0002,MID0020,271,2025/04/20
SDII000477,SID0002,MID0020,271,2025/04/21
SDII000478,SID0002,MID0020,271,2025/04/22
SDII000479,SID0002,MID0020,271,2025/04/23
SDII000480,SID0002,MID0020,270,2025/04/24
SDII000481,SID0002,MID0020,251,2025/04/25
SDII000482,SID0002,MID0020,422,2025/04/26
SDII000483,SID0002,MID0020,422,2025/04/27
SDII000484,SID0002,MID0020,422,2025/04/28
SDII000485,SID0002,MID0020,365,2025/04/29
SDII000486,SID0002,MID0020,365,2025/04/30
SDII000487,SID0002,MID0020,365,2025/05/01
SDII000488,SID0002,MID0020,330,2025/05/02
SDII000489,SID0002,MID0020,304,2025/05/03
SDII000490,SID0002,MID0020,304,2025/05/04
SDII000491,SID0002,MID0020,304,2025/05/05
SDII000492,SID0002,MID0020,280,2025/05/06
SDII000493,SID0002,MID0020,268,2025/05/07
SDII000494,SID0002,MID0020,246,2025/05/08
SDII000495,SID0002,MID0020,246,2025/05/09
SDII000496,SID0002,MID0020,246,2025/05/10
SDII000497,SID0002,MID0020,246,2025/05/11
SDII000498,SID0002,MID0020,246,2025/05/12
SDII000499,SID0002,MID0020,246,2025/05/13
SDII000500,SID0002,MID0020,246,2025/05/14
SDII000501,SID0002,MID0020,246,2025/05/15
SDII000502,SID0002,MID0020,246,2025/05/16
SDII000503,SID0002,MID0020,246,2025/05/17
SDII000504,SID0002,MID0020,246,2025/05/18
SDII000505,SID0002,MID0020,246,2025/05/19
SDII000506,SID0002,MID0020,246,2025/05/20
SDII000507,SID0002,MID0020,246,2025/05/21
SDII000508,SID0002,MID0020,246,2025/05/22
SDII000509,SID0002,MID0020,233,2025/05/23
SDII000510,SID0002,MID0020,200,2025/05/24
SDII000511,SID0002,MID0020,400,2025/05/25
SDII000512,SID0002,MID0020,400,2025/05/26
SDII000513,SID0002,MID0020,397,2025/05/27
SDII000514,SID0002,MID0020,330,2025/05/28
SDII000515,SID0002,MID0020,330,2025/05/29
SDII000516,SID0002,MID0020,330,2025/05/30
SDII000517,SID0002,MID0020,330,2025/05/31
SDII000518,SID0002,MID0020,330,2025/06/01
SDII000519,SID0002,MID0020,330,2025/06/02
SDII000520,SID0002,MID0020,276,2025/06/03
SDII000521,SID0002,MID0020,275,2025/06/04
SDII000522,SID0002,MID0020,273,2025/06/05
SDII000523,SID0002,MID0020,220,2025/06/06
SDII000524,SID0002,MID0020,220,2025/06/07
SDII000525,SID0002,MID0020,220,2025/06/08
SDII000526,SID0002,MID0020,220,2025/06/09
SDII000527,SID0002,MID0020,220,2025/06/10
SDII000528,SID0002,MID0020,220,2025/06/11
SDII000529,SID0002,MID0020,220,2025/06/12
SDII000530,SID0002,MID0020,220,2025/06/13
SDII000531,SID0002,MID0020,220,2025/06/14
SDII000532,SID0002,MID0020,220,2025/06/15
SDII000533,SID0002,MID0020,220,2025/06/16
SDII000534,SID0002,MID0020,220,2025/06/17
SDII000535,SID0002,MID0020,220,2025/06/18
SDII000536,SID0002,MID0020,185,2025/06/19
SDII000537,SID0002,MID0020,161,2025/06/20
SDII000538,SID0002,MID0020,129,2025/06/21
SDII000539,SID0002,MID0020,256,2025/06/22
SDII000540,SID0002,MID0020,256,2025/06/23
SDII000541,SID0002,MID0020,238,2025/06/24
SDII000542,SID0002,MID0020,238,2025/06/25
SDII000543,SID0002,MID0020,238,2025/06/26
SDII000544,SID0002,MID0020,238,2025/06/27
SDII000545,SID0002,MID0020,238,2025/06/28
SDII000546,SID0002,MID0020,238,2025/06/29
SDII000547,SID0002,MID0020,238,2025/06/30
SDII000548,SID0002,MID0020,238,2025/07/01
SDII000549,SID0002,MID0020,238,2025/07/02
SDII000550,SID0002,MID0020,238,2025/07/03
SDII000551,SID0002,MID0020,238,2025/07/04
SDII000552,SID0002,MID0020,231,2025/07/05
SDII000553,SID0002,MID0020,231,2025/07/06
SDII000554,SID0002,MID0020,231,2025/07/07
SDII000555,SID0002,MID0020,400,2025/07/08
SDII000556,SID0002,MID0020,350,2025/07/09
SDII000557,SID0002,MID0020,328,2025/07/10
SDII000558,SID0002,MID0020,309,2025/07/11
SDII000559,SID0002,MID0020,309,2025/07/12
SDII000560,SID0002,MID0020,309,2025/07/13
SDII000561,SID0002,MID0020,309,2025/07/14
SDII000562,SID0002,MID0020,309,2025/07/15
SDII000563,SID0002,MID0020,309,2025/07/16
SDII000564,SID0002,MID0020,309,2025/07/17
SDII000565,SID0002,MID0020,309,2025/07/18
SDII000566,SID0002,MID0020,278,2025/07/19
SDII000567,SID0002,MID0020,458,2025/07/20
SDII000568,SID0002,MID0020,458,2025/07/21
SDII000569,SID0002,MID0020,419,2025/07/22
SDII000570,SID0002,MID0020,382,2025/07/23
SDII000571,SID0002,MID0020,355,2025/07/24
SDII000572,SID0002,MID0020,355,2025/07/25
SDII000573,SID0002,MID0020,355,2025/07/26
SDII000574,SID0002,MID0020,355,2025/07/27
SDII000575,SID0002,MID0020,355,2025/07/28
SDII000576,SID0002,MID0020,355,2025/07/29
SDII000577,SID0002,MID0020,355,2025/07/30
SDII000578,SID0002,MID0020,355,2025/07/31
SDII000579,SID0002,MID0020,355,2025/08/01
SDII000580,SID0002,MID0020,355,2025/08/02
SDII000581,SID0002,MID0020,355,2025/08/03
SDII000582,SID0002,MID0020,355,2025/08/04
SDII000583,SID0002,MID0020,269,2025/08/05
SDII000584,SID0002,MID0020,251,2025/08/06
SDII000585,SID0002,MID0020,221,2025/08/07
SDII000586,SID0002,MID0020,221,2025/08/08
SDII000587,SID0002,MID0020,221,2025/08/09
SDII000588,SID0002,MID0020,221,2025/08/10
SDII000589,SID0002,MID0020,221,2025/08/11
SDII000590,SID0002,MID0020,221,2025/08/12
SDII000591,SID0002,MID0020,221,2025/08/13
SDII000592,SID0002,MID0020,221,2025/08/14
SDII000593,SID0002,MID0020,221,2025/08/15
SDII000594,SID0002,MID0020,221,2025/08/16
SDII000595,SID0002,MID0020,221,2025/08/17
SDII000596,SID0002,MID0020,221,2025/08/18
SDII000597,SID0002,MID0020,221,2025/08/19
SDII000598,SID0002,MID0020,221,2025/08/20
SDII000599,SID0002,MID0020,221,2025/08/21
SDII000600,SID0002,MID0020,221,2025/08/22
SDII000601,SID0002,MID0020,421,2025/08/23
SDII000602,SID0002,MID0020,421,2025/08/24
SDII000603,SID0002,MID0020,421,2025/08/25
SDII000604,SID0002,MID0020,415,2025/08/26
SDII000605,SID0002,MID0020,405,2025/08/27
SDII000606,SID0002,MID0020,384,2025/08/28
SDII000607,SID0002,MID0020,335,2025/08/29
SDII000608,SID0002,MID0020,274,2025/08/30
SDII000609,SID0002,MID0020,274,2025/08/31
SDII000610,SID0002,MID0020,274,2025/09/01
SDII000611,SID0002,MID0020,274,2025/09/02
SDII000612,SID0002,MID0020,274,2025/09/03
SDII000613,SID0002,MID0020,274,2025/09/04
SDII000614,SID0002,MID0020,274,2025/09/05
SDII000615,SID0002,MID0020,274,2025/09/06
SDII000616,SID0002,MID0020,274,2025/09/07
SDII000617,SID0002,MID0020,608,2025/09/08
SDII000618,SID0002,MID0020,608,2025/09/09
SDII000619,SID0002,MID0020,598,2025/09/10
SDII000620,SID0002,MID0020,547,2025/09/11
SDII000621,SID0002,MID0020,489,2025/09/12
SDII000622,SID0002,MID0020,455,2025/09/13
SDII000623,SID0002,MID0020,455,2025/09/14
SDII000624,SID0002,MID0020,455,2025/09/15
SDII000625,SID0002,MID0020,455,2025/09/16
SDII000626,SID0002,MID0020,455,2025/09/17
SDII000627,SID0002,MID0020,455,2025/09/18
SDII000628,SID0002,MID0020,455,2025/09/19
SDII000629,SID0002,MID0020,455,2025/09/20
SDII000630,SID0002,MID0020,455,2025/09/21
SDII000631,SID0002,MID0020,455,2025/09/22
SDII000632,SID0002,MID0020,455,2025/09/23
SDII000633,SID0002,MID0020,455,2025/09/24
SDII000634,SID0002,MID0020,297,2025/09/25
SDII000635,SID0002,MID0020,282,2025/09/26
SDII000636,SID0002,MID0020,282,2025/09/27
SDII000637,SID0002,MID0020,282,2025/09/28
SDII000638,SID0002,MID0020,282,2025/09/29
SDII000639,SID0002,MID0020,282,2025/09/30
SDII000640,SID0002,MID0020,282,2025/10/01
SDII000641,SID0002,MID0020,282,2025/10/02
SDII000642,SID0002,MID0020,282,2025/10/03
SDII000643,SID0002,MID0020,282,2025/10/04
SDII000644,SID0002,MID0020,282,2025/10/05
SDII000645,SID0002,MID0020,282,2025/10/06
SDII000646,SID0002,MID0020,282,2025/10/07
SDII000647,SID0002,MID0020,282,2025/10/08
SDII000648,SID0002,MID0020,282,2025/10/09
SDII000649,SID0002,MID0020,649,2025/10/10
SDII000650,SID0002,MID0020,581,2025/10/11
SDII000651,SID0002,MID0020,581,2025/10/12
SDII000652,SID0002,MID0020,581,2025/10/13
SDII000653,SID0002,MID0020,529,2025/10/14
SDII000654,SID0002,MID0020,525,2025/10/15
SDII000655,SID0002,MID0020,525,2025/10/16
SDII000656,SID0002,MID0020,525,2025/10/17
SDII000657,SID0002,MID0020,525,2025/10/18
SDII000658,SID0002,MID0020,525,2025/10/19
SDII000659,SID0002,MID0020,525,2025/10/20
SDII000660,SID0002,MID0020,525,2025/10/21
SDII000661,SID0002,MID0020,525,2025/10/22
SDII000662,SID0002,MID0020,493,2025/10/23
SDII000663,SID0002,MID0020,463,2025/10/24
SDII000664,SID0002,MID0020,457,2025/10/25
SDII000665,SID0002,MID0020,457,2025/10/26
SDII000666,SID0002,MID0020,457,2025/10/27
SDII000667,SID0002,MID0020,398,2025/10/28
SDII000668,SID0002,MID0020,355,2025/10/29
SDII000669,SID0002,MID0020,355,2025/10/30
SDII000670,SID0002,MID0020,355,2025/10/31
SDII000671,SID0002,MID0020,355,2025/11/01
SDII000672,SID0002,MID0020,355,2025/11/02
SDII000673,SID0002,MID0020,355,2025/11/03
SDII000674,SID0002,MID0020,355,2025/11/04
SDII000675,SID0002,MID0020,355,2025/11/05
SDII000676,SID0002,MID0020,260,2025/11/06
SDII000677,SID0002,MID0020,250,2025/11/07
SDII000678,SID0002,MID0020,249,2025/11/08
SDII000679,SID0002,MID0020,249,2025/11/09
SDII000680,SID0002,MID0020,249,2025/11/10
SDII000681,SID0002,MID0020,217,2025/11/11
SDII000682,SID0002,MID0020,193,2025/11/12
SDII000683,SID0002,MID0020,193,2025/11/13
SDII000684,SID0002,MID0020,193,2025/11/14
SDII000685,SID0002,MID0020,193,2025/11/15
SDII000686,SID0002,MID0020,460,2025/11/16
SDII000687,SID0002,MID0020,460,2025/11/17
SDII000688,SID0002,MID0020,460,2025/11/18
SDII000689,SID0002,MID0020,460,2025/11/19
SDII000690,SID0002,MID0020,460,2025/11/20
SDII000691,SID0002,MID0020,460,2025/11/21
SDII000692,SID0002,MID0020,460,2025/11/22
SDII000693,SID0002,MID0020,460,2025/11/23
SDII000694,SID0002,MID0020,460,2025/11/24
SDII000695,SID0002,MID0020,431,2025/11/25
SDII000696,SID0002,MID0020,387,2025/11/26
SDII000697,SID0002,MID0020,344,2025/11/27
SDII000698,SID0002,MID0020,312,2025/11/28
SDII000699,SID0002,MID0020,312,2025/11/29
SDII000700,SID0002,MID0020,312,2025/11/30
SDII000701,SID0002,MID0020,312,2025/12/01
SDII000702,SID0002,MID0020,255,2025/12/02
SDII000703,SID0002,MID0020,204,2025/12/03
SDII000704,SID0002,MID0020,153,2025/12/04
SDII000705,SID0002,MID0020,153,2025/12/05
SDII000706,SID0002,MID0020,153,2025/12/06
SDII000707,SID0002,MID0020,153,2025/12/07
SDII000708,SID0002,MID0020,153,2025/12/08
SDII000709,SID0002,MID0020,153,2025/12/09
SDII000710,SID0002,MID0020,153,2025/12/10
SDII000711,SID0002,MID0020,153,2025/12/11
SDII000712,SID0002,MID0020,153,2025/12/12
SDII000713,SID0002,MID0020,420,2025/12/13
SDII000714,SID0002,MID0020,420,2025/12/14
SDII000715,SID0002,MID0020,420,2025/12/15
SDII000716,SID0002,MID0020,420,2025/12/16
SDII000717,SID0002,MID0020,420,2025/12/17
SDII000718,SID0002,MID0020,420,2025/12/18
SDII000719,SID0002,MID0020,420,2025/12/19
SDII000720,SID0002,MID0020,382,2025/12/20
SDII000721,SID0002,MID0020,382,2025/12/21
SDII000722,SID0002,MID0020,382,2025/12/22
SDII000723,SID0002,MID0020,353,2025/12/23
SDII000724,SID0002,MID0020,319,2025/12/24
SDII000725,SID0002,MID0020,288,2025/12/25
SDII000726,SID0002,MID0020,248,2025/12/26
SDII000727,SID0002,MID0020,248,2025/12/27
SDII000728,SID0002,MID0020,248,2025/12/28
SDII000729,SID0002,MID0020,248,2025/12/29
SDII000730,SID0002,MID0020,248,2025/12/30
SDII000731,SID0002,MID0020,248,2025/12/31
SDII000732,SID0002,MID0020,248,2026/01/01
SDII000733,SID0002,MID0025,147,2025/01/01
SDII000734,SID0002,MID0025,143,2025/01/02
SDII000735,SID0002,MID0025,124,2025/01/03
SDII000736,SID0002,MID0025,103,2025/01/04
SDII000737,SID0002,MID0025,103,2025/01/05
SDII000738,SID0002,MID0025,103,2025/01/06
SDII000739,SID0002,MID0025,79,2025/01/07
SDII000740,SID0002,MID0025,51,2025/01/08
SDII000741,SID0002,MID0025,24,2025/01/09
SDII000742,SID0002,MID0025,24,2025/01/10
SDII000743,SID0002,MID0025,24,2025/01/11
SDII000744,SID0002,MID0025,388,2025/01/12
SDII000745,SID0002,MID0025,388,2025/01/13
SDII000746,SID0002,MID0025,388,2025/01/14
SDII000747,SID0002,MID0025,388,2025/01/15
SDII000748,SID0002,MID0025,364,2025/01/16
SDII000749,SID0002,MID0025,351,2025/01/17
SDII000750,SID0002,MID0025,318,2025/01/18
SDII000751,SID0002,MID0025,318,2025/01/19
SDII000752,SID0002,MID0025,318,2025/01/20
SDII000753,SID0002,MID0025,318,2025/01/21
SDII000754,SID0002,MID0025,315,2025/01/22
SDII000755,SID0002,MID0025,284,2025/01/23
SDII000756,SID0002,MID0025,272,2025/01/24
SDII000757,SID0002,MID0025,240,2025/01/25
SDII000758,SID0002,MID0025,240,2025/01/26
SDII000759,SID0002,MID0025,240,2025/01/27
SDII000760,SID0002,MID0025,199,2025/01/28
SDII000761,SID0002,MID0025,189,2025/01/29
SDII000762,SID0002,MID0025,186,2025/01/30
SDII000763,SID0002,MID0025,169,2025/01/31
SDII000764,SID0002,MID0025,165,2025/02/01
SDII000765,SID0002,MID0025,347,2025/02/02
SDII000766,SID0002,MID0025,347,2025/02/03
SDII000767,SID0002,MID0025,340,2025/02/04
SDII000768,SID0002,MID0025,291,2025/02/05
SDII000769,SID0002,MID0025,258,2025/02/06
SDII000770,SID0002,MID0025,257,2025/02/07
SDII000771,SID0002,MID0025,257,2025/02/08
SDII000772,SID0002,MID0025,257,2025/02/09
SDII000773,SID0002,MID0025,257,2025/02/10
SDII000774,SID0002,MID0025,257,2025/02/11
SDII000775,SID0002,MID0025,257,2025/02/12
SDII000776,SID0002,MID0025,257,2025/02/13
SDII000777,SID0002,MID0025,229,2025/02/14
SDII000778,SID0002,MID0025,166,2025/02/15
SDII000779,SID0002,MID0025,166,2025/02/16
SDII000780,SID0002,MID0025,166,2025/02/17
SDII000781,SID0002,MID0025,139,2025/02/18
SDII000782,SID0002,MID0025,359,2025/02/19
SDII000783,SID0002,MID0025,341,2025/02/20
SDII000784,SID0002,MID0025,330,2025/02/21
SDII000785,SID0002,MID0025,330,2025/02/22
SDII000786,SID0002,MID0025,330,2025/02/23
SDII000787,SID0002,MID0025,330,2025/02/24
SDII000788,SID0002,MID0025,315,2025/02/25
SDII000789,SID0002,MID0025,301,2025/02/26
SDII000790,SID0002,MID0025,283,2025/02/27
SDII000791,SID0002,MID0025,268,2025/02/28
SDII000792,SID0002,MID0025,254,2025/03/01
SDII000793,SID0002,MID0025,254,2025/03/02
SDII000794,SID0002,MID0025,254,2025/03/03
SDII000795,SID0002,MID0025,249,2025/03/04
SDII000796,SID0002,MID0025,240,2025/03/05
SDII000797,SID0002,MID0025,219,2025/03/06
SDII000798,SID0002,MID0025,198,2025/03/07
SDII000799,SID0002,MID0025,179,2025/03/08
SDII000800,SID0002,MID0025,179,2025/03/09
SDII000801,SID0002,MID0025,361,2025/03/10
SDII000802,SID0002,MID0025,328,2025/03/11
SDII000803,SID0002,MID0025,314,2025/03/12
SDII000804,SID0002,MID0025,267,2025/03/13
SDII000805,SID0002,MID0025,267,2025/03/14
SDII000806,SID0002,MID0025,267,2025/03/15
SDII000807,SID0002,MID0025,267,2025/03/16
SDII000808,SID0002,MID0025,267,2025/03/17
SDII000809,SID0002,MID0025,267,2025/03/18
SDII000810,SID0002,MID0025,267,2025/03/19
SDII000811,SID0002,MID0025,226,2025/03/20
SDII000812,SID0002,MID0025,189,2025/03/21
SDII000813,SID0002,MID0025,189,2025/03/22
SDII000814,SID0002,MID0025,189,2025/03/23
SDII000815,SID0002,MID0025,371,2025/03/24
SDII000816,SID0002,MID0025,371,2025/03/25
SDII000817,SID0002,MID0025,355,2025/03/26
SDII000818,SID0002,MID0025,327,2025/03/27
SDII000819,SID0002,MID0025,321,2025/03/28
SDII000820,SID0002,MID0025,297,2025/03/29
SDII000821,SID0002,MID0025,297,2025/03/30
SDII000822,SID0002,MID0025,297,2025/03/31
SDII000823,SID0002,MID0025,297,2025/04/01
SDII000824,SID0002,MID0025,278,2025/04/02
SDII000825,SID0002,MID0025,254,2025/04/03
SDII000826,SID0002,MID0025,231,2025/04/04
SDII000827,SID0002,MID0025,218,2025/04/05
SDII000828,SID0002,MID0025,218,2025/04/06
SDII000829,SID0002,MID0025,218,2025/04/07
SDII000830,SID0002,MID0025,218,2025/04/08
SDII000831,SID0002,MID0025,179,2025/04/09
SDII000832,SID0002,MID0025,159,2025/04/10
SDII000833,SID0002,MID0025,333,2025/04/11
SDII000834,SID0002,MID0025,312,2025/04/12
SDII000835,SID0002,MID0025,312,2025/04/13
SDII000836,SID0002,MID0025,312,2025/04/14
SDII000837,SID0002,MID0025,303,2025/04/15
SDII000838,SID0002,MID0025,277,2025/04/16
SDII000839,SID0002,MID0025,234,2025/04/17
SDII000840,SID0002,MID0025,234,2025/04/18
SDII000841,SID0002,MID0025,234,2025/04/19
SDII000842,SID0002,MID0025,234,2025/04/20
SDII000843,SID0002,MID0025,234,2025/04/21
SDII000844,SID0002,MID0025,234,2025/04/22
SDII000845,SID0002,MID0025,234,2025/04/23
SDII000846,SID0002,MID0025,199,2025/04/24
SDII000847,SID0002,MID0025,349,2025/04/25
SDII000848,SID0002,MID0025,332,2025/04/26
SDII000849,SID0002,MID0025,332,2025/04/27
SDII000850,SID0002,MID0025,332,2025/04/28
SDII000851,SID0002,MID0025,332,2025/04/29
SDII000852,SID0002,MID0025,332,2025/04/30
SDII000853,SID0002,MID0025,283,2025/05/01
SDII000854,SID0002,MID0025,274,2025/05/02
SDII000855,SID0002,MID0025,248,2025/05/03
SDII000856,SID0002,MID0025,248,2025/05/04
SDII000857,SID0002,MID0025,248,2025/05/05
SDII000858,SID0002,MID0025,212,2025/05/06
SDII000859,SID0002,MID0025,163,2025/05/07
SDII000860,SID0002,MID0025,345,2025/05/08
SDII000861,SID0002,MID0025,345,2025/05/09
SDII000862,SID0002,MID0025,345,2025/05/10
SDII000863,SID0002,MID0025,345,2025/05/11
SDII000864,SID0002,MID0025,345,2025/05/12
SDII000865,SID0002,MID0025,316,2025/05/13
SDII000866,SID0002,MID0025,307,2025/05/14
SDII000867,SID0002,MID0025,279,2025/05/15
SDII000868,SID0002,MID0025,258,2025/05/16
SDII000869,SID0002,MID0025,258,2025/05/17
SDII000870,SID0002,MID0025,258,2025/05/18
SDII000871,SID0002,MID0025,258,2025/05/19
SDII000872,SID0002,MID0025,231,2025/05/20
SDII000873,SID0002,MID0025,213,2025/05/21
SDII000874,SID0002,MID0025,205,2025/05/22
SDII000875,SID0002,MID0025,186,2025/05/23
SDII000876,SID0002,MID0025,186,2025/05/24
SDII000877,SID0002,MID0025,186,2025/05/25
SDII000878,SID0002,MID0025,186,2025/05/26
SDII000879,SID0002,MID0025,181,2025/05/27
SDII000880,SID0002,MID0025,165,2025/05/28
SDII000881,SID0002,MID0025,162,2025/05/29
SDII000882,SID0002,MID0025,320,2025/05/30
SDII000883,SID0002,MID0025,296,2025/05/31
SDII000884,SID0002,MID0025,296,2025/06/01
SDII000885,SID0002,MID0025,296,2025/06/02
SDII000886,SID0002,MID0025,262,2025/06/03
SDII000887,SID0002,MID0025,238,2025/06/04
SDII000888,SID0002,MID0025,233,2025/06/05
SDII000889,SID0002,MID0025,229,2025/06/06
SDII000890,SID0002,MID0025,229,2025/06/07
SDII000891,SID0002,MID0025,229,2025/06/08
SDII000892,SID0002,MID0025,229,2025/06/09
SDII000893,SID0002,MID0025,229,2025/06/10
SDII000894,SID0002,MID0025,223,2025/06/11
SDII000895,SID0002,MID0025,195,2025/06/12
SDII000896,SID0002,MID0025,342,2025/06/13
SDII000897,SID0002,MID0025,333,2025/06/14
SDII000898,SID0002,MID0025,333,2025/06/15
SDII000899,SID0002,MID0025,333,2025/06/16
SDII000900,SID0002,MID0025,333,2025/06/17
SDII000901,SID0002,MID0025,317,2025/06/18
SDII000902,SID0002,MID0025,309,2025/06/19
SDII000903,SID0002,MID0025,268,2025/06/20
SDII000904,SID0002,MID0025,261,2025/06/21
SDII000905,SID0002,MID0025,261,2025/06/22
SDII000906,SID0002,MID0025,261,2025/06/23
SDII000907,SID0002,MID0025,261,2025/06/24
SDII000908,SID0002,MID0025,248,2025/06/25
SDII000909,SID0002,MID0025,229,2025/06/26
SDII000910,SID0002,MID0025,218,2025/06/27
SDII000911,SID0002,MID0025,194,2025/06/28
SDII000912,SID0002,MID0025,376,2025/06/29
SDII000913,SID0002,MID0025,376,2025/06/30
SDII000914,SID0002,MID0025,363,2025/07/01
SDII000915,SID0002,MID0025,344,2025/07/02
SDII000916,SID0002,MID0025,322,2025/07/03
SDII000917,SID0002,MID0025,307,2025/07/04
SDII000918,SID0002,MID0025,299,2025/07/05
SDII000919,SID0002,MID0025,299,2025/07/06
SDII000920,SID0002,MID0025,299,2025/07/07
SDII000921,SID0002,MID0025,297,2025/07/08
SDII000922,SID0002,MID0025,257,2025/07/09
SDII000923,SID0002,MID0025,236,2025/07/10
SDII000924,SID0002,MID0025,233,2025/07/11
SDII000925,SID0002,MID0025,225,2025/07/12
SDII000926,SID0002,MID0025,225,2025/07/13
SDII000927,SID0002,MID0025,225,2025/07/14
SDII000928,SID0002,MID0025,208,2025/07/15
SDII000929,SID0002,MID0025,194,2025/07/16
SDII000930,SID0002,MID0025,188,2025/07/17
SDII000931,SID0002,MID0025,165,2025/07/18
SDII000932,SID0002,MID0025,165,2025/07/19
SDII000933,SID0002,MID0025,165,2025/07/20
SDII000934,SID0002,MID0025,165,2025/07/21
SDII000935,SID0002,MID0025,325,2025/07/22
SDII000936,SID0002,MID0025,323,2025/07/23
SDII000937,SID0002,MID0025,306,2025/07/24
SDII000938,SID0002,MID0025,291,2025/07/25
SDII000939,SID0002,MID0025,274,2025/07/26
SDII000940,SID0002,MID0025,274,2025/07/27
SDII000941,SID0002,MID0025,274,2025/07/28
SDII000942,SID0002,MID0025,274,2025/07/29
SDII000943,SID0002,MID0025,267,2025/07/30
SDII000944,SID0002,MID0025,257,2025/07/31
SDII000945,SID0002,MID0025,236,2025/08/01
SDII000946,SID0002,MID0025,214,2025/08/02
SDII000947,SID0002,MID0025,214,2025/08/03
SDII000948,SID0002,MID0025,214,2025/08/04
SDII000949,SID0002,MID0025,187,2025/08/05
SDII000950,SID0002,MID0025,186,2025/08/06
SDII000951,SID0002,MID0025,181,2025/08/07
SDII000952,SID0002,MID0025,156,2025/08/08
SDII000953,SID0002,MID0025,156,2025/08/09
SDII000954,SID0002,MID0025,156,2025/08/10
SDII000955,SID0002,MID0025,156,2025/08/11
SDII000956,SID0002,MID0025,338,2025/08/12
SDII000957,SID0002,MID0025,336,2025/08/13
SDII000958,SID0002,MID0025,314,2025/08/14
SDII000959,SID0002,MID0025,279,2025/08/15
SDII000960,SID0002,MID0025,279,2025/08/16
SDII000961,SID0002,MID0025,279,2025/08/17
SDII000962,SID0002,MID0025,279,2025/08/18
SDII000963,SID0002,MID0025,279,2025/08/19
SDII000964,SID0002,MID0025,279,2025/08/20
SDII000965,SID0002,MID0025,260,2025/08/21
SDII000966,SID0002,MID0025,230,2025/08/22
SDII000967,SID0002,MID0025,219,2025/08/23
SDII000968,SID0002,MID0025,219,2025/08/24
SDII000969,SID0002,MID0025,219,2025/08/25
SDII000970,SID0002,MID0025,214,2025/08/26
SDII000971,SID0002,MID0025,194,2025/08/27
SDII000972,SID0002,MID0025,187,2025/08/28
SDII000973,SID0002,MID0025,155,2025/08/29
SDII000974,SID0002,MID0025,155,2025/08/30
SDII000975,SID0002,MID0025,155,2025/08/31
SDII000976,SID0002,MID0025,155,2025/09/01
SDII000977,SID0002,MID0025,155,2025/09/02
SDII000978,SID0002,MID0025,155,2025/09/03
SDII000979,SID0002,MID0025,321,2025/09/04
SDII000980,SID0002,MID0025,276,2025/09/05
SDII000981,SID0002,MID0025,276,2025/09/06
SDII000982,SID0002,MID0025,276,2025/09/07
SDII000983,SID0002,MID0025,276,2025/09/08
SDII000984,SID0002,MID0025,265,2025/09/09
SDII000985,SID0002,MID0025,243,2025/09/10
SDII000986,SID0002,MID0025,236,2025/09/11
SDII000987,SID0002,MID0025,220,2025/09/12
SDII000988,SID0002,MID0025,213,2025/09/13
SDII000989,SID0002,MID0025,213,2025/09/14
SDII000990,SID0002,MID0025,213,2025/09/15
SDII000991,SID0002,MID0025,175,2025/09/16
SDII000992,SID0002,MID0025,161,2025/09/17
SDII000993,SID0002,MID0025,154,2025/09/18
SDII000994,SID0002,MID0025,154,2025/09/19
SDII000995,SID0002,MID0025,276,2025/09/20
SDII000996,SID0002,MID0025,276,2025/09/21
SDII000997,SID0002,MID0025,276,2025/09/22
SDII000998,SID0002,MID0025,247,2025/09/23
SDII000999,SID0002,MID0025,240,2025/09/24
SDII001000,SID0002,MID0025,232,2025/09/25
SDII001001,SID0002,MID0025,215,2025/09/26
SDII001002,SID0002,MID0025,215,2025/09/27
SDII001003,SID0002,MID0025,215,2025/09/28
SDII001004,SID0002,MID0025,215,2025/09/29
SDII001005,SID0002,MID0025,215,2025/09/30
SDII001006,SID0002,MID0025,212,2025/10/01
SDII001007,SID0002,MID0025,153,2025/10/02
SDII001008,SID0002,MID0025,153,2025/10/03
SDII001009,SID0002,MID0025,153,2025/10/04
SDII001010,SID0002,MID0025,153,2025/10/05
SDII001011,SID0002,MID0025,153,2025/10/06
SDII001012,SID0002,MID0025,330,2025/10/07
SDII001013,SID0002,MID0025,306,2025/10/08
SDII001014,SID0002,MID0025,284,2025/10/09
SDII001015,SID0002,MID0025,277,2025/10/10
SDII001016,SID0002,MID0025,277,2025/10/11
SDII001017,SID0002,MID0025,277,2025/10/12
SDII001018,SID0002,MID0025,277,2025/10/13
SDII001019,SID0002,MID0025,277,2025/10/14
SDII001020,SID0002,MID0025,277,2025/10/15
SDII001021,SID0002,MID0025,256,2025/10/16
SDII001022,SID0002,MID0025,240,2025/10/17
SDII001023,SID0002,MID0025,219,2025/10/18
SDII001024,SID0002,MID0025,219,2025/10/19
SDII001025,SID0002,MID0025,219,2025/10/20
SDII001026,SID0002,MID0025,204,2025/10/21
SDII001027,SID0002,MID0025,184,2025/10/22
SDII001028,SID0002,MID0025,183,2025/10/23
SDII001029,SID0002,MID0025,159,2025/10/24
SDII001030,SID0002,MID0025,159,2025/10/25
SDII001031,SID0002,MID0025,159,2025/10/26
SDII001032,SID0002,MID0025,159,2025/10/27
SDII001033,SID0002,MID0025,154,2025/10/28
SDII001034,SID0002,MID0025,145,2025/10/29
SDII001035,SID0002,MID0025,296,2025/10/30
SDII001036,SID0002,MID0025,280,2025/10/31
SDII001037,SID0002,MID0025,280,2025/11/01
SDII001038,SID0002,MID0025,280,2025/11/02
SDII001039,SID0002,MID0025,280,2025/11/03
SDII001040,SID0002,MID0025,280,2025/11/04
SDII001041,SID0002,MID0025,280,2025/11/05
SDII001042,SID0002,MID0025,224,2025/11/06
SDII001043,SID0002,MID0025,218,2025/11/07
SDII001044,SID0002,MID0025,218,2025/11/08
SDII001045,SID0002,MID0025,218,2025/11/09
SDII001046,SID0002,MID0025,218,2025/11/10
SDII001047,SID0002,MID0025,199,2025/11/11
SDII001048,SID0002,MID0025,178,2025/11/12
SDII001049,SID0002,MID0025,164,2025/11/13
SDII001050,SID0002,MID0025,158,2025/11/14
SDII001051,SID0002,MID0025,158,2025/11/15
SDII001052,SID0002,MID0025,340,2025/11/16
SDII001053,SID0002,MID0025,340,2025/11/17
SDII001054,SID0002,MID0025,332,2025/11/18
SDII001055,SID0002,MID0025,309,2025/11/19
SDII001056,SID0002,MID0025,270,2025/11/20
SDII001057,SID0002,MID0025,270,2025/11/21
SDII001058,SID0002,MID0025,270,2025/11/22
SDII001059,SID0002,MID0025,270,2025/11/23
SDII001060,SID0002,MID0025,270,2025/11/24
SDII001061,SID0002,MID0025,270,2025/11/25
SDII001062,SID0002,MID0025,270,2025/11/26
SDII001063,SID0002,MID0025,253,2025/11/27
SDII001064,SID0002,MID0025,235,2025/11/28
SDII001065,SID0002,MID0025,209,2025/11/29
SDII001066,SID0002,MID0025,209,2025/11/30
SDII001067,SID0002,MID0025,209,2025/12/01
SDII001068,SID0002,MID0025,391,2025/12/02
SDII001069,SID0002,MID0025,391,2025/12/03
SDII001070,SID0002,MID0025,391,2025/12/04
SDII001071,SID0002,MID0025,355,2025/12/05
SDII001072,SID0002,MID0025,323,2025/12/06
SDII001073,SID0002,MID0025,323,2025/12/07
SDII001074,SID0002,MID0025,323,2025/12/08
SDII001075,SID0002,MID0025,323,2025/12/09
SDII001076,SID0002,MID0025,285,2025/12/10
SDII001077,SID0002,MID0025,275,2025/12/11
SDII001078,SID0002,MID0025,248,2025/12/12
SDII001079,SID0002,MID0025,248,2025/12/13
SDII001080,SID0002,MID0025,248,2025/12/14
SDII001081,SID0002,MID0025,248,2025/12/15
SDII001082,SID0002,MID0025,225,2025/12/16
SDII001083,SID0002,MID0025,220,2025/12/17
SDII001084,SID0002,MID0025,205,2025/12/18
SDII001085,SID0002,MID0025,187,2025/12/19
SDII001086,SID0002,MID0025,184,2025/12/20
SDII001087,SID0002,MID0025,184,2025/12/21
SDII001088,SID0002,MID0025,184,2025/12/22
SDII001089,SID0002,MID0025,334,2025/12/23
SDII001090,SID0002,MID0025,330,2025/12/24
SDII001091,SID0002,MID0025,301,2025/12/25
SDII001092,SID0002,MID0025,301,2025/12/26
SDII001093,SID0002,MID0025,301,2025/12/27
SDII001094,SID0002,MID0025,301,2025/12/28
SDII001095,SID0002,MID0025,301,2025/12/29
SDII001096,SID0002,MID0025,301,2025/12/30
SDII001097,SID0002,MID0025,282,2025/12/31
SDII001098,SID0002,MID0025,262,2026/01/01
SDII001099,SID0004,MID0007,433,2025/01/01
SDII001100,SID0004,MID0007,433,2025/01/02
SDII001101,SID0004,MID0007,415,2025/01/03
SDII001102,SID0004,MID0007,331,2025/01/04
SDII001103,SID0004,MID0007,331,2025/01/05
SDII001104,SID0004,MID0007,331,2025/01/06
SDII001105,SID0004,MID0007,331,2025/01/07
SDII001106,SID0004,MID0007,331,2025/01/08
SDII001107,SID0004,MID0007,331,2025/01/09
SDII001108,SID0004,MID0007,222,2025/01/10
SDII001109,SID0004,MID0007,154,2025/01/11
SDII001110,SID0004,MID0007,154,2025/01/12
SDII001111,SID0004,MID0007,154,2025/01/13
SDII001112,SID0004,MID0007,154,2025/01/14
SDII001113,SID0004,MID0007,129,2025/01/15
SDII001114,SID0004,MID0007,1076,2025/01/16
SDII001115,SID0004,MID0007,1016,2025/01/17
SDII001116,SID0004,MID0007,1016,2025/01/18
SDII001117,SID0004,MID0007,1016,2025/01/19
SDII001118,SID0004,MID0007,1016,2025/01/20
SDII001119,SID0004,MID0007,1001,2025/01/21
SDII001120,SID0004,MID0007,945,2025/01/22
SDII001121,SID0004,MID0007,899,2025/01/23
SDII001122,SID0004,MID0007,827,2025/01/24
SDII001123,SID0004,MID0007,827,2025/01/25
SDII001124,SID0004,MID0007,827,2025/01/26
SDII001125,SID0004,MID0007,827,2025/01/27
SDII001126,SID0004,MID0007,827,2025/01/28
SDII001127,SID0004,MID0007,747,2025/01/29
SDII001128,SID0004,MID0007,715,2025/01/30
SDII001129,SID0004,MID0007,692,2025/01/31
SDII001130,SID0004,MID0007,668,2025/02/01
SDII001131,SID0004,MID0007,668,2025/02/02
SDII001132,SID0004,MID0007,668,2025/02/03
SDII001133,SID0004,MID0007,630,2025/02/04
SDII001134,SID0004,MID0007,617,2025/02/05
SDII001135,SID0004,MID0007,589,2025/02/06
SDII001136,SID0004,MID0007,570,2025/02/07
SDII001137,SID0004,MID0007,1051,2025/02/08
SDII001138,SID0004,MID0007,1051,2025/02/09
SDII001139,SID0004,MID0007,1051,2025/02/10
SDII001140,SID0004,MID0007,987,2025/02/11
SDII001141,SID0004,MID0007,982,2025/02/12
SDII001142,SID0004,MID0007,969,2025/02/13
SDII001143,SID0004,MID0007,902,2025/02/14
SDII001144,SID0004,MID0007,902,2025/02/15
SDII001145,SID0004,MID0007,902,2025/02/16
SDII001146,SID0004,MID0007,902,2025/02/17
SDII001147,SID0004,MID0007,738,2025/02/18
SDII001148,SID0004,MID0007,735,2025/02/19
SDII001149,SID0004,MID0007,735,2025/02/20
SDII001150,SID0004,MID0007,735,2025/02/21
SDII001151,SID0004,MID0007,735,2025/02/22
SDII001152,SID0004,MID0007,735,2025/02/23
SDII001153,SID0004,MID0007,735,2025/02/24
SDII001154,SID0004,MID0007,685,2025/02/25
SDII001155,SID0004,MID0007,639,2025/02/26
SDII001156,SID0004,MID0007,599,2025/02/27
SDII001157,SID0004,MID0007,568,2025/02/28
SDII001158,SID0004,MID0007,568,2025/03/01
SDII001159,SID0004,MID0007,568,2025/03/02
SDII001160,SID0004,MID0007,568,2025/03/03
SDII001161,SID0004,MID0007,568,2025/03/04
SDII001162,SID0004,MID0007,1094,2025/03/05
SDII001163,SID0004,MID0007,1035,2025/03/06
SDII001164,SID0004,MID0007,1000,2025/03/07
SDII001165,SID0004,MID0007,968,2025/03/08
SDII001166,SID0004,MID0007,968,2025/03/09
SDII001167,SID0004,MID0007,968,2025/03/10
SDII001168,SID0004,MID0007,968,2025/03/11
SDII001169,SID0004,MID0007,968,2025/03/12
SDII001170,SID0004,MID0007,884,2025/03/13
SDII001171,SID0004,MID0007,818,2025/03/14
SDII001172,SID0004,MID0007,818,2025/03/15
SDII001173,SID0004,MID0007,818,2025/03/16
SDII001174,SID0004,MID0007,818,2025/03/17
SDII001175,SID0004,MID0007,804,2025/03/18
SDII001176,SID0004,MID0007,751,2025/03/19
SDII001177,SID0004,MID0007,686,2025/03/20
SDII001178,SID0004,MID0007,686,2025/03/21
SDII001179,SID0004,MID0007,686,2025/03/22
SDII001180,SID0004,MID0007,686,2025/03/23
SDII001181,SID0004,MID0007,686,2025/03/24
SDII001182,SID0004,MID0007,592,2025/03/25
SDII001183,SID0004,MID0007,530,2025/03/26
SDII001184,SID0004,MID0007,530,2025/03/27
SDII001185,SID0004,MID0007,530,2025/03/28
SDII001186,SID0004,MID0007,530,2025/03/29
SDII001187,SID0004,MID0007,530,2025/03/30
SDII001188,SID0004,MID0007,530,2025/03/31
SDII001189,SID0004,MID0007,530,2025/04/01
SDII001190,SID0004,MID0007,530,2025/04/02
SDII001191,SID0004,MID0007,462,2025/04/03
SDII001192,SID0004,MID0007,429,2025/04/04
SDII001193,SID0004,MID0007,386,2025/04/05
SDII001194,SID0004,MID0007,912,2025/04/06
SDII001195,SID0004,MID0007,912,2025/04/07
SDII001196,SID0004,MID0007,886,2025/04/08
SDII001197,SID0004,MID0007,861,2025/04/09
SDII001198,SID0004,MID0007,834,2025/04/10
SDII001199,SID0004,MID0007,802,2025/04/11
SDII001200,SID0004,MID0007,781,2025/04/12
SDII001201,SID0004,MID0007,781,2025/04/13
SDII001202,SID0004,MID0007,781,2025/04/14
SDII001203,SID0004,MID0007,746,2025/04/15
SDII001204,SID0004,MID0007,709,2025/04/16
SDII001205,SID0004,MID0007,685,2025/04/17
SDII001206,SID0004,MID0007,656,2025/04/18
SDII001207,SID0004,MID0007,637,2025/04/19
SDII001208,SID0004,MID0007,637,2025/04/20
SDII001209,SID0004,MID0007,637,2025/04/21
SDII001210,SID0004,MID0007,563,2025/04/22
SDII001211,SID0004,MID0007,545,2025/04/23
SDII001212,SID0004,MID0007,502,2025/04/24
SDII001213,SID0004,MID0007,502,2025/04/25
SDII001214,SID0004,MID0007,502,2025/04/26
SDII001215,SID0004,MID0007,502,2025/04/27
SDII001216,SID0004,MID0007,502,2025/04/28
SDII001217,SID0004,MID0007,502,2025/04/29
SDII001218,SID0004,MID0007,502,2025/04/30
SDII001219,SID0004,MID0007,401,2025/05/01
SDII001220,SID0004,MID0007,365,2025/05/02
SDII001221,SID0004,MID0007,365,2025/05/03
SDII001222,SID0004,MID0007,891,2025/05/04
SDII001223,SID0004,MID0007,891,2025/05/05
SDII001224,SID0004,MID0007,891,2025/05/06
SDII001225,SID0004,MID0007,853,2025/05/07
SDII001226,SID0004,MID0007,833,2025/05/08
SDII001227,SID0004,MID0007,832,2025/05/09
SDII001228,SID0004,MID0007,757,2025/05/10
SDII001229,SID0004,MID0007,757,2025/05/11
SDII001230,SID0004,MID0007,757,2025/05/12
SDII001231,SID0004,MID0007,757,2025/05/13
SDII001232,SID0004,MID0007,702,2025/05/14
SDII001233,SID0004,MID0007,638,2025/05/15
SDII001234,SID0004,MID0007,638,2025/05/16
SDII001235,SID0004,MID0007,638,2025/05/17
SDII001236,SID0004,MID0007,638,2025/05/18
SDII001237,SID0004,MID0007,638,2025/05/19
SDII001238,SID0004,MID0007,638,2025/05/20
SDII001239,SID0004,MID0007,608,2025/05/21
SDII001240,SID0004,MID0007,589,2025/05/22
SDII001241,SID0004,MID0007,558,2025/05/23
SDII001242,SID0004,MID0007,515,2025/05/24
SDII001243,SID0004,MID0007,515,2025/05/25
SDII001244,SID0004,MID0007,515,2025/05/26
SDII001245,SID0004,MID0007,515,2025/05/27
SDII001246,SID0004,MID0007,515,2025/05/28
SDII001247,SID0004,MID0007,503,2025/05/29
SDII001248,SID0004,MID0007,911,2025/05/30
SDII001249,SID0004,MID0007,911,2025/05/31
SDII001250,SID0004,MID0007,911,2025/06/01
SDII001251,SID0004,MID0007,911,2025/06/02
SDII001252,SID0004,MID0007,911,2025/06/03
SDII001253,SID0004,MID0007,911,2025/06/04
SDII001254,SID0004,MID0007,911,2025/06/05
SDII001255,SID0004,MID0007,856,2025/06/06
SDII001256,SID0004,MID0007,787,2025/06/07
SDII001257,SID0004,MID0007,787,2025/06/08
SDII001258,SID0004,MID0007,787,2025/06/09
SDII001259,SID0004,MID0007,787,2025/06/10
SDII001260,SID0004,MID0007,765,2025/06/11
SDII001261,SID0004,MID0007,637,2025/06/12
SDII001262,SID0004,MID0007,637,2025/06/13
SDII001263,SID0004,MID0007,637,2025/06/14
SDII001264,SID0004,MID0007,637,2025/06/15
SDII001265,SID0004,MID0007,637,2025/06/16
SDII001266,SID0004,MID0007,637,2025/06/17
SDII001267,SID0004,MID0007,567,2025/06/18
SDII001268,SID0004,MID0007,486,2025/06/19
SDII001269,SID0004,MID0007,486,2025/06/20
SDII001270,SID0004,MID0007,486,2025/06/21
SDII001271,SID0004,MID0007,486,2025/06/22
SDII001272,SID0004,MID0007,486,2025/06/23
SDII001273,SID0004,MID0007,486,2025/06/24
SDII001274,SID0004,MID0007,453,2025/06/25
SDII001275,SID0004,MID0007,393,2025/06/26
SDII001276,SID0004,MID0007,888,2025/06/27
SDII001277,SID0004,MID0007,888,2025/06/28
SDII001278,SID0004,MID0007,888,2025/06/29
SDII001279,SID0004,MID0007,888,2025/06/30
SDII001280,SID0004,MID0007,888,2025/07/01
SDII001281,SID0004,MID0007,831,2025/07/02
SDII001282,SID0004,MID0007,781,2025/07/03
SDII001283,SID0004,MID0007,759,2025/07/04
SDII001284,SID0004,MID0007,759,2025/07/05
SDII001285,SID0004,MID0007,759,2025/07/06
SDII001286,SID0004,MID0007,759,2025/07/07
SDII001287,SID0004,MID0007,759,2025/07/08
SDII001288,SID0004,MID0007,700,2025/07/09
SDII001289,SID0004,MID0007,674,2025/07/10
SDII001290,SID0004,MID0007,605,2025/07/11
SDII001291,SID0004,MID0007,605,2025/07/12
SDII001292,SID0004,MID0007,605,2025/07/13
SDII001293,SID0004,MID0007,605,2025/07/14
SDII001294,SID0004,MID0007,605,2025/07/15
SDII001295,SID0004,MID0007,555,2025/07/16
SDII001296,SID0004,MID0007,458,2025/07/17
SDII001297,SID0004,MID0007,984,2025/07/18
SDII001298,SID0004,MID0007,984,2025/07/19
SDII001299,SID0004,MID0007,984,2025/07/20
SDII001300,SID0004,MID0007,984,2025/07/21
SDII001301,SID0004,MID0007,963,2025/07/22
SDII001302,SID0004,MID0007,912,2025/07/23
SDII001303,SID0004,MID0007,897,2025/07/24
SDII001304,SID0004,MID0007,845,2025/07/25
SDII001305,SID0004,MID0007,845,2025/07/26
SDII001306,SID0004,MID0007,845,2025/07/27
SDII001307,SID0004,MID0007,845,2025/07/28
SDII001308,SID0004,MID0007,800,2025/07/29
SDII001309,SID0004,MID0007,788,2025/07/30
SDII001310,SID0004,MID0007,745,2025/07/31
SDII001311,SID0004,MID0007,719,2025/08/01
SDII001312,SID0004,MID0007,694,2025/08/02
SDII001313,SID0004,MID0007,694,2025/08/03
SDII001314,SID0004,MID0007,694,2025/08/04
SDII001315,SID0004,MID0007,694,2025/08/05
SDII001316,SID0004,MID0007,646,2025/08/06
SDII001317,SID0004,MID0007,625,2025/08/07
SDII001318,SID0004,MID0007,560,2025/08/08
SDII001319,SID0004,MID0007,531,2025/08/09
SDII001320,SID0004,MID0007,531,2025/08/10
SDII001321,SID0004,MID0007,531,2025/08/11
SDII001322,SID0004,MID0007,531,2025/08/12
SDII001323,SID0004,MID0007,531,2025/08/13
SDII001324,SID0004,MID0007,1057,2025/08/14
SDII001325,SID0004,MID0007,961,2025/08/15
SDII001326,SID0004,MID0007,910,2025/08/16
SDII001327,SID0004,MID0007,910,2025/08/17
SDII001328,SID0004,MID0007,910,2025/08/18
SDII001329,SID0004,MID0007,910,2025/08/19
SDII001330,SID0004,MID0007,910,2025/08/20
SDII001331,SID0004,MID0007,835,2025/08/21
SDII001332,SID0004,MID0007,760,2025/08/22
SDII001333,SID0004,MID0007,760,2025/08/23
SDII001334,SID0004,MID0007,760,2025/08/24
SDII001335,SID0004,MID0007,760,2025/08/25
SDII001336,SID0004,MID0007,749,2025/08/26
SDII001337,SID0004,MID0007,744,2025/08/27
SDII001338,SID0004,MID0007,742,2025/08/28
SDII001339,SID0004,MID0007,682,2025/08/29
SDII001340,SID0004,MID0007,607,2025/08/30
SDII001341,SID0004,MID0007,1133,2025/08/31
SDII001342,SID0004,MID0007,1133,2025/09/01
SDII001343,SID0004,MID0007,1133,2025/09/02
SDII001344,SID0004,MID0007,1133,2025/09/03
SDII001345,SID0004,MID0007,1029,2025/09/04
SDII001346,SID0004,MID0007,941,2025/09/05
SDII001347,SID0004,MID0007,941,2025/09/06
SDII001348,SID0004,MID0007,941,2025/09/07
SDII001349,SID0004,MID0007,941,2025/09/08
SDII001350,SID0004,MID0007,941,2025/09/09
SDII001351,SID0004,MID0007,941,2025/09/10
SDII001352,SID0004,MID0007,845,2025/09/11
SDII001353,SID0004,MID0007,784,2025/09/12
SDII001354,SID0004,MID0007,784,2025/09/13
SDII001355,SID0004,MID0007,784,2025/09/14
SDII001356,SID0004,MID0007,784,2025/09/15
SDII001357,SID0004,MID0007,671,2025/09/16
SDII001358,SID0004,MID0007,596,2025/09/17
SDII001359,SID0004,MID0007,596,2025/09/18
SDII001360,SID0004,MID0007,596,2025/09/19
SDII001361,SID0004,MID0007,596,2025/09/20
SDII001362,SID0004,MID0007,596,2025/09/21
SDII001363,SID0004,MID0007,596,2025/09/22
SDII001364,SID0004,MID0007,596,2025/09/23
SDII001365,SID0004,MID0007,531,2025/09/24
SDII001366,SID0004,MID0007,500,2025/09/25
SDII001367,SID0004,MID0007,1268,2025/09/26
SDII001368,SID0004,MID0007,1207,2025/09/27
SDII001369,SID0004,MID0007,1207,2025/09/28
SDII001370,SID0004,MID0007,1207,2025/09/29
SDII001371,SID0004,MID0007,1207,2025/09/30
SDII001372,SID0004,MID0007,1207,2025/10/01
SDII001373,SID0004,MID0007,1207,2025/10/02
SDII001374,SID0004,MID0007,1103,2025/10/03
SDII001375,SID0004,MID0007,1049,2025/10/04
SDII001376,SID0004,MID0007,1049,2025/10/05
SDII001377,SID0004,MID0007,1049,2025/10/06
SDII001378,SID0004,MID0007,1024,2025/10/07
SDII001379,SID0004,MID0007,1014,2025/10/08
SDII001380,SID0004,MID0007,983,2025/10/09
SDII001381,SID0004,MID0007,870,2025/10/10
SDII001382,SID0004,MID0007,870,2025/10/11
SDII001383,SID0004,MID0007,870,2025/10/12
SDII001384,SID0004,MID0007,870,2025/10/13
SDII001385,SID0004,MID0007,807,2025/10/14
SDII001386,SID0004,MID0007,713,2025/10/15
SDII001387,SID0004,MID0007,689,2025/10/16
SDII001388,SID0004,MID0007,680,2025/10/17
SDII001389,SID0004,MID0007,1199,2025/10/18
SDII001390,SID0004,MID0007,1199,2025/10/19
SDII001391,SID0004,MID0007,1199,2025/10/20
SDII001392,SID0004,MID0007,1157,2025/10/21
SDII001393,SID0004,MID0007,1138,2025/10/22
SDII001394,SID0004,MID0007,1108,2025/10/23
SDII001395,SID0004,MID0007,1033,2025/10/24
SDII001396,SID0004,MID0007,1008,2025/10/25
SDII001397,SID0004,MID0007,1008,2025/10/26
SDII001398,SID0004,MID0007,1008,2025/10/27
SDII001399,SID0004,MID0007,915,2025/10/28
SDII001400,SID0004,MID0007,909,2025/10/29
SDII001401,SID0004,MID0007,829,2025/10/30
SDII001402,SID0004,MID0007,829,2025/10/31
SDII001403,SID0004,MID0007,829,2025/11/01
SDII001404,SID0004,MID0007,829,2025/11/02
SDII001405,SID0004,MID0007,829,2025/11/03
SDII001406,SID0004,MID0007,829,2025/11/04
SDII001407,SID0004,MID0007,800,2025/11/05
SDII001408,SID0004,MID0007,722,2025/11/06
SDII001409,SID0004,MID0007,645,2025/11/07
SDII001410,SID0004,MID0007,645,2025/11/08
SDII001411,SID0004,MID0007,645,2025/11/09
SDII001412,SID0004,MID0007,645,2025/11/10
SDII001413,SID0004,MID0007,645,2025/11/11
SDII001414,SID0004,MID0007,645,2025/11/12
SDII001415,SID0004,MID0007,590,2025/11/13
SDII001416,SID0004,MID0007,1095,2025/11/14
SDII001417,SID0004,MID0007,1000,2025/11/15
SDII001418,SID0004,MID0007,1000,2025/11/16
SDII001419,SID0004,MID0007,1000,2025/11/17
SDII001420,SID0004,MID0007,943,2025/11/18
SDII001421,SID0004,MID0007,863,2025/11/19
SDII001422,SID0004,MID0007,852,2025/11/20
SDII001423,SID0004,MID0007,818,2025/11/21
SDII001424,SID0004,MID0007,817,2025/11/22
SDII001425,SID0004,MID0007,817,2025/11/23
SDII001426,SID0004,MID0007,817,2025/11/24
SDII001427,SID0004,MID0007,817,2025/11/25
SDII001428,SID0004,MID0007,817,2025/11/26
SDII001429,SID0004,MID0007,782,2025/11/27
SDII001430,SID0004,MID0007,685,2025/11/28
SDII001431,SID0004,MID0007,614,2025/11/29
SDII001432,SID0004,MID0007,1140,2025/11/30
SDII001433,SID0004,MID0007,1140,2025/12/01
SDII001434,SID0004,MID0007,1051,2025/12/02
SDII001435,SID0004,MID0007,971,2025/12/03
SDII001436,SID0004,MID0007,971,2025/12/04
SDII001437,SID0004,MID0007,971,2025/12/05
SDII001438,SID0004,MID0007,971,2025/12/06
SDII001439,SID0004,MID0007,971,2025/12/07
SDII001440,SID0004,MID0007,971,2025/12/08
SDII001441,SID0004,MID0007,926,2025/12/09
SDII001442,SID0004,MID0007,917,2025/12/10
SDII001443,SID0004,MID0007,873,2025/12/11
SDII001444,SID0004,MID0007,853,2025/12/12
SDII001445,SID0004,MID0007,787,2025/12/13
SDII001446,SID0004,MID0007,787,2025/12/14
SDII001447,SID0004,MID0007,787,2025/12/15
SDII001448,SID0004,MID0007,728,2025/12/16
SDII001449,SID0004,MID0007,712,2025/12/17
SDII001450,SID0004,MID0007,700,2025/12/18
SDII001451,SID0004,MID0007,678,2025/12/19
SDII001452,SID0004,MID0007,625,2025/12/20
SDII001453,SID0004,MID0007,625,2025/12/21
SDII001454,SID0004,MID0007,625,2025/12/22
SDII001455,SID0004,MID0007,553,2025/12/23
SDII001456,SID0004,MID0007,548,2025/12/24
SDII001457,SID0004,MID0007,445,2025/12/25
SDII001458,SID0004,MID0007,926,2025/12/26
SDII001459,SID0004,MID0007,920,2025/12/27
SDII001460,SID0004,MID0007,920,2025/12/28
SDII001461,SID0004,MID0007,920,2025/12/29
SDII001462,SID0004,MID0007,920,2025/12/30
SDII001463,SID0004,MID0007,820,2025/12/31
SDII001464,SID0004,MID0007,808,2026/01/01
SDII001465,SID0004,MID0020,175,2025/01/01
SDII001466,SID0004,MID0020,157,2025/01/02
SDII001467,SID0004,MID0020,107,2025/01/03
SDII001468,SID0004,MID0020,107,2025/01/04
SDII001469,SID0004,MID0020,107,2025/01/05
SDII001470,SID0004,MID0020,107,2025/01/06
SDII001471,SID0004,MID0020,80,2025/01/07
SDII001472,SID0004,MID0020,29,2025/01/08
SDII001473,SID0004,MID0020,0,2025/01/09
SDII001474,SID0004,MID0020,0,2025/01/10
SDII001475,SID0004,MID0020,0,2025/01/11
SDII001476,SID0004,MID0020,324,2025/01/12
SDII001477,SID0004,MID0020,324,2025/01/13
SDII001478,SID0004,MID0020,265,2025/01/14
SDII001479,SID0004,MID0020,262,2025/01/15
SDII001480,SID0004,MID0020,254,2025/01/16
SDII001481,SID0004,MID0020,230,2025/01/17
SDII001482,SID0004,MID0020,230,2025/01/18
SDII001483,SID0004,MID0020,230,2025/01/19
SDII001484,SID0004,MID0020,392,2025/01/20
SDII001485,SID0004,MID0020,369,2025/01/21
SDII001486,SID0004,MID0020,295,2025/01/22
SDII001487,SID0004,MID0020,295,2025/01/23
SDII001488,SID0004,MID0020,295,2025/01/24
SDII001489,SID0004,MID0020,295,2025/01/25
SDII001490,SID0004,MID0020,295,2025/01/26
SDII001491,SID0004,MID0020,295,2025/01/27
SDII001492,SID0004,MID0020,260,2025/01/28
SDII001493,SID0004,MID0020,225,2025/01/29
SDII001494,SID0004,MID0020,201,2025/01/30
SDII001495,SID0004,MID0020,193,2025/01/31
SDII001496,SID0004,MID0020,345,2025/02/01
SDII001497,SID0004,MID0020,345,2025/02/02
SDII001498,SID0004,MID0020,345,2025/02/03
SDII001499,SID0004,MID0020,345,2025/02/04
SDII001500,SID0004,MID0020,345,2025/02/05
SDII001501,SID0004,MID0020,250,2025/02/06
SDII001502,SID0004,MID0020,236,2025/02/07
SDII001503,SID0004,MID0020,236,2025/02/08
SDII001504,SID0004,MID0020,236,2025/02/09
SDII001505,SID0004,MID0020,236,2025/02/10
SDII001506,SID0004,MID0020,479,2025/02/11
SDII001507,SID0004,MID0020,443,2025/02/12
SDII001508,SID0004,MID0020,366,2025/02/13
SDII001509,SID0004,MID0020,366,2025/02/14
SDII001510,SID0004,MID0020,366,2025/02/15
SDII001511,SID0004,MID0020,366,2025/02/16
SDII001512,SID0004,MID0020,366,2025/02/17
SDII001513,SID0004,MID0020,363,2025/02/18
SDII001514,SID0004,MID0020,351,2025/02/19
SDII001515,SID0004,MID0020,334,2025/02/20
SDII001516,SID0004,MID0020,297,2025/02/21
SDII001517,SID0004,MID0020,271,2025/02/22
SDII001518,SID0004,MID0020,271,2025/02/23
SDII001519,SID0004,MID0020,271,2025/02/24
SDII001520,SID0004,MID0020,271,2025/02/25
SDII001521,SID0004,MID0020,249,2025/02/26
SDII001522,SID0004,MID0020,220,2025/02/27
SDII001523,SID0004,MID0020,193,2025/02/28
SDII001524,SID0004,MID0020,167,2025/03/01
SDII001525,SID0004,MID0020,329,2025/03/02
SDII001526,SID0004,MID0020,329,2025/03/03
SDII001527,SID0004,MID0020,303,2025/03/04
SDII001528,SID0004,MID0020,265,2025/03/05
SDII001529,SID0004,MID0020,242,2025/03/06
SDII001530,SID0004,MID0020,241,2025/03/07
SDII001531,SID0004,MID0020,241,2025/03/08
SDII001532,SID0004,MID0020,241,2025/03/09
SDII001533,SID0004,MID0020,241,2025/03/10
SDII001534,SID0004,MID0020,203,2025/03/11
SDII001535,SID0004,MID0020,191,2025/03/12
SDII001536,SID0004,MID0020,316,2025/03/13
SDII001537,SID0004,MID0020,296,2025/03/14
SDII001538,SID0004,MID0020,296,2025/03/15
SDII001539,SID0004,MID0020,296,2025/03/16
SDII001540,SID0004,MID0020,296,2025/03/17
SDII001541,SID0004,MID0020,288,2025/03/18
SDII001542,SID0004,MID0020,249,2025/03/19
SDII001543,SID0004,MID0020,230,2025/03/20
SDII001544,SID0004,MID0020,211,2025/03/21
SDII001545,SID0004,MID0020,193,2025/03/22
SDII001546,SID0004,MID0020,355,2025/03/23
SDII001547,SID0004,MID0020,355,2025/03/24
SDII001548,SID0004,MID0020,320,2025/03/25
SDII001549,SID0004,MID0020,285,2025/03/26
SDII001550,SID0004,MID0020,263,2025/03/27
SDII001551,SID0004,MID0020,263,2025/03/28
SDII001552,SID0004,MID0020,263,2025/03/29
SDII001553,SID0004,MID0020,263,2025/03/30
SDII001554,SID0004,MID0020,263,2025/03/31
SDII001555,SID0004,MID0020,263,2025/04/01
SDII001556,SID0004,MID0020,263,2025/04/02
SDII001557,SID0004,MID0020,263,2025/04/03
SDII001558,SID0004,MID0020,219,2025/04/04
SDII001559,SID0004,MID0020,168,2025/04/05
SDII001560,SID0004,MID0020,168,2025/04/06
SDII001561,SID0004,MID0020,168,2025/04/07
SDII001562,SID0004,MID0020,168,2025/04/08
SDII001563,SID0004,MID0020,168,2025/04/09
SDII001564,SID0004,MID0020,168,2025/04/10
SDII001565,SID0004,MID0020,114,2025/04/11
SDII001566,SID0004,MID0020,223,2025/04/12
SDII001567,SID0004,MID0020,223,2025/04/13
SDII001568,SID0004,MID0020,223,2025/04/14
SDII001569,SID0004,MID0020,198,2025/04/15
SDII001570,SID0004,MID0020,173,2025/04/16
SDII001571,SID0004,MID0020,170,2025/04/17
SDII001572,SID0004,MID0020,164,2025/04/18
SDII001573,SID0004,MID0020,141,2025/04/19
SDII001574,SID0004,MID0020,141,2025/04/20
SDII001575,SID0004,MID0020,303,2025/04/21
SDII001576,SID0004,MID0020,279,2025/04/22
SDII001577,SID0004,MID0020,268,2025/04/23
SDII001578,SID0004,MID0020,261,2025/04/24
SDII001579,SID0004,MID0020,236,2025/04/25
SDII001580,SID0004,MID0020,219,2025/04/26
SDII001581,SID0004,MID0020,219,2025/04/27
SDII001582,SID0004,MID0020,219,2025/04/28
SDII001583,SID0004,MID0020,197,2025/04/29
SDII001584,SID0004,MID0020,344,2025/04/30
SDII001585,SID0004,MID0020,341,2025/05/01
SDII001586,SID0004,MID0020,327,2025/05/02
SDII001587,SID0004,MID0020,298,2025/05/03
SDII001588,SID0004,MID0020,298,2025/05/04
SDII001589,SID0004,MID0020,298,2025/05/05
SDII001590,SID0004,MID0020,298,2025/05/06
SDII001591,SID0004,MID0020,298,2025/05/07
SDII001592,SID0004,MID0020,298,2025/05/08
SDII001593,SID0004,MID0020,258,2025/05/09
SDII001594,SID0004,MID0020,214,2025/05/10
SDII001595,SID0004,MID0020,214,2025/05/11
SDII001596,SID0004,MID0020,214,2025/05/12
SDII001597,SID0004,MID0020,275,2025/05/13
SDII001598,SID0004,MID0020,253,2025/05/14
SDII001599,SID0004,MID0020,233,2025/05/15
SDII001600,SID0004,MID0020,213,2025/05/16
SDII001601,SID0004,MID0020,213,2025/05/17
SDII001602,SID0004,MID0020,213,2025/05/18
SDII001603,SID0004,MID0020,213,2025/05/19
SDII001604,SID0004,MID0020,213,2025/05/20
SDII001605,SID0004,MID0020,195,2025/05/21
SDII001606,SID0004,MID0020,245,2025/05/22
SDII001607,SID0004,MID0020,223,2025/05/23
SDII001608,SID0004,MID0020,220,2025/05/24
SDII001609,SID0004,MID0020,220,2025/05/25
SDII001610,SID0004,MID0020,220,2025/05/26
SDII001611,SID0004,MID0020,218,2025/05/27
SDII001612,SID0004,MID0020,191,2025/05/28
SDII001613,SID0004,MID0020,190,2025/05/29
SDII001614,SID0004,MID0020,174,2025/05/30
SDII001615,SID0004,MID0020,147,2025/05/31
SDII001616,SID0004,MID0020,147,2025/06/01
SDII001617,SID0004,MID0020,147,2025/06/02
SDII001618,SID0004,MID0020,309,2025/06/03
SDII001619,SID0004,MID0020,290,2025/06/04
SDII001620,SID0004,MID0020,232,2025/06/05
SDII001621,SID0004,MID0020,232,2025/06/06
SDII001622,SID0004,MID0020,232,2025/06/07
SDII001623,SID0004,MID0020,232,2025/06/08
SDII001624,SID0004,MID0020,232,2025/06/09
SDII001625,SID0004,MID0020,232,2025/06/10
SDII001626,SID0004,MID0020,297,2025/06/11
SDII001627,SID0004,MID0020,275,2025/06/12
SDII001628,SID0004,MID0020,246,2025/06/13
SDII001629,SID0004,MID0020,231,2025/06/14
SDII001630,SID0004,MID0020,231,2025/06/15
SDII001631,SID0004,MID0020,231,2025/06/16
SDII001632,SID0004,MID0020,231,2025/06/17
SDII001633,SID0004,MID0020,209,2025/06/18
SDII001634,SID0004,MID0020,191,2025/06/19
SDII001635,SID0004,MID0020,178,2025/06/20
SDII001636,SID0004,MID0020,162,2025/06/21
SDII001637,SID0004,MID0020,162,2025/06/22
SDII001638,SID0004,MID0020,162,2025/06/23
SDII001639,SID0004,MID0020,305,2025/06/24
SDII001640,SID0004,MID0020,289,2025/06/25
SDII001641,SID0004,MID0020,266,2025/06/26
SDII001642,SID0004,MID0020,260,2025/06/27
SDII001643,SID0004,MID0020,239,2025/06/28
SDII001644,SID0004,MID0020,239,2025/06/29
SDII001645,SID0004,MID0020,239,2025/06/30
SDII001646,SID0004,MID0020,216,2025/07/01
SDII001647,SID0004,MID0020,209,2025/07/02
SDII001648,SID0004,MID0020,200,2025/07/03
SDII001649,SID0004,MID0020,184,2025/07/04
SDII001650,SID0004,MID0020,164,2025/07/05
SDII001651,SID0004,MID0020,164,2025/07/06
SDII001652,SID0004,MID0020,164,2025/07/07
SDII001653,SID0004,MID0020,218,2025/07/08
SDII001654,SID0004,MID0020,171,2025/07/09
SDII001655,SID0004,MID0020,171,2025/07/10
SDII001656,SID0004,MID0020,171,2025/07/11
SDII001657,SID0004,MID0020,171,2025/07/12
SDII001658,SID0004,MID0020,252,2025/07/13
SDII001659,SID0004,MID0020,252,2025/07/14
SDII001660,SID0004,MID0020,252,2025/07/15
SDII001661,SID0004,MID0020,228,2025/07/16
SDII001662,SID0004,MID0020,183,2025/07/17
SDII001663,SID0004,MID0020,178,2025/07/18
SDII001664,SID0004,MID0020,178,2025/07/19
SDII001665,SID0004,MID0020,178,2025/07/20
SDII001666,SID0004,MID0020,178,2025/07/21
SDII001667,SID0004,MID0020,340,2025/07/22
SDII001668,SID0004,MID0020,300,2025/07/23
SDII001669,SID0004,MID0020,274,2025/07/24
SDII001670,SID0004,MID0020,258,2025/07/25
SDII001671,SID0004,MID0020,258,2025/07/26
SDII001672,SID0004,MID0020,258,2025/07/27
SDII001673,SID0004,MID0020,258,2025/07/28
SDII001674,SID0004,MID0020,248,2025/07/29
SDII001675,SID0004,MID0020,239,2025/07/30
SDII001676,SID0004,MID0020,176,2025/07/31
SDII001677,SID0004,MID0020,176,2025/08/01
SDII001678,SID0004,MID0020,176,2025/08/02
SDII001679,SID0004,MID0020,176,2025/08/03
SDII001680,SID0004,MID0020,176,2025/08/04
SDII001681,SID0004,MID0020,338,2025/08/05
SDII001682,SID0004,MID0020,338,2025/08/06
SDII001683,SID0004,MID0020,284,2025/08/07
SDII001684,SID0004,MID0020,281,2025/08/08
SDII001685,SID0004,MID0020,261,2025/08/09
SDII001686,SID0004,MID0020,261,2025/08/10
SDII001687,SID0004,MID0020,261,2025/08/11
SDII001688,SID0004,MID0020,246,2025/08/12
SDII001689,SID0004,MID0020,230,2025/08/13
SDII001690,SID0004,MID0020,211,2025/08/14
SDII001691,SID0004,MID0020,187,2025/08/15
SDII001692,SID0004,MID0020,181,2025/08/16
SDII001693,SID0004,MID0020,181,2025/08/17
SDII001694,SID0004,MID0020,181,2025/08/18
SDII001695,SID0004,MID0020,159,2025/08/19
SDII001696,SID0004,MID0020,315,2025/08/20
SDII001697,SID0004,MID0020,307,2025/08/21
SDII001698,SID0004,MID0020,276,2025/08/22
SDII001699,SID0004,MID0020,264,2025/08/23
SDII001700,SID0004,MID0020,264,2025/08/24
SDII001701,SID0004,MID0020,264,2025/08/25
SDII001702,SID0004,MID0020,264,2025/08/26
SDII001703,SID0004,MID0020,221,2025/08/27
SDII001704,SID0004,MID0020,203,2025/08/28
SDII001705,SID0004,MID0020,189,2025/08/29
SDII001706,SID0004,MID0020,189,2025/08/30
SDII001707,SID0004,MID0020,189,2025/08/31
SDII001708,SID0004,MID0020,189,2025/09/01
SDII001709,SID0004,MID0020,327,2025/09/02
SDII001710,SID0004,MID0020,304,2025/09/03
SDII001711,SID0004,MID0020,283,2025/09/04
SDII001712,SID0004,MID0020,276,2025/09/05
SDII001713,SID0004,MID0020,276,2025/09/06
SDII001714,SID0004,MID0020,276,2025/09/07
SDII001715,SID0004,MID0020,276,2025/09/08
SDII001716,SID0004,MID0020,257,2025/09/09
SDII001717,SID0004,MID0020,240,2025/09/10
SDII001718,SID0004,MID0020,235,2025/09/11
SDII001719,SID0004,MID0020,222,2025/09/12
SDII001720,SID0004,MID0020,202,2025/09/13
SDII001721,SID0004,MID0020,202,2025/09/14
SDII001722,SID0004,MID0020,354,2025/09/15
SDII001723,SID0004,MID0020,345,2025/09/16
SDII001724,SID0004,MID0020,334,2025/09/17
SDII001725,SID0004,MID0020,309,2025/09/18
SDII001726,SID0004,MID0020,290,2025/09/19
SDII001727,SID0004,MID0020,279,2025/09/20
SDII001728,SID0004,MID0020,279,2025/09/21
SDII001729,SID0004,MID0020,279,2025/09/22
SDII001730,SID0004,MID0020,279,2025/09/23
SDII001731,SID0004,MID0020,261,2025/09/24
SDII001732,SID0004,MID0020,256,2025/09/25
SDII001733,SID0004,MID0020,236,2025/09/26
SDII001734,SID0004,MID0020,203,2025/09/27
SDII001735,SID0004,MID0020,203,2025/09/28
SDII001736,SID0004,MID0020,203,2025/09/29
SDII001737,SID0004,MID0020,183,2025/09/30
SDII001738,SID0004,MID0020,169,2025/10/01
SDII001739,SID0004,MID0020,310,2025/10/02
SDII001740,SID0004,MID0020,298,2025/10/03
SDII001741,SID0004,MID0020,278,2025/10/04
SDII001742,SID0004,MID0020,278,2025/10/05
SDII001743,SID0004,MID0020,278,2025/10/06
SDII001744,SID0004,MID0020,240,2025/10/07
SDII001745,SID0004,MID0020,235,2025/10/08
SDII001746,SID0004,MID0020,382,2025/10/09
SDII001747,SID0004,MID0020,350,2025/10/10
SDII001748,SID0004,MID0020,342,2025/10/11
SDII001749,SID0004,MID0020,342,2025/10/12
SDII001750,SID0004,MID0020,342,2025/10/13
SDII001751,SID0004,MID0020,342,2025/10/14
SDII001752,SID0004,MID0020,342,2025/10/15
SDII001753,SID0004,MID0020,342,2025/10/16
SDII001754,SID0004,MID0020,255,2025/10/17
SDII001755,SID0004,MID0020,245,2025/10/18
SDII001756,SID0004,MID0020,245,2025/10/19
SDII001757,SID0004,MID0020,245,2025/10/20
SDII001758,SID0004,MID0020,245,2025/10/21
SDII001759,SID0004,MID0020,245,2025/10/22
SDII001760,SID0004,MID0020,230,2025/10/23
SDII001761,SID0004,MID0020,214,2025/10/24
SDII001762,SID0004,MID0020,151,2025/10/25
SDII001763,SID0004,MID0020,394,2025/10/26
SDII001764,SID0004,MID0020,394,2025/10/27
SDII001765,SID0004,MID0020,394,2025/10/28
SDII001766,SID0004,MID0020,358,2025/10/29
SDII001767,SID0004,MID0020,311,2025/10/30
SDII001768,SID0004,MID0020,311,2025/10/31
SDII001769,SID0004,MID0020,311,2025/11/01
SDII001770,SID0004,MID0020,311,2025/11/02
SDII001771,SID0004,MID0020,311,2025/11/03
SDII001772,SID0004,MID0020,305,2025/11/04
SDII001773,SID0004,MID0020,258,2025/11/05
SDII001774,SID0004,MID0020,220,2025/11/06
SDII001775,SID0004,MID0020,220,2025/11/07
SDII001776,SID0004,MID0020,220,2025/11/08
SDII001777,SID0004,MID0020,220,2025/11/09
SDII001778,SID0004,MID0020,220,2025/11/10
SDII001779,SID0004,MID0020,220,2025/11/11
SDII001780,SID0004,MID0020,217,2025/11/12
SDII001781,SID0004,MID0020,188,2025/11/13
SDII001782,SID0004,MID0020,150,2025/11/14
SDII001783,SID0004,MID0020,194,2025/11/15
SDII001784,SID0004,MID0020,194,2025/11/16
SDII001785,SID0004,MID0020,194,2025/11/17
SDII001786,SID0004,MID0020,347,2025/11/18
SDII001787,SID0004,MID0020,327,2025/11/19
SDII001788,SID0004,MID0020,317,2025/11/20
SDII001789,SID0004,MID0020,291,2025/11/21
SDII001790,SID0004,MID0020,269,2025/11/22
SDII001791,SID0004,MID0020,269,2025/11/23
SDII001792,SID0004,MID0020,269,2025/11/24
SDII001793,SID0004,MID0020,222,2025/11/25
SDII001794,SID0004,MID0020,182,2025/11/26
SDII001795,SID0004,MID0020,170,2025/11/27
SDII001796,SID0004,MID0020,170,2025/11/28
SDII001797,SID0004,MID0020,332,2025/11/29
SDII001798,SID0004,MID0020,332,2025/11/30
SDII001799,SID0004,MID0020,332,2025/12/01
SDII001800,SID0004,MID0020,332,2025/12/02
SDII001801,SID0004,MID0020,332,2025/12/03
SDII001802,SID0004,MID0020,332,2025/12/04
SDII001803,SID0004,MID0020,290,2025/12/05
SDII001804,SID0004,MID0020,224,2025/12/06
SDII001805,SID0004,MID0020,224,2025/12/07
SDII001806,SID0004,MID0020,224,2025/12/08
SDII001807,SID0004,MID0020,185,2025/12/09
SDII001808,SID0004,MID0020,165,2025/12/10
SDII001809,SID0004,MID0020,134,2025/12/11
SDII001810,SID0004,MID0020,121,2025/12/12
SDII001811,SID0004,MID0020,121,2025/12/13
SDII001812,SID0004,MID0020,283,2025/12/14
SDII001813,SID0004,MID0020,283,2025/12/15
SDII001814,SID0004,MID0020,283,2025/12/16
SDII001815,SID0004,MID0020,283,2025/12/17
SDII001816,SID0004,MID0020,421,2025/12/18
SDII001817,SID0004,MID0020,385,2025/12/19
SDII001818,SID0004,MID0020,352,2025/12/20
SDII001819,SID0004,MID0020,352,2025/12/21
SDII001820,SID0004,MID0020,352,2025/12/22
SDII001821,SID0004,MID0020,352,2025/12/23
SDII001822,SID0004,MID0020,330,2025/12/24
SDII001823,SID0004,MID0020,294,2025/12/25
SDII001824,SID0004,MID0020,272,2025/12/26
SDII001825,SID0004,MID0020,246,2025/12/27
SDII001826,SID0004,MID0020,246,2025/12/28
SDII001827,SID0004,MID0020,474,2025/12/29
SDII001828,SID0004,MID0020,442,2025/12/30
SDII001829,SID0004,MID0020,408,2025/12/31
SDII001830,SID0004,MID0020,408,2026/01/01
SDII001831,SID0006,MID0010,168,2025/01/01
SDII001832,SID0006,MID0010,150,2025/01/02
SDII001833,SID0006,MID0010,110,2025/01/03
SDII001834,SID0006,MID0010,110,2025/01/04
SDII001835,SID0006,MID0010,282,2025/01/05
SDII001836,SID0006,MID0010,454,2025/01/06
SDII001837,SID0006,MID0010,447,2025/01/07
SDII001838,SID0006,MID0010,430,2025/01/08
SDII001839,SID0006,MID0010,412,2025/01/09
SDII001840,SID0006,MID0010,344,2025/01/10
SDII001841,SID0006,MID0010,344,2025/01/11
SDII001842,SID0006,MID0010,344,2025/01/12
SDII001843,SID0006,MID0010,344,2025/01/13
SDII001844,SID0006,MID0010,324,2025/01/14
SDII001845,SID0006,MID0010,293,2025/01/15
SDII001846,SID0006,MID0010,273,2025/01/16
SDII001847,SID0006,MID0010,250,2025/01/17
SDII001848,SID0006,MID0010,238,2025/01/18
SDII001849,SID0006,MID0010,238,2025/01/19
SDII001850,SID0006,MID0010,238,2025/01/20
SDII001851,SID0006,MID0010,207,2025/01/21
SDII001852,SID0006,MID0010,184,2025/01/22
SDII001853,SID0006,MID0010,346,2025/01/23
SDII001854,SID0006,MID0010,332,2025/01/24
SDII001855,SID0006,MID0010,302,2025/01/25
SDII001856,SID0006,MID0010,302,2025/01/26
SDII001857,SID0006,MID0010,302,2025/01/27
SDII001858,SID0006,MID0010,280,2025/01/28
SDII001859,SID0006,MID0010,238,2025/01/29
SDII001860,SID0006,MID0010,189,2025/01/30
SDII001861,SID0006,MID0010,189,2025/01/31
SDII001862,SID0006,MID0010,189,2025/02/01
SDII001863,SID0006,MID0010,189,2025/02/02
SDII001864,SID0006,MID0010,189,2025/02/03
SDII001865,SID0006,MID0010,188,2025/02/04
SDII001866,SID0006,MID0010,154,2025/02/05
SDII001867,SID0006,MID0010,294,2025/02/06
SDII001868,SID0006,MID0010,284,2025/02/07
SDII001869,SID0006,MID0010,240,2025/02/08
SDII001870,SID0006,MID0010,412,2025/02/09
SDII001871,SID0006,MID0010,412,2025/02/10
SDII001872,SID0006,MID0010,376,2025/02/11
SDII001873,SID0006,MID0010,360,2025/02/12
SDII001874,SID0006,MID0010,316,2025/02/13
SDII001875,SID0006,MID0010,298,2025/02/14
SDII001876,SID0006,MID0010,286,2025/02/15
SDII001877,SID0006,MID0010,286,2025/02/16
SDII001878,SID0006,MID0010,286,2025/02/17
SDII001879,SID0006,MID0010,266,2025/02/18
SDII001880,SID0006,MID0010,253,2025/02/19
SDII001881,SID0006,MID0010,230,2025/02/20
SDII001882,SID0006,MID0010,207,2025/02/21
SDII001883,SID0006,MID0010,183,2025/02/22
SDII001884,SID0006,MID0010,183,2025/02/23
SDII001885,SID0006,MID0010,355,2025/02/24
SDII001886,SID0006,MID0010,342,2025/02/25
SDII001887,SID0006,MID0010,307,2025/02/26
SDII001888,SID0006,MID0010,292,2025/02/27
SDII001889,SID0006,MID0010,266,2025/02/28
SDII001890,SID0006,MID0010,233,2025/03/01
SDII001891,SID0006,MID0010,233,2025/03/02
SDII001892,SID0006,MID0010,233,2025/03/03
SDII001893,SID0006,MID0010,386,2025/03/04
SDII001894,SID0006,MID0010,317,2025/03/05
SDII001895,SID0006,MID0010,276,2025/03/06
SDII001896,SID0006,MID0010,276,2025/03/07
SDII001897,SID0006,MID0010,276,2025/03/08
SDII001898,SID0006,MID0010,276,2025/03/09
SDII001899,SID0006,MID0010,276,2025/03/10
SDII001900,SID0006,MID0010,276,2025/03/11
SDII001901,SID0006,MID0010,276,2025/03/12
SDII001902,SID0006,MID0010,211,2025/03/13
SDII001903,SID0006,MID0010,334,2025/03/14
SDII001904,SID0006,MID0010,334,2025/03/15
SDII001905,SID0006,MID0010,334,2025/03/16
SDII001906,SID0006,MID0010,334,2025/03/17
SDII001907,SID0006,MID0010,334,2025/03/18
SDII001908,SID0006,MID0010,282,2025/03/19
SDII001909,SID0006,MID0010,218,2025/03/20
SDII001910,SID0006,MID0010,218,2025/03/21
SDII001911,SID0006,MID0010,218,2025/03/22
SDII001912,SID0006,MID0010,218,2025/03/23
SDII001913,SID0006,MID0010,218,2025/03/24
SDII001914,SID0006,MID0010,159,2025/03/25
SDII001915,SID0006,MID0010,132,2025/03/26
SDII001916,SID0006,MID0010,262,2025/03/27
SDII001917,SID0006,MID0010,262,2025/03/28
SDII001918,SID0006,MID0010,262,2025/03/29
SDII001919,SID0006,MID0010,262,2025/03/30
SDII001920,SID0006,MID0010,262,2025/03/31
SDII001921,SID0006,MID0010,253,2025/04/01
SDII001922,SID0006,MID0010,213,2025/04/02
SDII001923,SID0006,MID0010,180,2025/04/03
SDII001924,SID0006,MID0010,319,2025/04/04
SDII001925,SID0006,MID0010,297,2025/04/05
SDII001926,SID0006,MID0010,297,2025/04/06
SDII001927,SID0006,MID0010,297,2025/04/07
SDII001928,SID0006,MID0010,297,2025/04/08
SDII001929,SID0006,MID0010,297,2025/04/09
SDII001930,SID0006,MID0010,267,2025/04/10
SDII001931,SID0006,MID0010,213,2025/04/11
SDII001932,SID0006,MID0010,348,2025/04/12
SDII001933,SID0006,MID0010,348,2025/04/13
SDII001934,SID0006,MID0010,348,2025/04/14
SDII001935,SID0006,MID0010,320,2025/04/15
SDII001936,SID0006,MID0010,309,2025/04/16
SDII001937,SID0006,MID0010,266,2025/04/17
SDII001938,SID0006,MID0010,243,2025/04/18
SDII001939,SID0006,MID0010,198,2025/04/19
SDII001940,SID0006,MID0010,198,2025/04/20
SDII001941,SID0006,MID0010,198,2025/04/21
SDII001942,SID0006,MID0010,198,2025/04/22
SDII001943,SID0006,MID0010,283,2025/04/23
SDII001944,SID0006,MID0010,229,2025/04/24
SDII001945,SID0006,MID0010,229,2025/04/25
SDII001946,SID0006,MID0010,229,2025/04/26
SDII001947,SID0006,MID0010,229,2025/04/27
SDII001948,SID0006,MID0010,229,2025/04/28
SDII001949,SID0006,MID0010,146,2025/04/29
SDII001950,SID0006,MID0010,283,2025/04/30
SDII001951,SID0006,MID0010,252,2025/05/01
SDII001952,SID0006,MID0010,424,2025/05/02
SDII001953,SID0006,MID0010,424,2025/05/03
SDII001954,SID0006,MID0010,424,2025/05/04
SDII001955,SID0006,MID0010,424,2025/05/05
SDII001956,SID0006,MID0010,322,2025/05/06
SDII001957,SID0006,MID0010,284,2025/05/07
SDII001958,SID0006,MID0010,284,2025/05/08
SDII001959,SID0006,MID0010,284,2025/05/09
SDII001960,SID0006,MID0010,284,2025/05/10
SDII001961,SID0006,MID0010,284,2025/05/11
SDII001962,SID0006,MID0010,284,2025/05/12
SDII001963,SID0006,MID0010,456,2025/05/13
SDII001964,SID0006,MID0010,456,2025/05/14
SDII001965,SID0006,MID0010,355,2025/05/15
SDII001966,SID0006,MID0010,298,2025/05/16
SDII001967,SID0006,MID0010,298,2025/05/17
SDII001968,SID0006,MID0010,298,2025/05/18
SDII001969,SID0006,MID0010,298,2025/05/19
SDII001970,SID0006,MID0010,298,2025/05/20
SDII001971,SID0006,MID0010,210,2025/05/21
SDII001972,SID0006,MID0010,204,2025/05/22
SDII001973,SID0006,MID0010,328,2025/05/23
SDII001974,SID0006,MID0010,328,2025/05/24
SDII001975,SID0006,MID0010,328,2025/05/25
SDII001976,SID0006,MID0010,328,2025/05/26
SDII001977,SID0006,MID0010,328,2025/05/27
SDII001978,SID0006,MID0010,328,2025/05/28
SDII001979,SID0006,MID0010,251,2025/05/29
SDII001980,SID0006,MID0010,178,2025/05/30
SDII001981,SID0006,MID0010,178,2025/05/31
SDII001982,SID0006,MID0010,350,2025/06/01
SDII001983,SID0006,MID0010,350,2025/06/02
SDII001984,SID0006,MID0010,309,2025/06/03
SDII001985,SID0006,MID0010,282,2025/06/04
SDII001986,SID0006,MID0010,279,2025/06/05
SDII001987,SID0006,MID0010,394,2025/06/06
SDII001988,SID0006,MID0010,371,2025/06/07
SDII001989,SID0006,MID0010,371,2025/06/08
SDII001990,SID0006,MID0010,371,2025/06/09
SDII001991,SID0006,MID0010,296,2025/06/10
SDII001992,SID0006,MID0010,230,2025/06/11
SDII001993,SID0006,MID0010,230,2025/06/12
SDII001994,SID0006,MID0010,230,2025/06/13
SDII001995,SID0006,MID0010,230,2025/06/14
SDII001996,SID0006,MID0010,230,2025/06/15
SDII001997,SID0006,MID0010,230,2025/06/16
SDII001998,SID0006,MID0010,230,2025/06/17
SDII001999,SID0006,MID0010,230,2025/06/18
SDII002000,SID0006,MID0010,141,2025/06/19
SDII002001,SID0006,MID0010,95,2025/06/20
SDII002002,SID0006,MID0010,257,2025/06/21
SDII002003,SID0006,MID0010,257,2025/06/22
SDII002004,SID0006,MID0010,429,2025/06/23
SDII002005,SID0006,MID0010,428,2025/06/24
SDII002006,SID0006,MID0010,409,2025/06/25
SDII002007,SID0006,MID0010,357,2025/06/26
SDII002008,SID0006,MID0010,308,2025/06/27
SDII002009,SID0006,MID0010,272,2025/06/28
SDII002010,SID0006,MID0010,272,2025/06/29
SDII002011,SID0006,MID0010,272,2025/06/30
SDII002012,SID0006,MID0010,228,2025/07/01
SDII002013,SID0006,MID0010,361,2025/07/02
SDII002014,SID0006,MID0010,335,2025/07/03
SDII002015,SID0006,MID0010,307,2025/07/04
SDII002016,SID0006,MID0010,297,2025/07/05
SDII002017,SID0006,MID0010,297,2025/07/06
SDII002018,SID0006,MID0010,297,2025/07/07
SDII002019,SID0006,MID0010,260,2025/07/08
SDII002020,SID0006,MID0010,427,2025/07/09
SDII002021,SID0006,MID0010,388,2025/07/10
SDII002022,SID0006,MID0010,345,2025/07/11
SDII002023,SID0006,MID0010,331,2025/07/12
SDII002024,SID0006,MID0010,331,2025/07/13
SDII002025,SID0006,MID0010,331,2025/07/14
SDII002026,SID0006,MID0010,237,2025/07/15
SDII002027,SID0006,MID0010,188,2025/07/16
SDII002028,SID0006,MID0010,181,2025/07/17
SDII002029,SID0006,MID0010,181,2025/07/18
SDII002030,SID0006,MID0010,181,2025/07/19
SDII002031,SID0006,MID0010,181,2025/07/20
SDII002032,SID0006,MID0010,181,2025/07/21
SDII002033,SID0006,MID0010,160,2025/07/22
SDII002034,SID0006,MID0010,149,2025/07/23
SDII002035,SID0006,MID0010,58,2025/07/24
SDII002036,SID0006,MID0010,58,2025/07/25
SDII002037,SID0006,MID0010,230,2025/07/26
SDII002038,SID0006,MID0010,402,2025/07/27
SDII002039,SID0006,MID0010,402,2025/07/28
SDII002040,SID0006,MID0010,567,2025/07/29
SDII002041,SID0006,MID0010,529,2025/07/30
SDII002042,SID0006,MID0010,519,2025/07/31
SDII002043,SID0006,MID0010,485,2025/08/01
SDII002044,SID0006,MID0010,446,2025/08/02
SDII002045,SID0006,MID0010,446,2025/08/03
SDII002046,SID0006,MID0010,446,2025/08/04
SDII002047,SID0006,MID0010,446,2025/08/05
SDII002048,SID0006,MID0010,355,2025/08/06
SDII002049,SID0006,MID0010,330,2025/08/07
SDII002050,SID0006,MID0010,322,2025/08/08
SDII002051,SID0006,MID0010,314,2025/08/09
SDII002052,SID0006,MID0010,314,2025/08/10
SDII002053,SID0006,MID0010,314,2025/08/11
SDII002054,SID0006,MID0010,314,2025/08/12
SDII002055,SID0006,MID0010,314,2025/08/13
SDII002056,SID0006,MID0010,203,2025/08/14
SDII002057,SID0006,MID0010,195,2025/08/15
SDII002058,SID0006,MID0010,195,2025/08/16
SDII002059,SID0006,MID0010,195,2025/08/17
SDII002060,SID0006,MID0010,195,2025/08/18
SDII002061,SID0006,MID0010,187,2025/08/19
SDII002062,SID0006,MID0010,164,2025/08/20
SDII002063,SID0006,MID0010,134,2025/08/21
SDII002064,SID0006,MID0010,80,2025/08/22
SDII002065,SID0006,MID0010,411,2025/08/23
SDII002066,SID0006,MID0010,411,2025/08/24
SDII002067,SID0006,MID0010,411,2025/08/25
SDII002068,SID0006,MID0010,411,2025/08/26
SDII002069,SID0006,MID0010,411,2025/08/27
SDII002070,SID0006,MID0010,411,2025/08/28
SDII002071,SID0006,MID0010,297,2025/08/29
SDII002072,SID0006,MID0010,284,2025/08/30
SDII002073,SID0006,MID0010,284,2025/08/31
SDII002074,SID0006,MID0010,284,2025/09/01
SDII002075,SID0006,MID0010,284,2025/09/02
SDII002076,SID0006,MID0010,218,2025/09/03
SDII002077,SID0006,MID0010,210,2025/09/04
SDII002078,SID0006,MID0010,188,2025/09/05
SDII002079,SID0006,MID0010,330,2025/09/06
SDII002080,SID0006,MID0010,330,2025/09/07
SDII002081,SID0006,MID0010,330,2025/09/08
SDII002082,SID0006,MID0010,330,2025/09/09
SDII002083,SID0006,MID0010,284,2025/09/10
SDII002084,SID0006,MID0010,273,2025/09/11
SDII002085,SID0006,MID0010,251,2025/09/12
SDII002086,SID0006,MID0010,206,2025/09/13
SDII002087,SID0006,MID0010,378,2025/09/14
SDII002088,SID0006,MID0010,378,2025/09/15
SDII002089,SID0006,MID0010,378,2025/09/16
SDII002090,SID0006,MID0010,372,2025/09/17
SDII002091,SID0006,MID0010,328,2025/09/18
SDII002092,SID0006,MID0010,285,2025/09/19
SDII002093,SID0006,MID0010,249,2025/09/20
SDII002094,SID0006,MID0010,249,2025/09/21
SDII002095,SID0006,MID0010,249,2025/09/22
SDII002096,SID0006,MID0010,215,2025/09/23
SDII002097,SID0006,MID0010,137,2025/09/24
SDII002098,SID0006,MID0010,131,2025/09/25
SDII002099,SID0006,MID0010,121,2025/09/26
SDII002100,SID0006,MID0010,293,2025/09/27
SDII002101,SID0006,MID0010,293,2025/09/28
SDII002102,SID0006,MID0010,293,2025/09/29
SDII002103,SID0006,MID0010,274,2025/09/30
SDII002104,SID0006,MID0010,229,2025/10/01
SDII002105,SID0006,MID0010,201,2025/10/02
SDII002106,SID0006,MID0010,177,2025/10/03
SDII002107,SID0006,MID0010,177,2025/10/04
SDII002108,SID0006,MID0010,177,2025/10/05
SDII002109,SID0006,MID0010,177,2025/10/06
SDII002110,SID0006,MID0010,168,2025/10/07
SDII002111,SID0006,MID0010,158,2025/10/08
SDII002112,SID0006,MID0010,144,2025/10/09
SDII002113,SID0006,MID0010,102,2025/10/10
SDII002114,SID0006,MID0010,244,2025/10/11
SDII002115,SID0006,MID0010,244,2025/10/12
SDII002116,SID0006,MID0010,416,2025/10/13
SDII002117,SID0006,MID0010,416,2025/10/14
SDII002118,SID0006,MID0010,352,2025/10/15
SDII002119,SID0006,MID0010,310,2025/10/16
SDII002120,SID0006,MID0010,310,2025/10/17
SDII002121,SID0006,MID0010,310,2025/10/18
SDII002122,SID0006,MID0010,310,2025/10/19
SDII002123,SID0006,MID0010,310,2025/10/20
SDII002124,SID0006,MID0010,310,2025/10/21
SDII002125,SID0006,MID0010,310,2025/10/22
SDII002126,SID0006,MID0010,310,2025/10/23
SDII002127,SID0006,MID0010,202,2025/10/24
SDII002128,SID0006,MID0010,197,2025/10/25
SDII002129,SID0006,MID0010,197,2025/10/26
SDII002130,SID0006,MID0010,197,2025/10/27
SDII002131,SID0006,MID0010,189,2025/10/28
SDII002132,SID0006,MID0010,525,2025/10/29
SDII002133,SID0006,MID0010,471,2025/10/30
SDII002134,SID0006,MID0010,439,2025/10/31
SDII002135,SID0006,MID0010,423,2025/11/01
SDII002136,SID0006,MID0010,423,2025/11/02
SDII002137,SID0006,MID0010,423,2025/11/03
SDII002138,SID0006,MID0010,423,2025/11/04
SDII002139,SID0006,MID0010,367,2025/11/05
SDII002140,SID0006,MID0010,353,2025/11/06
SDII002141,SID0006,MID0010,329,2025/11/07
SDII002142,SID0006,MID0010,313,2025/11/08
SDII002143,SID0006,MID0010,313,2025/11/09
SDII002144,SID0006,MID0010,313,2025/11/10
SDII002145,SID0006,MID0010,268,2025/11/11
SDII002146,SID0006,MID0010,227,2025/11/12
SDII002147,SID0006,MID0010,222,2025/11/13
SDII002148,SID0006,MID0010,222,2025/11/14
SDII002149,SID0006,MID0010,222,2025/11/15
SDII002150,SID0006,MID0010,222,2025/11/16
SDII002151,SID0006,MID0010,394,2025/11/17
SDII002152,SID0006,MID0010,371,2025/11/18
SDII002153,SID0006,MID0010,355,2025/11/19
SDII002154,SID0006,MID0010,332,2025/11/20
SDII002155,SID0006,MID0010,300,2025/11/21
SDII002156,SID0006,MID0010,300,2025/11/22
SDII002157,SID0006,MID0010,300,2025/11/23
SDII002158,SID0006,MID0010,300,2025/11/24
SDII002159,SID0006,MID0010,263,2025/11/25
SDII002160,SID0006,MID0010,239,2025/11/26
SDII002161,SID0006,MID0010,209,2025/11/27
SDII002162,SID0006,MID0010,189,2025/11/28
SDII002163,SID0006,MID0010,189,2025/11/29
SDII002164,SID0006,MID0010,189,2025/11/30
SDII002165,SID0006,MID0010,189,2025/12/01
SDII002166,SID0006,MID0010,174,2025/12/02
SDII002167,SID0006,MID0010,133,2025/12/03
SDII002168,SID0006,MID0010,123,2025/12/04
SDII002169,SID0006,MID0010,119,2025/12/05
SDII002170,SID0006,MID0010,255,2025/12/06
SDII002171,SID0006,MID0010,255,2025/12/07
SDII002172,SID0006,MID0010,255,2025/12/08
SDII002173,SID0006,MID0010,236,2025/12/09
SDII002174,SID0006,MID0010,213,2025/12/10
SDII002175,SID0006,MID0010,203,2025/12/11
SDII002176,SID0006,MID0010,177,2025/12/12
SDII002177,SID0006,MID0010,149,2025/12/13
SDII002178,SID0006,MID0010,149,2025/12/14
SDII002179,SID0006,MID0010,321,2025/12/15
SDII002180,SID0006,MID0010,265,2025/12/16
SDII002181,SID0006,MID0010,209,2025/12/17
SDII002182,SID0006,MID0010,209,2025/12/18
SDII002183,SID0006,MID0010,209,2025/12/19
SDII002184,SID0006,MID0010,209,2025/12/20
SDII002185,SID0006,MID0010,209,2025/12/21
SDII002186,SID0006,MID0010,381,2025/12/22
SDII002187,SID0006,MID0010,354,2025/12/23
SDII002188,SID0006,MID0010,332,2025/12/24
SDII002189,SID0006,MID0010,319,2025/12/25
SDII002190,SID0006,MID0010,295,2025/12/26
SDII002191,SID0006,MID0010,286,2025/12/27
SDII002192,SID0006,MID0010,286,2025/12/28
SDII002193,SID0006,MID0010,286,2025/12/29
SDII002194,SID0006,MID0010,258,2025/12/30
SDII002195,SID0006,MID0010,228,2025/12/31
SDII002196,SID0006,MID0010,228,2026/01/01
SDII002197,SID0006,MID0020,581,2025/01/01
SDII002198,SID0006,MID0020,515,2025/01/02
SDII002199,SID0006,MID0020,456,2025/01/03
SDII002200,SID0006,MID0020,456,2025/01/04
SDII002201,SID0006,MID0020,456,2025/01/05
SDII002202,SID0006,MID0020,456,2025/01/06
SDII002203,SID0006,MID0020,456,2025/01/07
SDII002204,SID0006,MID0020,456,2025/01/08
SDII002205,SID0006,MID0020,456,2025/01/09
SDII002206,SID0006,MID0020,249,2025/01/10
SDII002207,SID0006,MID0020,227,2025/01/11
SDII002208,SID0006,MID0020,227,2025/01/12
SDII002209,SID0006,MID0020,227,2025/01/13
SDII002210,SID0006,MID0020,1167,2025/01/14
SDII002211,SID0006,MID0020,1167,2025/01/15
SDII002212,SID0006,MID0020,1028,2025/01/16
SDII002213,SID0006,MID0020,940,2025/01/17
SDII002214,SID0006,MID0020,940,2025/01/18
SDII002215,SID0006,MID0020,940,2025/01/19
SDII002216,SID0006,MID0020,940,2025/01/20
SDII002217,SID0006,MID0020,940,2025/01/21
SDII002218,SID0006,MID0020,882,2025/01/22
SDII002219,SID0006,MID0020,829,2025/01/23
SDII002220,SID0006,MID0020,763,2025/01/24
SDII002221,SID0006,MID0020,725,2025/01/25
SDII002222,SID0006,MID0020,725,2025/01/26
SDII002223,SID0006,MID0020,725,2025/01/27
SDII002224,SID0006,MID0020,725,2025/01/28
SDII002225,SID0006,MID0020,725,2025/01/29
SDII002226,SID0006,MID0020,671,2025/01/30
SDII002227,SID0006,MID0020,605,2025/01/31
SDII002228,SID0006,MID0020,1111,2025/02/01
SDII002229,SID0006,MID0020,1111,2025/02/02
SDII002230,SID0006,MID0020,1111,2025/02/03
SDII002231,SID0006,MID0020,1111,2025/02/04
SDII002232,SID0006,MID0020,1026,2025/02/05
SDII002233,SID0006,MID0020,980,2025/02/06
SDII002234,SID0006,MID0020,890,2025/02/07
SDII002235,SID0006,MID0020,838,2025/02/08
SDII002236,SID0006,MID0020,838,2025/02/09
SDII002237,SID0006,MID0020,838,2025/02/10
SDII002238,SID0006,MID0020,700,2025/02/11
SDII002239,SID0006,MID0020,615,2025/02/12
SDII002240,SID0006,MID0020,615,2025/02/13
SDII002241,SID0006,MID0020,615,2025/02/14
SDII002242,SID0006,MID0020,615,2025/02/15
SDII002243,SID0006,MID0020,1242,2025/02/16
SDII002244,SID0006,MID0020,1242,2025/02/17
SDII002245,SID0006,MID0020,1175,2025/02/18
SDII002246,SID0006,MID0020,1147,2025/02/19
SDII002247,SID0006,MID0020,1099,2025/02/20
SDII002248,SID0006,MID0020,1035,2025/02/21
SDII002249,SID0006,MID0020,1008,2025/02/22
SDII002250,SID0006,MID0020,1008,2025/02/23
SDII002251,SID0006,MID0020,1008,2025/02/24
SDII002252,SID0006,MID0020,968,2025/02/25
SDII002253,SID0006,MID0020,855,2025/02/26
SDII002254,SID0006,MID0020,789,2025/02/27
SDII002255,SID0006,MID0020,731,2025/02/28
SDII002256,SID0006,MID0020,731,2025/03/01
SDII002257,SID0006,MID0020,731,2025/03/02
SDII002258,SID0006,MID0020,1358,2025/03/03
SDII002259,SID0006,MID0020,1358,2025/03/04
SDII002260,SID0006,MID0020,1358,2025/03/05
SDII002261,SID0006,MID0020,1231,2025/03/06
SDII002262,SID0006,MID0020,1097,2025/03/07
SDII002263,SID0006,MID0020,1097,2025/03/08
SDII002264,SID0006,MID0020,1097,2025/03/09
SDII002265,SID0006,MID0020,1097,2025/03/10
SDII002266,SID0006,MID0020,1029,2025/03/11
SDII002267,SID0006,MID0020,945,2025/03/12
SDII002268,SID0006,MID0020,813,2025/03/13
SDII002269,SID0006,MID0020,813,2025/03/14
SDII002270,SID0006,MID0020,813,2025/03/15
SDII002271,SID0006,MID0020,813,2025/03/16
SDII002272,SID0006,MID0020,813,2025/03/17
SDII002273,SID0006,MID0020,813,2025/03/18
SDII002274,SID0006,MID0020,792,2025/03/19
SDII002275,SID0006,MID0020,720,2025/03/20
SDII002276,SID0006,MID0020,639,2025/03/21
SDII002277,SID0006,MID0020,1188,2025/03/22
SDII002278,SID0006,MID0020,1188,2025/03/23
SDII002279,SID0006,MID0020,1188,2025/03/24
SDII002280,SID0006,MID0020,1137,2025/03/25
SDII002281,SID0006,MID0020,1033,2025/03/26
SDII002282,SID0006,MID0020,983,2025/03/27
SDII002283,SID0006,MID0020,941,2025/03/28
SDII002284,SID0006,MID0020,887,2025/03/29
SDII002285,SID0006,MID0020,887,2025/03/30
SDII002286,SID0006,MID0020,887,2025/03/31
SDII002287,SID0006,MID0020,838,2025/04/01
SDII002288,SID0006,MID0020,819,2025/04/02
SDII002289,SID0006,MID0020,1565,2025/04/03
SDII002290,SID0006,MID0020,1480,2025/04/04
SDII002291,SID0006,MID0020,1415,2025/04/05
SDII002292,SID0006,MID0020,1415,2025/04/06
SDII002293,SID0006,MID0020,1415,2025/04/07
SDII002294,SID0006,MID0020,1415,2025/04/08
SDII002295,SID0006,MID0020,1220,2025/04/09
SDII002296,SID0006,MID0020,1140,2025/04/10
SDII002297,SID0006,MID0020,1140,2025/04/11
SDII002298,SID0006,MID0020,1140,2025/04/12
SDII002299,SID0006,MID0020,1140,2025/04/13
SDII002300,SID0006,MID0020,1140,2025/04/14
SDII002301,SID0006,MID0020,1128,2025/04/15
SDII002302,SID0006,MID0020,991,2025/04/16
SDII002303,SID0006,MID0020,925,2025/04/17
SDII002304,SID0006,MID0020,821,2025/04/18
SDII002305,SID0006,MID0020,821,2025/04/19
SDII002306,SID0006,MID0020,821,2025/04/20
SDII002307,SID0006,MID0020,821,2025/04/21
SDII002308,SID0006,MID0020,1761,2025/04/22
SDII002309,SID0006,MID0020,1730,2025/04/23
SDII002310,SID0006,MID0020,1615,2025/04/24
SDII002311,SID0006,MID0020,1517,2025/04/25
SDII002312,SID0006,MID0020,1473,2025/04/26
SDII002313,SID0006,MID0020,1473,2025/04/27
SDII002314,SID0006,MID0020,1473,2025/04/28
SDII002315,SID0006,MID0020,1420,2025/04/29
SDII002316,SID0006,MID0020,1412,2025/04/30
SDII002317,SID0006,MID0020,1354,2025/05/01
SDII002318,SID0006,MID0020,1228,2025/05/02
SDII002319,SID0006,MID0020,1183,2025/05/03
SDII002320,SID0006,MID0020,1183,2025/05/04
SDII002321,SID0006,MID0020,1183,2025/05/05
SDII002322,SID0006,MID0020,1103,2025/05/06
SDII002323,SID0006,MID0020,937,2025/05/07
SDII002324,SID0006,MID0020,861,2025/05/08
SDII002325,SID0006,MID0020,847,2025/05/09
SDII002326,SID0006,MID0020,847,2025/05/10
SDII002327,SID0006,MID0020,847,2025/05/11
SDII002328,SID0006,MID0020,847,2025/05/12
SDII002329,SID0006,MID0020,756,2025/05/13
SDII002330,SID0006,MID0020,682,2025/05/14
SDII002331,SID0006,MID0020,1561,2025/05/15
SDII002332,SID0006,MID0020,1462,2025/05/16
SDII002333,SID0006,MID0020,1462,2025/05/17
SDII002334,SID0006,MID0020,1462,2025/05/18
SDII002335,SID0006,MID0020,1462,2025/05/19
SDII002336,SID0006,MID0020,1394,2025/05/20
SDII002337,SID0006,MID0020,1320,2025/05/21
SDII002338,SID0006,MID0020,1257,2025/05/22
SDII002339,SID0006,MID0020,1238,2025/05/23
SDII002340,SID0006,MID0020,1125,2025/05/24
SDII002341,SID0006,MID0020,1125,2025/05/25
SDII002342,SID0006,MID0020,1125,2025/05/26
SDII002343,SID0006,MID0020,1037,2025/05/27
SDII002344,SID0006,MID0020,1010,2025/05/28
SDII002345,SID0006,MID0020,972,2025/05/29
SDII002346,SID0006,MID0020,889,2025/05/30
SDII002347,SID0006,MID0020,809,2025/05/31
SDII002348,SID0006,MID0020,809,2025/06/01
SDII002349,SID0006,MID0020,809,2025/06/02
SDII002350,SID0006,MID0020,809,2025/06/03
SDII002351,SID0006,MID0020,1622,2025/06/04
SDII002352,SID0006,MID0020,1544,2025/06/05
SDII002353,SID0006,MID0020,1535,2025/06/06
SDII002354,SID0006,MID0020,1449,2025/06/07
SDII002355,SID0006,MID0020,1449,2025/06/08
SDII002356,SID0006,MID0020,1449,2025/06/09
SDII002357,SID0006,MID0020,1313,2025/06/10
SDII002358,SID0006,MID0020,1198,2025/06/11
SDII002359,SID0006,MID0020,1180,2025/06/12
SDII002360,SID0006,MID0020,1129,2025/06/13
SDII002361,SID0006,MID0020,1129,2025/06/14
SDII002362,SID0006,MID0020,1129,2025/06/15
SDII002363,SID0006,MID0020,1129,2025/06/16
SDII002364,SID0006,MID0020,1129,2025/06/17
SDII002365,SID0006,MID0020,1020,2025/06/18
SDII002366,SID0006,MID0020,1008,2025/06/19
SDII002367,SID0006,MID0020,904,2025/06/20
SDII002368,SID0006,MID0020,815,2025/06/21
SDII002369,SID0006,MID0020,815,2025/06/22
SDII002370,SID0006,MID0020,815,2025/06/23
SDII002371,SID0006,MID0020,815,2025/06/24
SDII002372,SID0006,MID0020,815,2025/06/25
SDII002373,SID0006,MID0020,757,2025/06/26
SDII002374,SID0006,MID0020,1586,2025/06/27
SDII002375,SID0006,MID0020,1429,2025/06/28
SDII002376,SID0006,MID0020,1429,2025/06/29
SDII002377,SID0006,MID0020,1429,2025/06/30
SDII002378,SID0006,MID0020,1216,2025/07/01
SDII002379,SID0006,MID0020,1126,2025/07/02
SDII002380,SID0006,MID0020,1126,2025/07/03
SDII002381,SID0006,MID0020,1126,2025/07/04
SDII002382,SID0006,MID0020,1126,2025/07/05
SDII002383,SID0006,MID0020,1126,2025/07/06
SDII002384,SID0006,MID0020,1126,2025/07/07
SDII002385,SID0006,MID0020,1126,2025/07/08
SDII002386,SID0006,MID0020,1126,2025/07/09
SDII002387,SID0006,MID0020,1126,2025/07/10
SDII002388,SID0006,MID0020,820,2025/07/11
SDII002389,SID0006,MID0020,798,2025/07/12
SDII002390,SID0006,MID0020,2051,2025/07/13
SDII002391,SID0006,MID0020,2051,2025/07/14
SDII002392,SID0006,MID0020,1968,2025/07/15
SDII002393,SID0006,MID0020,1915,2025/07/16
SDII002394,SID0006,MID0020,1864,2025/07/17
SDII002395,SID0006,MID0020,1826,2025/07/18
SDII002396,SID0006,MID0020,1751,2025/07/19
SDII002397,SID0006,MID0020,1751,2025/07/20
SDII002398,SID0006,MID0020,1751,2025/07/21
SDII002399,SID0006,MID0020,1561,2025/07/22
SDII002400,SID0006,MID0020,1428,2025/07/23
SDII002401,SID0006,MID0020,1390,2025/07/24
SDII002402,SID0006,MID0020,1390,2025/07/25
SDII002403,SID0006,MID0020,1390,2025/07/26
SDII002404,SID0006,MID0020,1390,2025/07/27
SDII002405,SID0006,MID0020,1390,2025/07/28
SDII002406,SID0006,MID0020,1310,2025/07/29
SDII002407,SID0006,MID0020,1027,2025/07/30
SDII002408,SID0006,MID0020,1027,2025/07/31
SDII002409,SID0006,MID0020,1027,2025/08/01
SDII002410,SID0006,MID0020,1027,2025/08/02
SDII002411,SID0006,MID0020,1027,2025/08/03
SDII002412,SID0006,MID0020,1027,2025/08/04
SDII002413,SID0006,MID0020,814,2025/08/05
SDII002414,SID0006,MID0020,721,2025/08/06
SDII002415,SID0006,MID0020,721,2025/08/07
SDII002416,SID0006,MID0020,721,2025/08/08
SDII002417,SID0006,MID0020,721,2025/08/09
SDII002418,SID0006,MID0020,1348,2025/08/10
SDII002419,SID0006,MID0020,1348,2025/08/11
SDII002420,SID0006,MID0020,1291,2025/08/12
SDII002421,SID0006,MID0020,1239,2025/08/13
SDII002422,SID0006,MID0020,1171,2025/08/14
SDII002423,SID0006,MID0020,1099,2025/08/15
SDII002424,SID0006,MID0020,1051,2025/08/16
SDII002425,SID0006,MID0020,1051,2025/08/17
SDII002426,SID0006,MID0020,1051,2025/08/18
SDII002427,SID0006,MID0020,966,2025/08/19
SDII002428,SID0006,MID0020,896,2025/08/20
SDII002429,SID0006,MID0020,820,2025/08/21
SDII002430,SID0006,MID0020,746,2025/08/22
SDII002431,SID0006,MID0020,730,2025/08/23
SDII002432,SID0006,MID0020,730,2025/08/24
SDII002433,SID0006,MID0020,730,2025/08/25
SDII002434,SID0006,MID0020,683,2025/08/26
SDII002435,SID0006,MID0020,664,2025/08/27
SDII002436,SID0006,MID0020,1507,2025/08/28
SDII002437,SID0006,MID0020,1418,2025/08/29
SDII002438,SID0006,MID0020,1358,2025/08/30
SDII002439,SID0006,MID0020,1358,2025/08/31
SDII002440,SID0006,MID0020,1358,2025/09/01
SDII002441,SID0006,MID0020,1167,2025/09/02
SDII002442,SID0006,MID0020,1151,2025/09/03
SDII002443,SID0006,MID0020,1034,2025/09/04
SDII002444,SID0006,MID0020,1034,2025/09/05
SDII002445,SID0006,MID0020,1034,2025/09/06
SDII002446,SID0006,MID0020,1034,2025/09/07
SDII002447,SID0006,MID0020,1034,2025/09/08
SDII002448,SID0006,MID0020,1034,2025/09/09
SDII002449,SID0006,MID0020,840,2025/09/10
SDII002450,SID0006,MID0020,737,2025/09/11
SDII002451,SID0006,MID0020,737,2025/09/12
SDII002452,SID0006,MID0020,737,2025/09/13
SDII002453,SID0006,MID0020,737,2025/09/14
SDII002454,SID0006,MID0020,737,2025/09/15
SDII002455,SID0006,MID0020,737,2025/09/16
SDII002456,SID0006,MID0020,696,2025/09/17
SDII002457,SID0006,MID0020,430,2025/09/18
SDII002458,SID0006,MID0020,430,2025/09/19
SDII002459,SID0006,MID0020,1370,2025/09/20
SDII002460,SID0006,MID0020,1370,2025/09/21
SDII002461,SID0006,MID0020,1370,2025/09/22
SDII002462,SID0006,MID0020,1370,2025/09/23
SDII002463,SID0006,MID0020,1306,2025/09/24
SDII002464,SID0006,MID0020,1253,2025/09/25
SDII002465,SID0006,MID0020,1153,2025/09/26
SDII002466,SID0006,MID0020,1084,2025/09/27
SDII002467,SID0006,MID0020,1084,2025/09/28
SDII002468,SID0006,MID0020,1084,2025/09/29
SDII002469,SID0006,MID0020,997,2025/09/30
SDII002470,SID0006,MID0020,864,2025/10/01
SDII002471,SID0006,MID0020,812,2025/10/02
SDII002472,SID0006,MID0020,808,2025/10/03
SDII002473,SID0006,MID0020,801,2025/10/04
SDII002474,SID0006,MID0020,801,2025/10/05
SDII002475,SID0006,MID0020,801,2025/10/06
SDII002476,SID0006,MID0020,801,2025/10/07
SDII002477,SID0006,MID0020,801,2025/10/08
SDII002478,SID0006,MID0020,686,2025/10/09
SDII002479,SID0006,MID0020,1212,2025/10/10
SDII002480,SID0006,MID0020,1158,2025/10/11
SDII002481,SID0006,MID0020,1158,2025/10/12
SDII002482,SID0006,MID0020,1158,2025/10/13
SDII002483,SID0006,MID0020,1014,2025/10/14
SDII002484,SID0006,MID0020,913,2025/10/15
SDII002485,SID0006,MID0020,901,2025/10/16
SDII002486,SID0006,MID0020,901,2025/10/17
SDII002487,SID0006,MID0020,901,2025/10/18
SDII002488,SID0006,MID0020,901,2025/10/19
SDII002489,SID0006,MID0020,901,2025/10/20
SDII002490,SID0006,MID0020,890,2025/10/21
SDII002491,SID0006,MID0020,816,2025/10/22
SDII002492,SID0006,MID0020,723,2025/10/23
SDII002493,SID0006,MID0020,634,2025/10/24
SDII002494,SID0006,MID0020,634,2025/10/25
SDII002495,SID0006,MID0020,634,2025/10/26
SDII002496,SID0006,MID0020,634,2025/10/27
SDII002497,SID0006,MID0020,634,2025/10/28
SDII002498,SID0006,MID0020,634,2025/10/29
SDII002499,SID0006,MID0020,572,2025/10/30
SDII002500,SID0006,MID0020,499,2025/10/31
SDII002501,SID0006,MID0020,1014,2025/11/01
SDII002502,SID0006,MID0020,1014,2025/11/02
SDII002503,SID0006,MID0020,1014,2025/11/03
SDII002504,SID0006,MID0020,990,2025/11/04
SDII002505,SID0006,MID0020,928,2025/11/05
SDII002506,SID0006,MID0020,844,2025/11/06
SDII002507,SID0006,MID0020,808,2025/11/07
SDII002508,SID0006,MID0020,738,2025/11/08
SDII002509,SID0006,MID0020,738,2025/11/09
SDII002510,SID0006,MID0020,738,2025/11/10
SDII002511,SID0006,MID0020,738,2025/11/11
SDII002512,SID0006,MID0020,738,2025/11/12
SDII002513,SID0006,MID0020,1207,2025/11/13
SDII002514,SID0006,MID0020,1146,2025/11/14
SDII002515,SID0006,MID0020,1095,2025/11/15
SDII002516,SID0006,MID0020,1095,2025/11/16
SDII002517,SID0006,MID0020,1095,2025/11/17
SDII002518,SID0006,MID0020,943,2025/11/18
SDII002519,SID0006,MID0020,921,2025/11/19
SDII002520,SID0006,MID0020,833,2025/11/20
SDII002521,SID0006,MID0020,833,2025/11/21
SDII002522,SID0006,MID0020,833,2025/11/22
SDII002523,SID0006,MID0020,833,2025/11/23
SDII002524,SID0006,MID0020,833,2025/11/24
SDII002525,SID0006,MID0020,833,2025/11/25
SDII002526,SID0006,MID0020,1383,2025/11/26
SDII002527,SID0006,MID0020,1313,2025/11/27
SDII002528,SID0006,MID0020,1253,2025/11/28
SDII002529,SID0006,MID0020,1193,2025/11/29
SDII002530,SID0006,MID0020,1193,2025/11/30
SDII002531,SID0006,MID0020,1193,2025/12/01
SDII002532,SID0006,MID0020,1193,2025/12/02
SDII002533,SID0006,MID0020,1149,2025/12/03
SDII002534,SID0006,MID0020,1074,2025/12/04
SDII002535,SID0006,MID0020,997,2025/12/05
SDII002536,SID0006,MID0020,939,2025/12/06
SDII002537,SID0006,MID0020,939,2025/12/07
SDII002538,SID0006,MID0020,939,2025/12/08
SDII002539,SID0006,MID0020,862,2025/12/09
SDII002540,SID0006,MID0020,791,2025/12/10
SDII002541,SID0006,MID0020,771,2025/12/11
SDII002542,SID0006,MID0020,703,2025/12/12
SDII002543,SID0006,MID0020,703,2025/12/13
SDII002544,SID0006,MID0020,703,2025/12/14
SDII002545,SID0006,MID0020,1330,2025/12/15
SDII002546,SID0006,MID0020,1330,2025/12/16
SDII002547,SID0006,MID0020,1330,2025/12/17
SDII002548,SID0006,MID0020,1257,2025/12/18
SDII002549,SID0006,MID0020,1179,2025/12/19
SDII002550,SID0006,MID0020,1082,2025/12/20
SDII002551,SID0006,MID0020,1082,2025/12/21
SDII002552,SID0006,MID0020,1082,2025/12/22
SDII002553,SID0006,MID0020,989,2025/12/23
SDII002554,SID0006,MID0020,973,2025/12/24
SDII002555,SID0006,MID0020,944,2025/12/25
SDII002556,SID0006,MID0020,864,2025/12/26
SDII002557,SID0006,MID0020,864,2025/12/27
SDII002558,SID0006,MID0020,864,2025/12/28
SDII002559,SID0006,MID0020,864,2025/12/29
SDII002560,SID0006,MID0020,860,2025/12/30
SDII002561,SID0006,MID0020,800,2025/12/31
SDII002562,SID0006,MID0020,728,2026/01/01
SDII002563,SID0007,MID0017,742,2025/01/01
SDII002564,SID0007,MID0017,716,2025/01/02
SDII002565,SID0007,MID0017,496,2025/01/03
SDII002566,SID0007,MID0017,470,2025/01/04
SDII002567,SID0007,MID0017,470,2025/01/05
SDII002568,SID0007,MID0017,470,2025/01/06
SDII002569,SID0007,MID0017,470,2025/01/07
SDII002570,SID0007,MID0017,470,2025/01/08
SDII002571,SID0007,MID0017,470,2025/01/09
SDII002572,SID0007,MID0017,462,2025/01/10
SDII002573,SID0007,MID0017,0,2025/01/11
SDII002574,SID0007,MID0017,1794,2025/01/12
SDII002575,SID0007,MID0017,1794,2025/01/13
SDII002576,SID0007,MID0017,1794,2025/01/14
SDII002577,SID0007,MID0017,1661,2025/01/15
SDII002578,SID0007,MID0017,1439,2025/01/16
SDII002579,SID0007,MID0017,1430,2025/01/17
SDII002580,SID0007,MID0017,1254,2025/01/18
SDII002581,SID0007,MID0017,2151,2025/01/19
SDII002582,SID0007,MID0017,2151,2025/01/20
SDII002583,SID0007,MID0017,2151,2025/01/21
SDII002584,SID0007,MID0017,2005,2025/01/22
SDII002585,SID0007,MID0017,1746,2025/01/23
SDII002586,SID0007,MID0017,1695,2025/01/24
SDII002587,SID0007,MID0017,1642,2025/01/25
SDII002588,SID0007,MID0017,1642,2025/01/26
SDII002589,SID0007,MID0017,2539,2025/01/27
SDII002590,SID0007,MID0017,2392,2025/01/28
SDII002591,SID0007,MID0017,2304,2025/01/29
SDII002592,SID0007,MID0017,2207,2025/01/30
SDII002593,SID0007,MID0017,2126,2025/01/31
SDII002594,SID0007,MID0017,1991,2025/02/01
SDII002595,SID0007,MID0017,1991,2025/02/02
SDII002596,SID0007,MID0017,1991,2025/02/03
SDII002597,SID0007,MID0017,1931,2025/02/04
SDII002598,SID0007,MID0017,1762,2025/02/05
SDII002599,SID0007,MID0017,1729,2025/02/06
SDII002600,SID0007,MID0017,1663,2025/02/07
SDII002601,SID0007,MID0017,1522,2025/02/08
SDII002602,SID0007,MID0017,1522,2025/02/09
SDII002603,SID0007,MID0017,1522,2025/02/10
SDII002604,SID0007,MID0017,1522,2025/02/11
SDII002605,SID0007,MID0017,2175,2025/02/12
SDII002606,SID0007,MID0017,1867,2025/02/13
SDII002607,SID0007,MID0017,1867,2025/02/14
SDII002608,SID0007,MID0017,1867,2025/02/15
SDII002609,SID0007,MID0017,1867,2025/02/16
SDII002610,SID0007,MID0017,1867,2025/02/17
SDII002611,SID0007,MID0017,1867,2025/02/18
SDII002612,SID0007,MID0017,1843,2025/02/19
SDII002613,SID0007,MID0017,1546,2025/02/20
SDII002614,SID0007,MID0017,1369,2025/02/21
SDII002615,SID0007,MID0017,1354,2025/02/22
SDII002616,SID0007,MID0017,1354,2025/02/23
SDII002617,SID0007,MID0017,1354,2025/02/24
SDII002618,SID0007,MID0017,1354,2025/02/25
SDII002619,SID0007,MID0017,889,2025/02/26
SDII002620,SID0007,MID0017,773,2025/02/27
SDII002621,SID0007,MID0017,773,2025/02/28
SDII002622,SID0007,MID0017,773,2025/03/01
SDII002623,SID0007,MID0017,2119,2025/03/02
SDII002624,SID0007,MID0017,2119,2025/03/03
SDII002625,SID0007,MID0017,2119,2025/03/04
SDII002626,SID0007,MID0017,2014,2025/03/05
SDII002627,SID0007,MID0017,1800,2025/03/06
SDII002628,SID0007,MID0017,1609,2025/03/07
SDII002629,SID0007,MID0017,1609,2025/03/08
SDII002630,SID0007,MID0017,1609,2025/03/09
SDII002631,SID0007,MID0017,1609,2025/03/10
SDII002632,SID0007,MID0017,1609,2025/03/11
SDII002633,SID0007,MID0017,1386,2025/03/12
SDII002634,SID0007,MID0017,1263,2025/03/13
SDII002635,SID0007,MID0017,1238,2025/03/14
SDII002636,SID0007,MID0017,2015,2025/03/15
SDII002637,SID0007,MID0017,2015,2025/03/16
SDII002638,SID0007,MID0017,2015,2025/03/17
SDII002639,SID0007,MID0017,1875,2025/03/18
SDII002640,SID0007,MID0017,1676,2025/03/19
SDII002641,SID0007,MID0017,1640,2025/03/20
SDII002642,SID0007,MID0017,1463,2025/03/21
SDII002643,SID0007,MID0017,1461,2025/03/22
SDII002644,SID0007,MID0017,1461,2025/03/23
SDII002645,SID0007,MID0017,1461,2025/03/24
SDII002646,SID0007,MID0017,1461,2025/03/25
SDII002647,SID0007,MID0017,1236,2025/03/26
SDII002648,SID0007,MID0017,934,2025/03/27
SDII002649,SID0007,MID0017,934,2025/03/28
SDII002650,SID0007,MID0017,934,2025/03/29
SDII002651,SID0007,MID0017,1831,2025/03/30
SDII002652,SID0007,MID0017,1831,2025/03/31
SDII002653,SID0007,MID0017,1831,2025/04/01
SDII002654,SID0007,MID0017,1722,2025/04/02
SDII002655,SID0007,MID0017,1306,2025/04/03
SDII002656,SID0007,MID0017,1306,2025/04/04
SDII002657,SID0007,MID0017,1306,2025/04/05
SDII002658,SID0007,MID0017,1306,2025/04/06
SDII002659,SID0007,MID0017,1306,2025/04/07
SDII002660,SID0007,MID0017,1135,2025/04/08
SDII002661,SID0007,MID0017,880,2025/04/09
SDII002662,SID0007,MID0017,880,2025/04/10
SDII002663,SID0007,MID0017,1777,2025/04/11
SDII002664,SID0007,MID0017,1777,2025/04/12
SDII002665,SID0007,MID0017,1777,2025/04/13
SDII002666,SID0007,MID0017,1777,2025/04/14
SDII002667,SID0007,MID0017,1777,2025/04/15
SDII002668,SID0007,MID0017,1777,2025/04/16
SDII002669,SID0007,MID0017,1672,2025/04/17
SDII002670,SID0007,MID0017,1443,2025/04/18
SDII002671,SID0007,MID0017,1292,2025/04/19
SDII002672,SID0007,MID0017,1292,2025/04/20
SDII002673,SID0007,MID0017,1292,2025/04/21
SDII002674,SID0007,MID0017,1116,2025/04/22
SDII002675,SID0007,MID0017,1057,2025/04/23
SDII002676,SID0007,MID0017,960,2025/04/24
SDII002677,SID0007,MID0017,844,2025/04/25
SDII002678,SID0007,MID0017,844,2025/04/26
SDII002679,SID0007,MID0017,844,2025/04/27
SDII002680,SID0007,MID0017,1741,2025/04/28
SDII002681,SID0007,MID0017,1637,2025/04/29
SDII002682,SID0007,MID0017,1457,2025/04/30
SDII002683,SID0007,MID0017,1309,2025/05/01
SDII002684,SID0007,MID0017,1309,2025/05/02
SDII002685,SID0007,MID0017,1309,2025/05/03
SDII002686,SID0007,MID0017,1309,2025/05/04
SDII002687,SID0007,MID0017,1758,2025/05/05
SDII002688,SID0007,MID0017,1615,2025/05/06
SDII002689,SID0007,MID0017,1518,2025/05/07
SDII002690,SID0007,MID0017,1402,2025/05/08
SDII002691,SID0007,MID0017,1304,2025/05/09
SDII002692,SID0007,MID0017,1304,2025/05/10
SDII002693,SID0007,MID0017,1304,2025/05/11
SDII002694,SID0007,MID0017,1304,2025/05/12
SDII002695,SID0007,MID0017,1193,2025/05/13
SDII002696,SID0007,MID0017,1124,2025/05/14
SDII002697,SID0007,MID0017,1017,2025/05/15
SDII002698,SID0007,MID0017,914,2025/05/16
SDII002699,SID0007,MID0017,914,2025/05/17
SDII002700,SID0007,MID0017,914,2025/05/18
SDII002701,SID0007,MID0017,914,2025/05/19
SDII002702,SID0007,MID0017,880,2025/05/20
SDII002703,SID0007,MID0017,1667,2025/05/21
SDII002704,SID0007,MID0017,1652,2025/05/22
SDII002705,SID0007,MID0017,1525,2025/05/23
SDII002706,SID0007,MID0017,1417,2025/05/24
SDII002707,SID0007,MID0017,1417,2025/05/25
SDII002708,SID0007,MID0017,1417,2025/05/26
SDII002709,SID0007,MID0017,1210,2025/05/27
SDII002710,SID0007,MID0017,1183,2025/05/28
SDII002711,SID0007,MID0017,1080,2025/05/29
SDII002712,SID0007,MID0017,1015,2025/05/30
SDII002713,SID0007,MID0017,974,2025/05/31
SDII002714,SID0007,MID0017,974,2025/06/01
SDII002715,SID0007,MID0017,974,2025/06/02
SDII002716,SID0007,MID0017,1802,2025/06/03
SDII002717,SID0007,MID0017,1788,2025/06/04
SDII002718,SID0007,MID0017,1674,2025/06/05
SDII002719,SID0007,MID0017,1533,2025/06/06
SDII002720,SID0007,MID0017,1406,2025/06/07
SDII002721,SID0007,MID0017,1406,2025/06/08
SDII002722,SID0007,MID0017,1406,2025/06/09
SDII002723,SID0007,MID0017,1331,2025/06/10
SDII002724,SID0007,MID0017,1158,2025/06/11
SDII002725,SID0007,MID0017,981,2025/06/12
SDII002726,SID0007,MID0017,981,2025/06/13
SDII002727,SID0007,MID0017,981,2025/06/14
SDII002728,SID0007,MID0017,981,2025/06/15
SDII002729,SID0007,MID0017,1878,2025/06/16
SDII002730,SID0007,MID0017,1878,2025/06/17
SDII002731,SID0007,MID0017,1878,2025/06/18
SDII002732,SID0007,MID0017,1878,2025/06/19
SDII002733,SID0007,MID0017,1842,2025/06/20
SDII002734,SID0007,MID0017,1515,2025/06/21
SDII002735,SID0007,MID0017,1515,2025/06/22
SDII002736,SID0007,MID0017,1515,2025/06/23
SDII002737,SID0007,MID0017,1381,2025/06/24
SDII002738,SID0007,MID0017,1375,2025/06/25
SDII002739,SID0007,MID0017,1141,2025/06/26
SDII002740,SID0007,MID0017,1141,2025/06/27
SDII002741,SID0007,MID0017,1141,2025/06/28
SDII002742,SID0007,MID0017,1141,2025/06/29
SDII002743,SID0007,MID0017,1141,2025/06/30
SDII002744,SID0007,MID0017,1060,2025/07/01
SDII002745,SID0007,MID0017,1040,2025/07/02
SDII002746,SID0007,MID0017,1296,2025/07/03
SDII002747,SID0007,MID0017,1212,2025/07/04
SDII002748,SID0007,MID0017,1212,2025/07/05
SDII002749,SID0007,MID0017,1212,2025/07/06
SDII002750,SID0007,MID0017,1212,2025/07/07
SDII002751,SID0007,MID0017,1212,2025/07/08
SDII002752,SID0007,MID0017,1196,2025/07/09
SDII002753,SID0007,MID0017,957,2025/07/10
SDII002754,SID0007,MID0017,877,2025/07/11
SDII002755,SID0007,MID0017,877,2025/07/12
SDII002756,SID0007,MID0017,877,2025/07/13
SDII002757,SID0007,MID0017,877,2025/07/14
SDII002758,SID0007,MID0017,877,2025/07/15
SDII002759,SID0007,MID0017,1598,2025/07/16
SDII002760,SID0007,MID0017,1463,2025/07/17
SDII002761,SID0007,MID0017,1434,2025/07/18
SDII002762,SID0007,MID0017,1434,2025/07/19
SDII002763,SID0007,MID0017,1434,2025/07/20
SDII002764,SID0007,MID0017,1434,2025/07/21
SDII002765,SID0007,MID0017,1434,2025/07/22
SDII002766,SID0007,MID0017,1434,2025/07/23
SDII002767,SID0007,MID0017,1187,2025/07/24
SDII002768,SID0007,MID0017,1087,2025/07/25
SDII002769,SID0007,MID0017,1087,2025/07/26
SDII002770,SID0007,MID0017,1087,2025/07/27
SDII002771,SID0007,MID0017,1087,2025/07/28
SDII002772,SID0007,MID0017,1006,2025/07/29
SDII002773,SID0007,MID0017,984,2025/07/30
SDII002774,SID0007,MID0017,905,2025/07/31
SDII002775,SID0007,MID0017,1250,2025/08/01
SDII002776,SID0007,MID0017,1122,2025/08/02
SDII002777,SID0007,MID0017,1122,2025/08/03
SDII002778,SID0007,MID0017,1122,2025/08/04
SDII002779,SID0007,MID0017,1122,2025/08/05
SDII002780,SID0007,MID0017,1028,2025/08/06
SDII002781,SID0007,MID0017,959,2025/08/07
SDII002782,SID0007,MID0017,756,2025/08/08
SDII002783,SID0007,MID0017,756,2025/08/09
SDII002784,SID0007,MID0017,756,2025/08/10
SDII002785,SID0007,MID0017,1205,2025/08/11
SDII002786,SID0007,MID0017,1101,2025/08/12
SDII002787,SID0007,MID0017,1042,2025/08/13
SDII002788,SID0007,MID0017,953,2025/08/14
SDII002789,SID0007,MID0017,919,2025/08/15
SDII002790,SID0007,MID0017,881,2025/08/16
SDII002791,SID0007,MID0017,881,2025/08/17
SDII002792,SID0007,MID0017,881,2025/08/18
SDII002793,SID0007,MID0017,881,2025/08/19
SDII002794,SID0007,MID0017,881,2025/08/20
SDII002795,SID0007,MID0017,881,2025/08/21
SDII002796,SID0007,MID0017,1134,2025/08/22
SDII002797,SID0007,MID0017,992,2025/08/23
SDII002798,SID0007,MID0017,992,2025/08/24
SDII002799,SID0007,MID0017,992,2025/08/25
SDII002800,SID0007,MID0017,932,2025/08/26
SDII002801,SID0007,MID0017,616,2025/08/27
SDII002802,SID0007,MID0017,616,2025/08/28
SDII002803,SID0007,MID0017,1513,2025/08/29
SDII002804,SID0007,MID0017,1513,2025/08/30
SDII002805,SID0007,MID0017,1513,2025/08/31
SDII002806,SID0007,MID0017,1513,2025/09/01
SDII002807,SID0007,MID0017,1336,2025/09/02
SDII002808,SID0007,MID0017,1270,2025/09/03
SDII002809,SID0007,MID0017,1138,2025/09/04
SDII002810,SID0007,MID0017,1138,2025/09/05
SDII002811,SID0007,MID0017,1138,2025/09/06
SDII002812,SID0007,MID0017,1138,2025/09/07
SDII002813,SID0007,MID0017,1138,2025/09/08
SDII002814,SID0007,MID0017,1587,2025/09/09
SDII002815,SID0007,MID0017,1574,2025/09/10
SDII002816,SID0007,MID0017,1374,2025/09/11
SDII002817,SID0007,MID0017,1216,2025/09/12
SDII002818,SID0007,MID0017,1216,2025/09/13
SDII002819,SID0007,MID0017,1216,2025/09/14
SDII002820,SID0007,MID0017,1216,2025/09/15
SDII002821,SID0007,MID0017,1216,2025/09/16
SDII002822,SID0007,MID0017,1161,2025/09/17
SDII002823,SID0007,MID0017,1496,2025/09/18
SDII002824,SID0007,MID0017,1489,2025/09/19
SDII002825,SID0007,MID0017,1318,2025/09/20
SDII002826,SID0007,MID0017,1318,2025/09/21
SDII002827,SID0007,MID0017,1318,2025/09/22
SDII002828,SID0007,MID0017,1266,2025/09/23
SDII002829,SID0007,MID0017,1143,2025/09/24
SDII002830,SID0007,MID0017,1042,2025/09/25
SDII002831,SID0007,MID0017,922,2025/09/26
SDII002832,SID0007,MID0017,922,2025/09/27
SDII002833,SID0007,MID0017,922,2025/09/28
SDII002834,SID0007,MID0017,1320,2025/09/29
SDII002835,SID0007,MID0017,1202,2025/09/30
SDII002836,SID0007,MID0017,1177,2025/10/01
SDII002837,SID0007,MID0017,1071,2025/10/02
SDII002838,SID0007,MID0017,953,2025/10/03
SDII002839,SID0007,MID0017,953,2025/10/04
SDII002840,SID0007,MID0017,953,2025/10/05
SDII002841,SID0007,MID0017,953,2025/10/06
SDII002842,SID0007,MID0017,799,2025/10/07
SDII002843,SID0007,MID0017,617,2025/10/08
SDII002844,SID0007,MID0017,552,2025/10/09
SDII002845,SID0007,MID0017,1001,2025/10/10
SDII002846,SID0007,MID0017,1001,2025/10/11
SDII002847,SID0007,MID0017,1001,2025/10/12
SDII002848,SID0007,MID0017,1898,2025/10/13
SDII002849,SID0007,MID0017,1774,2025/10/14
SDII002850,SID0007,MID0017,1731,2025/10/15
SDII002851,SID0007,MID0017,1597,2025/10/16
SDII002852,SID0007,MID0017,1456,2025/10/17
SDII002853,SID0007,MID0017,1456,2025/10/18
SDII002854,SID0007,MID0017,1456,2025/10/19
SDII002855,SID0007,MID0017,1456,2025/10/20
SDII002856,SID0007,MID0017,1362,2025/10/21
SDII002857,SID0007,MID0017,1276,2025/10/22
SDII002858,SID0007,MID0017,1267,2025/10/23
SDII002859,SID0007,MID0017,1156,2025/10/24
SDII002860,SID0007,MID0017,1027,2025/10/25
SDII002861,SID0007,MID0017,1924,2025/10/26
SDII002862,SID0007,MID0017,1924,2025/10/27
SDII002863,SID0007,MID0017,1924,2025/10/28
SDII002864,SID0007,MID0017,1924,2025/10/29
SDII002865,SID0007,MID0017,1924,2025/10/30
SDII002866,SID0007,MID0017,1778,2025/10/31
SDII002867,SID0007,MID0017,1569,2025/11/01
SDII002868,SID0007,MID0017,1569,2025/11/02
SDII002869,SID0007,MID0017,1569,2025/11/03
SDII002870,SID0007,MID0017,1569,2025/11/04
SDII002871,SID0007,MID0017,1569,2025/11/05
SDII002872,SID0007,MID0017,1358,2025/11/06
SDII002873,SID0007,MID0017,1234,2025/11/07
SDII002874,SID0007,MID0017,1089,2025/11/08
SDII002875,SID0007,MID0017,1986,2025/11/09
SDII002876,SID0007,MID0017,1986,2025/11/10
SDII002877,SID0007,MID0017,1843,2025/11/11
SDII002878,SID0007,MID0017,1776,2025/11/12
SDII002879,SID0007,MID0017,1716,2025/11/13
SDII002880,SID0007,MID0017,1609,2025/11/14
SDII002881,SID0007,MID0017,1500,2025/11/15
SDII002882,SID0007,MID0017,1500,2025/11/16
SDII002883,SID0007,MID0017,1500,2025/11/17
SDII002884,SID0007,MID0017,1500,2025/11/18
SDII002885,SID0007,MID0017,1469,2025/11/19
SDII002886,SID0007,MID0017,1306,2025/11/20
SDII002887,SID0007,MID0017,1161,2025/11/21
SDII002888,SID0007,MID0017,1070,2025/11/22
SDII002889,SID0007,MID0017,1070,2025/11/23
SDII002890,SID0007,MID0017,1967,2025/11/24
SDII002891,SID0007,MID0017,1967,2025/11/25
SDII002892,SID0007,MID0017,1781,2025/11/26
SDII002893,SID0007,MID0017,1681,2025/11/27
SDII002894,SID0007,MID0017,1644,2025/11/28
SDII002895,SID0007,MID0017,1474,2025/11/29
SDII002896,SID0007,MID0017,1474,2025/11/30
SDII002897,SID0007,MID0017,1474,2025/12/01
SDII002898,SID0007,MID0017,1328,2025/12/02
SDII002899,SID0007,MID0017,1149,2025/12/03
SDII002900,SID0007,MID0017,1078,2025/12/04
SDII002901,SID0007,MID0017,961,2025/12/05
SDII002902,SID0007,MID0017,1801,2025/12/06
SDII002903,SID0007,MID0017,1801,2025/12/07
SDII002904,SID0007,MID0017,1801,2025/12/08
SDII002905,SID0007,MID0017,1619,2025/12/09
SDII002906,SID0007,MID0017,1537,2025/12/10
SDII002907,SID0007,MID0017,1424,2025/12/11
SDII002908,SID0007,MID0017,1269,2025/12/12
SDII002909,SID0007,MID0017,1261,2025/12/13
SDII002910,SID0007,MID0017,1261,2025/12/14
SDII002911,SID0007,MID0017,1261,2025/12/15
SDII002912,SID0007,MID0017,2021,2025/12/16
SDII002913,SID0007,MID0017,1867,2025/12/17
SDII002914,SID0007,MID0017,1863,2025/12/18
SDII002915,SID0007,MID0017,1777,2025/12/19
SDII002916,SID0007,MID0017,1728,2025/12/20
SDII002917,SID0007,MID0017,1728,2025/12/21
SDII002918,SID0007,MID0017,1728,2025/12/22
SDII002919,SID0007,MID0017,1728,2025/12/23
SDII002920,SID0007,MID0017,1544,2025/12/24
SDII002921,SID0007,MID0017,1335,2025/12/25
SDII002922,SID0007,MID0017,1218,2025/12/26
SDII002923,SID0007,MID0017,1218,2025/12/27
SDII002924,SID0007,MID0017,1218,2025/12/28
SDII002925,SID0007,MID0017,1218,2025/12/29
SDII002926,SID0007,MID0017,1016,2025/12/30
SDII002927,SID0007,MID0017,1840,2025/12/31
SDII002928,SID0007,MID0017,1818,2026/01/01
SDII002929,SID0007,MID0020,611,2025/01/01
SDII002930,SID0007,MID0020,611,2025/01/02
SDII002931,SID0007,MID0020,592,2025/01/03
SDII002932,SID0007,MID0020,429,2025/01/04
SDII002933,SID0007,MID0020,429,2025/01/05
SDII002934,SID0007,MID0020,429,2025/01/06
SDII002935,SID0007,MID0020,384,2025/01/07
SDII002936,SID0007,MID0020,255,2025/01/08
SDII002937,SID0007,MID0020,206,2025/01/09
SDII002938,SID0007,MID0020,87,2025/01/10
SDII002939,SID0007,MID0020,87,2025/01/11
SDII002940,SID0007,MID0020,87,2025/01/12
SDII002941,SID0007,MID0020,87,2025/01/13
SDII002942,SID0007,MID0020,1261,2025/01/14
SDII002943,SID0007,MID0020,1208,2025/01/15
SDII002944,SID0007,MID0020,1167,2025/01/16
SDII002945,SID0007,MID0020,1070,2025/01/17
SDII002946,SID0007,MID0020,999,2025/01/18
SDII002947,SID0007,MID0020,999,2025/01/19
SDII002948,SID0007,MID0020,999,2025/01/20
SDII002949,SID0007,MID0020,944,2025/01/21
SDII002950,SID0007,MID0020,1443,2025/01/22
SDII002951,SID0007,MID0020,1312,2025/01/23
SDII002952,SID0007,MID0020,1247,2025/01/24
SDII002953,SID0007,MID0020,1244,2025/01/25
SDII002954,SID0007,MID0020,1244,2025/01/26
SDII002955,SID0007,MID0020,1244,2025/01/27
SDII002956,SID0007,MID0020,1240,2025/01/28
SDII002957,SID0007,MID0020,1833,2025/01/29
SDII002958,SID0007,MID0020,1642,2025/01/30
SDII002959,SID0007,MID0020,1562,2025/01/31
SDII002960,SID0007,MID0020,1562,2025/02/01
SDII002961,SID0007,MID0020,1562,2025/02/02
SDII002962,SID0007,MID0020,1562,2025/02/03
SDII002963,SID0007,MID0020,1448,2025/02/04
SDII002964,SID0007,MID0020,1356,2025/02/05
SDII002965,SID0007,MID0020,1256,2025/02/06
SDII002966,SID0007,MID0020,1220,2025/02/07
SDII002967,SID0007,MID0020,1164,2025/02/08
SDII002968,SID0007,MID0020,1164,2025/02/09
SDII002969,SID0007,MID0020,1164,2025/02/10
SDII002970,SID0007,MID0020,1164,2025/02/11
SDII002971,SID0007,MID0020,1164,2025/02/12
SDII002972,SID0007,MID0020,943,2025/02/13
SDII002973,SID0007,MID0020,838,2025/02/14
SDII002974,SID0007,MID0020,838,2025/02/15
SDII002975,SID0007,MID0020,1469,2025/02/16
SDII002976,SID0007,MID0020,1469,2025/02/17
SDII002977,SID0007,MID0020,1347,2025/02/18
SDII002978,SID0007,MID0020,1139,2025/02/19
SDII002979,SID0007,MID0020,1139,2025/02/20
SDII002980,SID0007,MID0020,1139,2025/02/21
SDII002981,SID0007,MID0020,1139,2025/02/22
SDII002982,SID0007,MID0020,1139,2025/02/23
SDII002983,SID0007,MID0020,1139,2025/02/24
SDII002984,SID0007,MID0020,1139,2025/02/25
SDII002985,SID0007,MID0020,951,2025/02/26
SDII002986,SID0007,MID0020,787,2025/02/27
SDII002987,SID0007,MID0020,787,2025/02/28
SDII002988,SID0007,MID0020,1418,2025/03/01
SDII002989,SID0007,MID0020,1418,2025/03/02
SDII002990,SID0007,MID0020,1418,2025/03/03
SDII002991,SID0007,MID0020,1418,2025/03/04
SDII002992,SID0007,MID0020,1418,2025/03/05
SDII002993,SID0007,MID0020,1260,2025/03/06
SDII002994,SID0007,MID0020,1734,2025/03/07
SDII002995,SID0007,MID0020,1675,2025/03/08
SDII002996,SID0007,MID0020,1675,2025/03/09
SDII002997,SID0007,MID0020,1675,2025/03/10
SDII002998,SID0007,MID0020,1576,2025/03/11
SDII002999,SID0007,MID0020,1514,2025/03/12
SDII003000,SID0007,MID0020,1387,2025/03/13
SDII003001,SID0007,MID0020,1289,2025/03/14
SDII003002,SID0007,MID0020,1289,2025/03/15
SDII003003,SID0007,MID0020,1289,2025/03/16
SDII003004,SID0007,MID0020,1289,2025/03/17
SDII003005,SID0007,MID0020,1289,2025/03/18
SDII003006,SID0007,MID0020,1162,2025/03/19
SDII003007,SID0007,MID0020,1055,2025/03/20
SDII003008,SID0007,MID0020,954,2025/03/21
SDII003009,SID0007,MID0020,914,2025/03/22
SDII003010,SID0007,MID0020,1860,2025/03/23
SDII003011,SID0007,MID0020,1860,2025/03/24
SDII003012,SID0007,MID0020,1839,2025/03/25
SDII003013,SID0007,MID0020,1835,2025/03/26
SDII003014,SID0007,MID0020,1671,2025/03/27
SDII003015,SID0007,MID0020,1488,2025/03/28
SDII003016,SID0007,MID0020,1488,2025/03/29
SDII003017,SID0007,MID0020,1488,2025/03/30
SDII003018,SID0007,MID0020,1488,2025/03/31
SDII003019,SID0007,MID0020,1488,2025/04/01
SDII003020,SID0007,MID0020,1370,2025/04/02
SDII003021,SID0007,MID0020,1247,2025/04/03
SDII003022,SID0007,MID0020,1100,2025/04/04
SDII003023,SID0007,MID0020,1100,2025/04/05
SDII003024,SID0007,MID0020,1100,2025/04/06
SDII003025,SID0007,MID0020,1100,2025/04/07
SDII003026,SID0007,MID0020,780,2025/04/08
SDII003027,SID0007,MID0020,749,2025/04/09
SDII003028,SID0007,MID0020,631,2025/04/10
SDII003029,SID0007,MID0020,1577,2025/04/11
SDII003030,SID0007,MID0020,1577,2025/04/12
SDII003031,SID0007,MID0020,1577,2025/04/13
SDII003032,SID0007,MID0020,1577,2025/04/14
SDII003033,SID0007,MID0020,1409,2025/04/15
SDII003034,SID0007,MID0020,1337,2025/04/16
SDII003035,SID0007,MID0020,1314,2025/04/17
SDII003036,SID0007,MID0020,1181,2025/04/18
SDII003037,SID0007,MID0020,1181,2025/04/19
SDII003038,SID0007,MID0020,1812,2025/04/20
SDII003039,SID0007,MID0020,1812,2025/04/21
SDII003040,SID0007,MID0020,1792,2025/04/22
SDII003041,SID0007,MID0020,1620,2025/04/23
SDII003042,SID0007,MID0020,1587,2025/04/24
SDII003043,SID0007,MID0020,1529,2025/04/25
SDII003044,SID0007,MID0020,1381,2025/04/26
SDII003045,SID0007,MID0020,1381,2025/04/27
SDII003046,SID0007,MID0020,1381,2025/04/28
SDII003047,SID0007,MID0020,1319,2025/04/29
SDII003048,SID0007,MID0020,1171,2025/04/30
SDII003049,SID0007,MID0020,1089,2025/05/01
SDII003050,SID0007,MID0020,1072,2025/05/02
SDII003051,SID0007,MID0020,921,2025/05/03
SDII003052,SID0007,MID0020,921,2025/05/04
SDII003053,SID0007,MID0020,1552,2025/05/05
SDII003054,SID0007,MID0020,1408,2025/05/06
SDII003055,SID0007,MID0020,1327,2025/05/07
SDII003056,SID0007,MID0020,1152,2025/05/08
SDII003057,SID0007,MID0020,1936,2025/05/09
SDII003058,SID0007,MID0020,1936,2025/05/10
SDII003059,SID0007,MID0020,1936,2025/05/11
SDII003060,SID0007,MID0020,1936,2025/05/12
SDII003061,SID0007,MID0020,1936,2025/05/13
SDII003062,SID0007,MID0020,1761,2025/05/14
SDII003063,SID0007,MID0020,1588,2025/05/15
SDII003064,SID0007,MID0020,1444,2025/05/16
SDII003065,SID0007,MID0020,1444,2025/05/17
SDII003066,SID0007,MID0020,1444,2025/05/18
SDII003067,SID0007,MID0020,1444,2025/05/19
SDII003068,SID0007,MID0020,1317,2025/05/20
SDII003069,SID0007,MID0020,1242,2025/05/21
SDII003070,SID0007,MID0020,1196,2025/05/22
SDII003071,SID0007,MID0020,1101,2025/05/23
SDII003072,SID0007,MID0020,983,2025/05/24
SDII003073,SID0007,MID0020,1827,2025/05/25
SDII003074,SID0007,MID0020,1827,2025/05/26
SDII003075,SID0007,MID0020,1733,2025/05/27
SDII003076,SID0007,MID0020,1623,2025/05/28
SDII003077,SID0007,MID0020,1571,2025/05/29
SDII003078,SID0007,MID0020,1466,2025/05/30
SDII003079,SID0007,MID0020,1380,2025/05/31
SDII003080,SID0007,MID0020,1380,2025/06/01
SDII003081,SID0007,MID0020,1380,2025/06/02
SDII003082,SID0007,MID0020,1333,2025/06/03
SDII003083,SID0007,MID0020,1147,2025/06/04
SDII003084,SID0007,MID0020,1029,2025/06/05
SDII003085,SID0007,MID0020,874,2025/06/06
SDII003086,SID0007,MID0020,1820,2025/06/07
SDII003087,SID0007,MID0020,1820,2025/06/08
SDII003088,SID0007,MID0020,1820,2025/06/09
SDII003089,SID0007,MID0020,1594,2025/06/10
SDII003090,SID0007,MID0020,1466,2025/06/11
SDII003091,SID0007,MID0020,1302,2025/06/12
SDII003092,SID0007,MID0020,1302,2025/06/13
SDII003093,SID0007,MID0020,1302,2025/06/14
SDII003094,SID0007,MID0020,1302,2025/06/15
SDII003095,SID0007,MID0020,1302,2025/06/16
SDII003096,SID0007,MID0020,2099,2025/06/17
SDII003097,SID0007,MID0020,1948,2025/06/18
SDII003098,SID0007,MID0020,1890,2025/06/19
SDII003099,SID0007,MID0020,1837,2025/06/20
SDII003100,SID0007,MID0020,1738,2025/06/21
SDII003101,SID0007,MID0020,1738,2025/06/22
SDII003102,SID0007,MID0020,1738,2025/06/23
SDII003103,SID0007,MID0020,1556,2025/06/24
SDII003104,SID0007,MID0020,1526,2025/06/25
SDII003105,SID0007,MID0020,1501,2025/06/26
SDII003106,SID0007,MID0020,1412,2025/06/27
SDII003107,SID0007,MID0020,1261,2025/06/28
SDII003108,SID0007,MID0020,1261,2025/06/29
SDII003109,SID0007,MID0020,1261,2025/06/30
SDII003110,SID0007,MID0020,2028,2025/07/01
SDII003111,SID0007,MID0020,1935,2025/07/02
SDII003112,SID0007,MID0020,1827,2025/07/03
SDII003113,SID0007,MID0020,1742,2025/07/04
SDII003114,SID0007,MID0020,1655,2025/07/05
SDII003115,SID0007,MID0020,1655,2025/07/06
SDII003116,SID0007,MID0020,1655,2025/07/07
SDII003117,SID0007,MID0020,1266,2025/07/08
SDII003118,SID0007,MID0020,1254,2025/07/09
SDII003119,SID0007,MID0020,1215,2025/07/10
SDII003120,SID0007,MID0020,1139,2025/07/11
SDII003121,SID0007,MID0020,1139,2025/07/12
SDII003122,SID0007,MID0020,1139,2025/07/13
SDII003123,SID0007,MID0020,1139,2025/07/14
SDII003124,SID0007,MID0020,1139,2025/07/15
SDII003125,SID0007,MID0020,2008,2025/07/16
SDII003126,SID0007,MID0020,1943,2025/07/17
SDII003127,SID0007,MID0020,1521,2025/07/18
SDII003128,SID0007,MID0020,1521,2025/07/19
SDII003129,SID0007,MID0020,1521,2025/07/20
SDII003130,SID0007,MID0020,1521,2025/07/21
SDII003131,SID0007,MID0020,1427,2025/07/22
SDII003132,SID0007,MID0020,1285,2025/07/23
SDII003133,SID0007,MID0020,2082,2025/07/24
SDII003134,SID0007,MID0020,1976,2025/07/25
SDII003135,SID0007,MID0020,1920,2025/07/26
SDII003136,SID0007,MID0020,1920,2025/07/27
SDII003137,SID0007,MID0020,1920,2025/07/28
SDII003138,SID0007,MID0020,1732,2025/07/29
SDII003139,SID0007,MID0020,1591,2025/07/30
SDII003140,SID0007,MID0020,1569,2025/07/31
SDII003141,SID0007,MID0020,1539,2025/08/01
SDII003142,SID0007,MID0020,1497,2025/08/02
SDII003143,SID0007,MID0020,1497,2025/08/03
SDII003144,SID0007,MID0020,1497,2025/08/04
SDII003145,SID0007,MID0020,1497,2025/08/05
SDII003146,SID0007,MID0020,1497,2025/08/06
SDII003147,SID0007,MID0020,2133,2025/08/07
SDII003148,SID0007,MID0020,1982,2025/08/08
SDII003149,SID0007,MID0020,1968,2025/08/09
SDII003150,SID0007,MID0020,1968,2025/08/10
SDII003151,SID0007,MID0020,1968,2025/08/11
SDII003152,SID0007,MID0020,1968,2025/08/12
SDII003153,SID0007,MID0020,1854,2025/08/13
SDII003154,SID0007,MID0020,1641,2025/08/14
SDII003155,SID0007,MID0020,1523,2025/08/15
SDII003156,SID0007,MID0020,1517,2025/08/16
SDII003157,SID0007,MID0020,1517,2025/08/17
SDII003158,SID0007,MID0020,1517,2025/08/18
SDII003159,SID0007,MID0020,1471,2025/08/19
SDII003160,SID0007,MID0020,1201,2025/08/20
SDII003161,SID0007,MID0020,1865,2025/08/21
SDII003162,SID0007,MID0020,1865,2025/08/22
SDII003163,SID0007,MID0020,1865,2025/08/23
SDII003164,SID0007,MID0020,1865,2025/08/24
SDII003165,SID0007,MID0020,1865,2025/08/25
SDII003166,SID0007,MID0020,1865,2025/08/26
SDII003167,SID0007,MID0020,1865,2025/08/27
SDII003168,SID0007,MID0020,1477,2025/08/28
SDII003169,SID0007,MID0020,1388,2025/08/29
SDII003170,SID0007,MID0020,1388,2025/08/30
SDII003171,SID0007,MID0020,1388,2025/08/31
SDII003172,SID0007,MID0020,1388,2025/09/01
SDII003173,SID0007,MID0020,1246,2025/09/02
SDII003174,SID0007,MID0020,1227,2025/09/03
SDII003175,SID0007,MID0020,1109,2025/09/04
SDII003176,SID0007,MID0020,1076,2025/09/05
SDII003177,SID0007,MID0020,1008,2025/09/06
SDII003178,SID0007,MID0020,1954,2025/09/07
SDII003179,SID0007,MID0020,1954,2025/09/08
SDII003180,SID0007,MID0020,1954,2025/09/09
SDII003181,SID0007,MID0020,1836,2025/09/10
SDII003182,SID0007,MID0020,1823,2025/09/11
SDII003183,SID0007,MID0020,1653,2025/09/12
SDII003184,SID0007,MID0020,1498,2025/09/13
SDII003185,SID0007,MID0020,1498,2025/09/14
SDII003186,SID0007,MID0020,1498,2025/09/15
SDII003187,SID0007,MID0020,1498,2025/09/16
SDII003188,SID0007,MID0020,1281,2025/09/17
SDII003189,SID0007,MID0020,1055,2025/09/18
SDII003190,SID0007,MID0020,1055,2025/09/19
SDII003191,SID0007,MID0020,1055,2025/09/20
SDII003192,SID0007,MID0020,1055,2025/09/21
SDII003193,SID0007,MID0020,1055,2025/09/22
SDII003194,SID0007,MID0020,917,2025/09/23
SDII003195,SID0007,MID0020,637,2025/09/24
SDII003196,SID0007,MID0020,1268,2025/09/25
SDII003197,SID0007,MID0020,1268,2025/09/26
SDII003198,SID0007,MID0020,1268,2025/09/27
SDII003199,SID0007,MID0020,1268,2025/09/28
SDII003200,SID0007,MID0020,1268,2025/09/29
SDII003201,SID0007,MID0020,1240,2025/09/30
SDII003202,SID0007,MID0020,1187,2025/10/01
SDII003203,SID0007,MID0020,1140,2025/10/02
SDII003204,SID0007,MID0020,956,2025/10/03
SDII003205,SID0007,MID0020,1802,2025/10/04
SDII003206,SID0007,MID0020,1802,2025/10/05
SDII003207,SID0007,MID0020,1802,2025/10/06
SDII003208,SID0007,MID0020,1603,2025/10/07
SDII003209,SID0007,MID0020,1491,2025/10/08
SDII003210,SID0007,MID0020,1466,2025/10/09
SDII003211,SID0007,MID0020,1466,2025/10/10
SDII003212,SID0007,MID0020,1466,2025/10/11
SDII003213,SID0007,MID0020,1466,2025/10/12
SDII003214,SID0007,MID0020,1466,2025/10/13
SDII003215,SID0007,MID0020,1466,2025/10/14
SDII003216,SID0007,MID0020,1466,2025/10/15
SDII003217,SID0007,MID0020,1213,2025/10/16
SDII003218,SID0007,MID0020,1067,2025/10/17
SDII003219,SID0007,MID0020,1067,2025/10/18
SDII003220,SID0007,MID0020,1067,2025/10/19
SDII003221,SID0007,MID0020,1067,2025/10/20
SDII003222,SID0007,MID0020,1067,2025/10/21
SDII003223,SID0007,MID0020,941,2025/10/22
SDII003224,SID0007,MID0020,828,2025/10/23
SDII003225,SID0007,MID0020,719,2025/10/24
SDII003226,SID0007,MID0020,719,2025/10/25
SDII003227,SID0007,MID0020,719,2025/10/26
SDII003228,SID0007,MID0020,1665,2025/10/27
SDII003229,SID0007,MID0020,1665,2025/10/28
SDII003230,SID0007,MID0020,1665,2025/10/29
SDII003231,SID0007,MID0020,1385,2025/10/30
SDII003232,SID0007,MID0020,1297,2025/10/31
SDII003233,SID0007,MID0020,1297,2025/11/01
SDII003234,SID0007,MID0020,1297,2025/11/02
SDII003235,SID0007,MID0020,1297,2025/11/03
SDII003236,SID0007,MID0020,1166,2025/11/04
SDII003237,SID0007,MID0020,1090,2025/11/05
SDII003238,SID0007,MID0020,963,2025/11/06
SDII003239,SID0007,MID0020,918,2025/11/07
SDII003240,SID0007,MID0020,918,2025/11/08
SDII003241,SID0007,MID0020,918,2025/11/09
SDII003242,SID0007,MID0020,918,2025/11/10
SDII003243,SID0007,MID0020,772,2025/11/11
SDII003244,SID0007,MID0020,1509,2025/11/12
SDII003245,SID0007,MID0020,1437,2025/11/13
SDII003246,SID0007,MID0020,1437,2025/11/14
SDII003247,SID0007,MID0020,1437,2025/11/15
SDII003248,SID0007,MID0020,1437,2025/11/16
SDII003249,SID0007,MID0020,1437,2025/11/17
SDII003250,SID0007,MID0020,1363,2025/11/18
SDII003251,SID0007,MID0020,1278,2025/11/19
SDII003252,SID0007,MID0020,1205,2025/11/20
SDII003253,SID0007,MID0020,1121,2025/11/21
SDII003254,SID0007,MID0020,1054,2025/11/22
SDII003255,SID0007,MID0020,1054,2025/11/23
SDII003256,SID0007,MID0020,1054,2025/11/24
SDII003257,SID0007,MID0020,935,2025/11/25
SDII003258,SID0007,MID0020,850,2025/11/26
SDII003259,SID0007,MID0020,1449,2025/11/27
SDII003260,SID0007,MID0020,1380,2025/11/28
SDII003261,SID0007,MID0020,1337,2025/11/29
SDII003262,SID0007,MID0020,1337,2025/11/30
SDII003263,SID0007,MID0020,1337,2025/12/01
SDII003264,SID0007,MID0020,1312,2025/12/02
SDII003265,SID0007,MID0020,1146,2025/12/03
SDII003266,SID0007,MID0020,1080,2025/12/04
SDII003267,SID0007,MID0020,1025,2025/12/05
SDII003268,SID0007,MID0020,1025,2025/12/06
SDII003269,SID0007,MID0020,1025,2025/12/07
SDII003270,SID0007,MID0020,1025,2025/12/08
SDII003271,SID0007,MID0020,1025,2025/12/09
SDII003272,SID0007,MID0020,1971,2025/12/10
SDII003273,SID0007,MID0020,1857,2025/12/11
SDII003274,SID0007,MID0020,1610,2025/12/12
SDII003275,SID0007,MID0020,1610,2025/12/13
SDII003276,SID0007,MID0020,1610,2025/12/14
SDII003277,SID0007,MID0020,1610,2025/12/15
SDII003278,SID0007,MID0020,1610,2025/12/16
SDII003279,SID0007,MID0020,1610,2025/12/17
SDII003280,SID0007,MID0020,1454,2025/12/18
SDII003281,SID0007,MID0020,1274,2025/12/19
SDII003282,SID0007,MID0020,1274,2025/12/20
SDII003283,SID0007,MID0020,1274,2025/12/21
SDII003284,SID0007,MID0020,1274,2025/12/22
SDII003285,SID0007,MID0020,1274,2025/12/23
SDII003286,SID0007,MID0020,1274,2025/12/24
SDII003287,SID0007,MID0020,1274,2025/12/25
SDII003288,SID0007,MID0020,1068,2025/12/26
SDII003289,SID0007,MID0020,1862,2025/12/27
SDII003290,SID0007,MID0020,1862,2025/12/28
SDII003291,SID0007,MID0020,1862,2025/12/29
SDII003292,SID0007,MID0020,1799,2025/12/30
SDII003293,SID0007,MID0020,1742,2025/12/31
SDII003294,SID0007,MID0020,1662,2026/01/01
SDII003295,SID0008,MID0012,30,2025/01/01
SDII003296,SID0008,MID0012,30,2025/01/02
SDII003297,SID0008,MID0012,30,2025/01/03
SDII003298,SID0008,MID0012,30,2025/01/04
SDII003299,SID0008,MID0012,30,2025/01/05
SDII003300,SID0008,MID0012,30,2025/01/06
SDII003301,SID0008,MID0012,25,2025/01/07
SDII003302,SID0008,MID0012,18,2025/01/08
SDII003303,SID0008,MID0012,14,2025/01/09
SDII003304,SID0008,MID0012,10,2025/01/10
SDII003305,SID0008,MID0012,7,2025/01/11
SDII003306,SID0008,MID0012,7,2025/01/12
SDII003307,SID0008,MID0012,7,2025/01/13
SDII003308,SID0008,MID0012,0,2025/01/14
SDII003309,SID0008,MID0012,0,2025/01/15
SDII003310,SID0008,MID0012,0,2025/01/16
SDII003311,SID0008,MID0012,0,2025/01/17
SDII003312,SID0008,MID0012,0,2025/01/18
SDII003313,SID0008,MID0012,0,2025/01/19
SDII003314,SID0008,MID0012,0,2025/01/20
SDII003315,SID0008,MID0012,0,2025/01/21
SDII003316,SID0008,MID0012,26,2025/01/22
SDII003317,SID0008,MID0012,26,2025/01/23
SDII003318,SID0008,MID0012,26,2025/01/24
SDII003319,SID0008,MID0012,26,2025/01/25
SDII003320,SID0008,MID0012,26,2025/01/26
SDII003321,SID0008,MID0012,26,2025/01/27
SDII003322,SID0008,MID0012,26,2025/01/28
SDII003323,SID0008,MID0012,47,2025/01/29
SDII003324,SID0008,MID0012,47,2025/01/30
SDII003325,SID0008,MID0012,47,2025/01/31
SDII003326,SID0008,MID0012,47,2025/02/01
SDII003327,SID0008,MID0012,47,2025/02/02
SDII003328,SID0008,MID0012,47,2025/02/03
SDII003329,SID0008,MID0012,47,2025/02/04
SDII003330,SID0008,MID0012,47,2025/02/05
SDII003331,SID0008,MID0012,47,2025/02/06
SDII003332,SID0008,MID0012,47,2025/02/07
SDII003333,SID0008,MID0012,47,2025/02/08
SDII003334,SID0008,MID0012,47,2025/02/09
SDII003335,SID0008,MID0012,47,2025/02/10
SDII003336,SID0008,MID0012,47,2025/02/11
SDII003337,SID0008,MID0012,47,2025/02/12
SDII003338,SID0008,MID0012,47,2025/02/13
SDII003339,SID0008,MID0012,47,2025/02/14
SDII003340,SID0008,MID0012,47,2025/02/15
SDII003341,SID0008,MID0012,47,2025/02/16
SDII003342,SID0008,MID0012,47,2025/02/17
SDII003343,SID0008,MID0012,47,2025/02/18
SDII003344,SID0008,MID0012,47,2025/02/19
SDII003345,SID0008,MID0012,113,2025/02/20
SDII003346,SID0008,MID0012,111,2025/02/21
SDII003347,SID0008,MID0012,108,2025/02/22
SDII003348,SID0008,MID0012,108,2025/02/23
SDII003349,SID0008,MID0012,108,2025/02/24
SDII003350,SID0008,MID0012,158,2025/02/25
SDII003351,SID0008,MID0012,148,2025/02/26
SDII003352,SID0008,MID0012,141,2025/02/27
SDII003353,SID0008,MID0012,134,2025/02/28
SDII003354,SID0008,MID0012,134,2025/03/01
SDII003355,SID0008,MID0012,134,2025/03/02
SDII003356,SID0008,MID0012,134,2025/03/03
SDII003357,SID0008,MID0012,134,2025/03/04
SDII003358,SID0008,MID0012,134,2025/03/05
SDII003359,SID0008,MID0012,131,2025/03/06
SDII003360,SID0008,MID0012,127,2025/03/07
SDII003361,SID0008,MID0012,122,2025/03/08
SDII003362,SID0008,MID0012,122,2025/03/09
SDII003363,SID0008,MID0012,122,2025/03/10
SDII003364,SID0008,MID0012,112,2025/03/11
SDII003365,SID0008,MID0012,102,2025/03/12
SDII003366,SID0008,MID0012,102,2025/03/13
SDII003367,SID0008,MID0012,102,2025/03/14
SDII003368,SID0008,MID0012,102,2025/03/15
SDII003369,SID0008,MID0012,102,2025/03/16
SDII003370,SID0008,MID0012,102,2025/03/17
SDII003371,SID0008,MID0012,102,2025/03/18
SDII003372,SID0008,MID0012,102,2025/03/19
SDII003373,SID0008,MID0012,102,2025/03/20
SDII003374,SID0008,MID0012,102,2025/03/21
SDII003375,SID0008,MID0012,102,2025/03/22
SDII003376,SID0008,MID0012,102,2025/03/23
SDII003377,SID0008,MID0012,102,2025/03/24
SDII003378,SID0008,MID0012,102,2025/03/25
SDII003379,SID0008,MID0012,102,2025/03/26
SDII003380,SID0008,MID0012,102,2025/03/27
SDII003381,SID0008,MID0012,102,2025/03/28
SDII003382,SID0008,MID0012,102,2025/03/29
SDII003383,SID0008,MID0012,102,2025/03/30
SDII003384,SID0008,MID0012,102,2025/03/31
SDII003385,SID0008,MID0012,102,2025/04/01
SDII003386,SID0008,MID0012,102,2025/04/02
SDII003387,SID0008,MID0012,92,2025/04/03
SDII003388,SID0008,MID0012,78,2025/04/04
SDII003389,SID0008,MID0012,64,2025/04/05
SDII003390,SID0008,MID0012,64,2025/04/06
SDII003391,SID0008,MID0012,64,2025/04/07
SDII003392,SID0008,MID0012,64,2025/04/08
SDII003393,SID0008,MID0012,64,2025/04/09
SDII003394,SID0008,MID0012,64,2025/04/10
SDII003395,SID0008,MID0012,64,2025/04/11
SDII003396,SID0008,MID0012,64,2025/04/12
SDII003397,SID0008,MID0012,64,2025/04/13
SDII003398,SID0008,MID0012,64,2025/04/14
SDII003399,SID0008,MID0012,64,2025/04/15
SDII003400,SID0008,MID0012,64,2025/04/16
SDII003401,SID0008,MID0012,64,2025/04/17
SDII003402,SID0008,MID0012,64,2025/04/18
SDII003403,SID0008,MID0012,64,2025/04/19
SDII003404,SID0008,MID0012,64,2025/04/20
SDII003405,SID0008,MID0012,64,2025/04/21
SDII003406,SID0008,MID0012,110,2025/04/22
SDII003407,SID0008,MID0012,110,2025/04/23
SDII003408,SID0008,MID0012,110,2025/04/24
SDII003409,SID0008,MID0012,110,2025/04/25
SDII003410,SID0008,MID0012,110,2025/04/26
SDII003411,SID0008,MID0012,110,2025/04/27
SDII003412,SID0008,MID0012,110,2025/04/28
SDII003413,SID0008,MID0012,110,2025/04/29
SDII003414,SID0008,MID0012,110,2025/04/30
SDII003415,SID0008,MID0012,110,2025/05/01
SDII003416,SID0008,MID0012,102,2025/05/02
SDII003417,SID0008,MID0012,89,2025/05/03
SDII003418,SID0008,MID0012,89,2025/05/04
SDII003419,SID0008,MID0012,89,2025/05/05
SDII003420,SID0008,MID0012,84,2025/05/06
SDII003421,SID0008,MID0012,73,2025/05/07
SDII003422,SID0008,MID0012,73,2025/05/08
SDII003423,SID0008,MID0012,73,2025/05/09
SDII003424,SID0008,MID0012,73,2025/05/10
SDII003425,SID0008,MID0012,73,2025/05/11
SDII003426,SID0008,MID0012,73,2025/05/12
SDII003427,SID0008,MID0012,73,2025/05/13
SDII003428,SID0008,MID0012,73,2025/05/14
SDII003429,SID0008,MID0012,73,2025/05/15
SDII003430,SID0008,MID0012,73,2025/05/16
SDII003431,SID0008,MID0012,73,2025/05/17
SDII003432,SID0008,MID0012,73,2025/05/18
SDII003433,SID0008,MID0012,73,2025/05/19
SDII003434,SID0008,MID0012,73,2025/05/20
SDII003435,SID0008,MID0012,73,2025/05/21
SDII003436,SID0008,MID0012,73,2025/05/22
SDII003437,SID0008,MID0012,73,2025/05/23
SDII003438,SID0008,MID0012,73,2025/05/24
SDII003439,SID0008,MID0012,73,2025/05/25
SDII003440,SID0008,MID0012,73,2025/05/26
SDII003441,SID0008,MID0012,73,2025/05/27
SDII003442,SID0008,MID0012,73,2025/05/28
SDII003443,SID0008,MID0012,73,2025/05/29
SDII003444,SID0008,MID0012,73,2025/05/30
SDII003445,SID0008,MID0012,73,2025/05/31
SDII003446,SID0008,MID0012,73,2025/06/01
SDII003447,SID0008,MID0012,109,2025/06/02
SDII003448,SID0008,MID0012,109,2025/06/03
SDII003449,SID0008,MID0012,109,2025/06/04
SDII003450,SID0008,MID0012,109,2025/06/05
SDII003451,SID0008,MID0012,109,2025/06/06
SDII003452,SID0008,MID0012,98,2025/06/07
SDII003453,SID0008,MID0012,98,2025/06/08
SDII003454,SID0008,MID0012,98,2025/06/09
SDII003455,SID0008,MID0012,97,2025/06/10
SDII003456,SID0008,MID0012,93,2025/06/11
SDII003457,SID0008,MID0012,92,2025/06/12
SDII003458,SID0008,MID0012,79,2025/06/13
SDII003459,SID0008,MID0012,69,2025/06/14
SDII003460,SID0008,MID0012,69,2025/06/15
SDII003461,SID0008,MID0012,69,2025/06/16
SDII003462,SID0008,MID0012,69,2025/06/17
SDII003463,SID0008,MID0012,69,2025/06/18
SDII003464,SID0008,MID0012,69,2025/06/19
SDII003465,SID0008,MID0012,69,2025/06/20
SDII003466,SID0008,MID0012,69,2025/06/21
SDII003467,SID0008,MID0012,69,2025/06/22
SDII003468,SID0008,MID0012,69,2025/06/23
SDII003469,SID0008,MID0012,69,2025/06/24
SDII003470,SID0008,MID0012,69,2025/06/25
SDII003471,SID0008,MID0012,69,2025/06/26
SDII003472,SID0008,MID0012,69,2025/06/27
SDII003473,SID0008,MID0012,69,2025/06/28
SDII003474,SID0008,MID0012,69,2025/06/29
SDII003475,SID0008,MID0012,69,2025/06/30
SDII003476,SID0008,MID0012,69,2025/07/01
SDII003477,SID0008,MID0012,69,2025/07/02
SDII003478,SID0008,MID0012,69,2025/07/03
SDII003479,SID0008,MID0012,69,2025/07/04
SDII003480,SID0008,MID0012,69,2025/07/05
SDII003481,SID0008,MID0012,69,2025/07/06
SDII003482,SID0008,MID0012,110,2025/07/07
SDII003483,SID0008,MID0012,110,2025/07/08
SDII003484,SID0008,MID0012,110,2025/07/09
SDII003485,SID0008,MID0012,110,2025/07/10
SDII003486,SID0008,MID0012,110,2025/07/11
SDII003487,SID0008,MID0012,103,2025/07/12
SDII003488,SID0008,MID0012,103,2025/07/13
SDII003489,SID0008,MID0012,103,2025/07/14
SDII003490,SID0008,MID0012,89,2025/07/15
SDII003491,SID0008,MID0012,84,2025/07/16
SDII003492,SID0008,MID0012,75,2025/07/17
SDII003493,SID0008,MID0012,75,2025/07/18
SDII003494,SID0008,MID0012,75,2025/07/19
SDII003495,SID0008,MID0012,75,2025/07/20
SDII003496,SID0008,MID0012,75,2025/07/21
SDII003497,SID0008,MID0012,75,2025/07/22
SDII003498,SID0008,MID0012,75,2025/07/23
SDII003499,SID0008,MID0012,75,2025/07/24
SDII003500,SID0008,MID0012,75,2025/07/25
SDII003501,SID0008,MID0012,75,2025/07/26
SDII003502,SID0008,MID0012,131,2025/07/27
SDII003503,SID0008,MID0012,131,2025/07/28
SDII003504,SID0008,MID0012,131,2025/07/29
SDII003505,SID0008,MID0012,131,2025/07/30
SDII003506,SID0008,MID0012,131,2025/07/31
SDII003507,SID0008,MID0012,131,2025/08/01
SDII003508,SID0008,MID0012,126,2025/08/02
SDII003509,SID0008,MID0012,126,2025/08/03
SDII003510,SID0008,MID0012,126,2025/08/04
SDII003511,SID0008,MID0012,123,2025/08/05
SDII003512,SID0008,MID0012,99,2025/08/06
SDII003513,SID0008,MID0012,95,2025/08/07
SDII003514,SID0008,MID0012,95,2025/08/08
SDII003515,SID0008,MID0012,95,2025/08/09
SDII003516,SID0008,MID0012,95,2025/08/10
SDII003517,SID0008,MID0012,95,2025/08/11
SDII003518,SID0008,MID0012,95,2025/08/12
SDII003519,SID0008,MID0012,95,2025/08/13
SDII003520,SID0008,MID0012,95,2025/08/14
SDII003521,SID0008,MID0012,95,2025/08/15
SDII003522,SID0008,MID0012,95,2025/08/16
SDII003523,SID0008,MID0012,95,2025/08/17
SDII003524,SID0008,MID0012,95,2025/08/18
SDII003525,SID0008,MID0012,95,2025/08/19
SDII003526,SID0008,MID0012,95,2025/08/20
SDII003527,SID0008,MID0012,95,2025/08/21
SDII003528,SID0008,MID0012,95,2025/08/22
SDII003529,SID0008,MID0012,95,2025/08/23
SDII003530,SID0008,MID0012,95,2025/08/24
SDII003531,SID0008,MID0012,95,2025/08/25
SDII003532,SID0008,MID0012,95,2025/08/26
SDII003533,SID0008,MID0012,95,2025/08/27
SDII003534,SID0008,MID0012,95,2025/08/28
SDII003535,SID0008,MID0012,95,2025/08/29
SDII003536,SID0008,MID0012,95,2025/08/30
SDII003537,SID0008,MID0012,95,2025/08/31
SDII003538,SID0008,MID0012,95,2025/09/01
SDII003539,SID0008,MID0012,95,2025/09/02
SDII003540,SID0008,MID0012,95,2025/09/03
SDII003541,SID0008,MID0012,95,2025/09/04
SDII003542,SID0008,MID0012,95,2025/09/05
SDII003543,SID0008,MID0012,95,2025/09/06
SDII003544,SID0008,MID0012,95,2025/09/07
SDII003545,SID0008,MID0012,95,2025/09/08
SDII003546,SID0008,MID0012,95,2025/09/09
SDII003547,SID0008,MID0012,95,2025/09/10
SDII003548,SID0008,MID0012,91,2025/09/11
SDII003549,SID0008,MID0012,82,2025/09/12
SDII003550,SID0008,MID0012,78,2025/09/13
SDII003551,SID0008,MID0012,78,2025/09/14
SDII003552,SID0008,MID0012,78,2025/09/15
SDII003553,SID0008,MID0012,72,2025/09/16
SDII003554,SID0008,MID0012,66,2025/09/17
SDII003555,SID0008,MID0012,66,2025/09/18
SDII003556,SID0008,MID0012,66,2025/09/19
SDII003557,SID0008,MID0012,66,2025/09/20
SDII003558,SID0008,MID0012,66,2025/09/21
SDII003559,SID0008,MID0012,66,2025/09/22
SDII003560,SID0008,MID0012,66,2025/09/23
SDII003561,SID0008,MID0012,66,2025/09/24
SDII003562,SID0008,MID0012,142,2025/09/25
SDII003563,SID0008,MID0012,142,2025/09/26
SDII003564,SID0008,MID0012,142,2025/09/27
SDII003565,SID0008,MID0012,142,2025/09/28
SDII003566,SID0008,MID0012,142,2025/09/29
SDII003567,SID0008,MID0012,142,2025/09/30
SDII003568,SID0008,MID0012,142,2025/10/01
SDII003569,SID0008,MID0012,142,2025/10/02
SDII003570,SID0008,MID0012,142,2025/10/03
SDII003571,SID0008,MID0012,140,2025/10/04
SDII003572,SID0008,MID0012,140,2025/10/05
SDII003573,SID0008,MID0012,140,2025/10/06
SDII003574,SID0008,MID0012,132,2025/10/07
SDII003575,SID0008,MID0012,127,2025/10/08
SDII003576,SID0008,MID0012,117,2025/10/09
SDII003577,SID0008,MID0012,109,2025/10/10
SDII003578,SID0008,MID0012,109,2025/10/11
SDII003579,SID0008,MID0012,109,2025/10/12
SDII003580,SID0008,MID0012,109,2025/10/13
SDII003581,SID0008,MID0012,109,2025/10/14
SDII003582,SID0008,MID0012,109,2025/10/15
SDII003583,SID0008,MID0012,109,2025/10/16
SDII003584,SID0008,MID0012,109,2025/10/17
SDII003585,SID0008,MID0012,109,2025/10/18
SDII003586,SID0008,MID0012,109,2025/10/19
SDII003587,SID0008,MID0012,109,2025/10/20
SDII003588,SID0008,MID0012,109,2025/10/21
SDII003589,SID0008,MID0012,109,2025/10/22
SDII003590,SID0008,MID0012,109,2025/10/23
SDII003591,SID0008,MID0012,109,2025/10/24
SDII003592,SID0008,MID0012,109,2025/10/25
SDII003593,SID0008,MID0012,109,2025/10/26
SDII003594,SID0008,MID0012,109,2025/10/27
SDII003595,SID0008,MID0012,109,2025/10/28
SDII003596,SID0008,MID0012,109,2025/10/29
SDII003597,SID0008,MID0012,109,2025/10/30
SDII003598,SID0008,MID0012,109,2025/10/31
SDII003599,SID0008,MID0012,109,2025/11/01
SDII003600,SID0008,MID0012,109,2025/11/02
SDII003601,SID0008,MID0012,109,2025/11/03
SDII003602,SID0008,MID0012,109,2025/11/04
SDII003603,SID0008,MID0012,109,2025/11/05
SDII003604,SID0008,MID0012,109,2025/11/06
SDII003605,SID0008,MID0012,109,2025/11/07
SDII003606,SID0008,MID0012,109,2025/11/08
SDII003607,SID0008,MID0012,109,2025/11/09
SDII003608,SID0008,MID0012,109,2025/11/10
SDII003609,SID0008,MID0012,109,2025/11/11
SDII003610,SID0008,MID0012,105,2025/11/12
SDII003611,SID0008,MID0012,103,2025/11/13
SDII003612,SID0008,MID0012,98,2025/11/14
SDII003613,SID0008,MID0012,92,2025/11/15
SDII003614,SID0008,MID0012,92,2025/11/16
SDII003615,SID0008,MID0012,92,2025/11/17
SDII003616,SID0008,MID0012,89,2025/11/18
SDII003617,SID0008,MID0012,85,2025/11/19
SDII003618,SID0008,MID0012,85,2025/11/20
SDII003619,SID0008,MID0012,85,2025/11/21
SDII003620,SID0008,MID0012,85,2025/11/22
SDII003621,SID0008,MID0012,85,2025/11/23
SDII003622,SID0008,MID0012,85,2025/11/24
SDII003623,SID0008,MID0012,85,2025/11/25
SDII003624,SID0008,MID0012,85,2025/11/26
SDII003625,SID0008,MID0012,85,2025/11/27
SDII003626,SID0008,MID0012,85,2025/11/28
SDII003627,SID0008,MID0012,85,2025/11/29
SDII003628,SID0008,MID0012,85,2025/11/30
SDII003629,SID0008,MID0012,85,2025/12/01
SDII003630,SID0008,MID0012,85,2025/12/02
SDII003631,SID0008,MID0012,85,2025/12/03
SDII003632,SID0008,MID0012,85,2025/12/04
SDII003633,SID0008,MID0012,85,2025/12/05
SDII003634,SID0008,MID0012,85,2025/12/06
SDII003635,SID0008,MID0012,85,2025/12/07
SDII003636,SID0008,MID0012,85,2025/12/08
SDII003637,SID0008,MID0012,85,2025/12/09
SDII003638,SID0008,MID0012,85,2025/12/10
SDII003639,SID0008,MID0012,85,2025/12/11
SDII003640,SID0008,MID0012,85,2025/12/12
SDII003641,SID0008,MID0012,85,2025/12/13
SDII003642,SID0008,MID0012,85,2025/12/14
SDII003643,SID0008,MID0012,85,2025/12/15
SDII003644,SID0008,MID0012,85,2025/12/16
SDII003645,SID0008,MID0012,85,2025/12/17
SDII003646,SID0008,MID0012,85,2025/12/18
SDII003647,SID0008,MID0012,85,2025/12/19
SDII003648,SID0008,MID0012,85,2025/12/20
SDII003649,SID0008,MID0012,85,2025/12/21
SDII003650,SID0008,MID0012,85,2025/12/22
SDII003651,SID0008,MID0012,85,2025/12/23
SDII003652,SID0008,MID0012,85,2025/12/24
SDII003653,SID0008,MID0012,85,2025/12/25
SDII003654,SID0008,MID0012,85,2025/12/26
SDII003655,SID0008,MID0012,77,2025/12/27
SDII003656,SID0008,MID0012,77,2025/12/28
SDII003657,SID0008,MID0012,77,2025/12/29
SDII003658,SID0008,MID0012,65,2025/12/30
SDII003659,SID0008,MID0012,59,2025/12/31
SDII003660,SID0008,MID0012,59,2026/01/01
SDII003661,SID0008,MID0022,58,2025/01/01
SDII003662,SID0008,MID0022,58,2025/01/02
SDII003663,SID0008,MID0022,58,2025/01/03
SDII003664,SID0008,MID0022,58,2025/01/04
SDII003665,SID0008,MID0022,58,2025/01/05
SDII003666,SID0008,MID0022,58,2025/01/06
SDII003667,SID0008,MID0022,58,2025/01/07
SDII003668,SID0008,MID0022,39,2025/01/08
SDII003669,SID0008,MID0022,0,2025/01/09
SDII003670,SID0008,MID0022,0,2025/01/10
SDII003671,SID0008,MID0022,0,2025/01/11
SDII003672,SID0008,MID0022,0,2025/01/12
SDII003673,SID0008,MID0022,41,2025/01/13
SDII003674,SID0008,MID0022,41,2025/01/14
SDII003675,SID0008,MID0022,41,2025/01/15
SDII003676,SID0008,MID0022,41,2025/01/16
SDII003677,SID0008,MID0022,41,2025/01/17
SDII003678,SID0008,MID0022,183,2025/01/18
SDII003679,SID0008,MID0022,183,2025/01/19
SDII003680,SID0008,MID0022,183,2025/01/20
SDII003681,SID0008,MID0022,183,2025/01/21
SDII003682,SID0008,MID0022,183,2025/01/22
SDII003683,SID0008,MID0022,183,2025/01/23
SDII003684,SID0008,MID0022,183,2025/01/24
SDII003685,SID0008,MID0022,183,2025/01/25
SDII003686,SID0008,MID0022,183,2025/01/26
SDII003687,SID0008,MID0022,183,2025/01/27
SDII003688,SID0008,MID0022,178,2025/01/28
SDII003689,SID0008,MID0022,149,2025/01/29
SDII003690,SID0008,MID0022,139,2025/01/30
SDII003691,SID0008,MID0022,111,2025/01/31
SDII003692,SID0008,MID0022,111,2025/02/01
SDII003693,SID0008,MID0022,111,2025/02/02
SDII003694,SID0008,MID0022,111,2025/02/03
SDII003695,SID0008,MID0022,111,2025/02/04
SDII003696,SID0008,MID0022,111,2025/02/05
SDII003697,SID0008,MID0022,97,2025/02/06
SDII003698,SID0008,MID0022,160,2025/02/07
SDII003699,SID0008,MID0022,166,2025/02/08
SDII003700,SID0008,MID0022,166,2025/02/09
SDII003701,SID0008,MID0022,166,2025/02/10
SDII003702,SID0008,MID0022,143,2025/02/11
SDII003703,SID0008,MID0022,143,2025/02/12
SDII003704,SID0008,MID0022,143,2025/02/13
SDII003705,SID0008,MID0022,143,2025/02/14
SDII003706,SID0008,MID0022,143,2025/02/15
SDII003707,SID0008,MID0022,143,2025/02/16
SDII003708,SID0008,MID0022,164,2025/02/17
SDII003709,SID0008,MID0022,164,2025/02/18
SDII003710,SID0008,MID0022,245,2025/02/19
SDII003711,SID0008,MID0022,236,2025/02/20
SDII003712,SID0008,MID0022,225,2025/02/21
SDII003713,SID0008,MID0022,214,2025/02/22
SDII003714,SID0008,MID0022,214,2025/02/23
SDII003715,SID0008,MID0022,214,2025/02/24
SDII003716,SID0008,MID0022,201,2025/02/25
SDII003717,SID0008,MID0022,188,2025/02/26
SDII003718,SID0008,MID0022,188,2025/02/27
SDII003719,SID0008,MID0022,188,2025/02/28
SDII003720,SID0008,MID0022,188,2025/03/01
SDII003721,SID0008,MID0022,188,2025/03/02
SDII003722,SID0008,MID0022,188,2025/03/03
SDII003723,SID0008,MID0022,188,2025/03/04
SDII003724,SID0008,MID0022,168,2025/03/05
SDII003725,SID0008,MID0022,165,2025/03/06
SDII003726,SID0008,MID0022,138,2025/03/07
SDII003727,SID0008,MID0022,123,2025/03/08
SDII003728,SID0008,MID0022,123,2025/03/09
SDII003729,SID0008,MID0022,123,2025/03/10
SDII003730,SID0008,MID0022,123,2025/03/11
SDII003731,SID0008,MID0022,123,2025/03/12
SDII003732,SID0008,MID0022,123,2025/03/13
SDII003733,SID0008,MID0022,123,2025/03/14
SDII003734,SID0008,MID0022,123,2025/03/15
SDII003735,SID0008,MID0022,123,2025/03/16
SDII003736,SID0008,MID0022,123,2025/03/17
SDII003737,SID0008,MID0022,77,2025/03/18
SDII003738,SID0008,MID0022,58,2025/03/19
SDII003739,SID0008,MID0022,58,2025/03/20
SDII003740,SID0008,MID0022,58,2025/03/21
SDII003741,SID0008,MID0022,58,2025/03/22
SDII003742,SID0008,MID0022,79,2025/03/23
SDII003743,SID0008,MID0022,79,2025/03/24
SDII003744,SID0008,MID0022,79,2025/03/25
SDII003745,SID0008,MID0022,79,2025/03/26
SDII003746,SID0008,MID0022,79,2025/03/27
SDII003747,SID0008,MID0022,140,2025/03/28
SDII003748,SID0008,MID0022,140,2025/03/29
SDII003749,SID0008,MID0022,140,2025/03/30
SDII003750,SID0008,MID0022,201,2025/03/31
SDII003751,SID0008,MID0022,201,2025/04/01
SDII003752,SID0008,MID0022,201,2025/04/02
SDII003753,SID0008,MID0022,201,2025/04/03
SDII003754,SID0008,MID0022,201,2025/04/04
SDII003755,SID0008,MID0022,219,2025/04/05
SDII003756,SID0008,MID0022,219,2025/04/06
SDII003757,SID0008,MID0022,219,2025/04/07
SDII003758,SID0008,MID0022,219,2025/04/08
SDII003759,SID0008,MID0022,203,2025/04/09
SDII003760,SID0008,MID0022,190,2025/04/10
SDII003761,SID0008,MID0022,187,2025/04/11
SDII003762,SID0008,MID0022,153,2025/04/12
SDII003763,SID0008,MID0022,153,2025/04/13
SDII003764,SID0008,MID0022,153,2025/04/14
SDII003765,SID0008,MID0022,153,2025/04/15
SDII003766,SID0008,MID0022,153,2025/04/16
SDII003767,SID0008,MID0022,139,2025/04/17
SDII003768,SID0008,MID0022,112,2025/04/18
SDII003769,SID0008,MID0022,86,2025/04/19
SDII003770,SID0008,MID0022,86,2025/04/20
SDII003771,SID0008,MID0022,86,2025/04/21
SDII003772,SID0008,MID0022,107,2025/04/22
SDII003773,SID0008,MID0022,107,2025/04/23
SDII003774,SID0008,MID0022,208,2025/04/24
SDII003775,SID0008,MID0022,208,2025/04/25
SDII003776,SID0008,MID0022,208,2025/04/26
SDII003777,SID0008,MID0022,208,2025/04/27
SDII003778,SID0008,MID0022,208,2025/04/28
SDII003779,SID0008,MID0022,208,2025/04/29
SDII003780,SID0008,MID0022,208,2025/04/30
SDII003781,SID0008,MID0022,208,2025/05/01
SDII003782,SID0008,MID0022,186,2025/05/02
SDII003783,SID0008,MID0022,182,2025/05/03
SDII003784,SID0008,MID0022,182,2025/05/04
SDII003785,SID0008,MID0022,182,2025/05/05
SDII003786,SID0008,MID0022,155,2025/05/06
SDII003787,SID0008,MID0022,145,2025/05/07
SDII003788,SID0008,MID0022,145,2025/05/08
SDII003789,SID0008,MID0022,145,2025/05/09
SDII003790,SID0008,MID0022,145,2025/05/10
SDII003791,SID0008,MID0022,145,2025/05/11
SDII003792,SID0008,MID0022,145,2025/05/12
SDII003793,SID0008,MID0022,145,2025/05/13
SDII003794,SID0008,MID0022,145,2025/05/14
SDII003795,SID0008,MID0022,145,2025/05/15
SDII003796,SID0008,MID0022,145,2025/05/16
SDII003797,SID0008,MID0022,134,2025/05/17
SDII003798,SID0008,MID0022,134,2025/05/18
SDII003799,SID0008,MID0022,134,2025/05/19
SDII003800,SID0008,MID0022,127,2025/05/20
SDII003801,SID0008,MID0022,96,2025/05/21
SDII003802,SID0008,MID0022,93,2025/05/22
SDII003803,SID0008,MID0022,93,2025/05/23
SDII003804,SID0008,MID0022,93,2025/05/24
SDII003805,SID0008,MID0022,93,2025/05/25
SDII003806,SID0008,MID0022,93,2025/05/26
SDII003807,SID0008,MID0022,93,2025/05/27
SDII003808,SID0008,MID0022,93,2025/05/28
SDII003809,SID0008,MID0022,93,2025/05/29
SDII003810,SID0008,MID0022,93,2025/05/30
SDII003811,SID0008,MID0022,93,2025/05/31
SDII003812,SID0008,MID0022,93,2025/06/01
SDII003813,SID0008,MID0022,134,2025/06/02
SDII003814,SID0008,MID0022,134,2025/06/03
SDII003815,SID0008,MID0022,134,2025/06/04
SDII003816,SID0008,MID0022,94,2025/06/05
SDII003817,SID0008,MID0022,89,2025/06/06
SDII003818,SID0008,MID0022,110,2025/06/07
SDII003819,SID0008,MID0022,110,2025/06/08
SDII003820,SID0008,MID0022,110,2025/06/09
SDII003821,SID0008,MID0022,110,2025/06/10
SDII003822,SID0008,MID0022,110,2025/06/11
SDII003823,SID0008,MID0022,110,2025/06/12
SDII003824,SID0008,MID0022,110,2025/06/13
SDII003825,SID0008,MID0022,110,2025/06/14
SDII003826,SID0008,MID0022,110,2025/06/15
SDII003827,SID0008,MID0022,131,2025/06/16
SDII003828,SID0008,MID0022,192,2025/06/17
SDII003829,SID0008,MID0022,192,2025/06/18
SDII003830,SID0008,MID0022,192,2025/06/19
SDII003831,SID0008,MID0022,192,2025/06/20
SDII003832,SID0008,MID0022,192,2025/06/21
SDII003833,SID0008,MID0022,192,2025/06/22
SDII003834,SID0008,MID0022,192,2025/06/23
SDII003835,SID0008,MID0022,192,2025/06/24
SDII003836,SID0008,MID0022,192,2025/06/25
SDII003837,SID0008,MID0022,192,2025/06/26
SDII003838,SID0008,MID0022,192,2025/06/27
SDII003839,SID0008,MID0022,149,2025/06/28
SDII003840,SID0008,MID0022,149,2025/06/29
SDII003841,SID0008,MID0022,149,2025/06/30
SDII003842,SID0008,MID0022,138,2025/07/01
SDII003843,SID0008,MID0022,138,2025/07/02
SDII003844,SID0008,MID0022,138,2025/07/03
SDII003845,SID0008,MID0022,138,2025/07/04
SDII003846,SID0008,MID0022,138,2025/07/05
SDII003847,SID0008,MID0022,138,2025/07/06
SDII003848,SID0008,MID0022,138,2025/07/07
SDII003849,SID0008,MID0022,136,2025/07/08
SDII003850,SID0008,MID0022,122,2025/07/09
SDII003851,SID0008,MID0022,109,2025/07/10
SDII003852,SID0008,MID0022,112,2025/07/11
SDII003853,SID0008,MID0022,112,2025/07/12
SDII003854,SID0008,MID0022,112,2025/07/13
SDII003855,SID0008,MID0022,112,2025/07/14
SDII003856,SID0008,MID0022,193,2025/07/15
SDII003857,SID0008,MID0022,193,2025/07/16
SDII003858,SID0008,MID0022,193,2025/07/17
SDII003859,SID0008,MID0022,193,2025/07/18
SDII003860,SID0008,MID0022,193,2025/07/19
SDII003861,SID0008,MID0022,193,2025/07/20
SDII003862,SID0008,MID0022,193,2025/07/21
SDII003863,SID0008,MID0022,193,2025/07/22
SDII003864,SID0008,MID0022,186,2025/07/23
SDII003865,SID0008,MID0022,164,2025/07/24
SDII003866,SID0008,MID0022,151,2025/07/25
SDII003867,SID0008,MID0022,147,2025/07/26
SDII003868,SID0008,MID0022,147,2025/07/27
SDII003869,SID0008,MID0022,147,2025/07/28
SDII003870,SID0008,MID0022,142,2025/07/29
SDII003871,SID0008,MID0022,142,2025/07/30
SDII003872,SID0008,MID0022,142,2025/07/31
SDII003873,SID0008,MID0022,142,2025/08/01
SDII003874,SID0008,MID0022,124,2025/08/02
SDII003875,SID0008,MID0022,124,2025/08/03
SDII003876,SID0008,MID0022,124,2025/08/04
SDII003877,SID0008,MID0022,116,2025/08/05
SDII003878,SID0008,MID0022,93,2025/08/06
SDII003879,SID0008,MID0022,93,2025/08/07
SDII003880,SID0008,MID0022,93,2025/08/08
SDII003881,SID0008,MID0022,93,2025/08/09
SDII003882,SID0008,MID0022,93,2025/08/10
SDII003883,SID0008,MID0022,93,2025/08/11
SDII003884,SID0008,MID0022,93,2025/08/12
SDII003885,SID0008,MID0022,114,2025/08/13
SDII003886,SID0008,MID0022,114,2025/08/14
SDII003887,SID0008,MID0022,114,2025/08/15
SDII003888,SID0008,MID0022,151,2025/08/16
SDII003889,SID0008,MID0022,151,2025/08/17
SDII003890,SID0008,MID0022,151,2025/08/18
SDII003891,SID0008,MID0022,151,2025/08/19
SDII003892,SID0008,MID0022,151,2025/08/20
SDII003893,SID0008,MID0022,151,2025/08/21
SDII003894,SID0008,MID0022,151,2025/08/22
SDII003895,SID0008,MID0022,151,2025/08/23
SDII003896,SID0008,MID0022,151,2025/08/24
SDII003897,SID0008,MID0022,151,2025/08/25
SDII003898,SID0008,MID0022,151,2025/08/26
SDII003899,SID0008,MID0022,140,2025/08/27
SDII003900,SID0008,MID0022,127,2025/08/28
SDII003901,SID0008,MID0022,118,2025/08/29
SDII003902,SID0008,MID0022,107,2025/08/30
SDII003903,SID0008,MID0022,107,2025/08/31
SDII003904,SID0008,MID0022,107,2025/09/01
SDII003905,SID0008,MID0022,107,2025/09/02
SDII003906,SID0008,MID0022,107,2025/09/03
SDII003907,SID0008,MID0022,107,2025/09/04
SDII003908,SID0008,MID0022,107,2025/09/05
SDII003909,SID0008,MID0022,87,2025/09/06
SDII003910,SID0008,MID0022,87,2025/09/07
SDII003911,SID0008,MID0022,87,2025/09/08
SDII003912,SID0008,MID0022,83,2025/09/09
SDII003913,SID0008,MID0022,64,2025/09/10
SDII003914,SID0008,MID0022,64,2025/09/11
SDII003915,SID0008,MID0022,64,2025/09/12
SDII003916,SID0008,MID0022,64,2025/09/13
SDII003917,SID0008,MID0022,64,2025/09/14
SDII003918,SID0008,MID0022,64,2025/09/15
SDII003919,SID0008,MID0022,64,2025/09/16
SDII003920,SID0008,MID0022,64,2025/09/17
SDII003921,SID0008,MID0022,64,2025/09/18
SDII003922,SID0008,MID0022,64,2025/09/19
SDII003923,SID0008,MID0022,64,2025/09/20
SDII003924,SID0008,MID0022,105,2025/09/21
SDII003925,SID0008,MID0022,126,2025/09/22
SDII003926,SID0008,MID0022,126,2025/09/23
SDII003927,SID0008,MID0022,126,2025/09/24
SDII003928,SID0008,MID0022,126,2025/09/25
SDII003929,SID0008,MID0022,126,2025/09/26
SDII003930,SID0008,MID0022,102,2025/09/27
SDII003931,SID0008,MID0022,102,2025/09/28
SDII003932,SID0008,MID0022,102,2025/09/29
SDII003933,SID0008,MID0022,87,2025/09/30
SDII003934,SID0008,MID0022,82,2025/10/01
SDII003935,SID0008,MID0022,123,2025/10/02
SDII003936,SID0008,MID0022,144,2025/10/03
SDII003937,SID0008,MID0022,144,2025/10/04
SDII003938,SID0008,MID0022,144,2025/10/05
SDII003939,SID0008,MID0022,144,2025/10/06
SDII003940,SID0008,MID0022,144,2025/10/07
SDII003941,SID0008,MID0022,144,2025/10/08
SDII003942,SID0008,MID0022,144,2025/10/09
SDII003943,SID0008,MID0022,119,2025/10/10
SDII003944,SID0008,MID0022,114,2025/10/11
SDII003945,SID0008,MID0022,114,2025/10/12
SDII003946,SID0008,MID0022,114,2025/10/13
SDII003947,SID0008,MID0022,106,2025/10/14
SDII003948,SID0008,MID0022,94,2025/10/15
SDII003949,SID0008,MID0022,94,2025/10/16
SDII003950,SID0008,MID0022,94,2025/10/17
SDII003951,SID0008,MID0022,94,2025/10/18
SDII003952,SID0008,MID0022,94,2025/10/19
SDII003953,SID0008,MID0022,94,2025/10/20
SDII003954,SID0008,MID0022,94,2025/10/21
SDII003955,SID0008,MID0022,94,2025/10/22
SDII003956,SID0008,MID0022,94,2025/10/23
SDII003957,SID0008,MID0022,94,2025/10/24
SDII003958,SID0008,MID0022,86,2025/10/25
SDII003959,SID0008,MID0022,86,2025/10/26
SDII003960,SID0008,MID0022,208,2025/10/27
SDII003961,SID0008,MID0022,206,2025/10/28
SDII003962,SID0008,MID0022,176,2025/10/29
SDII003963,SID0008,MID0022,164,2025/10/30
SDII003964,SID0008,MID0022,164,2025/10/31
SDII003965,SID0008,MID0022,164,2025/11/01
SDII003966,SID0008,MID0022,164,2025/11/02
SDII003967,SID0008,MID0022,164,2025/11/03
SDII003968,SID0008,MID0022,164,2025/11/04
SDII003969,SID0008,MID0022,164,2025/11/05
SDII003970,SID0008,MID0022,158,2025/11/06
SDII003971,SID0008,MID0022,148,2025/11/07
SDII003972,SID0008,MID0022,142,2025/11/08
SDII003973,SID0008,MID0022,142,2025/11/09
SDII003974,SID0008,MID0022,142,2025/11/10
SDII003975,SID0008,MID0022,130,2025/11/11
SDII003976,SID0008,MID0022,116,2025/11/12
SDII003977,SID0008,MID0022,116,2025/11/13
SDII003978,SID0008,MID0022,116,2025/11/14
SDII003979,SID0008,MID0022,116,2025/11/15
SDII003980,SID0008,MID0022,116,2025/11/16
SDII003981,SID0008,MID0022,116,2025/11/17
SDII003982,SID0008,MID0022,116,2025/11/18
SDII003983,SID0008,MID0022,116,2025/11/19
SDII003984,SID0008,MID0022,116,2025/11/20
SDII003985,SID0008,MID0022,116,2025/11/21
SDII003986,SID0008,MID0022,97,2025/11/22
SDII003987,SID0008,MID0022,97,2025/11/23
SDII003988,SID0008,MID0022,97,2025/11/24
SDII003989,SID0008,MID0022,81,2025/11/25
SDII003990,SID0008,MID0022,81,2025/11/26
SDII003991,SID0008,MID0022,81,2025/11/27
SDII003992,SID0008,MID0022,81,2025/11/28
SDII003993,SID0008,MID0022,122,2025/11/29
SDII003994,SID0008,MID0022,122,2025/11/30
SDII003995,SID0008,MID0022,122,2025/12/01
SDII003996,SID0008,MID0022,122,2025/12/02
SDII003997,SID0008,MID0022,203,2025/12/03
SDII003998,SID0008,MID0022,203,2025/12/04
SDII003999,SID0008,MID0022,203,2025/12/05
SDII004000,SID0008,MID0022,203,2025/12/06
SDII004001,SID0008,MID0022,224,2025/12/07
SDII004002,SID0008,MID0022,224,2025/12/08
SDII004003,SID0008,MID0022,196,2025/12/09
SDII004004,SID0008,MID0022,188,2025/12/10
SDII004005,SID0008,MID0022,183,2025/12/11
SDII004006,SID0008,MID0022,166,2025/12/12
SDII004007,SID0008,MID0022,166,2025/12/13
SDII004008,SID0008,MID0022,166,2025/12/14
SDII004009,SID0008,MID0022,166,2025/12/15
SDII004010,SID0008,MID0022,166,2025/12/16
SDII004011,SID0008,MID0022,156,2025/12/17
SDII004012,SID0008,MID0022,138,2025/12/18
SDII004013,SID0008,MID0022,123,2025/12/19
SDII004014,SID0008,MID0022,107,2025/12/20
SDII004015,SID0008,MID0022,107,2025/12/21
SDII004016,SID0008,MID0022,107,2025/12/22
SDII004017,SID0008,MID0022,107,2025/12/23
SDII004018,SID0008,MID0022,107,2025/12/24
SDII004019,SID0008,MID0022,107,2025/12/25
SDII004020,SID0008,MID0022,107,2025/12/26
SDII004021,SID0008,MID0022,107,2025/12/27
SDII004022,SID0008,MID0022,107,2025/12/28
SDII004023,SID0008,MID0022,107,2025/12/29
SDII004024,SID0008,MID0022,107,2025/12/30
SDII004025,SID0008,MID0022,107,2025/12/31
SDII004026,SID0008,MID0022,107,2026/01/01
SDII004027,SID0008,MID0023,36,2025/01/01
SDII004028,SID0008,MID0023,36,2025/01/02
SDII004029,SID0008,MID0023,36,2025/01/03
SDII004030,SID0008,MID0023,36,2025/01/04
SDII004031,SID0008,MID0023,36,2025/01/05
SDII004032,SID0008,MID0023,36,2025/01/06
SDII004033,SID0008,MID0023,36,2025/01/07
SDII004034,SID0008,MID0023,36,2025/01/08
SDII004035,SID0008,MID0023,26,2025/01/09
SDII004036,SID0008,MID0023,17,2025/01/10
SDII004037,SID0008,MID0023,3,2025/01/11
SDII004038,SID0008,MID0023,3,2025/01/12
SDII004039,SID0008,MID0023,3,2025/01/13
SDII004040,SID0008,MID0023,0,2025/01/14
SDII004041,SID0008,MID0023,0,2025/01/15
SDII004042,SID0008,MID0023,0,2025/01/16
SDII004043,SID0008,MID0023,0,2025/01/17
SDII004044,SID0008,MID0023,73,2025/01/18
SDII004045,SID0008,MID0023,73,2025/01/19
SDII004046,SID0008,MID0023,73,2025/01/20
SDII004047,SID0008,MID0023,73,2025/01/21
SDII004048,SID0008,MID0023,73,2025/01/22
SDII004049,SID0008,MID0023,73,2025/01/23
SDII004050,SID0008,MID0023,73,2025/01/24
SDII004051,SID0008,MID0023,73,2025/01/25
SDII004052,SID0008,MID0023,73,2025/01/26
SDII004053,SID0008,MID0023,73,2025/01/27
SDII004054,SID0008,MID0023,73,2025/01/28
SDII004055,SID0008,MID0023,73,2025/01/29
SDII004056,SID0008,MID0023,73,2025/01/30
SDII004057,SID0008,MID0023,73,2025/01/31
SDII004058,SID0008,MID0023,73,2025/02/01
SDII004059,SID0008,MID0023,73,2025/02/02
SDII004060,SID0008,MID0023,73,2025/02/03
SDII004061,SID0008,MID0023,73,2025/02/04
SDII004062,SID0008,MID0023,73,2025/02/05
SDII004063,SID0008,MID0023,73,2025/02/06
SDII004064,SID0008,MID0023,73,2025/02/07
SDII004065,SID0008,MID0023,73,2025/02/08
SDII004066,SID0008,MID0023,73,2025/02/09
SDII004067,SID0008,MID0023,73,2025/02/10
SDII004068,SID0008,MID0023,73,2025/02/11
SDII004069,SID0008,MID0023,73,2025/02/12
SDII004070,SID0008,MID0023,73,2025/02/13
SDII004071,SID0008,MID0023,73,2025/02/14
SDII004072,SID0008,MID0023,73,2025/02/15
SDII004073,SID0008,MID0023,73,2025/02/16
SDII004074,SID0008,MID0023,73,2025/02/17
SDII004075,SID0008,MID0023,73,2025/02/18
SDII004076,SID0008,MID0023,73,2025/02/19
SDII004077,SID0008,MID0023,73,2025/02/20
SDII004078,SID0008,MID0023,73,2025/02/21
SDII004079,SID0008,MID0023,70,2025/02/22
SDII004080,SID0008,MID0023,70,2025/02/23
SDII004081,SID0008,MID0023,70,2025/02/24
SDII004082,SID0008,MID0023,69,2025/02/25
SDII004083,SID0008,MID0023,62,2025/02/26
SDII004084,SID0008,MID0023,52,2025/02/27
SDII004085,SID0008,MID0023,43,2025/02/28
SDII004086,SID0008,MID0023,43,2025/03/01
SDII004087,SID0008,MID0023,43,2025/03/02
SDII004088,SID0008,MID0023,43,2025/03/03
SDII004089,SID0008,MID0023,43,2025/03/04
SDII004090,SID0008,MID0023,43,2025/03/05
SDII004091,SID0008,MID0023,43,2025/03/06
SDII004092,SID0008,MID0023,43,2025/03/07
SDII004093,SID0008,MID0023,43,2025/03/08
SDII004094,SID0008,MID0023,43,2025/03/09
SDII004095,SID0008,MID0023,43,2025/03/10
SDII004096,SID0008,MID0023,43,2025/03/11
SDII004097,SID0008,MID0023,43,2025/03/12
SDII004098,SID0008,MID0023,43,2025/03/13
SDII004099,SID0008,MID0023,43,2025/03/14
SDII004100,SID0008,MID0023,98,2025/03/15
SDII004101,SID0008,MID0023,98,2025/03/16
SDII004102,SID0008,MID0023,98,2025/03/17
SDII004103,SID0008,MID0023,98,2025/03/18
SDII004104,SID0008,MID0023,98,2025/03/19
SDII004105,SID0008,MID0023,98,2025/03/20
SDII004106,SID0008,MID0023,98,2025/03/21
SDII004107,SID0008,MID0023,98,2025/03/22
SDII004108,SID0008,MID0023,98,2025/03/23
SDII004109,SID0008,MID0023,98,2025/03/24
SDII004110,SID0008,MID0023,98,2025/03/25
SDII004111,SID0008,MID0023,98,2025/03/26
SDII004112,SID0008,MID0023,98,2025/03/27
SDII004113,SID0008,MID0023,85,2025/03/28
SDII004114,SID0008,MID0023,81,2025/03/29
SDII004115,SID0008,MID0023,81,2025/03/30
SDII004116,SID0008,MID0023,154,2025/03/31
SDII004117,SID0008,MID0023,141,2025/04/01
SDII004118,SID0008,MID0023,141,2025/04/02
SDII004119,SID0008,MID0023,141,2025/04/03
SDII004120,SID0008,MID0023,141,2025/04/04
SDII004121,SID0008,MID0023,141,2025/04/05
SDII004122,SID0008,MID0023,141,2025/04/06
SDII004123,SID0008,MID0023,141,2025/04/07
SDII004124,SID0008,MID0023,141,2025/04/08
SDII004125,SID0008,MID0023,141,2025/04/09
SDII004126,SID0008,MID0023,141,2025/04/10
SDII004127,SID0008,MID0023,129,2025/04/11
SDII004128,SID0008,MID0023,124,2025/04/12
SDII004129,SID0008,MID0023,124,2025/04/13
SDII004130,SID0008,MID0023,124,2025/04/14
SDII004131,SID0008,MID0023,119,2025/04/15
SDII004132,SID0008,MID0023,107,2025/04/16
SDII004133,SID0008,MID0023,107,2025/04/17
SDII004134,SID0008,MID0023,107,2025/04/18
SDII004135,SID0008,MID0023,107,2025/04/19
SDII004136,SID0008,MID0023,107,2025/04/20
SDII004137,SID0008,MID0023,107,2025/04/21
SDII004138,SID0008,MID0023,107,2025/04/22
SDII004139,SID0008,MID0023,107,2025/04/23
SDII004140,SID0008,MID0023,107,2025/04/24
SDII004141,SID0008,MID0023,107,2025/04/25
SDII004142,SID0008,MID0023,107,2025/04/26
SDII004143,SID0008,MID0023,107,2025/04/27
SDII004144,SID0008,MID0023,107,2025/04/28
SDII004145,SID0008,MID0023,107,2025/04/29
SDII004146,SID0008,MID0023,107,2025/04/30
SDII004147,SID0008,MID0023,107,2025/05/01
SDII004148,SID0008,MID0023,107,2025/05/02
SDII004149,SID0008,MID0023,107,2025/05/03
SDII004150,SID0008,MID0023,107,2025/05/04
SDII004151,SID0008,MID0023,107,2025/05/05
SDII004152,SID0008,MID0023,107,2025/05/06
SDII004153,SID0008,MID0023,107,2025/05/07
SDII004154,SID0008,MID0023,107,2025/05/08
SDII004155,SID0008,MID0023,107,2025/05/09
SDII004156,SID0008,MID0023,107,2025/05/10
SDII004157,SID0008,MID0023,107,2025/05/11
SDII004158,SID0008,MID0023,107,2025/05/12
SDII004159,SID0008,MID0023,107,2025/05/13
SDII004160,SID0008,MID0023,107,2025/05/14
SDII004161,SID0008,MID0023,107,2025/05/15
SDII004162,SID0008,MID0023,107,2025/05/16
SDII004163,SID0008,MID0023,100,2025/05/17
SDII004164,SID0008,MID0023,100,2025/05/18
SDII004165,SID0008,MID0023,100,2025/05/19
SDII004166,SID0008,MID0023,87,2025/05/20
SDII004167,SID0008,MID0023,74,2025/05/21
SDII004168,SID0008,MID0023,74,2025/05/22
SDII004169,SID0008,MID0023,74,2025/05/23
SDII004170,SID0008,MID0023,74,2025/05/24
SDII004171,SID0008,MID0023,74,2025/05/25
SDII004172,SID0008,MID0023,74,2025/05/26
SDII004173,SID0008,MID0023,74,2025/05/27
SDII004174,SID0008,MID0023,74,2025/05/28
SDII004175,SID0008,MID0023,74,2025/05/29
SDII004176,SID0008,MID0023,74,2025/05/30
SDII004177,SID0008,MID0023,74,2025/05/31
SDII004178,SID0008,MID0023,74,2025/06/01
SDII004179,SID0008,MID0023,74,2025/06/02
SDII004180,SID0008,MID0023,74,2025/06/03
SDII004181,SID0008,MID0023,74,2025/06/04
SDII004182,SID0008,MID0023,74,2025/06/05
SDII004183,SID0008,MID0023,74,2025/06/06
SDII004184,SID0008,MID0023,74,2025/06/07
SDII004185,SID0008,MID0023,74,2025/06/08
SDII004186,SID0008,MID0023,74,2025/06/09
SDII004187,SID0008,MID0023,107,2025/06/10
SDII004188,SID0008,MID0023,107,2025/06/11
SDII004189,SID0008,MID0023,107,2025/06/12
SDII004190,SID0008,MID0023,107,2025/06/13
SDII004191,SID0008,MID0023,107,2025/06/14
SDII004192,SID0008,MID0023,107,2025/06/15
SDII004193,SID0008,MID0023,107,2025/06/16
SDII004194,SID0008,MID0023,107,2025/06/17
SDII004195,SID0008,MID0023,107,2025/06/18
SDII004196,SID0008,MID0023,94,2025/06/19
SDII004197,SID0008,MID0023,87,2025/06/20
SDII004198,SID0008,MID0023,77,2025/06/21
SDII004199,SID0008,MID0023,77,2025/06/22
SDII004200,SID0008,MID0023,77,2025/06/23
SDII004201,SID0008,MID0023,72,2025/06/24
SDII004202,SID0008,MID0023,72,2025/06/25
SDII004203,SID0008,MID0023,72,2025/06/26
SDII004204,SID0008,MID0023,72,2025/06/27
SDII004205,SID0008,MID0023,72,2025/06/28
SDII004206,SID0008,MID0023,72,2025/06/29
SDII004207,SID0008,MID0023,72,2025/06/30
SDII004208,SID0008,MID0023,72,2025/07/01
SDII004209,SID0008,MID0023,72,2025/07/02
SDII004210,SID0008,MID0023,72,2025/07/03
SDII004211,SID0008,MID0023,72,2025/07/04
SDII004212,SID0008,MID0023,72,2025/07/05
SDII004213,SID0008,MID0023,72,2025/07/06
SDII004214,SID0008,MID0023,72,2025/07/07
SDII004215,SID0008,MID0023,72,2025/07/08
SDII004216,SID0008,MID0023,72,2025/07/09
SDII004217,SID0008,MID0023,72,2025/07/10
SDII004218,SID0008,MID0023,72,2025/07/11
SDII004219,SID0008,MID0023,72,2025/07/12
SDII004220,SID0008,MID0023,72,2025/07/13
SDII004221,SID0008,MID0023,109,2025/07/14
SDII004222,SID0008,MID0023,109,2025/07/15
SDII004223,SID0008,MID0023,109,2025/07/16
SDII004224,SID0008,MID0023,109,2025/07/17
SDII004225,SID0008,MID0023,109,2025/07/18
SDII004226,SID0008,MID0023,109,2025/07/19
SDII004227,SID0008,MID0023,109,2025/07/20
SDII004228,SID0008,MID0023,109,2025/07/21
SDII004229,SID0008,MID0023,109,2025/07/22
SDII004230,SID0008,MID0023,109,2025/07/23
SDII004231,SID0008,MID0023,97,2025/07/24
SDII004232,SID0008,MID0023,73,2025/07/25
SDII004233,SID0008,MID0023,68,2025/07/26
SDII004234,SID0008,MID0023,68,2025/07/27
SDII004235,SID0008,MID0023,68,2025/07/28
SDII004236,SID0008,MID0023,68,2025/07/29
SDII004237,SID0008,MID0023,68,2025/07/30
SDII004238,SID0008,MID0023,68,2025/07/31
SDII004239,SID0008,MID0023,68,2025/08/01
SDII004240,SID0008,MID0023,68,2025/08/02
SDII004241,SID0008,MID0023,68,2025/08/03
SDII004242,SID0008,MID0023,68,2025/08/04
SDII004243,SID0008,MID0023,68,2025/08/05
SDII004244,SID0008,MID0023,68,2025/08/06
SDII004245,SID0008,MID0023,68,2025/08/07
SDII004246,SID0008,MID0023,68,2025/08/08
SDII004247,SID0008,MID0023,103,2025/08/09
SDII004248,SID0008,MID0023,103,2025/08/10
SDII004249,SID0008,MID0023,103,2025/08/11
SDII004250,SID0008,MID0023,103,2025/08/12
SDII004251,SID0008,MID0023,103,2025/08/13
SDII004252,SID0008,MID0023,103,2025/08/14
SDII004253,SID0008,MID0023,103,2025/08/15
SDII004254,SID0008,MID0023,103,2025/08/16
SDII004255,SID0008,MID0023,103,2025/08/17
SDII004256,SID0008,MID0023,103,2025/08/18
SDII004257,SID0008,MID0023,103,2025/08/19
SDII004258,SID0008,MID0023,103,2025/08/20
SDII004259,SID0008,MID0023,103,2025/08/21
SDII004260,SID0008,MID0023,103,2025/08/22
SDII004261,SID0008,MID0023,98,2025/08/23
SDII004262,SID0008,MID0023,98,2025/08/24
SDII004263,SID0008,MID0023,98,2025/08/25
SDII004264,SID0008,MID0023,93,2025/08/26
SDII004265,SID0008,MID0023,140,2025/08/27
SDII004266,SID0008,MID0023,128,2025/08/28
SDII004267,SID0008,MID0023,124,2025/08/29
SDII004268,SID0008,MID0023,113,2025/08/30
SDII004269,SID0008,MID0023,113,2025/08/31
SDII004270,SID0008,MID0023,113,2025/09/01
SDII004271,SID0008,MID0023,113,2025/09/02
SDII004272,SID0008,MID0023,113,2025/09/03
SDII004273,SID0008,MID0023,113,2025/09/04
SDII004274,SID0008,MID0023,113,2025/09/05
SDII004275,SID0008,MID0023,113,2025/09/06
SDII004276,SID0008,MID0023,113,2025/09/07
SDII004277,SID0008,MID0023,113,2025/09/08
SDII004278,SID0008,MID0023,113,2025/09/09
SDII004279,SID0008,MID0023,113,2025/09/10
SDII004280,SID0008,MID0023,113,2025/09/11
SDII004281,SID0008,MID0023,89,2025/09/12
SDII004282,SID0008,MID0023,85,2025/09/13
SDII004283,SID0008,MID0023,85,2025/09/14
SDII004284,SID0008,MID0023,85,2025/09/15
SDII004285,SID0008,MID0023,70,2025/09/16
SDII004286,SID0008,MID0023,70,2025/09/17
SDII004287,SID0008,MID0023,70,2025/09/18
SDII004288,SID0008,MID0023,70,2025/09/19
SDII004289,SID0008,MID0023,70,2025/09/20
SDII004290,SID0008,MID0023,70,2025/09/21
SDII004291,SID0008,MID0023,70,2025/09/22
SDII004292,SID0008,MID0023,70,2025/09/23
SDII004293,SID0008,MID0023,70,2025/09/24
SDII004294,SID0008,MID0023,70,2025/09/25
SDII004295,SID0008,MID0023,70,2025/09/26
SDII004296,SID0008,MID0023,70,2025/09/27
SDII004297,SID0008,MID0023,70,2025/09/28
SDII004298,SID0008,MID0023,70,2025/09/29
SDII004299,SID0008,MID0023,70,2025/09/30
SDII004300,SID0008,MID0023,70,2025/10/01
SDII004301,SID0008,MID0023,70,2025/10/02
SDII004302,SID0008,MID0023,70,2025/10/03
SDII004303,SID0008,MID0023,70,2025/10/04
SDII004304,SID0008,MID0023,70,2025/10/05
SDII004305,SID0008,MID0023,70,2025/10/06
SDII004306,SID0008,MID0023,70,2025/10/07
SDII004307,SID0008,MID0023,70,2025/10/08
SDII004308,SID0008,MID0023,70,2025/10/09
SDII004309,SID0008,MID0023,70,2025/10/10
SDII004310,SID0008,MID0023,70,2025/10/11
SDII004311,SID0008,MID0023,107,2025/10/12
SDII004312,SID0008,MID0023,107,2025/10/13
SDII004313,SID0008,MID0023,107,2025/10/14
SDII004314,SID0008,MID0023,107,2025/10/15
SDII004315,SID0008,MID0023,107,2025/10/16
SDII004316,SID0008,MID0023,107,2025/10/17
SDII004317,SID0008,MID0023,97,2025/10/18
SDII004318,SID0008,MID0023,97,2025/10/19
SDII004319,SID0008,MID0023,97,2025/10/20
SDII004320,SID0008,MID0023,96,2025/10/21
SDII004321,SID0008,MID0023,88,2025/10/22
SDII004322,SID0008,MID0023,79,2025/10/23
SDII004323,SID0008,MID0023,71,2025/10/24
SDII004324,SID0008,MID0023,65,2025/10/25
SDII004325,SID0008,MID0023,65,2025/10/26
SDII004326,SID0008,MID0023,65,2025/10/27
SDII004327,SID0008,MID0023,65,2025/10/28
SDII004328,SID0008,MID0023,65,2025/10/29
SDII004329,SID0008,MID0023,65,2025/10/30
SDII004330,SID0008,MID0023,65,2025/10/31
SDII004331,SID0008,MID0023,65,2025/11/01
SDII004332,SID0008,MID0023,65,2025/11/02
SDII004333,SID0008,MID0023,65,2025/11/03
SDII004334,SID0008,MID0023,65,2025/11/04
SDII004335,SID0008,MID0023,65,2025/11/05
SDII004336,SID0008,MID0023,65,2025/11/06
SDII004337,SID0008,MID0023,99,2025/11/07
SDII004338,SID0008,MID0023,99,2025/11/08
SDII004339,SID0008,MID0023,99,2025/11/09
SDII004340,SID0008,MID0023,99,2025/11/10
SDII004341,SID0008,MID0023,99,2025/11/11
SDII004342,SID0008,MID0023,99,2025/11/12
SDII004343,SID0008,MID0023,99,2025/11/13
SDII004344,SID0008,MID0023,99,2025/11/14
SDII004345,SID0008,MID0023,99,2025/11/15
SDII004346,SID0008,MID0023,99,2025/11/16
SDII004347,SID0008,MID0023,99,2025/11/17
SDII004348,SID0008,MID0023,99,2025/11/18
SDII004349,SID0008,MID0023,93,2025/11/19
SDII004350,SID0008,MID0023,87,2025/11/20
SDII004351,SID0008,MID0023,80,2025/11/21
SDII004352,SID0008,MID0023,73,2025/11/22
SDII004353,SID0008,MID0023,73,2025/11/23
SDII004354,SID0008,MID0023,73,2025/11/24
SDII004355,SID0008,MID0023,69,2025/11/25
SDII004356,SID0008,MID0023,69,2025/11/26
SDII004357,SID0008,MID0023,69,2025/11/27
SDII004358,SID0008,MID0023,69,2025/11/28
SDII004359,SID0008,MID0023,69,2025/11/29
SDII004360,SID0008,MID0023,69,2025/11/30
SDII004361,SID0008,MID0023,69,2025/12/01
SDII004362,SID0008,MID0023,69,2025/12/02
SDII004363,SID0008,MID0023,69,2025/12/03
SDII004364,SID0008,MID0023,69,2025/12/04
SDII004365,SID0008,MID0023,69,2025/12/05
SDII004366,SID0008,MID0023,69,2025/12/06
SDII004367,SID0008,MID0023,69,2025/12/07
SDII004368,SID0008,MID0023,69,2025/12/08
SDII004369,SID0008,MID0023,69,2025/12/09
SDII004370,SID0008,MID0023,101,2025/12/10
SDII004371,SID0008,MID0023,101,2025/12/11
SDII004372,SID0008,MID0023,101,2025/12/12
SDII004373,SID0008,MID0023,101,2025/12/13
SDII004374,SID0008,MID0023,101,2025/12/14
SDII004375,SID0008,MID0023,101,2025/12/15
SDII004376,SID0008,MID0023,101,2025/12/16
SDII004377,SID0008,MID0023,101,2025/12/17
SDII004378,SID0008,MID0023,101,2025/12/18
SDII004379,SID0008,MID0023,101,2025/12/19
SDII004380,SID0008,MID0023,98,2025/12/20
SDII004381,SID0008,MID0023,98,2025/12/21
SDII004382,SID0008,MID0023,98,2025/12/22
SDII004383,SID0008,MID0023,97,2025/12/23
SDII004384,SID0008,MID0023,89,2025/12/24
SDII004385,SID0008,MID0023,81,2025/12/25
SDII004386,SID0008,MID0023,71,2025/12/26
SDII004387,SID0008,MID0023,66,2025/12/27
SDII004388,SID0008,MID0023,66,2025/12/28
SDII004389,SID0008,MID0023,66,2025/12/29
SDII004390,SID0008,MID0023,66,2025/12/30
SDII004391,SID0008,MID0023,139,2025/12/31
SDII004392,SID0008,MID0023,139,2026/01/01
SDII004393,SID0008,MID0024,54,2025/01/01
SDII004394,SID0008,MID0024,54,2025/01/02
SDII004395,SID0008,MID0024,54,2025/01/03
SDII004396,SID0008,MID0024,54,2025/01/04
SDII004397,SID0008,MID0024,54,2025/01/05
SDII004398,SID0008,MID0024,54,2025/01/06
SDII004399,SID0008,MID0024,54,2025/01/07
SDII004400,SID0008,MID0024,54,2025/01/08
SDII004401,SID0008,MID0024,54,2025/01/09
SDII004402,SID0008,MID0024,54,2025/01/10
SDII004403,SID0008,MID0024,14,2025/01/11
SDII004404,SID0008,MID0024,14,2025/01/12
SDII004405,SID0008,MID0024,14,2025/01/13
SDII004406,SID0008,MID0024,0,2025/01/14
SDII004407,SID0008,MID0024,55,2025/01/15
SDII004408,SID0008,MID0024,55,2025/01/16
SDII004409,SID0008,MID0024,55,2025/01/17
SDII004410,SID0008,MID0024,55,2025/01/18
SDII004411,SID0008,MID0024,55,2025/01/19
SDII004412,SID0008,MID0024,55,2025/01/20
SDII004413,SID0008,MID0024,55,2025/01/21
SDII004414,SID0008,MID0024,55,2025/01/22
SDII004415,SID0008,MID0024,55,2025/01/23
SDII004416,SID0008,MID0024,55,2025/01/24
SDII004417,SID0008,MID0024,55,2025/01/25
SDII004418,SID0008,MID0024,55,2025/01/26
SDII004419,SID0008,MID0024,55,2025/01/27
SDII004420,SID0008,MID0024,55,2025/01/28
SDII004421,SID0008,MID0024,55,2025/01/29
SDII004422,SID0008,MID0024,55,2025/01/30
SDII004423,SID0008,MID0024,55,2025/01/31
SDII004424,SID0008,MID0024,55,2025/02/01
SDII004425,SID0008,MID0024,55,2025/02/02
SDII004426,SID0008,MID0024,55,2025/02/03
SDII004427,SID0008,MID0024,55,2025/02/04
SDII004428,SID0008,MID0024,55,2025/02/05
SDII004429,SID0008,MID0024,55,2025/02/06
SDII004430,SID0008,MID0024,110,2025/02/07
SDII004431,SID0008,MID0024,110,2025/02/08
SDII004432,SID0008,MID0024,110,2025/02/09
SDII004433,SID0008,MID0024,110,2025/02/10
SDII004434,SID0008,MID0024,110,2025/02/11
SDII004435,SID0008,MID0024,110,2025/02/12
SDII004436,SID0008,MID0024,110,2025/02/13
SDII004437,SID0008,MID0024,110,2025/02/14
SDII004438,SID0008,MID0024,110,2025/02/15
SDII004439,SID0008,MID0024,110,2025/02/16
SDII004440,SID0008,MID0024,110,2025/02/17
SDII004441,SID0008,MID0024,106,2025/02/18
SDII004442,SID0008,MID0024,102,2025/02/19
SDII004443,SID0008,MID0024,83,2025/02/20
SDII004444,SID0008,MID0024,63,2025/02/21
SDII004445,SID0008,MID0024,63,2025/02/22
SDII004446,SID0008,MID0024,63,2025/02/23
SDII004447,SID0008,MID0024,63,2025/02/24
SDII004448,SID0008,MID0024,63,2025/02/25
SDII004449,SID0008,MID0024,154,2025/02/26
SDII004450,SID0008,MID0024,154,2025/02/27
SDII004451,SID0008,MID0024,154,2025/02/28
SDII004452,SID0008,MID0024,154,2025/03/01
SDII004453,SID0008,MID0024,154,2025/03/02
SDII004454,SID0008,MID0024,154,2025/03/03
SDII004455,SID0008,MID0024,154,2025/03/04
SDII004456,SID0008,MID0024,154,2025/03/05
SDII004457,SID0008,MID0024,154,2025/03/06
SDII004458,SID0008,MID0024,154,2025/03/07
SDII004459,SID0008,MID0024,154,2025/03/08
SDII004460,SID0008,MID0024,154,2025/03/09
SDII004461,SID0008,MID0024,154,2025/03/10
SDII004462,SID0008,MID0024,124,2025/03/11
SDII004463,SID0008,MID0024,94,2025/03/12
SDII004464,SID0008,MID0024,94,2025/03/13
SDII004465,SID0008,MID0024,94,2025/03/14
SDII004466,SID0008,MID0024,94,2025/03/15
SDII004467,SID0008,MID0024,94,2025/03/16
SDII004468,SID0008,MID0024,94,2025/03/17
SDII004469,SID0008,MID0024,94,2025/03/18
SDII004470,SID0008,MID0024,94,2025/03/19
SDII004471,SID0008,MID0024,94,2025/03/20
SDII004472,SID0008,MID0024,94,2025/03/21
SDII004473,SID0008,MID0024,94,2025/03/22
SDII004474,SID0008,MID0024,94,2025/03/23
SDII004475,SID0008,MID0024,94,2025/03/24
SDII004476,SID0008,MID0024,94,2025/03/25
SDII004477,SID0008,MID0024,94,2025/03/26
SDII004478,SID0008,MID0024,94,2025/03/27
SDII004479,SID0008,MID0024,94,2025/03/28
SDII004480,SID0008,MID0024,94,2025/03/29
SDII004481,SID0008,MID0024,94,2025/03/30
SDII004482,SID0008,MID0024,94,2025/03/31
SDII004483,SID0008,MID0024,94,2025/04/01
SDII004484,SID0008,MID0024,94,2025/04/02
SDII004485,SID0008,MID0024,94,2025/04/03
SDII004486,SID0008,MID0024,94,2025/04/04
SDII004487,SID0008,MID0024,94,2025/04/05
SDII004488,SID0008,MID0024,94,2025/04/06
SDII004489,SID0008,MID0024,94,2025/04/07
SDII004490,SID0008,MID0024,94,2025/04/08
SDII004491,SID0008,MID0024,94,2025/04/09
SDII004492,SID0008,MID0024,94,2025/04/10
SDII004493,SID0008,MID0024,149,2025/04/11
SDII004494,SID0008,MID0024,149,2025/04/12
SDII004495,SID0008,MID0024,149,2025/04/13
SDII004496,SID0008,MID0024,149,2025/04/14
SDII004497,SID0008,MID0024,149,2025/04/15
SDII004498,SID0008,MID0024,149,2025/04/16
SDII004499,SID0008,MID0024,149,2025/04/17
SDII004500,SID0008,MID0024,149,2025/04/18
SDII004501,SID0008,MID0024,149,2025/04/19
SDII004502,SID0008,MID0024,149,2025/04/20
SDII004503,SID0008,MID0024,149,2025/04/21
SDII004504,SID0008,MID0024,129,2025/04/22
SDII004505,SID0008,MID0024,109,2025/04/23
SDII004506,SID0008,MID0024,100,2025/04/24
SDII004507,SID0008,MID0024,87,2025/04/25
SDII004508,SID0008,MID0024,87,2025/04/26
SDII004509,SID0008,MID0024,87,2025/04/27
SDII004510,SID0008,MID0024,87,2025/04/28
SDII004511,SID0008,MID0024,87,2025/04/29
SDII004512,SID0008,MID0024,87,2025/04/30
SDII004513,SID0008,MID0024,87,2025/05/01
SDII004514,SID0008,MID0024,87,2025/05/02
SDII004515,SID0008,MID0024,87,2025/05/03
SDII004516,SID0008,MID0024,87,2025/05/04
SDII004517,SID0008,MID0024,87,2025/05/05
SDII004518,SID0008,MID0024,87,2025/05/06
SDII004519,SID0008,MID0024,87,2025/05/07
SDII004520,SID0008,MID0024,87,2025/05/08
SDII004521,SID0008,MID0024,87,2025/05/09
SDII004522,SID0008,MID0024,87,2025/05/10
SDII004523,SID0008,MID0024,87,2025/05/11
SDII004524,SID0008,MID0024,87,2025/05/12
SDII004525,SID0008,MID0024,87,2025/05/13
SDII004526,SID0008,MID0024,87,2025/05/14
SDII004527,SID0008,MID0024,87,2025/05/15
SDII004528,SID0008,MID0024,136,2025/05/16
SDII004529,SID0008,MID0024,136,2025/05/17
SDII004530,SID0008,MID0024,136,2025/05/18
SDII004531,SID0008,MID0024,136,2025/05/19
SDII004532,SID0008,MID0024,136,2025/05/20
SDII004533,SID0008,MID0024,136,2025/05/21
SDII004534,SID0008,MID0024,136,2025/05/22
SDII004535,SID0008,MID0024,136,2025/05/23
SDII004536,SID0008,MID0024,136,2025/05/24
SDII004537,SID0008,MID0024,136,2025/05/25
SDII004538,SID0008,MID0024,136,2025/05/26
SDII004539,SID0008,MID0024,136,2025/05/27
SDII004540,SID0008,MID0024,120,2025/05/28
SDII004541,SID0008,MID0024,115,2025/05/29
SDII004542,SID0008,MID0024,193,2025/05/30
SDII004543,SID0008,MID0024,170,2025/05/31
SDII004544,SID0008,MID0024,170,2025/06/01
SDII004545,SID0008,MID0024,170,2025/06/02
SDII004546,SID0008,MID0024,170,2025/06/03
SDII004547,SID0008,MID0024,170,2025/06/04
SDII004548,SID0008,MID0024,170,2025/06/05
SDII004549,SID0008,MID0024,170,2025/06/06
SDII004550,SID0008,MID0024,162,2025/06/07
SDII004551,SID0008,MID0024,162,2025/06/08
SDII004552,SID0008,MID0024,162,2025/06/09
SDII004553,SID0008,MID0024,146,2025/06/10
SDII004554,SID0008,MID0024,126,2025/06/11
SDII004555,SID0008,MID0024,99,2025/06/12
SDII004556,SID0008,MID0024,93,2025/06/13
SDII004557,SID0008,MID0024,93,2025/06/14
SDII004558,SID0008,MID0024,93,2025/06/15
SDII004559,SID0008,MID0024,93,2025/06/16
SDII004560,SID0008,MID0024,93,2025/06/17
SDII004561,SID0008,MID0024,93,2025/06/18
SDII004562,SID0008,MID0024,93,2025/06/19
SDII004563,SID0008,MID0024,93,2025/06/20
SDII004564,SID0008,MID0024,203,2025/06/21
SDII004565,SID0008,MID0024,203,2025/06/22
SDII004566,SID0008,MID0024,203,2025/06/23
SDII004567,SID0008,MID0024,203,2025/06/24
SDII004568,SID0008,MID0024,203,2025/06/25
SDII004569,SID0008,MID0024,203,2025/06/26
SDII004570,SID0008,MID0024,203,2025/06/27
SDII004571,SID0008,MID0024,203,2025/06/28
SDII004572,SID0008,MID0024,203,2025/06/29
SDII004573,SID0008,MID0024,203,2025/06/30
SDII004574,SID0008,MID0024,203,2025/07/01
SDII004575,SID0008,MID0024,203,2025/07/02
SDII004576,SID0008,MID0024,192,2025/07/03
SDII004577,SID0008,MID0024,159,2025/07/04
SDII004578,SID0008,MID0024,124,2025/07/05
SDII004579,SID0008,MID0024,124,2025/07/06
SDII004580,SID0008,MID0024,124,2025/07/07
SDII004581,SID0008,MID0024,124,2025/07/08
SDII004582,SID0008,MID0024,124,2025/07/09
SDII004583,SID0008,MID0024,124,2025/07/10
SDII004584,SID0008,MID0024,124,2025/07/11
SDII004585,SID0008,MID0024,124,2025/07/12
SDII004586,SID0008,MID0024,124,2025/07/13
SDII004587,SID0008,MID0024,124,2025/07/14
SDII004588,SID0008,MID0024,124,2025/07/15
SDII004589,SID0008,MID0024,124,2025/07/16
SDII004590,SID0008,MID0024,124,2025/07/17
SDII004591,SID0008,MID0024,124,2025/07/18
SDII004592,SID0008,MID0024,124,2025/07/19
SDII004593,SID0008,MID0024,124,2025/07/20
SDII004594,SID0008,MID0024,124,2025/07/21
SDII004595,SID0008,MID0024,124,2025/07/22
SDII004596,SID0008,MID0024,124,2025/07/23
SDII004597,SID0008,MID0024,124,2025/07/24
SDII004598,SID0008,MID0024,124,2025/07/25
SDII004599,SID0008,MID0024,124,2025/07/26
SDII004600,SID0008,MID0024,124,2025/07/27
SDII004601,SID0008,MID0024,124,2025/07/28
SDII004602,SID0008,MID0024,124,2025/07/29
SDII004603,SID0008,MID0024,124,2025/07/30
SDII004604,SID0008,MID0024,124,2025/07/31
SDII004605,SID0008,MID0024,124,2025/08/01
SDII004606,SID0008,MID0024,124,2025/08/02
SDII004607,SID0008,MID0024,124,2025/08/03
SDII004608,SID0008,MID0024,124,2025/08/04
SDII004609,SID0008,MID0024,124,2025/08/05
SDII004610,SID0008,MID0024,124,2025/08/06
SDII004611,SID0008,MID0024,124,2025/08/07
SDII004612,SID0008,MID0024,124,2025/08/08
SDII004613,SID0008,MID0024,124,2025/08/09
SDII004614,SID0008,MID0024,124,2025/08/10
SDII004615,SID0008,MID0024,124,2025/08/11
SDII004616,SID0008,MID0024,124,2025/08/12
SDII004617,SID0008,MID0024,124,2025/08/13
SDII004618,SID0008,MID0024,124,2025/08/14
SDII004619,SID0008,MID0024,124,2025/08/15
SDII004620,SID0008,MID0024,104,2025/08/16
SDII004621,SID0008,MID0024,104,2025/08/17
SDII004622,SID0008,MID0024,104,2025/08/18
SDII004623,SID0008,MID0024,74,2025/08/19
SDII004624,SID0008,MID0024,54,2025/08/20
SDII004625,SID0008,MID0024,50,2025/08/21
SDII004626,SID0008,MID0024,50,2025/08/22
SDII004627,SID0008,MID0024,50,2025/08/23
SDII004628,SID0008,MID0024,50,2025/08/24
SDII004629,SID0008,MID0024,50,2025/08/25
SDII004630,SID0008,MID0024,50,2025/08/26
SDII004631,SID0008,MID0024,50,2025/08/27
SDII004632,SID0008,MID0024,50,2025/08/28
SDII004633,SID0008,MID0024,50,2025/08/29
SDII004634,SID0008,MID0024,50,2025/08/30
SDII004635,SID0008,MID0024,50,2025/08/31
SDII004636,SID0008,MID0024,50,2025/09/01
SDII004637,SID0008,MID0024,50,2025/09/02
SDII004638,SID0008,MID0024,50,2025/09/03
SDII004639,SID0008,MID0024,50,2025/09/04
SDII004640,SID0008,MID0024,50,2025/09/05
SDII004641,SID0008,MID0024,50,2025/09/06
SDII004642,SID0008,MID0024,50,2025/09/07
SDII004643,SID0008,MID0024,50,2025/09/08
SDII004644,SID0008,MID0024,102,2025/09/09
SDII004645,SID0008,MID0024,102,2025/09/10
SDII004646,SID0008,MID0024,102,2025/09/11
SDII004647,SID0008,MID0024,102,2025/09/12
SDII004648,SID0008,MID0024,102,2025/09/13
SDII004649,SID0008,MID0024,102,2025/09/14
SDII004650,SID0008,MID0024,102,2025/09/15
SDII004651,SID0008,MID0024,102,2025/09/16
SDII004652,SID0008,MID0024,102,2025/09/17
SDII004653,SID0008,MID0024,102,2025/09/18
SDII004654,SID0008,MID0024,102,2025/09/19
SDII004655,SID0008,MID0024,102,2025/09/20
SDII004656,SID0008,MID0024,102,2025/09/21
SDII004657,SID0008,MID0024,102,2025/09/22
SDII004658,SID0008,MID0024,102,2025/09/23
SDII004659,SID0008,MID0024,79,2025/09/24
SDII004660,SID0008,MID0024,52,2025/09/25
SDII004661,SID0008,MID0024,28,2025/09/26
SDII004662,SID0008,MID0024,28,2025/09/27
SDII004663,SID0008,MID0024,28,2025/09/28
SDII004664,SID0008,MID0024,28,2025/09/29
SDII004665,SID0008,MID0024,28,2025/09/30
SDII004666,SID0008,MID0024,119,2025/10/01
SDII004667,SID0008,MID0024,210,2025/10/02
SDII004668,SID0008,MID0024,210,2025/10/03
SDII004669,SID0008,MID0024,210,2025/10/04
SDII004670,SID0008,MID0024,210,2025/10/05
SDII004671,SID0008,MID0024,210,2025/10/06
SDII004672,SID0008,MID0024,210,2025/10/07
SDII004673,SID0008,MID0024,210,2025/10/08
SDII004674,SID0008,MID0024,210,2025/10/09
SDII004675,SID0008,MID0024,210,2025/10/10
SDII004676,SID0008,MID0024,210,2025/10/11
SDII004677,SID0008,MID0024,210,2025/10/12
SDII004678,SID0008,MID0024,210,2025/10/13
SDII004679,SID0008,MID0024,210,2025/10/14
SDII004680,SID0008,MID0024,210,2025/10/15
SDII004681,SID0008,MID0024,210,2025/10/16
SDII004682,SID0008,MID0024,210,2025/10/17
SDII004683,SID0008,MID0024,169,2025/10/18
SDII004684,SID0008,MID0024,169,2025/10/19
SDII004685,SID0008,MID0024,169,2025/10/20
SDII004686,SID0008,MID0024,129,2025/10/21
SDII004687,SID0008,MID0024,129,2025/10/22
SDII004688,SID0008,MID0024,129,2025/10/23
SDII004689,SID0008,MID0024,129,2025/10/24
SDII004690,SID0008,MID0024,129,2025/10/25
SDII004691,SID0008,MID0024,129,2025/10/26
SDII004692,SID0008,MID0024,129,2025/10/27
SDII004693,SID0008,MID0024,129,2025/10/28
SDII004694,SID0008,MID0024,239,2025/10/29
SDII004695,SID0008,MID0024,239,2025/10/30
SDII004696,SID0008,MID0024,239,2025/10/31
SDII004697,SID0008,MID0024,239,2025/11/01
SDII004698,SID0008,MID0024,239,2025/11/02
SDII004699,SID0008,MID0024,239,2025/11/03
SDII004700,SID0008,MID0024,239,2025/11/04
SDII004701,SID0008,MID0024,239,2025/11/05
SDII004702,SID0008,MID0024,239,2025/11/06
SDII004703,SID0008,MID0024,239,2025/11/07
SDII004704,SID0008,MID0024,194,2025/11/08
SDII004705,SID0008,MID0024,194,2025/11/09
SDII004706,SID0008,MID0024,194,2025/11/10
SDII004707,SID0008,MID0024,169,2025/11/11
SDII004708,SID0008,MID0024,169,2025/11/12
SDII004709,SID0008,MID0024,169,2025/11/13
SDII004710,SID0008,MID0024,169,2025/11/14
SDII004711,SID0008,MID0024,169,2025/11/15
SDII004712,SID0008,MID0024,169,2025/11/16
SDII004713,SID0008,MID0024,169,2025/11/17
SDII004714,SID0008,MID0024,169,2025/11/18
SDII004715,SID0008,MID0024,169,2025/11/19
SDII004716,SID0008,MID0024,169,2025/11/20
SDII004717,SID0008,MID0024,169,2025/11/21
SDII004718,SID0008,MID0024,169,2025/11/22
SDII004719,SID0008,MID0024,169,2025/11/23
SDII004720,SID0008,MID0024,169,2025/11/24
SDII004721,SID0008,MID0024,169,2025/11/25
SDII004722,SID0008,MID0024,169,2025/11/26
SDII004723,SID0008,MID0024,169,2025/11/27
SDII004724,SID0008,MID0024,169,2025/11/28
SDII004725,SID0008,MID0024,169,2025/11/29
SDII004726,SID0008,MID0024,169,2025/11/30
SDII004727,SID0008,MID0024,169,2025/12/01
SDII004728,SID0008,MID0024,169,2025/12/02
SDII004729,SID0008,MID0024,169,2025/12/03
SDII004730,SID0008,MID0024,169,2025/12/04
SDII004731,SID0008,MID0024,169,2025/12/05
SDII004732,SID0008,MID0024,169,2025/12/06
SDII004733,SID0008,MID0024,169,2025/12/07
SDII004734,SID0008,MID0024,169,2025/12/08
SDII004735,SID0008,MID0024,169,2025/12/09
SDII004736,SID0008,MID0024,169,2025/12/10
SDII004737,SID0008,MID0024,169,2025/12/11
SDII004738,SID0008,MID0024,169,2025/12/12
SDII004739,SID0008,MID0024,169,2025/12/13
SDII004740,SID0008,MID0024,169,2025/12/14
SDII004741,SID0008,MID0024,169,2025/12/15
SDII004742,SID0008,MID0024,169,2025/12/16
SDII004743,SID0008,MID0024,169,2025/12/17
SDII004744,SID0008,MID0024,169,2025/12/18
SDII004745,SID0008,MID0024,169,2025/12/19
SDII004746,SID0008,MID0024,169,2025/12/20
SDII004747,SID0008,MID0024,169,2025/12/21
SDII004748,SID0008,MID0024,169,2025/12/22
SDII004749,SID0008,MID0024,169,2025/12/23
SDII004750,SID0008,MID0024,169,2025/12/24
SDII004751,SID0008,MID0024,129,2025/12/25
SDII004752,SID0008,MID0024,97,2025/12/26
SDII004753,SID0008,MID0024,97,2025/12/27
SDII004754,SID0008,MID0024,97,2025/12/28
SDII004755,SID0008,MID0024,97,2025/12/29
SDII004756,SID0008,MID0024,97,2025/12/30
SDII004757,SID0008,MID0024,97,2025/12/31
SDII004758,SID0008,MID0024,170,2026/01/01
SDII004759,SID0011,MID0001,126,2025/01/01
SDII004760,SID0011,MID0001,116,2025/01/02
SDII004761,SID0011,MID0001,101,2025/01/03
SDII004762,SID0011,MID0001,79,2025/01/04
SDII004763,SID0011,MID0001,79,2025/01/05
SDII004764,SID0011,MID0001,79,2025/01/06
SDII004765,SID0011,MID0001,79,2025/01/07
SDII004766,SID0011,MID0001,31,2025/01/08
SDII004767,SID0011,MID0001,0,2025/01/09
SDII004768,SID0011,MID0001,219,2025/01/10
SDII004769,SID0011,MID0001,219,2025/01/11
SDII004770,SID0011,MID0001,219,2025/01/12
SDII004771,SID0011,MID0001,219,2025/01/13
SDII004772,SID0011,MID0001,201,2025/01/14
SDII004773,SID0011,MID0001,185,2025/01/15
SDII004774,SID0011,MID0001,168,2025/01/16
SDII004775,SID0011,MID0001,156,2025/01/17
SDII004776,SID0011,MID0001,145,2025/01/18
SDII004777,SID0011,MID0001,145,2025/01/19
SDII004778,SID0011,MID0001,145,2025/01/20
SDII004779,SID0011,MID0001,145,2025/01/21
SDII004780,SID0011,MID0001,108,2025/01/22
SDII004781,SID0011,MID0001,70,2025/01/23
SDII004782,SID0011,MID0001,180,2025/01/24
SDII004783,SID0011,MID0001,180,2025/01/25
SDII004784,SID0011,MID0001,180,2025/01/26
SDII004785,SID0011,MID0001,180,2025/01/27
SDII004786,SID0011,MID0001,136,2025/01/28
SDII004787,SID0011,MID0001,215,2025/01/29
SDII004788,SID0011,MID0001,215,2025/01/30
SDII004789,SID0011,MID0001,215,2025/01/31
SDII004790,SID0011,MID0001,215,2025/02/01
SDII004791,SID0011,MID0001,215,2025/02/02
SDII004792,SID0011,MID0001,215,2025/02/03
SDII004793,SID0011,MID0001,215,2025/02/04
SDII004794,SID0011,MID0001,212,2025/02/05
SDII004795,SID0011,MID0001,201,2025/02/06
SDII004796,SID0011,MID0001,173,2025/02/07
SDII004797,SID0011,MID0001,144,2025/02/08
SDII004798,SID0011,MID0001,144,2025/02/09
SDII004799,SID0011,MID0001,144,2025/02/10
SDII004800,SID0011,MID0001,108,2025/02/11
SDII004801,SID0011,MID0001,203,2025/02/12
SDII004802,SID0011,MID0001,190,2025/02/13
SDII004803,SID0011,MID0001,162,2025/02/14
SDII004804,SID0011,MID0001,162,2025/02/15
SDII004805,SID0011,MID0001,162,2025/02/16
SDII004806,SID0011,MID0001,162,2025/02/17
SDII004807,SID0011,MID0001,265,2025/02/18
SDII004808,SID0011,MID0001,254,2025/02/19
SDII004809,SID0011,MID0001,241,2025/02/20
SDII004810,SID0011,MID0001,224,2025/02/21
SDII004811,SID0011,MID0001,203,2025/02/22
SDII004812,SID0011,MID0001,203,2025/02/23
SDII004813,SID0011,MID0001,203,2025/02/24
SDII004814,SID0011,MID0001,172,2025/02/25
SDII004815,SID0011,MID0001,148,2025/02/26
SDII004816,SID0011,MID0001,142,2025/02/27
SDII004817,SID0011,MID0001,119,2025/02/28
SDII004818,SID0011,MID0001,119,2025/03/01
SDII004819,SID0011,MID0001,229,2025/03/02
SDII004820,SID0011,MID0001,229,2025/03/03
SDII004821,SID0011,MID0001,229,2025/03/04
SDII004822,SID0011,MID0001,218,2025/03/05
SDII004823,SID0011,MID0001,193,2025/03/06
SDII004824,SID0011,MID0001,177,2025/03/07
SDII004825,SID0011,MID0001,150,2025/03/08
SDII004826,SID0011,MID0001,150,2025/03/09
SDII004827,SID0011,MID0001,150,2025/03/10
SDII004828,SID0011,MID0001,133,2025/03/11
SDII004829,SID0011,MID0001,226,2025/03/12
SDII004830,SID0011,MID0001,214,2025/03/13
SDII004831,SID0011,MID0001,199,2025/03/14
SDII004832,SID0011,MID0001,181,2025/03/15
SDII004833,SID0011,MID0001,181,2025/03/16
SDII004834,SID0011,MID0001,181,2025/03/17
SDII004835,SID0011,MID0001,181,2025/03/18
SDII004836,SID0011,MID0001,159,2025/03/19
SDII004837,SID0011,MID0001,207,2025/03/20
SDII004838,SID0011,MID0001,207,2025/03/21
SDII004839,SID0011,MID0001,207,2025/03/22
SDII004840,SID0011,MID0001,207,2025/03/23
SDII004841,SID0011,MID0001,207,2025/03/24
SDII004842,SID0011,MID0001,202,2025/03/25
SDII004843,SID0011,MID0001,164,2025/03/26
SDII004844,SID0011,MID0001,120,2025/03/27
SDII004845,SID0011,MID0001,120,2025/03/28
SDII004846,SID0011,MID0001,339,2025/03/29
SDII004847,SID0011,MID0001,339,2025/03/30
SDII004848,SID0011,MID0001,339,2025/03/31
SDII004849,SID0011,MID0001,329,2025/04/01
SDII004850,SID0011,MID0001,310,2025/04/02
SDII004851,SID0011,MID0001,295,2025/04/03
SDII004852,SID0011,MID0001,281,2025/04/04
SDII004853,SID0011,MID0001,253,2025/04/05
SDII004854,SID0011,MID0001,253,2025/04/06
SDII004855,SID0011,MID0001,253,2025/04/07
SDII004856,SID0011,MID0001,229,2025/04/08
SDII004857,SID0011,MID0001,227,2025/04/09
SDII004858,SID0011,MID0001,223,2025/04/10
SDII004859,SID0011,MID0001,197,2025/04/11
SDII004860,SID0011,MID0001,168,2025/04/12
SDII004861,SID0011,MID0001,168,2025/04/13
SDII004862,SID0011,MID0001,273,2025/04/14
SDII004863,SID0011,MID0001,245,2025/04/15
SDII004864,SID0011,MID0001,231,2025/04/16
SDII004865,SID0011,MID0001,222,2025/04/17
SDII004866,SID0011,MID0001,178,2025/04/18
SDII004867,SID0011,MID0001,177,2025/04/19
SDII004868,SID0011,MID0001,177,2025/04/20
SDII004869,SID0011,MID0001,177,2025/04/21
SDII004870,SID0011,MID0001,177,2025/04/22
SDII004871,SID0011,MID0001,117,2025/04/23
SDII004872,SID0011,MID0001,189,2025/04/24
SDII004873,SID0011,MID0001,189,2025/04/25
SDII004874,SID0011,MID0001,189,2025/04/26
SDII004875,SID0011,MID0001,189,2025/04/27
SDII004876,SID0011,MID0001,408,2025/04/28
SDII004877,SID0011,MID0001,403,2025/04/29
SDII004878,SID0011,MID0001,396,2025/04/30
SDII004879,SID0011,MID0001,312,2025/05/01
SDII004880,SID0011,MID0001,312,2025/05/02
SDII004881,SID0011,MID0001,312,2025/05/03
SDII004882,SID0011,MID0001,312,2025/05/04
SDII004883,SID0011,MID0001,312,2025/05/05
SDII004884,SID0011,MID0001,312,2025/05/06
SDII004885,SID0011,MID0001,312,2025/05/07
SDII004886,SID0011,MID0001,296,2025/05/08
SDII004887,SID0011,MID0001,263,2025/05/09
SDII004888,SID0011,MID0001,223,2025/05/10
SDII004889,SID0011,MID0001,223,2025/05/11
SDII004890,SID0011,MID0001,223,2025/05/12
SDII004891,SID0011,MID0001,223,2025/05/13
SDII004892,SID0011,MID0001,209,2025/05/14
SDII004893,SID0011,MID0001,197,2025/05/15
SDII004894,SID0011,MID0001,163,2025/05/16
SDII004895,SID0011,MID0001,135,2025/05/17
SDII004896,SID0011,MID0001,135,2025/05/18
SDII004897,SID0011,MID0001,245,2025/05/19
SDII004898,SID0011,MID0001,245,2025/05/20
SDII004899,SID0011,MID0001,170,2025/05/21
SDII004900,SID0011,MID0001,155,2025/05/22
SDII004901,SID0011,MID0001,155,2025/05/23
SDII004902,SID0011,MID0001,155,2025/05/24
SDII004903,SID0011,MID0001,155,2025/05/25
SDII004904,SID0011,MID0001,155,2025/05/26
SDII004905,SID0011,MID0001,134,2025/05/27
SDII004906,SID0011,MID0001,118,2025/05/28
SDII004907,SID0011,MID0001,94,2025/05/29
SDII004908,SID0011,MID0001,72,2025/05/30
SDII004909,SID0011,MID0001,291,2025/05/31
SDII004910,SID0011,MID0001,291,2025/06/01
SDII004911,SID0011,MID0001,291,2025/06/02
SDII004912,SID0011,MID0001,255,2025/06/03
SDII004913,SID0011,MID0001,221,2025/06/04
SDII004914,SID0011,MID0001,213,2025/06/05
SDII004915,SID0011,MID0001,206,2025/06/06
SDII004916,SID0011,MID0001,201,2025/06/07
SDII004917,SID0011,MID0001,201,2025/06/08
SDII004918,SID0011,MID0001,201,2025/06/09
SDII004919,SID0011,MID0001,311,2025/06/10
SDII004920,SID0011,MID0001,311,2025/06/11
SDII004921,SID0011,MID0001,276,2025/06/12
SDII004922,SID0011,MID0001,248,2025/06/13
SDII004923,SID0011,MID0001,219,2025/06/14
SDII004924,SID0011,MID0001,219,2025/06/15
SDII004925,SID0011,MID0001,219,2025/06/16
SDII004926,SID0011,MID0001,202,2025/06/17
SDII004927,SID0011,MID0001,196,2025/06/18
SDII004928,SID0011,MID0001,177,2025/06/19
SDII004929,SID0011,MID0001,155,2025/06/20
SDII004930,SID0011,MID0001,240,2025/06/21
SDII004931,SID0011,MID0001,240,2025/06/22
SDII004932,SID0011,MID0001,240,2025/06/23
SDII004933,SID0011,MID0001,240,2025/06/24
SDII004934,SID0011,MID0001,203,2025/06/25
SDII004935,SID0011,MID0001,178,2025/06/26
SDII004936,SID0011,MID0001,155,2025/06/27
SDII004937,SID0011,MID0001,150,2025/06/28
SDII004938,SID0011,MID0001,150,2025/06/29
SDII004939,SID0011,MID0001,150,2025/06/30
SDII004940,SID0011,MID0001,138,2025/07/01
SDII004941,SID0011,MID0001,127,2025/07/02
SDII004942,SID0011,MID0001,230,2025/07/03
SDII004943,SID0011,MID0001,195,2025/07/04
SDII004944,SID0011,MID0001,170,2025/07/05
SDII004945,SID0011,MID0001,170,2025/07/06
SDII004946,SID0011,MID0001,170,2025/07/07
SDII004947,SID0011,MID0001,170,2025/07/08
SDII004948,SID0011,MID0001,170,2025/07/09
SDII004949,SID0011,MID0001,138,2025/07/10
SDII004950,SID0011,MID0001,117,2025/07/11
SDII004951,SID0011,MID0001,89,2025/07/12
SDII004952,SID0011,MID0001,308,2025/07/13
SDII004953,SID0011,MID0001,308,2025/07/14
SDII004954,SID0011,MID0001,308,2025/07/15
SDII004955,SID0011,MID0001,297,2025/07/16
SDII004956,SID0011,MID0001,260,2025/07/17
SDII004957,SID0011,MID0001,225,2025/07/18
SDII004958,SID0011,MID0001,225,2025/07/19
SDII004959,SID0011,MID0001,225,2025/07/20
SDII004960,SID0011,MID0001,225,2025/07/21
SDII004961,SID0011,MID0001,225,2025/07/22
SDII004962,SID0011,MID0001,225,2025/07/23
SDII004963,SID0011,MID0001,225,2025/07/24
SDII004964,SID0011,MID0001,181,2025/07/25
SDII004965,SID0011,MID0001,133,2025/07/26
SDII004966,SID0011,MID0001,133,2025/07/27
SDII004967,SID0011,MID0001,133,2025/07/28
SDII004968,SID0011,MID0001,121,2025/07/29
SDII004969,SID0011,MID0001,104,2025/07/30
SDII004970,SID0011,MID0001,192,2025/07/31
SDII004971,SID0011,MID0001,185,2025/08/01
SDII004972,SID0011,MID0001,163,2025/08/02
SDII004973,SID0011,MID0001,163,2025/08/03
SDII004974,SID0011,MID0001,163,2025/08/04
SDII004975,SID0011,MID0001,163,2025/08/05
SDII004976,SID0011,MID0001,163,2025/08/06
SDII004977,SID0011,MID0001,151,2025/08/07
SDII004978,SID0011,MID0001,83,2025/08/08
SDII004979,SID0011,MID0001,189,2025/08/09
SDII004980,SID0011,MID0001,189,2025/08/10
SDII004981,SID0011,MID0001,189,2025/08/11
SDII004982,SID0011,MID0001,189,2025/08/12
SDII004983,SID0011,MID0001,189,2025/08/13
SDII004984,SID0011,MID0001,185,2025/08/14
SDII004985,SID0011,MID0001,121,2025/08/15
SDII004986,SID0011,MID0001,224,2025/08/16
SDII004987,SID0011,MID0001,224,2025/08/17
SDII004988,SID0011,MID0001,224,2025/08/18
SDII004989,SID0011,MID0001,214,2025/08/19
SDII004990,SID0011,MID0001,194,2025/08/20
SDII004991,SID0011,MID0001,179,2025/08/21
SDII004992,SID0011,MID0001,156,2025/08/22
SDII004993,SID0011,MID0001,148,2025/08/23
SDII004994,SID0011,MID0001,148,2025/08/24
SDII004995,SID0011,MID0001,148,2025/08/25
SDII004996,SID0011,MID0001,255,2025/08/26
SDII004997,SID0011,MID0001,204,2025/08/27
SDII004998,SID0011,MID0001,181,2025/08/28
SDII004999,SID0011,MID0001,181,2025/08/29
SDII005000,SID0011,MID0001,181,2025/08/30
SDII005001,SID0011,MID0001,181,2025/08/31
SDII005002,SID0011,MID0001,181,2025/09/01
SDII005003,SID0011,MID0001,181,2025/09/02
SDII005004,SID0011,MID0001,281,2025/09/03
SDII005005,SID0011,MID0001,208,2025/09/04
SDII005006,SID0011,MID0001,206,2025/09/05
SDII005007,SID0011,MID0001,204,2025/09/06
SDII005008,SID0011,MID0001,204,2025/09/07
SDII005009,SID0011,MID0001,314,2025/09/08
SDII005010,SID0011,MID0001,293,2025/09/09
SDII005011,SID0011,MID0001,290,2025/09/10
SDII005012,SID0011,MID0001,273,2025/09/11
SDII005013,SID0011,MID0001,239,2025/09/12
SDII005014,SID0011,MID0001,239,2025/09/13
SDII005015,SID0011,MID0001,239,2025/09/14
SDII005016,SID0011,MID0001,239,2025/09/15
SDII005017,SID0011,MID0001,222,2025/09/16
SDII005018,SID0011,MID0001,203,2025/09/17
SDII005019,SID0011,MID0001,194,2025/09/18
SDII005020,SID0011,MID0001,178,2025/09/19
SDII005021,SID0011,MID0001,161,2025/09/20
SDII005022,SID0011,MID0001,161,2025/09/21
SDII005023,SID0011,MID0001,161,2025/09/22
SDII005024,SID0011,MID0001,144,2025/09/23
SDII005025,SID0011,MID0001,127,2025/09/24
SDII005026,SID0011,MID0001,213,2025/09/25
SDII005027,SID0011,MID0001,198,2025/09/26
SDII005028,SID0011,MID0001,183,2025/09/27
SDII005029,SID0011,MID0001,183,2025/09/28
SDII005030,SID0011,MID0001,183,2025/09/29
SDII005031,SID0011,MID0001,181,2025/09/30
SDII005032,SID0011,MID0001,148,2025/10/01
SDII005033,SID0011,MID0001,115,2025/10/02
SDII005034,SID0011,MID0001,109,2025/10/03
SDII005035,SID0011,MID0001,109,2025/10/04
SDII005036,SID0011,MID0001,109,2025/10/05
SDII005037,SID0011,MID0001,109,2025/10/06
SDII005038,SID0011,MID0001,210,2025/10/07
SDII005039,SID0011,MID0001,203,2025/10/08
SDII005040,SID0011,MID0001,181,2025/10/09
SDII005041,SID0011,MID0001,155,2025/10/10
SDII005042,SID0011,MID0001,155,2025/10/11
SDII005043,SID0011,MID0001,155,2025/10/12
SDII005044,SID0011,MID0001,155,2025/10/13
SDII005045,SID0011,MID0001,155,2025/10/14
SDII005046,SID0011,MID0001,152,2025/10/15
SDII005047,SID0011,MID0001,136,2025/10/16
SDII005048,SID0011,MID0001,209,2025/10/17
SDII005049,SID0011,MID0001,204,2025/10/18
SDII005050,SID0011,MID0001,204,2025/10/19
SDII005051,SID0011,MID0001,204,2025/10/20
SDII005052,SID0011,MID0001,186,2025/10/21
SDII005053,SID0011,MID0001,174,2025/10/22
SDII005054,SID0011,MID0001,162,2025/10/23
SDII005055,SID0011,MID0001,146,2025/10/24
SDII005056,SID0011,MID0001,135,2025/10/25
SDII005057,SID0011,MID0001,135,2025/10/26
SDII005058,SID0011,MID0001,135,2025/10/27
SDII005059,SID0011,MID0001,231,2025/10/28
SDII005060,SID0011,MID0001,208,2025/10/29
SDII005061,SID0011,MID0001,198,2025/10/30
SDII005062,SID0011,MID0001,192,2025/10/31
SDII005063,SID0011,MID0001,182,2025/11/01
SDII005064,SID0011,MID0001,182,2025/11/02
SDII005065,SID0011,MID0001,182,2025/11/03
SDII005066,SID0011,MID0001,182,2025/11/04
SDII005067,SID0011,MID0001,182,2025/11/05
SDII005068,SID0011,MID0001,150,2025/11/06
SDII005069,SID0011,MID0001,113,2025/11/07
SDII005070,SID0011,MID0001,113,2025/11/08
SDII005071,SID0011,MID0001,113,2025/11/09
SDII005072,SID0011,MID0001,113,2025/11/10
SDII005073,SID0011,MID0001,113,2025/11/11
SDII005074,SID0011,MID0001,113,2025/11/12
SDII005075,SID0011,MID0001,98,2025/11/13
SDII005076,SID0011,MID0001,152,2025/11/14
SDII005077,SID0011,MID0001,152,2025/11/15
SDII005078,SID0011,MID0001,152,2025/11/16
SDII005079,SID0011,MID0001,152,2025/11/17
SDII005080,SID0011,MID0001,245,2025/11/18
SDII005081,SID0011,MID0001,199,2025/11/19
SDII005082,SID0011,MID0001,197,2025/11/20
SDII005083,SID0011,MID0001,197,2025/11/21
SDII005084,SID0011,MID0001,197,2025/11/22
SDII005085,SID0011,MID0001,197,2025/11/23
SDII005086,SID0011,MID0001,197,2025/11/24
SDII005087,SID0011,MID0001,173,2025/11/25
SDII005088,SID0011,MID0001,162,2025/11/26
SDII005089,SID0011,MID0001,158,2025/11/27
SDII005090,SID0011,MID0001,152,2025/11/28
SDII005091,SID0011,MID0001,127,2025/11/29
SDII005092,SID0011,MID0001,127,2025/11/30
SDII005093,SID0011,MID0001,237,2025/12/01
SDII005094,SID0011,MID0001,237,2025/12/02
SDII005095,SID0011,MID0001,200,2025/12/03
SDII005096,SID0011,MID0001,168,2025/12/04
SDII005097,SID0011,MID0001,168,2025/12/05
SDII005098,SID0011,MID0001,168,2025/12/06
SDII005099,SID0011,MID0001,168,2025/12/07
SDII005100,SID0011,MID0001,168,2025/12/08
SDII005101,SID0011,MID0001,157,2025/12/09
SDII005102,SID0011,MID0001,145,2025/12/10
SDII005103,SID0011,MID0001,129,2025/12/11
SDII005104,SID0011,MID0001,121,2025/12/12
SDII005105,SID0011,MID0001,100,2025/12/13
SDII005106,SID0011,MID0001,100,2025/12/14
SDII005107,SID0011,MID0001,100,2025/12/15
SDII005108,SID0011,MID0001,210,2025/12/16
SDII005109,SID0011,MID0001,210,2025/12/17
SDII005110,SID0011,MID0001,210,2025/12/18
SDII005111,SID0011,MID0001,189,2025/12/19
SDII005112,SID0011,MID0001,148,2025/12/20
SDII005113,SID0011,MID0001,148,2025/12/21
SDII005114,SID0011,MID0001,148,2025/12/22
SDII005115,SID0011,MID0001,148,2025/12/23
SDII005116,SID0011,MID0001,117,2025/12/24
SDII005117,SID0011,MID0001,87,2025/12/25
SDII005118,SID0011,MID0001,193,2025/12/26
SDII005119,SID0011,MID0001,193,2025/12/27
SDII005120,SID0011,MID0001,193,2025/12/28
SDII005121,SID0011,MID0001,193,2025/12/29
SDII005122,SID0011,MID0001,183,2025/12/30
SDII005123,SID0011,MID0001,165,2025/12/31
SDII005124,SID0011,MID0001,155,2026/01/01
SDII005125,SID0011,MID0007,230,2025/01/01
SDII005126,SID0011,MID0007,217,2025/01/02
SDII005127,SID0011,MID0007,165,2025/01/03
SDII005128,SID0011,MID0007,142,2025/01/04
SDII005129,SID0011,MID0007,142,2025/01/05
SDII005130,SID0011,MID0007,142,2025/01/06
SDII005131,SID0011,MID0007,121,2025/01/07
SDII005132,SID0011,MID0007,83,2025/01/08
SDII005133,SID0011,MID0007,26,2025/01/09
SDII005134,SID0011,MID0007,0,2025/01/10
SDII005135,SID0011,MID0007,0,2025/01/11
SDII005136,SID0011,MID0007,0,2025/01/12
SDII005137,SID0011,MID0007,534,2025/01/13
SDII005138,SID0011,MID0007,529,2025/01/14
SDII005139,SID0011,MID0007,496,2025/01/15
SDII005140,SID0011,MID0007,436,2025/01/16
SDII005141,SID0011,MID0007,397,2025/01/17
SDII005142,SID0011,MID0007,397,2025/01/18
SDII005143,SID0011,MID0007,397,2025/01/19
SDII005144,SID0011,MID0007,397,2025/01/20
SDII005145,SID0011,MID0007,397,2025/01/21
SDII005146,SID0011,MID0007,267,2025/01/22
SDII005147,SID0011,MID0007,256,2025/01/23
SDII005148,SID0011,MID0007,256,2025/01/24
SDII005149,SID0011,MID0007,256,2025/01/25
SDII005150,SID0011,MID0007,586,2025/01/26
SDII005151,SID0011,MID0007,586,2025/01/27
SDII005152,SID0011,MID0007,561,2025/01/28
SDII005153,SID0011,MID0007,489,2025/01/29
SDII005154,SID0011,MID0007,437,2025/01/30
SDII005155,SID0011,MID0007,437,2025/01/31
SDII005156,SID0011,MID0007,437,2025/02/01
SDII005157,SID0011,MID0007,437,2025/02/02
SDII005158,SID0011,MID0007,437,2025/02/03
SDII005159,SID0011,MID0007,350,2025/02/04
SDII005160,SID0011,MID0007,307,2025/02/05
SDII005161,SID0011,MID0007,307,2025/02/06
SDII005162,SID0011,MID0007,663,2025/02/07
SDII005163,SID0011,MID0007,663,2025/02/08
SDII005164,SID0011,MID0007,663,2025/02/09
SDII005165,SID0011,MID0007,663,2025/02/10
SDII005166,SID0011,MID0007,634,2025/02/11
SDII005167,SID0011,MID0007,602,2025/02/12
SDII005168,SID0011,MID0007,574,2025/02/13
SDII005169,SID0011,MID0007,568,2025/02/14
SDII005170,SID0011,MID0007,535,2025/02/15
SDII005171,SID0011,MID0007,535,2025/02/16
SDII005172,SID0011,MID0007,535,2025/02/17
SDII005173,SID0011,MID0007,535,2025/02/18
SDII005174,SID0011,MID0007,495,2025/02/19
SDII005175,SID0011,MID0007,464,2025/02/20
SDII005176,SID0011,MID0007,421,2025/02/21
SDII005177,SID0011,MID0007,389,2025/02/22
SDII005178,SID0011,MID0007,389,2025/02/23
SDII005179,SID0011,MID0007,389,2025/02/24
SDII005180,SID0011,MID0007,341,2025/02/25
SDII005181,SID0011,MID0007,257,2025/02/26
SDII005182,SID0011,MID0007,257,2025/02/27
SDII005183,SID0011,MID0007,257,2025/02/28
SDII005184,SID0011,MID0007,597,2025/03/01
SDII005185,SID0011,MID0007,597,2025/03/02
SDII005186,SID0011,MID0007,597,2025/03/03
SDII005187,SID0011,MID0007,542,2025/03/04
SDII005188,SID0011,MID0007,513,2025/03/05
SDII005189,SID0011,MID0007,497,2025/03/06
SDII005190,SID0011,MID0007,474,2025/03/07
SDII005191,SID0011,MID0007,458,2025/03/08
SDII005192,SID0011,MID0007,458,2025/03/09
SDII005193,SID0011,MID0007,458,2025/03/10
SDII005194,SID0011,MID0007,380,2025/03/11
SDII005195,SID0011,MID0007,324,2025/03/12
SDII005196,SID0011,MID0007,324,2025/03/13
SDII005197,SID0011,MID0007,324,2025/03/14
SDII005198,SID0011,MID0007,324,2025/03/15
SDII005199,SID0011,MID0007,502,2025/03/16
SDII005200,SID0011,MID0007,502,2025/03/17
SDII005201,SID0011,MID0007,466,2025/03/18
SDII005202,SID0011,MID0007,445,2025/03/19
SDII005203,SID0011,MID0007,420,2025/03/20
SDII005204,SID0011,MID0007,389,2025/03/21
SDII005205,SID0011,MID0007,731,2025/03/22
SDII005206,SID0011,MID0007,731,2025/03/23
SDII005207,SID0011,MID0007,731,2025/03/24
SDII005208,SID0011,MID0007,731,2025/03/25
SDII005209,SID0011,MID0007,677,2025/03/26
SDII005210,SID0011,MID0007,647,2025/03/27
SDII005211,SID0011,MID0007,593,2025/03/28
SDII005212,SID0011,MID0007,582,2025/03/29
SDII005213,SID0011,MID0007,582,2025/03/30
SDII005214,SID0011,MID0007,582,2025/03/31
SDII005215,SID0011,MID0007,582,2025/04/01
SDII005216,SID0011,MID0007,582,2025/04/02
SDII005217,SID0011,MID0007,582,2025/04/03
SDII005218,SID0011,MID0007,473,2025/04/04
SDII005219,SID0011,MID0007,448,2025/04/05
SDII005220,SID0011,MID0007,448,2025/04/06
SDII005221,SID0011,MID0007,448,2025/04/07
SDII005222,SID0011,MID0007,448,2025/04/08
SDII005223,SID0011,MID0007,421,2025/04/09
SDII005224,SID0011,MID0007,312,2025/04/10
SDII005225,SID0011,MID0007,668,2025/04/11
SDII005226,SID0011,MID0007,668,2025/04/12
SDII005227,SID0011,MID0007,668,2025/04/13
SDII005228,SID0011,MID0007,668,2025/04/14
SDII005229,SID0011,MID0007,613,2025/04/15
SDII005230,SID0011,MID0007,558,2025/04/16
SDII005231,SID0011,MID0007,537,2025/04/17
SDII005232,SID0011,MID0007,525,2025/04/18
SDII005233,SID0011,MID0007,522,2025/04/19
SDII005234,SID0011,MID0007,522,2025/04/20
SDII005235,SID0011,MID0007,522,2025/04/21
SDII005236,SID0011,MID0007,522,2025/04/22
SDII005237,SID0011,MID0007,522,2025/04/23
SDII005238,SID0011,MID0007,859,2025/04/24
SDII005239,SID0011,MID0007,795,2025/04/25
SDII005240,SID0011,MID0007,727,2025/04/26
SDII005241,SID0011,MID0007,727,2025/04/27
SDII005242,SID0011,MID0007,727,2025/04/28
SDII005243,SID0011,MID0007,691,2025/04/29
SDII005244,SID0011,MID0007,653,2025/04/30
SDII005245,SID0011,MID0007,623,2025/05/01
SDII005246,SID0011,MID0007,605,2025/05/02
SDII005247,SID0011,MID0007,578,2025/05/03
SDII005248,SID0011,MID0007,578,2025/05/04
SDII005249,SID0011,MID0007,578,2025/05/05
SDII005250,SID0011,MID0007,552,2025/05/06
SDII005251,SID0011,MID0007,499,2025/05/07
SDII005252,SID0011,MID0007,471,2025/05/08
SDII005253,SID0011,MID0007,459,2025/05/09
SDII005254,SID0011,MID0007,437,2025/05/10
SDII005255,SID0011,MID0007,437,2025/05/11
SDII005256,SID0011,MID0007,437,2025/05/12
SDII005257,SID0011,MID0007,437,2025/05/13
SDII005258,SID0011,MID0007,375,2025/05/14
SDII005259,SID0011,MID0007,655,2025/05/15
SDII005260,SID0011,MID0007,649,2025/05/16
SDII005261,SID0011,MID0007,649,2025/05/17
SDII005262,SID0011,MID0007,649,2025/05/18
SDII005263,SID0011,MID0007,649,2025/05/19
SDII005264,SID0011,MID0007,584,2025/05/20
SDII005265,SID0011,MID0007,547,2025/05/21
SDII005266,SID0011,MID0007,526,2025/05/22
SDII005267,SID0011,MID0007,495,2025/05/23
SDII005268,SID0011,MID0007,481,2025/05/24
SDII005269,SID0011,MID0007,481,2025/05/25
SDII005270,SID0011,MID0007,481,2025/05/26
SDII005271,SID0011,MID0007,424,2025/05/27
SDII005272,SID0011,MID0007,732,2025/05/28
SDII005273,SID0011,MID0007,671,2025/05/29
SDII005274,SID0011,MID0007,668,2025/05/30
SDII005275,SID0011,MID0007,657,2025/05/31
SDII005276,SID0011,MID0007,657,2025/06/01
SDII005277,SID0011,MID0007,657,2025/06/02
SDII005278,SID0011,MID0007,594,2025/06/03
SDII005279,SID0011,MID0007,578,2025/06/04
SDII005280,SID0011,MID0007,504,2025/06/05
SDII005281,SID0011,MID0007,487,2025/06/06
SDII005282,SID0011,MID0007,486,2025/06/07
SDII005283,SID0011,MID0007,486,2025/06/08
SDII005284,SID0011,MID0007,842,2025/06/09
SDII005285,SID0011,MID0007,800,2025/06/10
SDII005286,SID0011,MID0007,785,2025/06/11
SDII005287,SID0011,MID0007,760,2025/06/12
SDII005288,SID0011,MID0007,725,2025/06/13
SDII005289,SID0011,MID0007,683,2025/06/14
SDII005290,SID0011,MID0007,683,2025/06/15
SDII005291,SID0011,MID0007,683,2025/06/16
SDII005292,SID0011,MID0007,680,2025/06/17
SDII005293,SID0011,MID0007,511,2025/06/18
SDII005294,SID0011,MID0007,511,2025/06/19
SDII005295,SID0011,MID0007,511,2025/06/20
SDII005296,SID0011,MID0007,511,2025/06/21
SDII005297,SID0011,MID0007,511,2025/06/22
SDII005298,SID0011,MID0007,511,2025/06/23
SDII005299,SID0011,MID0007,409,2025/06/24
SDII005300,SID0011,MID0007,361,2025/06/25
SDII005301,SID0011,MID0007,361,2025/06/26
SDII005302,SID0011,MID0007,361,2025/06/27
SDII005303,SID0011,MID0007,361,2025/06/28
SDII005304,SID0011,MID0007,698,2025/06/29
SDII005305,SID0011,MID0007,698,2025/06/30
SDII005306,SID0011,MID0007,656,2025/07/01
SDII005307,SID0011,MID0007,623,2025/07/02
SDII005308,SID0011,MID0007,584,2025/07/03
SDII005309,SID0011,MID0007,574,2025/07/04
SDII005310,SID0011,MID0007,527,2025/07/05
SDII005311,SID0011,MID0007,527,2025/07/06
SDII005312,SID0011,MID0007,527,2025/07/07
SDII005313,SID0011,MID0007,527,2025/07/08
SDII005314,SID0011,MID0007,883,2025/07/09
SDII005315,SID0011,MID0007,883,2025/07/10
SDII005316,SID0011,MID0007,768,2025/07/11
SDII005317,SID0011,MID0007,704,2025/07/12
SDII005318,SID0011,MID0007,704,2025/07/13
SDII005319,SID0011,MID0007,704,2025/07/14
SDII005320,SID0011,MID0007,675,2025/07/15
SDII005321,SID0011,MID0007,668,2025/07/16
SDII005322,SID0011,MID0007,594,2025/07/17
SDII005323,SID0011,MID0007,880,2025/07/18
SDII005324,SID0011,MID0007,880,2025/07/19
SDII005325,SID0011,MID0007,880,2025/07/20
SDII005326,SID0011,MID0007,880,2025/07/21
SDII005327,SID0011,MID0007,821,2025/07/22
SDII005328,SID0011,MID0007,811,2025/07/23
SDII005329,SID0011,MID0007,692,2025/07/24
SDII005330,SID0011,MID0007,676,2025/07/25
SDII005331,SID0011,MID0007,676,2025/07/26
SDII005332,SID0011,MID0007,676,2025/07/27
SDII005333,SID0011,MID0007,676,2025/07/28
SDII005334,SID0011,MID0007,660,2025/07/29
SDII005335,SID0011,MID0007,992,2025/07/30
SDII005336,SID0011,MID0007,950,2025/07/31
SDII005337,SID0011,MID0007,866,2025/08/01
SDII005338,SID0011,MID0007,866,2025/08/02
SDII005339,SID0011,MID0007,866,2025/08/03
SDII005340,SID0011,MID0007,866,2025/08/04
SDII005341,SID0011,MID0007,866,2025/08/05
SDII005342,SID0011,MID0007,844,2025/08/06
SDII005343,SID0011,MID0007,759,2025/08/07
SDII005344,SID0011,MID0007,721,2025/08/08
SDII005345,SID0011,MID0007,685,2025/08/09
SDII005346,SID0011,MID0007,685,2025/08/10
SDII005347,SID0011,MID0007,685,2025/08/11
SDII005348,SID0011,MID0007,650,2025/08/12
SDII005349,SID0011,MID0007,626,2025/08/13
SDII005350,SID0011,MID0007,961,2025/08/14
SDII005351,SID0011,MID0007,891,2025/08/15
SDII005352,SID0011,MID0007,842,2025/08/16
SDII005353,SID0011,MID0007,842,2025/08/17
SDII005354,SID0011,MID0007,842,2025/08/18
SDII005355,SID0011,MID0007,802,2025/08/19
SDII005356,SID0011,MID0007,751,2025/08/20
SDII005357,SID0011,MID0007,716,2025/08/21
SDII005358,SID0011,MID0007,684,2025/08/22
SDII005359,SID0011,MID0007,658,2025/08/23
SDII005360,SID0011,MID0007,658,2025/08/24
SDII005361,SID0011,MID0007,658,2025/08/25
SDII005362,SID0011,MID0007,618,2025/08/26
SDII005363,SID0011,MID0007,918,2025/08/27
SDII005364,SID0011,MID0007,866,2025/08/28
SDII005365,SID0011,MID0007,829,2025/08/29
SDII005366,SID0011,MID0007,823,2025/08/30
SDII005367,SID0011,MID0007,823,2025/08/31
SDII005368,SID0011,MID0007,823,2025/09/01
SDII005369,SID0011,MID0007,792,2025/09/02
SDII005370,SID0011,MID0007,740,2025/09/03
SDII005371,SID0011,MID0007,701,2025/09/04
SDII005372,SID0011,MID0007,656,2025/09/05
SDII005373,SID0011,MID0007,605,2025/09/06
SDII005374,SID0011,MID0007,605,2025/09/07
SDII005375,SID0011,MID0007,605,2025/09/08
SDII005376,SID0011,MID0007,605,2025/09/09
SDII005377,SID0011,MID0007,605,2025/09/10
SDII005378,SID0011,MID0007,605,2025/09/11
SDII005379,SID0011,MID0007,486,2025/09/12
SDII005380,SID0011,MID0007,387,2025/09/13
SDII005381,SID0011,MID0007,387,2025/09/14
SDII005382,SID0011,MID0007,743,2025/09/15
SDII005383,SID0011,MID0007,743,2025/09/16
SDII005384,SID0011,MID0007,743,2025/09/17
SDII005385,SID0011,MID0007,609,2025/09/18
SDII005386,SID0011,MID0007,570,2025/09/19
SDII005387,SID0011,MID0007,570,2025/09/20
SDII005388,SID0011,MID0007,570,2025/09/21
SDII005389,SID0011,MID0007,570,2025/09/22
SDII005390,SID0011,MID0007,563,2025/09/23
SDII005391,SID0011,MID0007,551,2025/09/24
SDII005392,SID0011,MID0007,440,2025/09/25
SDII005393,SID0011,MID0007,383,2025/09/26
SDII005394,SID0011,MID0007,739,2025/09/27
SDII005395,SID0011,MID0007,739,2025/09/28
SDII005396,SID0011,MID0007,739,2025/09/29
SDII005397,SID0011,MID0007,731,2025/09/30
SDII005398,SID0011,MID0007,691,2025/10/01
SDII005399,SID0011,MID0007,682,2025/10/02
SDII005400,SID0011,MID0007,635,2025/10/03
SDII005401,SID0011,MID0007,567,2025/10/04
SDII005402,SID0011,MID0007,567,2025/10/05
SDII005403,SID0011,MID0007,567,2025/10/06
SDII005404,SID0011,MID0007,516,2025/10/07
SDII005405,SID0011,MID0007,491,2025/10/08
SDII005406,SID0011,MID0007,436,2025/10/09
SDII005407,SID0011,MID0007,390,2025/10/10
SDII005408,SID0011,MID0007,390,2025/10/11
SDII005409,SID0011,MID0007,746,2025/10/12
SDII005410,SID0011,MID0007,746,2025/10/13
SDII005411,SID0011,MID0007,651,2025/10/14
SDII005412,SID0011,MID0007,576,2025/10/15
SDII005413,SID0011,MID0007,559,2025/10/16
SDII005414,SID0011,MID0007,559,2025/10/17
SDII005415,SID0011,MID0007,559,2025/10/18
SDII005416,SID0011,MID0007,559,2025/10/19
SDII005417,SID0011,MID0007,559,2025/10/20
SDII005418,SID0011,MID0007,915,2025/10/21
SDII005419,SID0011,MID0007,859,2025/10/22
SDII005420,SID0011,MID0007,779,2025/10/23
SDII005421,SID0011,MID0007,746,2025/10/24
SDII005422,SID0011,MID0007,746,2025/10/25
SDII005423,SID0011,MID0007,746,2025/10/26
SDII005424,SID0011,MID0007,746,2025/10/27
SDII005425,SID0011,MID0007,666,2025/10/28
SDII005426,SID0011,MID0007,640,2025/10/29
SDII005427,SID0011,MID0007,589,2025/10/30
SDII005428,SID0011,MID0007,561,2025/10/31
SDII005429,SID0011,MID0007,553,2025/11/01
SDII005430,SID0011,MID0007,553,2025/11/02
SDII005431,SID0011,MID0007,553,2025/11/03
SDII005432,SID0011,MID0007,529,2025/11/04
SDII005433,SID0011,MID0007,859,2025/11/05
SDII005434,SID0011,MID0007,827,2025/11/06
SDII005435,SID0011,MID0007,793,2025/11/07
SDII005436,SID0011,MID0007,747,2025/11/08
SDII005437,SID0011,MID0007,747,2025/11/09
SDII005438,SID0011,MID0007,747,2025/11/10
SDII005439,SID0011,MID0007,717,2025/11/11
SDII005440,SID0011,MID0007,651,2025/11/12
SDII005441,SID0011,MID0007,590,2025/11/13
SDII005442,SID0011,MID0007,590,2025/11/14
SDII005443,SID0011,MID0007,590,2025/11/15
SDII005444,SID0011,MID0007,590,2025/11/16
SDII005445,SID0011,MID0007,590,2025/11/17
SDII005446,SID0011,MID0007,590,2025/11/18
SDII005447,SID0011,MID0007,590,2025/11/19
SDII005448,SID0011,MID0007,519,2025/11/20
SDII005449,SID0011,MID0007,412,2025/11/21
SDII005450,SID0011,MID0007,412,2025/11/22
SDII005451,SID0011,MID0007,412,2025/11/23
SDII005452,SID0011,MID0007,412,2025/11/24
SDII005453,SID0011,MID0007,689,2025/11/25
SDII005454,SID0011,MID0007,644,2025/11/26
SDII005455,SID0011,MID0007,592,2025/11/27
SDII005456,SID0011,MID0007,592,2025/11/28
SDII005457,SID0011,MID0007,592,2025/11/29
SDII005458,SID0011,MID0007,592,2025/11/30
SDII005459,SID0011,MID0007,592,2025/12/01
SDII005460,SID0011,MID0007,592,2025/12/02
SDII005461,SID0011,MID0007,592,2025/12/03
SDII005462,SID0011,MID0007,542,2025/12/04
SDII005463,SID0011,MID0007,492,2025/12/05
SDII005464,SID0011,MID0007,450,2025/12/06
SDII005465,SID0011,MID0007,450,2025/12/07
SDII005466,SID0011,MID0007,450,2025/12/08
SDII005467,SID0011,MID0007,388,2025/12/09
SDII005468,SID0011,MID0007,369,2025/12/10
SDII005469,SID0011,MID0007,678,2025/12/11
SDII005470,SID0011,MID0007,627,2025/12/12
SDII005471,SID0011,MID0007,627,2025/12/13
SDII005472,SID0011,MID0007,627,2025/12/14
SDII005473,SID0011,MID0007,627,2025/12/15
SDII005474,SID0011,MID0007,592,2025/12/16
SDII005475,SID0011,MID0007,544,2025/12/17
SDII005476,SID0011,MID0007,540,2025/12/18
SDII005477,SID0011,MID0007,511,2025/12/19
SDII005478,SID0011,MID0007,475,2025/12/20
SDII005479,SID0011,MID0007,475,2025/12/21
SDII005480,SID0011,MID0007,475,2025/12/22
SDII005481,SID0011,MID0007,475,2025/12/23
SDII005482,SID0011,MID0007,368,2025/12/24
SDII005483,SID0011,MID0007,362,2025/12/25
SDII005484,SID0011,MID0007,334,2025/12/26
SDII005485,SID0011,MID0007,690,2025/12/27
SDII005486,SID0011,MID0007,690,2025/12/28
SDII005487,SID0011,MID0007,690,2025/12/29
SDII005488,SID0011,MID0007,644,2025/12/30
SDII005489,SID0011,MID0007,597,2025/12/31
SDII005490,SID0011,MID0007,595,2026/01/01
SDII005491,SID0011,MID0008,654,2025/01/01
SDII005492,SID0011,MID0008,654,2025/01/02
SDII005493,SID0011,MID0008,578,2025/01/03
SDII005494,SID0011,MID0008,502,2025/01/04
SDII005495,SID0011,MID0008,502,2025/01/05
SDII005496,SID0011,MID0008,502,2025/01/06
SDII005497,SID0011,MID0008,434,2025/01/07
SDII005498,SID0011,MID0008,376,2025/01/08
SDII005499,SID0011,MID0008,333,2025/01/09
SDII005500,SID0011,MID0008,288,2025/01/10
SDII005501,SID0011,MID0008,273,2025/01/11
SDII005502,SID0011,MID0008,273,2025/01/12
SDII005503,SID0011,MID0008,273,2025/01/13
SDII005504,SID0011,MID0008,273,2025/01/14
SDII005505,SID0011,MID0008,273,2025/01/15
SDII005506,SID0011,MID0008,169,2025/01/16
SDII005507,SID0011,MID0008,2,2025/01/17
SDII005508,SID0011,MID0008,0,2025/01/18
SDII005509,SID0011,MID0008,1152,2025/01/19
SDII005510,SID0011,MID0008,1152,2025/01/20
SDII005511,SID0011,MID0008,1146,2025/01/21
SDII005512,SID0011,MID0008,1051,2025/01/22
SDII005513,SID0011,MID0008,1026,2025/01/23
SDII005514,SID0011,MID0008,955,2025/01/24
SDII005515,SID0011,MID0008,906,2025/01/25
SDII005516,SID0011,MID0008,906,2025/01/26
SDII005517,SID0011,MID0008,906,2025/01/27
SDII005518,SID0011,MID0008,1522,2025/01/28
SDII005519,SID0011,MID0008,1450,2025/01/29
SDII005520,SID0011,MID0008,1413,2025/01/30
SDII005521,SID0011,MID0008,1357,2025/01/31
SDII005522,SID0011,MID0008,1356,2025/02/01
SDII005523,SID0011,MID0008,1356,2025/02/02
SDII005524,SID0011,MID0008,1356,2025/02/03
SDII005525,SID0011,MID0008,1356,2025/02/04
SDII005526,SID0011,MID0008,1340,2025/02/05
SDII005527,SID0011,MID0008,1115,2025/02/06
SDII005528,SID0011,MID0008,1115,2025/02/07
SDII005529,SID0011,MID0008,1115,2025/02/08
SDII005530,SID0011,MID0008,1115,2025/02/09
SDII005531,SID0011,MID0008,1115,2025/02/10
SDII005532,SID0011,MID0008,1115,2025/02/11
SDII005533,SID0011,MID0008,1092,2025/02/12
SDII005534,SID0011,MID0008,1028,2025/02/13
SDII005535,SID0011,MID0008,963,2025/02/14
SDII005536,SID0011,MID0008,825,2025/02/15
SDII005537,SID0011,MID0008,825,2025/02/16
SDII005538,SID0011,MID0008,1445,2025/02/17
SDII005539,SID0011,MID0008,1333,2025/02/18
SDII005540,SID0011,MID0008,1155,2025/02/19
SDII005541,SID0011,MID0008,1155,2025/02/20
SDII005542,SID0011,MID0008,1155,2025/02/21
SDII005543,SID0011,MID0008,1155,2025/02/22
SDII005544,SID0011,MID0008,1155,2025/02/23
SDII005545,SID0011,MID0008,1155,2025/02/24
SDII005546,SID0011,MID0008,1155,2025/02/25
SDII005547,SID0011,MID0008,1789,2025/02/26
SDII005548,SID0011,MID0008,1649,2025/02/27
SDII005549,SID0011,MID0008,1643,2025/02/28
SDII005550,SID0011,MID0008,1558,2025/03/01
SDII005551,SID0011,MID0008,1558,2025/03/02
SDII005552,SID0011,MID0008,1558,2025/03/03
SDII005553,SID0011,MID0008,1558,2025/03/04
SDII005554,SID0011,MID0008,1532,2025/03/05
SDII005555,SID0011,MID0008,1417,2025/03/06
SDII005556,SID0011,MID0008,1238,2025/03/07
SDII005557,SID0011,MID0008,1238,2025/03/08
SDII005558,SID0011,MID0008,1238,2025/03/09
SDII005559,SID0011,MID0008,1238,2025/03/10
SDII005560,SID0011,MID0008,1016,2025/03/11
SDII005561,SID0011,MID0008,1006,2025/03/12
SDII005562,SID0011,MID0008,948,2025/03/13
SDII005563,SID0011,MID0008,948,2025/03/14
SDII005564,SID0011,MID0008,948,2025/03/15
SDII005565,SID0011,MID0008,948,2025/03/16
SDII005566,SID0011,MID0008,1870,2025/03/17
SDII005567,SID0011,MID0008,1804,2025/03/18
SDII005568,SID0011,MID0008,1715,2025/03/19
SDII005569,SID0011,MID0008,1650,2025/03/20
SDII005570,SID0011,MID0008,1618,2025/03/21
SDII005571,SID0011,MID0008,1592,2025/03/22
SDII005572,SID0011,MID0008,1592,2025/03/23
SDII005573,SID0011,MID0008,1592,2025/03/24
SDII005574,SID0011,MID0008,1592,2025/03/25
SDII005575,SID0011,MID0008,1453,2025/03/26
SDII005576,SID0011,MID0008,1417,2025/03/27
SDII005577,SID0011,MID0008,1293,2025/03/28
SDII005578,SID0011,MID0008,1293,2025/03/29
SDII005579,SID0011,MID0008,1293,2025/03/30
SDII005580,SID0011,MID0008,1293,2025/03/31
SDII005581,SID0011,MID0008,1236,2025/04/01
SDII005582,SID0011,MID0008,1192,2025/04/02
SDII005583,SID0011,MID0008,1029,2025/04/03
SDII005584,SID0011,MID0008,1029,2025/04/04
SDII005585,SID0011,MID0008,1029,2025/04/05
SDII005586,SID0011,MID0008,1029,2025/04/06
SDII005587,SID0011,MID0008,1029,2025/04/07
SDII005588,SID0011,MID0008,1029,2025/04/08
SDII005589,SID0011,MID0008,1029,2025/04/09
SDII005590,SID0011,MID0008,744,2025/04/10
SDII005591,SID0011,MID0008,723,2025/04/11
SDII005592,SID0011,MID0008,1361,2025/04/12
SDII005593,SID0011,MID0008,1361,2025/04/13
SDII005594,SID0011,MID0008,1361,2025/04/14
SDII005595,SID0011,MID0008,1262,2025/04/15
SDII005596,SID0011,MID0008,1252,2025/04/16
SDII005597,SID0011,MID0008,1207,2025/04/17
SDII005598,SID0011,MID0008,1202,2025/04/18
SDII005599,SID0011,MID0008,1709,2025/04/19
SDII005600,SID0011,MID0008,1709,2025/04/20
SDII005601,SID0011,MID0008,1709,2025/04/21
SDII005602,SID0011,MID0008,1639,2025/04/22
SDII005603,SID0011,MID0008,1580,2025/04/23
SDII005604,SID0011,MID0008,1547,2025/04/24
SDII005605,SID0011,MID0008,1489,2025/04/25
SDII005606,SID0011,MID0008,1416,2025/04/26
SDII005607,SID0011,MID0008,1416,2025/04/27
SDII005608,SID0011,MID0008,1416,2025/04/28
SDII005609,SID0011,MID0008,1319,2025/04/29
SDII005610,SID0011,MID0008,1194,2025/04/30
SDII005611,SID0011,MID0008,1090,2025/05/01
SDII005612,SID0011,MID0008,1069,2025/05/02
SDII005613,SID0011,MID0008,1066,2025/05/03
SDII005614,SID0011,MID0008,1988,2025/05/04
SDII005615,SID0011,MID0008,1988,2025/05/05
SDII005616,SID0011,MID0008,1988,2025/05/06
SDII005617,SID0011,MID0008,1988,2025/05/07
SDII005618,SID0011,MID0008,1988,2025/05/08
SDII005619,SID0011,MID0008,1810,2025/05/09
SDII005620,SID0011,MID0008,1647,2025/05/10
SDII005621,SID0011,MID0008,1647,2025/05/11
SDII005622,SID0011,MID0008,1647,2025/05/12
SDII005623,SID0011,MID0008,1441,2025/05/13
SDII005624,SID0011,MID0008,1284,2025/05/14
SDII005625,SID0011,MID0008,1284,2025/05/15
SDII005626,SID0011,MID0008,1284,2025/05/16
SDII005627,SID0011,MID0008,1284,2025/05/17
SDII005628,SID0011,MID0008,1284,2025/05/18
SDII005629,SID0011,MID0008,1284,2025/05/19
SDII005630,SID0011,MID0008,1186,2025/05/20
SDII005631,SID0011,MID0008,1184,2025/05/21
SDII005632,SID0011,MID0008,2283,2025/05/22
SDII005633,SID0011,MID0008,2199,2025/05/23
SDII005634,SID0011,MID0008,2104,2025/05/24
SDII005635,SID0011,MID0008,2104,2025/05/25
SDII005636,SID0011,MID0008,2104,2025/05/26
SDII005637,SID0011,MID0008,1998,2025/05/27
SDII005638,SID0011,MID0008,1887,2025/05/28
SDII005639,SID0011,MID0008,1844,2025/05/29
SDII005640,SID0011,MID0008,1762,2025/05/30
SDII005641,SID0011,MID0008,1762,2025/05/31
SDII005642,SID0011,MID0008,1762,2025/06/01
SDII005643,SID0011,MID0008,1762,2025/06/02
SDII005644,SID0011,MID0008,1658,2025/06/03
SDII005645,SID0011,MID0008,1558,2025/06/04
SDII005646,SID0011,MID0008,1461,2025/06/05
SDII005647,SID0011,MID0008,1427,2025/06/06
SDII005648,SID0011,MID0008,1405,2025/06/07
SDII005649,SID0011,MID0008,1405,2025/06/08
SDII005650,SID0011,MID0008,1405,2025/06/09
SDII005651,SID0011,MID0008,1405,2025/06/10
SDII005652,SID0011,MID0008,1196,2025/06/11
SDII005653,SID0011,MID0008,1175,2025/06/12
SDII005654,SID0011,MID0008,1138,2025/06/13
SDII005655,SID0011,MID0008,1030,2025/06/14
SDII005656,SID0011,MID0008,1030,2025/06/15
SDII005657,SID0011,MID0008,1920,2025/06/16
SDII005658,SID0011,MID0008,1861,2025/06/17
SDII005659,SID0011,MID0008,1670,2025/06/18
SDII005660,SID0011,MID0008,1603,2025/06/19
SDII005661,SID0011,MID0008,1603,2025/06/20
SDII005662,SID0011,MID0008,1603,2025/06/21
SDII005663,SID0011,MID0008,1603,2025/06/22
SDII005664,SID0011,MID0008,1603,2025/06/23
SDII005665,SID0011,MID0008,1517,2025/06/24
SDII005666,SID0011,MID0008,1374,2025/06/25
SDII005667,SID0011,MID0008,1327,2025/06/26
SDII005668,SID0011,MID0008,1305,2025/06/27
SDII005669,SID0011,MID0008,1238,2025/06/28
SDII005670,SID0011,MID0008,2160,2025/06/29
SDII005671,SID0011,MID0008,2160,2025/06/30
SDII005672,SID0011,MID0008,2160,2025/07/01
SDII005673,SID0011,MID0008,2160,2025/07/02
SDII005674,SID0011,MID0008,2141,2025/07/03
SDII005675,SID0011,MID0008,1903,2025/07/04
SDII005676,SID0011,MID0008,1761,2025/07/05
SDII005677,SID0011,MID0008,1761,2025/07/06
SDII005678,SID0011,MID0008,1761,2025/07/07
SDII005679,SID0011,MID0008,1667,2025/07/08
SDII005680,SID0011,MID0008,1601,2025/07/09
SDII005681,SID0011,MID0008,1552,2025/07/10
SDII005682,SID0011,MID0008,1462,2025/07/11
SDII005683,SID0011,MID0008,1385,2025/07/12
SDII005684,SID0011,MID0008,1385,2025/07/13
SDII005685,SID0011,MID0008,1385,2025/07/14
SDII005686,SID0011,MID0008,1385,2025/07/15
SDII005687,SID0011,MID0008,1385,2025/07/16
SDII005688,SID0011,MID0008,1210,2025/07/17
SDII005689,SID0011,MID0008,1086,2025/07/18
SDII005690,SID0011,MID0008,1029,2025/07/19
SDII005691,SID0011,MID0008,2181,2025/07/20
SDII005692,SID0011,MID0008,2181,2025/07/21
SDII005693,SID0011,MID0008,2181,2025/07/22
SDII005694,SID0011,MID0008,2181,2025/07/23
SDII005695,SID0011,MID0008,2166,2025/07/24
SDII005696,SID0011,MID0008,2089,2025/07/25
SDII005697,SID0011,MID0008,1862,2025/07/26
SDII005698,SID0011,MID0008,1862,2025/07/27
SDII005699,SID0011,MID0008,1862,2025/07/28
SDII005700,SID0011,MID0008,1862,2025/07/29
SDII005701,SID0011,MID0008,1849,2025/07/30
SDII005702,SID0011,MID0008,1636,2025/07/31
SDII005703,SID0011,MID0008,1573,2025/08/01
SDII005704,SID0011,MID0008,1499,2025/08/02
SDII005705,SID0011,MID0008,1499,2025/08/03
SDII005706,SID0011,MID0008,1499,2025/08/04
SDII005707,SID0011,MID0008,1499,2025/08/05
SDII005708,SID0011,MID0008,1499,2025/08/06
SDII005709,SID0011,MID0008,1404,2025/08/07
SDII005710,SID0011,MID0008,1255,2025/08/08
SDII005711,SID0011,MID0008,1147,2025/08/09
SDII005712,SID0011,MID0008,1147,2025/08/10
SDII005713,SID0011,MID0008,1147,2025/08/11
SDII005714,SID0011,MID0008,1147,2025/08/12
SDII005715,SID0011,MID0008,2195,2025/08/13
SDII005716,SID0011,MID0008,2193,2025/08/14
SDII005717,SID0011,MID0008,2094,2025/08/15
SDII005718,SID0011,MID0008,1998,2025/08/16
SDII005719,SID0011,MID0008,1998,2025/08/17
SDII005720,SID0011,MID0008,1998,2025/08/18
SDII005721,SID0011,MID0008,1860,2025/08/19
SDII005722,SID0011,MID0008,1803,2025/08/20
SDII005723,SID0011,MID0008,1653,2025/08/21
SDII005724,SID0011,MID0008,1653,2025/08/22
SDII005725,SID0011,MID0008,1653,2025/08/23
SDII005726,SID0011,MID0008,1653,2025/08/24
SDII005727,SID0011,MID0008,1653,2025/08/25
SDII005728,SID0011,MID0008,1653,2025/08/26
SDII005729,SID0011,MID0008,1618,2025/08/27
SDII005730,SID0011,MID0008,1425,2025/08/28
SDII005731,SID0011,MID0008,1280,2025/08/29
SDII005732,SID0011,MID0008,1280,2025/08/30
SDII005733,SID0011,MID0008,1280,2025/08/31
SDII005734,SID0011,MID0008,1280,2025/09/01
SDII005735,SID0011,MID0008,1280,2025/09/02
SDII005736,SID0011,MID0008,1280,2025/09/03
SDII005737,SID0011,MID0008,1280,2025/09/04
SDII005738,SID0011,MID0008,1132,2025/09/05
SDII005739,SID0011,MID0008,991,2025/09/06
SDII005740,SID0011,MID0008,991,2025/09/07
SDII005741,SID0011,MID0008,991,2025/09/08
SDII005742,SID0011,MID0008,991,2025/09/09
SDII005743,SID0011,MID0008,946,2025/09/10
SDII005744,SID0011,MID0008,1804,2025/09/11
SDII005745,SID0011,MID0008,1632,2025/09/12
SDII005746,SID0011,MID0008,1632,2025/09/13
SDII005747,SID0011,MID0008,1632,2025/09/14
SDII005748,SID0011,MID0008,1632,2025/09/15
SDII005749,SID0011,MID0008,1632,2025/09/16
SDII005750,SID0011,MID0008,1632,2025/09/17
SDII005751,SID0011,MID0008,1473,2025/09/18
SDII005752,SID0011,MID0008,1343,2025/09/19
SDII005753,SID0011,MID0008,1343,2025/09/20
SDII005754,SID0011,MID0008,1343,2025/09/21
SDII005755,SID0011,MID0008,1343,2025/09/22
SDII005756,SID0011,MID0008,1325,2025/09/23
SDII005757,SID0011,MID0008,1323,2025/09/24
SDII005758,SID0011,MID0008,1130,2025/09/25
SDII005759,SID0011,MID0008,1031,2025/09/26
SDII005760,SID0011,MID0008,1031,2025/09/27
SDII005761,SID0011,MID0008,1031,2025/09/28
SDII005762,SID0011,MID0008,1031,2025/09/29
SDII005763,SID0011,MID0008,1031,2025/09/30
SDII005764,SID0011,MID0008,744,2025/10/01
SDII005765,SID0011,MID0008,1622,2025/10/02
SDII005766,SID0011,MID0008,1622,2025/10/03
SDII005767,SID0011,MID0008,1622,2025/10/04
SDII005768,SID0011,MID0008,1622,2025/10/05
SDII005769,SID0011,MID0008,1622,2025/10/06
SDII005770,SID0011,MID0008,1390,2025/10/07
SDII005771,SID0011,MID0008,1360,2025/10/08
SDII005772,SID0011,MID0008,1360,2025/10/09
SDII005773,SID0011,MID0008,1360,2025/10/10
SDII005774,SID0011,MID0008,1360,2025/10/11
SDII005775,SID0011,MID0008,1360,2025/10/12
SDII005776,SID0011,MID0008,1360,2025/10/13
SDII005777,SID0011,MID0008,1360,2025/10/14
SDII005778,SID0011,MID0008,1283,2025/10/15
SDII005779,SID0011,MID0008,1161,2025/10/16
SDII005780,SID0011,MID0008,1139,2025/10/17
SDII005781,SID0011,MID0008,1088,2025/10/18
SDII005782,SID0011,MID0008,1088,2025/10/19
SDII005783,SID0011,MID0008,1088,2025/10/20
SDII005784,SID0011,MID0008,1088,2025/10/21
SDII005785,SID0011,MID0008,1088,2025/10/22
SDII005786,SID0011,MID0008,875,2025/10/23
SDII005787,SID0011,MID0008,790,2025/10/24
SDII005788,SID0011,MID0008,1645,2025/10/25
SDII005789,SID0011,MID0008,1645,2025/10/26
SDII005790,SID0011,MID0008,1645,2025/10/27
SDII005791,SID0011,MID0008,1615,2025/10/28
SDII005792,SID0011,MID0008,1527,2025/10/29
SDII005793,SID0011,MID0008,1452,2025/10/30
SDII005794,SID0011,MID0008,1449,2025/10/31
SDII005795,SID0011,MID0008,1380,2025/11/01
SDII005796,SID0011,MID0008,1380,2025/11/02
SDII005797,SID0011,MID0008,1380,2025/11/03
SDII005798,SID0011,MID0008,1216,2025/11/04
SDII005799,SID0011,MID0008,1119,2025/11/05
SDII005800,SID0011,MID0008,1119,2025/11/06
SDII005801,SID0011,MID0008,1119,2025/11/07
SDII005802,SID0011,MID0008,1119,2025/11/08
SDII005803,SID0011,MID0008,1119,2025/11/09
SDII005804,SID0011,MID0008,1119,2025/11/10
SDII005805,SID0011,MID0008,1119,2025/11/11
SDII005806,SID0011,MID0008,963,2025/11/12
SDII005807,SID0011,MID0008,846,2025/11/13
SDII005808,SID0011,MID0008,846,2025/11/14
SDII005809,SID0011,MID0008,846,2025/11/15
SDII005810,SID0011,MID0008,846,2025/11/16
SDII005811,SID0011,MID0008,846,2025/11/17
SDII005812,SID0011,MID0008,756,2025/11/18
SDII005813,SID0011,MID0008,1628,2025/11/19
SDII005814,SID0011,MID0008,1617,2025/11/20
SDII005815,SID0011,MID0008,1545,2025/11/21
SDII005816,SID0011,MID0008,1482,2025/11/22
SDII005817,SID0011,MID0008,1482,2025/11/23
SDII005818,SID0011,MID0008,1482,2025/11/24
SDII005819,SID0011,MID0008,1482,2025/11/25
SDII005820,SID0011,MID0008,1389,2025/11/26
SDII005821,SID0011,MID0008,1307,2025/11/27
SDII005822,SID0011,MID0008,1256,2025/11/28
SDII005823,SID0011,MID0008,1239,2025/11/29
SDII005824,SID0011,MID0008,1239,2025/11/30
SDII005825,SID0011,MID0008,1239,2025/12/01
SDII005826,SID0011,MID0008,1147,2025/12/02
SDII005827,SID0011,MID0008,1086,2025/12/03
SDII005828,SID0011,MID0008,1084,2025/12/04
SDII005829,SID0011,MID0008,984,2025/12/05
SDII005830,SID0011,MID0008,984,2025/12/06
SDII005831,SID0011,MID0008,984,2025/12/07
SDII005832,SID0011,MID0008,984,2025/12/08
SDII005833,SID0011,MID0008,984,2025/12/09
SDII005834,SID0011,MID0008,931,2025/12/10
SDII005835,SID0011,MID0008,923,2025/12/11
SDII005836,SID0011,MID0008,855,2025/12/12
SDII005837,SID0011,MID0008,758,2025/12/13
SDII005838,SID0011,MID0008,758,2025/12/14
SDII005839,SID0011,MID0008,758,2025/12/15
SDII005840,SID0011,MID0008,758,2025/12/16
SDII005841,SID0011,MID0008,758,2025/12/17
SDII005842,SID0011,MID0008,722,2025/12/18
SDII005843,SID0011,MID0008,1324,2025/12/19
SDII005844,SID0011,MID0008,1186,2025/12/20
SDII005845,SID0011,MID0008,1186,2025/12/21
SDII005846,SID0011,MID0008,1186,2025/12/22
SDII005847,SID0011,MID0008,1184,2025/12/23
SDII005848,SID0011,MID0008,1098,2025/12/24
SDII005849,SID0011,MID0008,1088,2025/12/25
SDII005850,SID0011,MID0008,1028,2025/12/26
SDII005851,SID0011,MID0008,961,2025/12/27
SDII005852,SID0011,MID0008,961,2025/12/28
SDII005853,SID0011,MID0008,961,2025/12/29
SDII005854,SID0011,MID0008,1572,2025/12/30
SDII005855,SID0011,MID0008,1520,2025/12/31
SDII005856,SID0011,MID0008,1520,2026/01/01
SDII005857,SID0011,MID0020,693,2025/01/01
SDII005858,SID0011,MID0020,471,2025/01/02
SDII005859,SID0011,MID0020,420,2025/01/03
SDII005860,SID0011,MID0020,420,2025/01/04
SDII005861,SID0011,MID0020,420,2025/01/05
SDII005862,SID0011,MID0020,420,2025/01/06
SDII005863,SID0011,MID0020,184,2025/01/07
SDII005864,SID0011,MID0020,1757,2025/01/08
SDII005865,SID0011,MID0020,1625,2025/01/09
SDII005866,SID0011,MID0020,1625,2025/01/10
SDII005867,SID0011,MID0020,1625,2025/01/11
SDII005868,SID0011,MID0020,1625,2025/01/12
SDII005869,SID0011,MID0020,1625,2025/01/13
SDII005870,SID0011,MID0020,1453,2025/01/14
SDII005871,SID0011,MID0020,1401,2025/01/15
SDII005872,SID0011,MID0020,1279,2025/01/16
SDII005873,SID0011,MID0020,1247,2025/01/17
SDII005874,SID0011,MID0020,1209,2025/01/18
SDII005875,SID0011,MID0020,1209,2025/01/19
SDII005876,SID0011,MID0020,1209,2025/01/20
SDII005877,SID0011,MID0020,1209,2025/01/21
SDII005878,SID0011,MID0020,1209,2025/01/22
SDII005879,SID0011,MID0020,1084,2025/01/23
SDII005880,SID0011,MID0020,722,2025/01/24
SDII005881,SID0011,MID0020,722,2025/01/25
SDII005882,SID0011,MID0020,1468,2025/01/26
SDII005883,SID0011,MID0020,1468,2025/01/27
SDII005884,SID0011,MID0020,1456,2025/01/28
SDII005885,SID0011,MID0020,1440,2025/01/29
SDII005886,SID0011,MID0020,1258,2025/01/30
SDII005887,SID0011,MID0020,1054,2025/01/31
SDII005888,SID0011,MID0020,1054,2025/02/01
SDII005889,SID0011,MID0020,1054,2025/02/02
SDII005890,SID0011,MID0020,1054,2025/02/03
SDII005891,SID0011,MID0020,1054,2025/02/04
SDII005892,SID0011,MID0020,947,2025/02/05
SDII005893,SID0011,MID0020,771,2025/02/06
SDII005894,SID0011,MID0020,688,2025/02/07
SDII005895,SID0011,MID0020,613,2025/02/08
SDII005896,SID0011,MID0020,613,2025/02/09
SDII005897,SID0011,MID0020,1426,2025/02/10
SDII005898,SID0011,MID0020,1426,2025/02/11
SDII005899,SID0011,MID0020,1426,2025/02/12
SDII005900,SID0011,MID0020,1426,2025/02/13
SDII005901,SID0011,MID0020,1190,2025/02/14
SDII005902,SID0011,MID0020,1041,2025/02/15
SDII005903,SID0011,MID0020,1041,2025/02/16
SDII005904,SID0011,MID0020,1041,2025/02/17
SDII005905,SID0011,MID0020,625,2025/02/18
SDII005906,SID0011,MID0020,1403,2025/02/19
SDII005907,SID0011,MID0020,1403,2025/02/20
SDII005908,SID0011,MID0020,1403,2025/02/21
SDII005909,SID0011,MID0020,1403,2025/02/22
SDII005910,SID0011,MID0020,1403,2025/02/23
SDII005911,SID0011,MID0020,1403,2025/02/24
SDII005912,SID0011,MID0020,1342,2025/02/25
SDII005913,SID0011,MID0020,1235,2025/02/26
SDII005914,SID0011,MID0020,1146,2025/02/27
SDII005915,SID0011,MID0020,1106,2025/02/28
SDII005916,SID0011,MID0020,983,2025/03/01
SDII005917,SID0011,MID0020,983,2025/03/02
SDII005918,SID0011,MID0020,1796,2025/03/03
SDII005919,SID0011,MID0020,1670,2025/03/04
SDII005920,SID0011,MID0020,1517,2025/03/05
SDII005921,SID0011,MID0020,1373,2025/03/06
SDII005922,SID0011,MID0020,1353,2025/03/07
SDII005923,SID0011,MID0020,1353,2025/03/08
SDII005924,SID0011,MID0020,1353,2025/03/09
SDII005925,SID0011,MID0020,1353,2025/03/10
SDII005926,SID0011,MID0020,1353,2025/03/11
SDII005927,SID0011,MID0020,1353,2025/03/12
SDII005928,SID0011,MID0020,1353,2025/03/13
SDII005929,SID0011,MID0020,1161,2025/03/14
SDII005930,SID0011,MID0020,986,2025/03/15
SDII005931,SID0011,MID0020,986,2025/03/16
SDII005932,SID0011,MID0020,986,2025/03/17
SDII005933,SID0011,MID0020,952,2025/03/18
SDII005934,SID0011,MID0020,821,2025/03/19
SDII005935,SID0011,MID0020,556,2025/03/20
SDII005936,SID0011,MID0020,556,2025/03/21
SDII005937,SID0011,MID0020,556,2025/03/22
SDII005938,SID0011,MID0020,556,2025/03/23
SDII005939,SID0011,MID0020,1369,2025/03/24
SDII005940,SID0011,MID0020,1236,2025/03/25
SDII005941,SID0011,MID0020,1100,2025/03/26
SDII005942,SID0011,MID0020,1014,2025/03/27
SDII005943,SID0011,MID0020,1014,2025/03/28
SDII005944,SID0011,MID0020,1014,2025/03/29
SDII005945,SID0011,MID0020,1014,2025/03/30
SDII005946,SID0011,MID0020,1014,2025/03/31
SDII005947,SID0011,MID0020,1014,2025/04/01
SDII005948,SID0011,MID0020,888,2025/04/02
SDII005949,SID0011,MID0020,731,2025/04/03
SDII005950,SID0011,MID0020,1488,2025/04/04
SDII005951,SID0011,MID0020,1438,2025/04/05
SDII005952,SID0011,MID0020,1438,2025/04/06
SDII005953,SID0011,MID0020,1438,2025/04/07
SDII005954,SID0011,MID0020,1438,2025/04/08
SDII005955,SID0011,MID0020,1271,2025/04/09
SDII005956,SID0011,MID0020,1126,2025/04/10
SDII005957,SID0011,MID0020,1079,2025/04/11
SDII005958,SID0011,MID0020,1079,2025/04/12
SDII005959,SID0011,MID0020,1079,2025/04/13
SDII005960,SID0011,MID0020,1079,2025/04/14
SDII005961,SID0011,MID0020,1825,2025/04/15
SDII005962,SID0011,MID0020,1748,2025/04/16
SDII005963,SID0011,MID0020,1722,2025/04/17
SDII005964,SID0011,MID0020,1561,2025/04/18
SDII005965,SID0011,MID0020,1524,2025/04/19
SDII005966,SID0011,MID0020,1524,2025/04/20
SDII005967,SID0011,MID0020,1524,2025/04/21
SDII005968,SID0011,MID0020,1361,2025/04/22
SDII005969,SID0011,MID0020,1313,2025/04/23
SDII005970,SID0011,MID0020,1237,2025/04/24
SDII005971,SID0011,MID0020,1174,2025/04/25
SDII005972,SID0011,MID0020,1160,2025/04/26
SDII005973,SID0011,MID0020,1160,2025/04/27
SDII005974,SID0011,MID0020,1160,2025/04/28
SDII005975,SID0011,MID0020,1160,2025/04/29
SDII005976,SID0011,MID0020,1160,2025/04/30
SDII005977,SID0011,MID0020,1032,2025/05/01
SDII005978,SID0011,MID0020,903,2025/05/02
SDII005979,SID0011,MID0020,812,2025/05/03
SDII005980,SID0011,MID0020,812,2025/05/04
SDII005981,SID0011,MID0020,812,2025/05/05
SDII005982,SID0011,MID0020,812,2025/05/06
SDII005983,SID0011,MID0020,812,2025/05/07
SDII005984,SID0011,MID0020,1501,2025/05/08
SDII005985,SID0011,MID0020,1209,2025/05/09
SDII005986,SID0011,MID0020,1209,2025/05/10
SDII005987,SID0011,MID0020,1209,2025/05/11
SDII005988,SID0011,MID0020,1209,2025/05/12
SDII005989,SID0011,MID0020,1159,2025/05/13
SDII005990,SID0011,MID0020,1041,2025/05/14
SDII005991,SID0011,MID0020,926,2025/05/15
SDII005992,SID0011,MID0020,822,2025/05/16
SDII005993,SID0011,MID0020,791,2025/05/17
SDII005994,SID0011,MID0020,1604,2025/05/18
SDII005995,SID0011,MID0020,1604,2025/05/19
SDII005996,SID0011,MID0020,1604,2025/05/20
SDII005997,SID0011,MID0020,1427,2025/05/21
SDII005998,SID0011,MID0020,1407,2025/05/22
SDII005999,SID0011,MID0020,1261,2025/05/23
SDII006000,SID0011,MID0020,1221,2025/05/24
SDII006001,SID0011,MID0020,1221,2025/05/25
SDII006002,SID0011,MID0020,1221,2025/05/26
SDII006003,SID0011,MID0020,1221,2025/05/27
SDII006004,SID0011,MID0020,1221,2025/05/28
SDII006005,SID0011,MID0020,2034,2025/05/29
SDII006006,SID0011,MID0020,1835,2025/05/30
SDII006007,SID0011,MID0020,1667,2025/05/31
SDII006008,SID0011,MID0020,1667,2025/06/01
SDII006009,SID0011,MID0020,1667,2025/06/02
SDII006010,SID0011,MID0020,1667,2025/06/03
SDII006011,SID0011,MID0020,1667,2025/06/04
SDII006012,SID0011,MID0020,1667,2025/06/05
SDII006013,SID0011,MID0020,1448,2025/06/06
SDII006014,SID0011,MID0020,1193,2025/06/07
SDII006015,SID0011,MID0020,1193,2025/06/08
SDII006016,SID0011,MID0020,1193,2025/06/09
SDII006017,SID0011,MID0020,1193,2025/06/10
SDII006018,SID0011,MID0020,1036,2025/06/11
SDII006019,SID0011,MID0020,742,2025/06/12
SDII006020,SID0011,MID0020,1555,2025/06/13
SDII006021,SID0011,MID0020,1555,2025/06/14
SDII006022,SID0011,MID0020,1555,2025/06/15
SDII006023,SID0011,MID0020,1555,2025/06/16
SDII006024,SID0011,MID0020,1528,2025/06/17
SDII006025,SID0011,MID0020,1421,2025/06/18
SDII006026,SID0011,MID0020,1289,2025/06/19
SDII006027,SID0011,MID0020,1178,2025/06/20
SDII006028,SID0011,MID0020,1083,2025/06/21
SDII006029,SID0011,MID0020,1083,2025/06/22
SDII006030,SID0011,MID0020,1896,2025/06/23
SDII006031,SID0011,MID0020,1758,2025/06/24
SDII006032,SID0011,MID0020,1654,2025/06/25
SDII006033,SID0011,MID0020,1573,2025/06/26
SDII006034,SID0011,MID0020,1525,2025/06/27
SDII006035,SID0011,MID0020,1512,2025/06/28
SDII006036,SID0011,MID0020,1512,2025/06/29
SDII006037,SID0011,MID0020,1512,2025/06/30
SDII006038,SID0011,MID0020,1401,2025/07/01
SDII006039,SID0011,MID0020,1265,2025/07/02
SDII006040,SID0011,MID0020,1189,2025/07/03
SDII006041,SID0011,MID0020,1103,2025/07/04
SDII006042,SID0011,MID0020,1052,2025/07/05
SDII006043,SID0011,MID0020,1052,2025/07/06
SDII006044,SID0011,MID0020,1865,2025/07/07
SDII006045,SID0011,MID0020,1865,2025/07/08
SDII006046,SID0011,MID0020,1789,2025/07/09
SDII006047,SID0011,MID0020,1507,2025/07/10
SDII006048,SID0011,MID0020,1377,2025/07/11
SDII006049,SID0011,MID0020,1377,2025/07/12
SDII006050,SID0011,MID0020,1377,2025/07/13
SDII006051,SID0011,MID0020,1377,2025/07/14
SDII006052,SID0011,MID0020,1217,2025/07/15
SDII006053,SID0011,MID0020,1141,2025/07/16
SDII006054,SID0011,MID0020,1051,2025/07/17
SDII006055,SID0011,MID0020,905,2025/07/18
SDII006056,SID0011,MID0020,1718,2025/07/19
SDII006057,SID0011,MID0020,1718,2025/07/20
SDII006058,SID0011,MID0020,1718,2025/07/21
SDII006059,SID0011,MID0020,1718,2025/07/22
SDII006060,SID0011,MID0020,1606,2025/07/23
SDII006061,SID0011,MID0020,1432,2025/07/24
SDII006062,SID0011,MID0020,1244,2025/07/25
SDII006063,SID0011,MID0020,1244,2025/07/26
SDII006064,SID0011,MID0020,1244,2025/07/27
SDII006065,SID0011,MID0020,2057,2025/07/28
SDII006066,SID0011,MID0020,1900,2025/07/29
SDII006067,SID0011,MID0020,1782,2025/07/30
SDII006068,SID0011,MID0020,1691,2025/07/31
SDII006069,SID0011,MID0020,1542,2025/08/01
SDII006070,SID0011,MID0020,1534,2025/08/02
SDII006071,SID0011,MID0020,1534,2025/08/03
SDII006072,SID0011,MID0020,1534,2025/08/04
SDII006073,SID0011,MID0020,1366,2025/08/05
SDII006074,SID0011,MID0020,1290,2025/08/06
SDII006075,SID0011,MID0020,1221,2025/08/07
SDII006076,SID0011,MID0020,1219,2025/08/08
SDII006077,SID0011,MID0020,1041,2025/08/09
SDII006078,SID0011,MID0020,1041,2025/08/10
SDII006079,SID0011,MID0020,1041,2025/08/11
SDII006080,SID0011,MID0020,1776,2025/08/12
SDII006081,SID0011,MID0020,1776,2025/08/13
SDII006082,SID0011,MID0020,1542,2025/08/14
SDII006083,SID0011,MID0020,1384,2025/08/15
SDII006084,SID0011,MID0020,1224,2025/08/16
SDII006085,SID0011,MID0020,1224,2025/08/17
SDII006086,SID0011,MID0020,1990,2025/08/18
SDII006087,SID0011,MID0020,1787,2025/08/19
SDII006088,SID0011,MID0020,1672,2025/08/20
SDII006089,SID0011,MID0020,1553,2025/08/21
SDII006090,SID0011,MID0020,1424,2025/08/22
SDII006091,SID0011,MID0020,1424,2025/08/23
SDII006092,SID0011,MID0020,1424,2025/08/24
SDII006093,SID0011,MID0020,1424,2025/08/25
SDII006094,SID0011,MID0020,1424,2025/08/26
SDII006095,SID0011,MID0020,1424,2025/08/27
SDII006096,SID0011,MID0020,1241,2025/08/28
SDII006097,SID0011,MID0020,1916,2025/08/29
SDII006098,SID0011,MID0020,1728,2025/08/30
SDII006099,SID0011,MID0020,1728,2025/08/31
SDII006100,SID0011,MID0020,1728,2025/09/01
SDII006101,SID0011,MID0020,1728,2025/09/02
SDII006102,SID0011,MID0020,1569,2025/09/03
SDII006103,SID0011,MID0020,1164,2025/09/04
SDII006104,SID0011,MID0020,1164,2025/09/05
SDII006105,SID0011,MID0020,1164,2025/09/06
SDII006106,SID0011,MID0020,1164,2025/09/07
SDII006107,SID0011,MID0020,1164,2025/09/08
SDII006108,SID0011,MID0020,971,2025/09/09
SDII006109,SID0011,MID0020,2050,2025/09/10
SDII006110,SID0011,MID0020,1881,2025/09/11
SDII006111,SID0011,MID0020,1851,2025/09/12
SDII006112,SID0011,MID0020,1851,2025/09/13
SDII006113,SID0011,MID0020,1851,2025/09/14
SDII006114,SID0011,MID0020,1851,2025/09/15
SDII006115,SID0011,MID0020,1851,2025/09/16
SDII006116,SID0011,MID0020,1851,2025/09/17
SDII006117,SID0011,MID0020,1778,2025/09/18
SDII006118,SID0011,MID0020,1280,2025/09/19
SDII006119,SID0011,MID0020,1280,2025/09/20
SDII006120,SID0011,MID0020,1280,2025/09/21
SDII006121,SID0011,MID0020,1280,2025/09/22
SDII006122,SID0011,MID0020,1129,2025/09/23
SDII006123,SID0011,MID0020,1854,2025/09/24
SDII006124,SID0011,MID0020,1784,2025/09/25
SDII006125,SID0011,MID0020,1686,2025/09/26
SDII006126,SID0011,MID0020,1547,2025/09/27
SDII006127,SID0011,MID0020,1547,2025/09/28
SDII006128,SID0011,MID0020,1547,2025/09/29
SDII006129,SID0011,MID0020,1415,2025/09/30
SDII006130,SID0011,MID0020,1347,2025/10/01
SDII006131,SID0011,MID0020,2003,2025/10/02
SDII006132,SID0011,MID0020,1910,2025/10/03
SDII006133,SID0011,MID0020,1759,2025/10/04
SDII006134,SID0011,MID0020,1759,2025/10/05
SDII006135,SID0011,MID0020,1759,2025/10/06
SDII006136,SID0011,MID0020,1635,2025/10/07
SDII006137,SID0011,MID0020,1613,2025/10/08
SDII006138,SID0011,MID0020,1477,2025/10/09
SDII006139,SID0011,MID0020,1319,2025/10/10
SDII006140,SID0011,MID0020,1187,2025/10/11
SDII006141,SID0011,MID0020,2000,2025/10/12
SDII006142,SID0011,MID0020,2000,2025/10/13
SDII006143,SID0011,MID0020,2000,2025/10/14
SDII006144,SID0011,MID0020,1819,2025/10/15
SDII006145,SID0011,MID0020,1556,2025/10/16
SDII006146,SID0011,MID0020,1485,2025/10/17
SDII006147,SID0011,MID0020,1420,2025/10/18
SDII006148,SID0011,MID0020,1420,2025/10/19
SDII006149,SID0011,MID0020,1420,2025/10/20
SDII006150,SID0011,MID0020,1940,2025/10/21
SDII006151,SID0011,MID0020,1756,2025/10/22
SDII006152,SID0011,MID0020,1569,2025/10/23
SDII006153,SID0011,MID0020,1569,2025/10/24
SDII006154,SID0011,MID0020,1569,2025/10/25
SDII006155,SID0011,MID0020,1569,2025/10/26
SDII006156,SID0011,MID0020,1569,2025/10/27
SDII006157,SID0011,MID0020,1569,2025/10/28
SDII006158,SID0011,MID0020,2166,2025/10/29
SDII006159,SID0011,MID0020,1942,2025/10/30
SDII006160,SID0011,MID0020,1771,2025/10/31
SDII006161,SID0011,MID0020,1771,2025/11/01
SDII006162,SID0011,MID0020,1771,2025/11/02
SDII006163,SID0011,MID0020,1771,2025/11/03
SDII006164,SID0011,MID0020,1771,2025/11/04
SDII006165,SID0011,MID0020,1771,2025/11/05
SDII006166,SID0011,MID0020,1577,2025/11/06
SDII006167,SID0011,MID0020,1475,2025/11/07
SDII006168,SID0011,MID0020,1184,2025/11/08
SDII006169,SID0011,MID0020,1184,2025/11/09
SDII006170,SID0011,MID0020,1997,2025/11/10
SDII006171,SID0011,MID0020,1947,2025/11/11
SDII006172,SID0011,MID0020,1853,2025/11/12
SDII006173,SID0011,MID0020,1702,2025/11/13
SDII006174,SID0011,MID0020,1561,2025/11/14
SDII006175,SID0011,MID0020,1446,2025/11/15
SDII006176,SID0011,MID0020,1446,2025/11/16
SDII006177,SID0011,MID0020,1446,2025/11/17
SDII006178,SID0011,MID0020,2259,2025/11/18
SDII006179,SID0011,MID0020,2057,2025/11/19
SDII006180,SID0011,MID0020,1860,2025/11/20
SDII006181,SID0011,MID0020,1858,2025/11/21
SDII006182,SID0011,MID0020,1673,2025/11/22
SDII006183,SID0011,MID0020,1673,2025/11/23
SDII006184,SID0011,MID0020,1673,2025/11/24
SDII006185,SID0011,MID0020,1673,2025/11/25
SDII006186,SID0011,MID0020,1673,2025/11/26
SDII006187,SID0011,MID0020,1388,2025/11/27
SDII006188,SID0011,MID0020,1122,2025/11/28
SDII006189,SID0011,MID0020,1073,2025/11/29
SDII006190,SID0011,MID0020,1073,2025/11/30
SDII006191,SID0011,MID0020,1073,2025/12/01
SDII006192,SID0011,MID0020,1014,2025/12/02
SDII006193,SID0011,MID0020,866,2025/12/03
SDII006194,SID0011,MID0020,1556,2025/12/04
SDII006195,SID0011,MID0020,1503,2025/12/05
SDII006196,SID0011,MID0020,1404,2025/12/06
SDII006197,SID0011,MID0020,1404,2025/12/07
SDII006198,SID0011,MID0020,1404,2025/12/08
SDII006199,SID0011,MID0020,1313,2025/12/09
SDII006200,SID0011,MID0020,1081,2025/12/10
SDII006201,SID0011,MID0020,892,2025/12/11
SDII006202,SID0011,MID0020,1676,2025/12/12
SDII006203,SID0011,MID0020,1676,2025/12/13
SDII006204,SID0011,MID0020,1676,2025/12/14
SDII006205,SID0011,MID0020,1676,2025/12/15
SDII006206,SID0011,MID0020,1676,2025/12/16
SDII006207,SID0011,MID0020,1676,2025/12/17
SDII006208,SID0011,MID0020,1676,2025/12/18
SDII006209,SID0011,MID0020,1535,2025/12/19
SDII006210,SID0011,MID0020,1136,2025/12/20
SDII006211,SID0011,MID0020,1136,2025/12/21
SDII006212,SID0011,MID0020,1136,2025/12/22
SDII006213,SID0011,MID0020,1880,2025/12/23
SDII006214,SID0011,MID0020,1672,2025/12/24
SDII006215,SID0011,MID0020,1550,2025/12/25
SDII006216,SID0011,MID0020,1488,2025/12/26
SDII006217,SID0011,MID0020,1421,2025/12/27
SDII006218,SID0011,MID0020,1421,2025/12/28
SDII006219,SID0011,MID0020,1421,2025/12/29
SDII006220,SID0011,MID0020,1257,2025/12/30
SDII006221,SID0011,MID0020,1926,2025/12/31
SDII006222,SID0011,MID0020,1926,2026/01/01
SDII006223,SID0011,MID0025,89,2025/01/01
SDII006224,SID0011,MID0025,70,2025/01/02
SDII006225,SID0011,MID0025,56,2025/01/03
SDII006226,SID0011,MID0025,56,2025/01/04
SDII006227,SID0011,MID0025,56,2025/01/05
SDII006228,SID0011,MID0025,56,2025/01/06
SDII006229,SID0011,MID0025,32,2025/01/07
SDII006230,SID0011,MID0025,25,2025/01/08
SDII006231,SID0011,MID0025,279,2025/01/09
SDII006232,SID0011,MID0025,273,2025/01/10
SDII006233,SID0011,MID0025,273,2025/01/11
SDII006234,SID0011,MID0025,273,2025/01/12
SDII006235,SID0011,MID0025,273,2025/01/13
SDII006236,SID0011,MID0025,252,2025/01/14
SDII006237,SID0011,MID0025,228,2025/01/15
SDII006238,SID0011,MID0025,209,2025/01/16
SDII006239,SID0011,MID0025,209,2025/01/17
SDII006240,SID0011,MID0025,209,2025/01/18
SDII006241,SID0011,MID0025,209,2025/01/19
SDII006242,SID0011,MID0025,209,2025/01/20
SDII006243,SID0011,MID0025,209,2025/01/21
SDII006244,SID0011,MID0025,209,2025/01/22
SDII006245,SID0011,MID0025,200,2025/01/23
SDII006246,SID0011,MID0025,151,2025/01/24
SDII006247,SID0011,MID0025,151,2025/01/25
SDII006248,SID0011,MID0025,151,2025/01/26
SDII006249,SID0011,MID0025,151,2025/01/27
SDII006250,SID0011,MID0025,151,2025/01/28
SDII006251,SID0011,MID0025,144,2025/01/29
SDII006252,SID0011,MID0025,95,2025/01/30
SDII006253,SID0011,MID0025,186,2025/01/31
SDII006254,SID0011,MID0025,186,2025/02/01
SDII006255,SID0011,MID0025,186,2025/02/02
SDII006256,SID0011,MID0025,186,2025/02/03
SDII006257,SID0011,MID0025,180,2025/02/04
SDII006258,SID0011,MID0025,165,2025/02/05
SDII006259,SID0011,MID0025,151,2025/02/06
SDII006260,SID0011,MID0025,225,2025/02/07
SDII006261,SID0011,MID0025,210,2025/02/08
SDII006262,SID0011,MID0025,210,2025/02/09
SDII006263,SID0011,MID0025,210,2025/02/10
SDII006264,SID0011,MID0025,210,2025/02/11
SDII006265,SID0011,MID0025,195,2025/02/12
SDII006266,SID0011,MID0025,187,2025/02/13
SDII006267,SID0011,MID0025,183,2025/02/14
SDII006268,SID0011,MID0025,153,2025/02/15
SDII006269,SID0011,MID0025,153,2025/02/16
SDII006270,SID0011,MID0025,153,2025/02/17
SDII006271,SID0011,MID0025,239,2025/02/18
SDII006272,SID0011,MID0025,219,2025/02/19
SDII006273,SID0011,MID0025,205,2025/02/20
SDII006274,SID0011,MID0025,185,2025/02/21
SDII006275,SID0011,MID0025,185,2025/02/22
SDII006276,SID0011,MID0025,185,2025/02/23
SDII006277,SID0011,MID0025,185,2025/02/24
SDII006278,SID0011,MID0025,185,2025/02/25
SDII006279,SID0011,MID0025,185,2025/02/26
SDII006280,SID0011,MID0025,185,2025/02/27
SDII006281,SID0011,MID0025,240,2025/02/28
SDII006282,SID0011,MID0025,209,2025/03/01
SDII006283,SID0011,MID0025,209,2025/03/02
SDII006284,SID0011,MID0025,209,2025/03/03
SDII006285,SID0011,MID0025,209,2025/03/04
SDII006286,SID0011,MID0025,209,2025/03/05
SDII006287,SID0011,MID0025,180,2025/03/06
SDII006288,SID0011,MID0025,229,2025/03/07
SDII006289,SID0011,MID0025,229,2025/03/08
SDII006290,SID0011,MID0025,229,2025/03/09
SDII006291,SID0011,MID0025,229,2025/03/10
SDII006292,SID0011,MID0025,229,2025/03/11
SDII006293,SID0011,MID0025,224,2025/03/12
SDII006294,SID0011,MID0025,200,2025/03/13
SDII006295,SID0011,MID0025,186,2025/03/14
SDII006296,SID0011,MID0025,169,2025/03/15
SDII006297,SID0011,MID0025,169,2025/03/16
SDII006298,SID0011,MID0025,351,2025/03/17
SDII006299,SID0011,MID0025,351,2025/03/18
SDII006300,SID0011,MID0025,344,2025/03/19
SDII006301,SID0011,MID0025,314,2025/03/20
SDII006302,SID0011,MID0025,308,2025/03/21
SDII006303,SID0011,MID0025,286,2025/03/22
SDII006304,SID0011,MID0025,286,2025/03/23
SDII006305,SID0011,MID0025,286,2025/03/24
SDII006306,SID0011,MID0025,286,2025/03/25
SDII006307,SID0011,MID0025,270,2025/03/26
SDII006308,SID0011,MID0025,222,2025/03/27
SDII006309,SID0011,MID0025,222,2025/03/28
SDII006310,SID0011,MID0025,222,2025/03/29
SDII006311,SID0011,MID0025,222,2025/03/30
SDII006312,SID0011,MID0025,313,2025/03/31
SDII006313,SID0011,MID0025,306,2025/04/01
SDII006314,SID0011,MID0025,286,2025/04/02
SDII006315,SID0011,MID0025,269,2025/04/03
SDII006316,SID0011,MID0025,261,2025/04/04
SDII006317,SID0011,MID0025,250,2025/04/05
SDII006318,SID0011,MID0025,250,2025/04/06
SDII006319,SID0011,MID0025,250,2025/04/07
SDII006320,SID0011,MID0025,229,2025/04/08
SDII006321,SID0011,MID0025,223,2025/04/09
SDII006322,SID0011,MID0025,203,2025/04/10
SDII006323,SID0011,MID0025,196,2025/04/11
SDII006324,SID0011,MID0025,174,2025/04/12
SDII006325,SID0011,MID0025,174,2025/04/13
SDII006326,SID0011,MID0025,174,2025/04/14
SDII006327,SID0011,MID0025,156,2025/04/15
SDII006328,SID0011,MID0025,139,2025/04/16
SDII006329,SID0011,MID0025,126,2025/04/17
SDII006330,SID0011,MID0025,112,2025/04/18
SDII006331,SID0011,MID0025,198,2025/04/19
SDII006332,SID0011,MID0025,198,2025/04/20
SDII006333,SID0011,MID0025,198,2025/04/21
SDII006334,SID0011,MID0025,187,2025/04/22
SDII006335,SID0011,MID0025,160,2025/04/23
SDII006336,SID0011,MID0025,143,2025/04/24
SDII006337,SID0011,MID0025,307,2025/04/25
SDII006338,SID0011,MID0025,307,2025/04/26
SDII006339,SID0011,MID0025,307,2025/04/27
SDII006340,SID0011,MID0025,307,2025/04/28
SDII006341,SID0011,MID0025,273,2025/04/29
SDII006342,SID0011,MID0025,245,2025/04/30
SDII006343,SID0011,MID0025,238,2025/05/01
SDII006344,SID0011,MID0025,232,2025/05/02
SDII006345,SID0011,MID0025,232,2025/05/03
SDII006346,SID0011,MID0025,232,2025/05/04
SDII006347,SID0011,MID0025,232,2025/05/05
SDII006348,SID0011,MID0025,223,2025/05/06
SDII006349,SID0011,MID0025,201,2025/05/07
SDII006350,SID0011,MID0025,178,2025/05/08
SDII006351,SID0011,MID0025,175,2025/05/09
SDII006352,SID0011,MID0025,159,2025/05/10
SDII006353,SID0011,MID0025,250,2025/05/11
SDII006354,SID0011,MID0025,250,2025/05/12
SDII006355,SID0011,MID0025,250,2025/05/13
SDII006356,SID0011,MID0025,184,2025/05/14
SDII006357,SID0011,MID0025,168,2025/05/15
SDII006358,SID0011,MID0025,168,2025/05/16
SDII006359,SID0011,MID0025,168,2025/05/17
SDII006360,SID0011,MID0025,168,2025/05/18
SDII006361,SID0011,MID0025,168,2025/05/19
SDII006362,SID0011,MID0025,250,2025/05/20
SDII006363,SID0011,MID0025,250,2025/05/21
SDII006364,SID0011,MID0025,201,2025/05/22
SDII006365,SID0011,MID0025,174,2025/05/23
SDII006366,SID0011,MID0025,174,2025/05/24
SDII006367,SID0011,MID0025,174,2025/05/25
SDII006368,SID0011,MID0025,174,2025/05/26
SDII006369,SID0011,MID0025,256,2025/05/27
SDII006370,SID0011,MID0025,251,2025/05/28
SDII006371,SID0011,MID0025,428,2025/05/29
SDII006372,SID0011,MID0025,395,2025/05/30
SDII006373,SID0011,MID0025,374,2025/05/31
SDII006374,SID0011,MID0025,374,2025/06/01
SDII006375,SID0011,MID0025,374,2025/06/02
SDII006376,SID0011,MID0025,353,2025/06/03
SDII006377,SID0011,MID0025,344,2025/06/04
SDII006378,SID0011,MID0025,334,2025/06/05
SDII006379,SID0011,MID0025,308,2025/06/06
SDII006380,SID0011,MID0025,288,2025/06/07
SDII006381,SID0011,MID0025,288,2025/06/08
SDII006382,SID0011,MID0025,288,2025/06/09
SDII006383,SID0011,MID0025,288,2025/06/10
SDII006384,SID0011,MID0025,288,2025/06/11
SDII006385,SID0011,MID0025,288,2025/06/12
SDII006386,SID0011,MID0025,260,2025/06/13
SDII006387,SID0011,MID0025,215,2025/06/14
SDII006388,SID0011,MID0025,215,2025/06/15
SDII006389,SID0011,MID0025,397,2025/06/16
SDII006390,SID0011,MID0025,397,2025/06/17
SDII006391,SID0011,MID0025,366,2025/06/18
SDII006392,SID0011,MID0025,308,2025/06/19
SDII006393,SID0011,MID0025,308,2025/06/20
SDII006394,SID0011,MID0025,308,2025/06/21
SDII006395,SID0011,MID0025,308,2025/06/22
SDII006396,SID0011,MID0025,308,2025/06/23
SDII006397,SID0011,MID0025,301,2025/06/24
SDII006398,SID0011,MID0025,292,2025/06/25
SDII006399,SID0011,MID0025,262,2025/06/26
SDII006400,SID0011,MID0025,227,2025/06/27
SDII006401,SID0011,MID0025,221,2025/06/28
SDII006402,SID0011,MID0025,221,2025/06/29
SDII006403,SID0011,MID0025,403,2025/06/30
SDII006404,SID0011,MID0025,388,2025/07/01
SDII006405,SID0011,MID0025,366,2025/07/02
SDII006406,SID0011,MID0025,338,2025/07/03
SDII006407,SID0011,MID0025,332,2025/07/04
SDII006408,SID0011,MID0025,320,2025/07/05
SDII006409,SID0011,MID0025,320,2025/07/06
SDII006410,SID0011,MID0025,320,2025/07/07
SDII006411,SID0011,MID0025,300,2025/07/08
SDII006412,SID0011,MID0025,284,2025/07/09
SDII006413,SID0011,MID0025,266,2025/07/10
SDII006414,SID0011,MID0025,257,2025/07/11
SDII006415,SID0011,MID0025,244,2025/07/12
SDII006416,SID0011,MID0025,335,2025/07/13
SDII006417,SID0011,MID0025,335,2025/07/14
SDII006418,SID0011,MID0025,335,2025/07/15
SDII006419,SID0011,MID0025,335,2025/07/16
SDII006420,SID0011,MID0025,268,2025/07/17
SDII006421,SID0011,MID0025,257,2025/07/18
SDII006422,SID0011,MID0025,257,2025/07/19
SDII006423,SID0011,MID0025,257,2025/07/20
SDII006424,SID0011,MID0025,257,2025/07/21
SDII006425,SID0011,MID0025,229,2025/07/22
SDII006426,SID0011,MID0025,196,2025/07/23
SDII006427,SID0011,MID0025,349,2025/07/24
SDII006428,SID0011,MID0025,349,2025/07/25
SDII006429,SID0011,MID0025,349,2025/07/26
SDII006430,SID0011,MID0025,349,2025/07/27
SDII006431,SID0011,MID0025,349,2025/07/28
SDII006432,SID0011,MID0025,349,2025/07/29
SDII006433,SID0011,MID0025,345,2025/07/30
SDII006434,SID0011,MID0025,317,2025/07/31
SDII006435,SID0011,MID0025,311,2025/08/01
SDII006436,SID0011,MID0025,267,2025/08/02
SDII006437,SID0011,MID0025,267,2025/08/03
SDII006438,SID0011,MID0025,267,2025/08/04
SDII006439,SID0011,MID0025,267,2025/08/05
SDII006440,SID0011,MID0025,267,2025/08/06
SDII006441,SID0011,MID0025,192,2025/08/07
SDII006442,SID0011,MID0025,171,2025/08/08
SDII006443,SID0011,MID0025,171,2025/08/09
SDII006444,SID0011,MID0025,171,2025/08/10
SDII006445,SID0011,MID0025,353,2025/08/11
SDII006446,SID0011,MID0025,323,2025/08/12
SDII006447,SID0011,MID0025,294,2025/08/13
SDII006448,SID0011,MID0025,292,2025/08/14
SDII006449,SID0011,MID0025,267,2025/08/15
SDII006450,SID0011,MID0025,258,2025/08/16
SDII006451,SID0011,MID0025,258,2025/08/17
SDII006452,SID0011,MID0025,258,2025/08/18
SDII006453,SID0011,MID0025,258,2025/08/19
SDII006454,SID0011,MID0025,258,2025/08/20
SDII006455,SID0011,MID0025,425,2025/08/21
SDII006456,SID0011,MID0025,402,2025/08/22
SDII006457,SID0011,MID0025,346,2025/08/23
SDII006458,SID0011,MID0025,346,2025/08/24
SDII006459,SID0011,MID0025,346,2025/08/25
SDII006460,SID0011,MID0025,346,2025/08/26
SDII006461,SID0011,MID0025,314,2025/08/27
SDII006462,SID0011,MID0025,295,2025/08/28
SDII006463,SID0011,MID0025,275,2025/08/29
SDII006464,SID0011,MID0025,255,2025/08/30
SDII006465,SID0011,MID0025,255,2025/08/31
SDII006466,SID0011,MID0025,255,2025/09/01
SDII006467,SID0011,MID0025,425,2025/09/02
SDII006468,SID0011,MID0025,425,2025/09/03
SDII006469,SID0011,MID0025,425,2025/09/04
SDII006470,SID0011,MID0025,388,2025/09/05
SDII006471,SID0011,MID0025,347,2025/09/06
SDII006472,SID0011,MID0025,347,2025/09/07
SDII006473,SID0011,MID0025,347,2025/09/08
SDII006474,SID0011,MID0025,323,2025/09/09
SDII006475,SID0011,MID0025,300,2025/09/10
SDII006476,SID0011,MID0025,285,2025/09/11
SDII006477,SID0011,MID0025,261,2025/09/12
SDII006478,SID0011,MID0025,261,2025/09/13
SDII006479,SID0011,MID0025,261,2025/09/14
SDII006480,SID0011,MID0025,261,2025/09/15
SDII006481,SID0011,MID0025,261,2025/09/16
SDII006482,SID0011,MID0025,261,2025/09/17
SDII006483,SID0011,MID0025,352,2025/09/18
SDII006484,SID0011,MID0025,300,2025/09/19
SDII006485,SID0011,MID0025,262,2025/09/20
SDII006486,SID0011,MID0025,262,2025/09/21
SDII006487,SID0011,MID0025,262,2025/09/22
SDII006488,SID0011,MID0025,262,2025/09/23
SDII006489,SID0011,MID0025,218,2025/09/24
SDII006490,SID0011,MID0025,186,2025/09/25
SDII006491,SID0011,MID0025,368,2025/09/26
SDII006492,SID0011,MID0025,368,2025/09/27
SDII006493,SID0011,MID0025,368,2025/09/28
SDII006494,SID0011,MID0025,368,2025/09/29
SDII006495,SID0011,MID0025,368,2025/09/30
SDII006496,SID0011,MID0025,368,2025/10/01
SDII006497,SID0011,MID0025,352,2025/10/02
SDII006498,SID0011,MID0025,287,2025/10/03
SDII006499,SID0011,MID0025,287,2025/10/04
SDII006500,SID0011,MID0025,287,2025/10/05
SDII006501,SID0011,MID0025,287,2025/10/06
SDII006502,SID0011,MID0025,287,2025/10/07
SDII006503,SID0011,MID0025,265,2025/10/08
SDII006504,SID0011,MID0025,419,2025/10/09
SDII006505,SID0011,MID0025,400,2025/10/10
SDII006506,SID0011,MID0025,383,2025/10/11
SDII006507,SID0011,MID0025,383,2025/10/12
SDII006508,SID0011,MID0025,383,2025/10/13
SDII006509,SID0011,MID0025,373,2025/10/14
SDII006510,SID0011,MID0025,362,2025/10/15
SDII006511,SID0011,MID0025,345,2025/10/16
SDII006512,SID0011,MID0025,328,2025/10/17
SDII006513,SID0011,MID0025,302,2025/10/18
SDII006514,SID0011,MID0025,302,2025/10/19
SDII006515,SID0011,MID0025,302,2025/10/20
SDII006516,SID0011,MID0025,302,2025/10/21
SDII006517,SID0011,MID0025,302,2025/10/22
SDII006518,SID0011,MID0025,302,2025/10/23
SDII006519,SID0011,MID0025,261,2025/10/24
SDII006520,SID0011,MID0025,215,2025/10/25
SDII006521,SID0011,MID0025,215,2025/10/26
SDII006522,SID0011,MID0025,215,2025/10/27
SDII006523,SID0011,MID0025,215,2025/10/28
SDII006524,SID0011,MID0025,191,2025/10/29
SDII006525,SID0011,MID0025,167,2025/10/30
SDII006526,SID0011,MID0025,314,2025/10/31
SDII006527,SID0011,MID0025,314,2025/11/01
SDII006528,SID0011,MID0025,314,2025/11/02
SDII006529,SID0011,MID0025,314,2025/11/03
SDII006530,SID0011,MID0025,314,2025/11/04
SDII006531,SID0011,MID0025,314,2025/11/05
SDII006532,SID0011,MID0025,281,2025/11/06
SDII006533,SID0011,MID0025,248,2025/11/07
SDII006534,SID0011,MID0025,248,2025/11/08
SDII006535,SID0011,MID0025,248,2025/11/09
SDII006536,SID0011,MID0025,248,2025/11/10
SDII006537,SID0011,MID0025,248,2025/11/11
SDII006538,SID0011,MID0025,224,2025/11/12
SDII006539,SID0011,MID0025,215,2025/11/13
SDII006540,SID0011,MID0025,176,2025/11/14
SDII006541,SID0011,MID0025,176,2025/11/15
SDII006542,SID0011,MID0025,176,2025/11/16
SDII006543,SID0011,MID0025,176,2025/11/17
SDII006544,SID0011,MID0025,172,2025/11/18
SDII006545,SID0011,MID0025,126,2025/11/19
SDII006546,SID0011,MID0025,289,2025/11/20
SDII006547,SID0011,MID0025,289,2025/11/21
SDII006548,SID0011,MID0025,289,2025/11/22
SDII006549,SID0011,MID0025,289,2025/11/23
SDII006550,SID0011,MID0025,289,2025/11/24
SDII006551,SID0011,MID0025,289,2025/11/25
SDII006552,SID0011,MID0025,289,2025/11/26
SDII006553,SID0011,MID0025,269,2025/11/27
SDII006554,SID0011,MID0025,251,2025/11/28
SDII006555,SID0011,MID0025,213,2025/11/29
SDII006556,SID0011,MID0025,213,2025/11/30
SDII006557,SID0011,MID0025,213,2025/12/01
SDII006558,SID0011,MID0025,213,2025/12/02
SDII006559,SID0011,MID0025,213,2025/12/03
SDII006560,SID0011,MID0025,213,2025/12/04
SDII006561,SID0011,MID0025,169,2025/12/05
SDII006562,SID0011,MID0025,154,2025/12/06
SDII006563,SID0011,MID0025,154,2025/12/07
SDII006564,SID0011,MID0025,245,2025/12/08
SDII006565,SID0011,MID0025,245,2025/12/09
SDII006566,SID0011,MID0025,207,2025/12/10
SDII006567,SID0011,MID0025,182,2025/12/11
SDII006568,SID0011,MID0025,182,2025/12/12
SDII006569,SID0011,MID0025,182,2025/12/13
SDII006570,SID0011,MID0025,182,2025/12/14
SDII006571,SID0011,MID0025,182,2025/12/15
SDII006572,SID0011,MID0025,273,2025/12/16
SDII006573,SID0011,MID0025,273,2025/12/17
SDII006574,SID0011,MID0025,273,2025/12/18
SDII006575,SID0011,MID0025,234,2025/12/19
SDII006576,SID0011,MID0025,216,2025/12/20
SDII006577,SID0011,MID0025,216,2025/12/21
SDII006578,SID0011,MID0025,216,2025/12/22
SDII006579,SID0011,MID0025,200,2025/12/23
SDII006580,SID0011,MID0025,184,2025/12/24
SDII006581,SID0011,MID0025,174,2025/12/25
SDII006582,SID0011,MID0025,248,2025/12/26
SDII006583,SID0011,MID0025,248,2025/12/27
SDII006584,SID0011,MID0025,248,2025/12/28
SDII006585,SID0011,MID0025,248,2025/12/29
SDII006586,SID0011,MID0025,234,2025/12/30
SDII006587,SID0011,MID0025,224,2025/12/31
SDII006588,SID0011,MID0025,213,2026/01/01
SDII006589,SID0013,MID0016,311,2025/01/01
SDII006590,SID0013,MID0016,277,2025/01/02
SDII006591,SID0013,MID0016,203,2025/01/03
SDII006592,SID0013,MID0016,203,2025/01/04
SDII006593,SID0013,MID0016,203,2025/01/05
SDII006594,SID0013,MID0016,203,2025/01/06
SDII006595,SID0013,MID0016,203,2025/01/07
SDII006596,SID0013,MID0016,156,2025/01/08
SDII006597,SID0013,MID0016,99,2025/01/09
SDII006598,SID0013,MID0016,60,2025/01/10
SDII006599,SID0013,MID0016,0,2025/01/11
SDII006600,SID0013,MID0016,546,2025/01/12
SDII006601,SID0013,MID0016,910,2025/01/13
SDII006602,SID0013,MID0016,910,2025/01/14
SDII006603,SID0013,MID0016,910,2025/01/15
SDII006604,SID0013,MID0016,910,2025/01/16
SDII006605,SID0013,MID0016,866,2025/01/17
SDII006606,SID0013,MID0016,703,2025/01/18
SDII006607,SID0013,MID0016,703,2025/01/19
SDII006608,SID0013,MID0016,703,2025/01/20
SDII006609,SID0013,MID0016,682,2025/01/21
SDII006610,SID0013,MID0016,628,2025/01/22
SDII006611,SID0013,MID0016,594,2025/01/23
SDII006612,SID0013,MID0016,577,2025/01/24
SDII006613,SID0013,MID0016,517,2025/01/25
SDII006614,SID0013,MID0016,517,2025/01/26
SDII006615,SID0013,MID0016,517,2025/01/27
SDII006616,SID0013,MID0016,517,2025/01/28
SDII006617,SID0013,MID0016,454,2025/01/29
SDII006618,SID0013,MID0016,373,2025/01/30
SDII006619,SID0013,MID0016,329,2025/01/31
SDII006620,SID0013,MID0016,828,2025/02/01
SDII006621,SID0013,MID0016,828,2025/02/02
SDII006622,SID0013,MID0016,828,2025/02/03
SDII006623,SID0013,MID0016,818,2025/02/04
SDII006624,SID0013,MID0016,753,2025/02/05
SDII006625,SID0013,MID0016,709,2025/02/06
SDII006626,SID0013,MID0016,696,2025/02/07
SDII006627,SID0013,MID0016,672,2025/02/08
SDII006628,SID0013,MID0016,672,2025/02/09
SDII006629,SID0013,MID0016,672,2025/02/10
SDII006630,SID0013,MID0016,672,2025/02/11
SDII006631,SID0013,MID0016,599,2025/02/12
SDII006632,SID0013,MID0016,519,2025/02/13
SDII006633,SID0013,MID0016,519,2025/02/14
SDII006634,SID0013,MID0016,519,2025/02/15
SDII006635,SID0013,MID0016,519,2025/02/16
SDII006636,SID0013,MID0016,519,2025/02/17
SDII006637,SID0013,MID0016,483,2025/02/18
SDII006638,SID0013,MID0016,429,2025/02/19
SDII006639,SID0013,MID0016,395,2025/02/20
SDII006640,SID0013,MID0016,367,2025/02/21
SDII006641,SID0013,MID0016,546,2025/02/22
SDII006642,SID0013,MID0016,546,2025/02/23
SDII006643,SID0013,MID0016,546,2025/02/24
SDII006644,SID0013,MID0016,728,2025/02/25
SDII006645,SID0013,MID0016,728,2025/02/26
SDII006646,SID0013,MID0016,627,2025/02/27
SDII006647,SID0013,MID0016,536,2025/02/28
SDII006648,SID0013,MID0016,536,2025/03/01
SDII006649,SID0013,MID0016,536,2025/03/02
SDII006650,SID0013,MID0016,536,2025/03/03
SDII006651,SID0013,MID0016,501,2025/03/04
SDII006652,SID0013,MID0016,384,2025/03/05
SDII006653,SID0013,MID0016,384,2025/03/06
SDII006654,SID0013,MID0016,384,2025/03/07
SDII006655,SID0013,MID0016,384,2025/03/08
SDII006656,SID0013,MID0016,384,2025/03/09
SDII006657,SID0013,MID0016,384,2025/03/10
SDII006658,SID0013,MID0016,353,2025/03/11
SDII006659,SID0013,MID0016,501,2025/03/12
SDII006660,SID0013,MID0016,863,2025/03/13
SDII006661,SID0013,MID0016,800,2025/03/14
SDII006662,SID0013,MID0016,778,2025/03/15
SDII006663,SID0013,MID0016,778,2025/03/16
SDII006664,SID0013,MID0016,778,2025/03/17
SDII006665,SID0013,MID0016,726,2025/03/18
SDII006666,SID0013,MID0016,667,2025/03/19
SDII006667,SID0013,MID0016,636,2025/03/20
SDII006668,SID0013,MID0016,636,2025/03/21
SDII006669,SID0013,MID0016,636,2025/03/22
SDII006670,SID0013,MID0016,636,2025/03/23
SDII006671,SID0013,MID0016,636,2025/03/24
SDII006672,SID0013,MID0016,620,2025/03/25
SDII006673,SID0013,MID0016,570,2025/03/26
SDII006674,SID0013,MID0016,687,2025/03/27
SDII006675,SID0013,MID0016,834,2025/03/28
SDII006676,SID0013,MID0016,830,2025/03/29
SDII006677,SID0013,MID0016,830,2025/03/30
SDII006678,SID0013,MID0016,830,2025/03/31
SDII006679,SID0013,MID0016,830,2025/04/01
SDII006680,SID0013,MID0016,795,2025/04/02
SDII006681,SID0013,MID0016,705,2025/04/03
SDII006682,SID0013,MID0016,668,2025/04/04
SDII006683,SID0013,MID0016,668,2025/04/05
SDII006684,SID0013,MID0016,668,2025/04/06
SDII006685,SID0013,MID0016,668,2025/04/07
SDII006686,SID0013,MID0016,668,2025/04/08
SDII006687,SID0013,MID0016,588,2025/04/09
SDII006688,SID0013,MID0016,531,2025/04/10
SDII006689,SID0013,MID0016,523,2025/04/11
SDII006690,SID0013,MID0016,505,2025/04/12
SDII006691,SID0013,MID0016,505,2025/04/13
SDII006692,SID0013,MID0016,505,2025/04/14
SDII006693,SID0013,MID0016,505,2025/04/15
SDII006694,SID0013,MID0016,473,2025/04/16
SDII006695,SID0013,MID0016,359,2025/04/17
SDII006696,SID0013,MID0016,541,2025/04/18
SDII006697,SID0013,MID0016,541,2025/04/19
SDII006698,SID0013,MID0016,541,2025/04/20
SDII006699,SID0013,MID0016,723,2025/04/21
SDII006700,SID0013,MID0016,681,2025/04/22
SDII006701,SID0013,MID0016,630,2025/04/23
SDII006702,SID0013,MID0016,628,2025/04/24
SDII006703,SID0013,MID0016,608,2025/04/25
SDII006704,SID0013,MID0016,588,2025/04/26
SDII006705,SID0013,MID0016,588,2025/04/27
SDII006706,SID0013,MID0016,588,2025/04/28
SDII006707,SID0013,MID0016,565,2025/04/29
SDII006708,SID0013,MID0016,554,2025/04/30
SDII006709,SID0013,MID0016,513,2025/05/01
SDII006710,SID0013,MID0016,473,2025/05/02
SDII006711,SID0013,MID0016,439,2025/05/03
SDII006712,SID0013,MID0016,439,2025/05/04
SDII006713,SID0013,MID0016,439,2025/05/05
SDII006714,SID0013,MID0016,439,2025/05/06
SDII006715,SID0013,MID0016,408,2025/05/07
SDII006716,SID0013,MID0016,510,2025/05/08
SDII006717,SID0013,MID0016,476,2025/05/09
SDII006718,SID0013,MID0016,658,2025/05/10
SDII006719,SID0013,MID0016,658,2025/05/11
SDII006720,SID0013,MID0016,658,2025/05/12
SDII006721,SID0013,MID0016,629,2025/05/13
SDII006722,SID0013,MID0016,612,2025/05/14
SDII006723,SID0013,MID0016,590,2025/05/15
SDII006724,SID0013,MID0016,552,2025/05/16
SDII006725,SID0013,MID0016,507,2025/05/17
SDII006726,SID0013,MID0016,507,2025/05/18
SDII006727,SID0013,MID0016,507,2025/05/19
SDII006728,SID0013,MID0016,460,2025/05/20
SDII006729,SID0013,MID0016,411,2025/05/21
SDII006730,SID0013,MID0016,389,2025/05/22
SDII006731,SID0013,MID0016,383,2025/05/23
SDII006732,SID0013,MID0016,352,2025/05/24
SDII006733,SID0013,MID0016,352,2025/05/25
SDII006734,SID0013,MID0016,352,2025/05/26
SDII006735,SID0013,MID0016,260,2025/05/27
SDII006736,SID0013,MID0016,237,2025/05/28
SDII006737,SID0013,MID0016,221,2025/05/29
SDII006738,SID0013,MID0016,399,2025/05/30
SDII006739,SID0013,MID0016,581,2025/05/31
SDII006740,SID0013,MID0016,581,2025/06/01
SDII006741,SID0013,MID0016,581,2025/06/02
SDII006742,SID0013,MID0016,578,2025/06/03
SDII006743,SID0013,MID0016,550,2025/06/04
SDII006744,SID0013,MID0016,531,2025/06/05
SDII006745,SID0013,MID0016,477,2025/06/06
SDII006746,SID0013,MID0016,434,2025/06/07
SDII006747,SID0013,MID0016,434,2025/06/08
SDII006748,SID0013,MID0016,616,2025/06/09
SDII006749,SID0013,MID0016,766,2025/06/10
SDII006750,SID0013,MID0016,733,2025/06/11
SDII006751,SID0013,MID0016,706,2025/06/12
SDII006752,SID0013,MID0016,673,2025/06/13
SDII006753,SID0013,MID0016,646,2025/06/14
SDII006754,SID0013,MID0016,646,2025/06/15
SDII006755,SID0013,MID0016,646,2025/06/16
SDII006756,SID0013,MID0016,584,2025/06/17
SDII006757,SID0013,MID0016,553,2025/06/18
SDII006758,SID0013,MID0016,506,2025/06/19
SDII006759,SID0013,MID0016,478,2025/06/20
SDII006760,SID0013,MID0016,478,2025/06/21
SDII006761,SID0013,MID0016,478,2025/06/22
SDII006762,SID0013,MID0016,478,2025/06/23
SDII006763,SID0013,MID0016,430,2025/06/24
SDII006764,SID0013,MID0016,606,2025/06/25
SDII006765,SID0013,MID0016,601,2025/06/26
SDII006766,SID0013,MID0016,727,2025/06/27
SDII006767,SID0013,MID0016,660,2025/06/28
SDII006768,SID0013,MID0016,660,2025/06/29
SDII006769,SID0013,MID0016,660,2025/06/30
SDII006770,SID0013,MID0016,556,2025/07/01
SDII006771,SID0013,MID0016,538,2025/07/02
SDII006772,SID0013,MID0016,507,2025/07/03
SDII006773,SID0013,MID0016,507,2025/07/04
SDII006774,SID0013,MID0016,507,2025/07/05
SDII006775,SID0013,MID0016,689,2025/07/06
SDII006776,SID0013,MID0016,689,2025/07/07
SDII006777,SID0013,MID0016,663,2025/07/08
SDII006778,SID0013,MID0016,619,2025/07/09
SDII006779,SID0013,MID0016,761,2025/07/10
SDII006780,SID0013,MID0016,697,2025/07/11
SDII006781,SID0013,MID0016,674,2025/07/12
SDII006782,SID0013,MID0016,674,2025/07/13
SDII006783,SID0013,MID0016,674,2025/07/14
SDII006784,SID0013,MID0016,674,2025/07/15
SDII006785,SID0013,MID0016,636,2025/07/16
SDII006786,SID0013,MID0016,592,2025/07/17
SDII006787,SID0013,MID0016,497,2025/07/18
SDII006788,SID0013,MID0016,497,2025/07/19
SDII006789,SID0013,MID0016,497,2025/07/20
SDII006790,SID0013,MID0016,497,2025/07/21
SDII006791,SID0013,MID0016,636,2025/07/22
SDII006792,SID0013,MID0016,530,2025/07/23
SDII006793,SID0013,MID0016,692,2025/07/24
SDII006794,SID0013,MID0016,666,2025/07/25
SDII006795,SID0013,MID0016,666,2025/07/26
SDII006796,SID0013,MID0016,666,2025/07/27
SDII006797,SID0013,MID0016,666,2025/07/28
SDII006798,SID0013,MID0016,600,2025/07/29
SDII006799,SID0013,MID0016,470,2025/07/30
SDII006800,SID0013,MID0016,470,2025/07/31
SDII006801,SID0013,MID0016,470,2025/08/01
SDII006802,SID0013,MID0016,834,2025/08/02
SDII006803,SID0013,MID0016,834,2025/08/03
SDII006804,SID0013,MID0016,834,2025/08/04
SDII006805,SID0013,MID0016,981,2025/08/05
SDII006806,SID0013,MID0016,911,2025/08/06
SDII006807,SID0013,MID0016,907,2025/08/07
SDII006808,SID0013,MID0016,861,2025/08/08
SDII006809,SID0013,MID0016,803,2025/08/09
SDII006810,SID0013,MID0016,803,2025/08/10
SDII006811,SID0013,MID0016,803,2025/08/11
SDII006812,SID0013,MID0016,803,2025/08/12
SDII006813,SID0013,MID0016,747,2025/08/13
SDII006814,SID0013,MID0016,702,2025/08/14
SDII006815,SID0013,MID0016,629,2025/08/15
SDII006816,SID0013,MID0016,629,2025/08/16
SDII006817,SID0013,MID0016,629,2025/08/17
SDII006818,SID0013,MID0016,629,2025/08/18
SDII006819,SID0013,MID0016,629,2025/08/19
SDII006820,SID0013,MID0016,629,2025/08/20
SDII006821,SID0013,MID0016,696,2025/08/21
SDII006822,SID0013,MID0016,622,2025/08/22
SDII006823,SID0013,MID0016,986,2025/08/23
SDII006824,SID0013,MID0016,986,2025/08/24
SDII006825,SID0013,MID0016,986,2025/08/25
SDII006826,SID0013,MID0016,986,2025/08/26
SDII006827,SID0013,MID0016,965,2025/08/27
SDII006828,SID0013,MID0016,877,2025/08/28
SDII006829,SID0013,MID0016,807,2025/08/29
SDII006830,SID0013,MID0016,807,2025/08/30
SDII006831,SID0013,MID0016,807,2025/08/31
SDII006832,SID0013,MID0016,807,2025/09/01
SDII006833,SID0013,MID0016,769,2025/09/02
SDII006834,SID0013,MID0016,662,2025/09/03
SDII006835,SID0013,MID0016,660,2025/09/04
SDII006836,SID0013,MID0016,596,2025/09/05
SDII006837,SID0013,MID0016,596,2025/09/06
SDII006838,SID0013,MID0016,596,2025/09/07
SDII006839,SID0013,MID0016,596,2025/09/08
SDII006840,SID0013,MID0016,743,2025/09/09
SDII006841,SID0013,MID0016,701,2025/09/10
SDII006842,SID0013,MID0016,650,2025/09/11
SDII006843,SID0013,MID0016,590,2025/09/12
SDII006844,SID0013,MID0016,747,2025/09/13
SDII006845,SID0013,MID0016,747,2025/09/14
SDII006846,SID0013,MID0016,747,2025/09/15
SDII006847,SID0013,MID0016,738,2025/09/16
SDII006848,SID0013,MID0016,684,2025/09/17
SDII006849,SID0013,MID0016,624,2025/09/18
SDII006850,SID0013,MID0016,615,2025/09/19
SDII006851,SID0013,MID0016,541,2025/09/20
SDII006852,SID0013,MID0016,717,2025/09/21
SDII006853,SID0013,MID0016,717,2025/09/22
SDII006854,SID0013,MID0016,808,2025/09/23
SDII006855,SID0013,MID0016,785,2025/09/24
SDII006856,SID0013,MID0016,735,2025/09/25
SDII006857,SID0013,MID0016,695,2025/09/26
SDII006858,SID0013,MID0016,695,2025/09/27
SDII006859,SID0013,MID0016,695,2025/09/28
SDII006860,SID0013,MID0016,695,2025/09/29
SDII006861,SID0013,MID0016,645,2025/09/30
SDII006862,SID0013,MID0016,508,2025/10/01
SDII006863,SID0013,MID0016,485,2025/10/02
SDII006864,SID0013,MID0016,667,2025/10/03
SDII006865,SID0013,MID0016,667,2025/10/04
SDII006866,SID0013,MID0016,667,2025/10/05
SDII006867,SID0013,MID0016,667,2025/10/06
SDII006868,SID0013,MID0016,818,2025/10/07
SDII006869,SID0013,MID0016,701,2025/10/08
SDII006870,SID0013,MID0016,692,2025/10/09
SDII006871,SID0013,MID0016,661,2025/10/10
SDII006872,SID0013,MID0016,656,2025/10/11
SDII006873,SID0013,MID0016,656,2025/10/12
SDII006874,SID0013,MID0016,656,2025/10/13
SDII006875,SID0013,MID0016,562,2025/10/14
SDII006876,SID0013,MID0016,517,2025/10/15
SDII006877,SID0013,MID0016,473,2025/10/16
SDII006878,SID0013,MID0016,452,2025/10/17
SDII006879,SID0013,MID0016,452,2025/10/18
SDII006880,SID0013,MID0016,634,2025/10/19
SDII006881,SID0013,MID0016,816,2025/10/20
SDII006882,SID0013,MID0016,739,2025/10/21
SDII006883,SID0013,MID0016,737,2025/10/22
SDII006884,SID0013,MID0016,685,2025/10/23
SDII006885,SID0013,MID0016,662,2025/10/24
SDII006886,SID0013,MID0016,610,2025/10/25
SDII006887,SID0013,MID0016,610,2025/10/26
SDII006888,SID0013,MID0016,610,2025/10/27
SDII006889,SID0013,MID0016,777,2025/10/28
SDII006890,SID0013,MID0016,959,2025/10/29
SDII006891,SID0013,MID0016,943,2025/10/30
SDII006892,SID0013,MID0016,817,2025/10/31
SDII006893,SID0013,MID0016,724,2025/11/01
SDII006894,SID0013,MID0016,724,2025/11/02
SDII006895,SID0013,MID0016,724,2025/11/03
SDII006896,SID0013,MID0016,724,2025/11/04
SDII006897,SID0013,MID0016,724,2025/11/05
SDII006898,SID0013,MID0016,724,2025/11/06
SDII006899,SID0013,MID0016,577,2025/11/07
SDII006900,SID0013,MID0016,510,2025/11/08
SDII006901,SID0013,MID0016,510,2025/11/09
SDII006902,SID0013,MID0016,860,2025/11/10
SDII006903,SID0013,MID0016,830,2025/11/11
SDII006904,SID0013,MID0016,745,2025/11/12
SDII006905,SID0013,MID0016,855,2025/11/13
SDII006906,SID0013,MID0016,809,2025/11/14
SDII006907,SID0013,MID0016,809,2025/11/15
SDII006908,SID0013,MID0016,809,2025/11/16
SDII006909,SID0013,MID0016,809,2025/11/17
SDII006910,SID0013,MID0016,797,2025/11/18
SDII006911,SID0013,MID0016,778,2025/11/19
SDII006912,SID0013,MID0016,678,2025/11/20
SDII006913,SID0013,MID0016,654,2025/11/21
SDII006914,SID0013,MID0016,619,2025/11/22
SDII006915,SID0013,MID0016,619,2025/11/23
SDII006916,SID0013,MID0016,619,2025/11/24
SDII006917,SID0013,MID0016,801,2025/11/25
SDII006918,SID0013,MID0016,661,2025/11/26
SDII006919,SID0013,MID0016,620,2025/11/27
SDII006920,SID0013,MID0016,595,2025/11/28
SDII006921,SID0013,MID0016,747,2025/11/29
SDII006922,SID0013,MID0016,747,2025/11/30
SDII006923,SID0013,MID0016,747,2025/12/01
SDII006924,SID0013,MID0016,747,2025/12/02
SDII006925,SID0013,MID0016,689,2025/12/03
SDII006926,SID0013,MID0016,671,2025/12/04
SDII006927,SID0013,MID0016,779,2025/12/05
SDII006928,SID0013,MID0016,734,2025/12/06
SDII006929,SID0013,MID0016,916,2025/12/07
SDII006930,SID0013,MID0016,916,2025/12/08
SDII006931,SID0013,MID0016,916,2025/12/09
SDII006932,SID0013,MID0016,877,2025/12/10
SDII006933,SID0013,MID0016,873,2025/12/11
SDII006934,SID0013,MID0016,798,2025/12/12
SDII006935,SID0013,MID0016,706,2025/12/13
SDII006936,SID0013,MID0016,706,2025/12/14
SDII006937,SID0013,MID0016,706,2025/12/15
SDII006938,SID0013,MID0016,706,2025/12/16
SDII006939,SID0013,MID0016,706,2025/12/17
SDII006940,SID0013,MID0016,602,2025/12/18
SDII006941,SID0013,MID0016,587,2025/12/19
SDII006942,SID0013,MID0016,502,2025/12/20
SDII006943,SID0013,MID0016,502,2025/12/21
SDII006944,SID0013,MID0016,502,2025/12/22
SDII006945,SID0013,MID0016,502,2025/12/23
SDII006946,SID0013,MID0016,866,2025/12/24
SDII006947,SID0013,MID0016,779,2025/12/25
SDII006948,SID0013,MID0016,719,2025/12/26
SDII006949,SID0013,MID0016,853,2025/12/27
SDII006950,SID0013,MID0016,853,2025/12/28
SDII006951,SID0013,MID0016,853,2025/12/29
SDII006952,SID0013,MID0016,802,2025/12/30
SDII006953,SID0013,MID0016,785,2025/12/31
SDII006954,SID0013,MID0016,727,2026/01/01
SDII006955,SID0013,MID0017,1,2025/01/01
SDII006956,SID0013,MID0017,1,2025/01/02
SDII006957,SID0013,MID0017,1,2025/01/03
SDII006958,SID0013,MID0017,1,2025/01/04
SDII006959,SID0013,MID0017,1,2025/01/05
SDII006960,SID0013,MID0017,1,2025/01/06
SDII006961,SID0013,MID0017,1,2025/01/07
SDII006962,SID0013,MID0017,1,2025/01/08
SDII006963,SID0013,MID0017,1,2025/01/09
SDII006964,SID0013,MID0017,1,2025/01/10
SDII006965,SID0013,MID0017,1,2025/01/11
SDII006966,SID0013,MID0017,1,2025/01/12
SDII006967,SID0013,MID0017,1,2025/01/13
SDII006968,SID0013,MID0017,1,2025/01/14
SDII006969,SID0013,MID0017,1,2025/01/15
SDII006970,SID0013,MID0017,1,2025/01/16
SDII006971,SID0013,MID0017,1,2025/01/17
SDII006972,SID0013,MID0017,1,2025/01/18
SDII006973,SID0013,MID0017,1,2025/01/19
SDII006974,SID0013,MID0017,1,2025/01/20
SDII006975,SID0013,MID0017,1,2025/01/21
SDII006976,SID0013,MID0017,1,2025/01/22
SDII006977,SID0013,MID0017,1,2025/01/23
SDII006978,SID0013,MID0017,1,2025/01/24
SDII006979,SID0013,MID0017,1,2025/01/25
SDII006980,SID0013,MID0017,1,2025/01/26
SDII006981,SID0013,MID0017,1,2025/01/27
SDII006982,SID0013,MID0017,1,2025/01/28
SDII006983,SID0013,MID0017,1,2025/01/29
SDII006984,SID0013,MID0017,1,2025/01/30
SDII006985,SID0013,MID0017,1,2025/01/31
SDII006986,SID0013,MID0017,1,2025/02/01
SDII006987,SID0013,MID0017,1,2025/02/02
SDII006988,SID0013,MID0017,1,2025/02/03
SDII006989,SID0013,MID0017,1,2025/02/04
SDII006990,SID0013,MID0017,1,2025/02/05
SDII006991,SID0013,MID0017,1,2025/02/06
SDII006992,SID0013,MID0017,1,2025/02/07
SDII006993,SID0013,MID0017,1,2025/02/08
SDII006994,SID0013,MID0017,1,2025/02/09
SDII006995,SID0013,MID0017,1,2025/02/10
SDII006996,SID0013,MID0017,1,2025/02/11
SDII006997,SID0013,MID0017,98,2025/02/12
SDII006998,SID0013,MID0017,98,2025/02/13
SDII006999,SID0013,MID0017,98,2025/02/14
SDII007000,SID0013,MID0017,98,2025/02/15
SDII007001,SID0013,MID0017,98,2025/02/16
SDII007002,SID0013,MID0017,98,2025/02/17
SDII007003,SID0013,MID0017,98,2025/02/18
SDII007004,SID0013,MID0017,98,2025/02/19
SDII007005,SID0013,MID0017,98,2025/02/20
SDII007006,SID0013,MID0017,98,2025/02/21
SDII007007,SID0013,MID0017,98,2025/02/22
SDII007008,SID0013,MID0017,98,2025/02/23
SDII007009,SID0013,MID0017,98,2025/02/24
SDII007010,SID0013,MID0017,98,2025/02/25
SDII007011,SID0013,MID0017,98,2025/02/26
SDII007012,SID0013,MID0017,98,2025/02/27
SDII007013,SID0013,MID0017,98,2025/02/28
SDII007014,SID0013,MID0017,57,2025/03/01
SDII007015,SID0013,MID0017,57,2025/03/02
SDII007016,SID0013,MID0017,57,2025/03/03
SDII007017,SID0013,MID0017,57,2025/03/04
SDII007018,SID0013,MID0017,57,2025/03/05
SDII007019,SID0013,MID0017,57,2025/03/06
SDII007020,SID0013,MID0017,57,2025/03/07
SDII007021,SID0013,MID0017,57,2025/03/08
SDII007022,SID0013,MID0017,57,2025/03/09
SDII007023,SID0013,MID0017,57,2025/03/10
SDII007024,SID0013,MID0017,57,2025/03/11
SDII007025,SID0013,MID0017,57,2025/03/12
SDII007026,SID0013,MID0017,57,2025/03/13
SDII007027,SID0013,MID0017,57,2025/03/14
SDII007028,SID0013,MID0017,57,2025/03/15
SDII007029,SID0013,MID0017,98,2025/03/16
SDII007030,SID0013,MID0017,98,2025/03/17
SDII007031,SID0013,MID0017,98,2025/03/18
SDII007032,SID0013,MID0017,98,2025/03/19
SDII007033,SID0013,MID0017,98,2025/03/20
SDII007034,SID0013,MID0017,98,2025/03/21
SDII007035,SID0013,MID0017,98,2025/03/22
SDII007036,SID0013,MID0017,98,2025/03/23
SDII007037,SID0013,MID0017,98,2025/03/24
SDII007038,SID0013,MID0017,98,2025/03/25
SDII007039,SID0013,MID0017,98,2025/03/26
SDII007040,SID0013,MID0017,98,2025/03/27
SDII007041,SID0013,MID0017,98,2025/03/28
SDII007042,SID0013,MID0017,98,2025/03/29
SDII007043,SID0013,MID0017,98,2025/03/30
SDII007044,SID0013,MID0017,98,2025/03/31
SDII007045,SID0013,MID0017,98,2025/04/01
SDII007046,SID0013,MID0017,98,2025/04/02
SDII007047,SID0013,MID0017,98,2025/04/03
SDII007048,SID0013,MID0017,98,2025/04/04
SDII007049,SID0013,MID0017,98,2025/04/05
SDII007050,SID0013,MID0017,98,2025/04/06
SDII007051,SID0013,MID0017,98,2025/04/07
SDII007052,SID0013,MID0017,98,2025/04/08
SDII007053,SID0013,MID0017,98,2025/04/09
SDII007054,SID0013,MID0017,98,2025/04/10
SDII007055,SID0013,MID0017,98,2025/04/11
SDII007056,SID0013,MID0017,98,2025/04/12
SDII007057,SID0013,MID0017,98,2025/04/13
SDII007058,SID0013,MID0017,98,2025/04/14
SDII007059,SID0013,MID0017,98,2025/04/15
SDII007060,SID0013,MID0017,98,2025/04/16
SDII007061,SID0013,MID0017,98,2025/04/17
SDII007062,SID0013,MID0017,98,2025/04/18
SDII007063,SID0013,MID0017,98,2025/04/19
SDII007064,SID0013,MID0017,98,2025/04/20
SDII007065,SID0013,MID0017,98,2025/04/21
SDII007066,SID0013,MID0017,98,2025/04/22
SDII007067,SID0013,MID0017,98,2025/04/23
SDII007068,SID0013,MID0017,98,2025/04/24
SDII007069,SID0013,MID0017,98,2025/04/25
SDII007070,SID0013,MID0017,98,2025/04/26
SDII007071,SID0013,MID0017,98,2025/04/27
SDII007072,SID0013,MID0017,98,2025/04/28
SDII007073,SID0013,MID0017,98,2025/04/29
SDII007074,SID0013,MID0017,98,2025/04/30
SDII007075,SID0013,MID0017,98,2025/05/01
SDII007076,SID0013,MID0017,98,2025/05/02
SDII007077,SID0013,MID0017,98,2025/05/03
SDII007078,SID0013,MID0017,98,2025/05/04
SDII007079,SID0013,MID0017,98,2025/05/05
SDII007080,SID0013,MID0017,98,2025/05/06
SDII007081,SID0013,MID0017,98,2025/05/07
SDII007082,SID0013,MID0017,98,2025/05/08
SDII007083,SID0013,MID0017,98,2025/05/09
SDII007084,SID0013,MID0017,98,2025/05/10
SDII007085,SID0013,MID0017,98,2025/05/11
SDII007086,SID0013,MID0017,98,2025/05/12
SDII007087,SID0013,MID0017,98,2025/05/13
SDII007088,SID0013,MID0017,98,2025/05/14
SDII007089,SID0013,MID0017,98,2025/05/15
SDII007090,SID0013,MID0017,98,2025/05/16
SDII007091,SID0013,MID0017,98,2025/05/17
SDII007092,SID0013,MID0017,98,2025/05/18
SDII007093,SID0013,MID0017,98,2025/05/19
SDII007094,SID0013,MID0017,98,2025/05/20
SDII007095,SID0013,MID0017,98,2025/05/21
SDII007096,SID0013,MID0017,98,2025/05/22
SDII007097,SID0013,MID0017,98,2025/05/23
SDII007098,SID0013,MID0017,98,2025/05/24
SDII007099,SID0013,MID0017,98,2025/05/25
SDII007100,SID0013,MID0017,98,2025/05/26
SDII007101,SID0013,MID0017,98,2025/05/27
SDII007102,SID0013,MID0017,98,2025/05/28
SDII007103,SID0013,MID0017,98,2025/05/29
SDII007104,SID0013,MID0017,98,2025/05/30
SDII007105,SID0013,MID0017,91,2025/05/31
SDII007106,SID0013,MID0017,91,2025/06/01
SDII007107,SID0013,MID0017,91,2025/06/02
SDII007108,SID0013,MID0017,80,2025/06/03
SDII007109,SID0013,MID0017,64,2025/06/04
SDII007110,SID0013,MID0017,59,2025/06/05
SDII007111,SID0013,MID0017,57,2025/06/06
SDII007112,SID0013,MID0017,52,2025/06/07
SDII007113,SID0013,MID0017,52,2025/06/08
SDII007114,SID0013,MID0017,52,2025/06/09
SDII007115,SID0013,MID0017,52,2025/06/10
SDII007116,SID0013,MID0017,52,2025/06/11
SDII007117,SID0013,MID0017,52,2025/06/12
SDII007118,SID0013,MID0017,52,2025/06/13
SDII007119,SID0013,MID0017,52,2025/06/14
SDII007120,SID0013,MID0017,52,2025/06/15
SDII007121,SID0013,MID0017,52,2025/06/16
SDII007122,SID0013,MID0017,52,2025/06/17
SDII007123,SID0013,MID0017,52,2025/06/18
SDII007124,SID0013,MID0017,52,2025/06/19
SDII007125,SID0013,MID0017,52,2025/06/20
SDII007126,SID0013,MID0017,52,2025/06/21
SDII007127,SID0013,MID0017,52,2025/06/22
SDII007128,SID0013,MID0017,52,2025/06/23
SDII007129,SID0013,MID0017,52,2025/06/24
SDII007130,SID0013,MID0017,52,2025/06/25
SDII007131,SID0013,MID0017,52,2025/06/26
SDII007132,SID0013,MID0017,52,2025/06/27
SDII007133,SID0013,MID0017,52,2025/06/28
SDII007134,SID0013,MID0017,52,2025/06/29
SDII007135,SID0013,MID0017,52,2025/06/30
SDII007136,SID0013,MID0017,52,2025/07/01
SDII007137,SID0013,MID0017,52,2025/07/02
SDII007138,SID0013,MID0017,52,2025/07/03
SDII007139,SID0013,MID0017,52,2025/07/04
SDII007140,SID0013,MID0017,52,2025/07/05
SDII007141,SID0013,MID0017,52,2025/07/06
SDII007142,SID0013,MID0017,52,2025/07/07
SDII007143,SID0013,MID0017,52,2025/07/08
SDII007144,SID0013,MID0017,52,2025/07/09
SDII007145,SID0013,MID0017,52,2025/07/10
SDII007146,SID0013,MID0017,52,2025/07/11
SDII007147,SID0013,MID0017,52,2025/07/12
SDII007148,SID0013,MID0017,52,2025/07/13
SDII007149,SID0013,MID0017,52,2025/07/14
SDII007150,SID0013,MID0017,52,2025/07/15
SDII007151,SID0013,MID0017,52,2025/07/16
SDII007152,SID0013,MID0017,52,2025/07/17
SDII007153,SID0013,MID0017,52,2025/07/18
SDII007154,SID0013,MID0017,52,2025/07/19
SDII007155,SID0013,MID0017,52,2025/07/20
SDII007156,SID0013,MID0017,52,2025/07/21
SDII007157,SID0013,MID0017,52,2025/07/22
SDII007158,SID0013,MID0017,52,2025/07/23
SDII007159,SID0013,MID0017,52,2025/07/24
SDII007160,SID0013,MID0017,52,2025/07/25
SDII007161,SID0013,MID0017,52,2025/07/26
SDII007162,SID0013,MID0017,52,2025/07/27
SDII007163,SID0013,MID0017,52,2025/07/28
SDII007164,SID0013,MID0017,52,2025/07/29
SDII007165,SID0013,MID0017,52,2025/07/30
SDII007166,SID0013,MID0017,52,2025/07/31
SDII007167,SID0013,MID0017,52,2025/08/01
SDII007168,SID0013,MID0017,52,2025/08/02
SDII007169,SID0013,MID0017,52,2025/08/03
SDII007170,SID0013,MID0017,52,2025/08/04
SDII007171,SID0013,MID0017,52,2025/08/05
SDII007172,SID0013,MID0017,52,2025/08/06
SDII007173,SID0013,MID0017,52,2025/08/07
SDII007174,SID0013,MID0017,52,2025/08/08
SDII007175,SID0013,MID0017,52,2025/08/09
SDII007176,SID0013,MID0017,52,2025/08/10
SDII007177,SID0013,MID0017,52,2025/08/11
SDII007178,SID0013,MID0017,52,2025/08/12
SDII007179,SID0013,MID0017,52,2025/08/13
SDII007180,SID0013,MID0017,52,2025/08/14
SDII007181,SID0013,MID0017,52,2025/08/15
SDII007182,SID0013,MID0017,52,2025/08/16
SDII007183,SID0013,MID0017,52,2025/08/17
SDII007184,SID0013,MID0017,52,2025/08/18
SDII007185,SID0013,MID0017,52,2025/08/19
SDII007186,SID0013,MID0017,52,2025/08/20
SDII007187,SID0013,MID0017,52,2025/08/21
SDII007188,SID0013,MID0017,52,2025/08/22
SDII007189,SID0013,MID0017,52,2025/08/23
SDII007190,SID0013,MID0017,52,2025/08/24
SDII007191,SID0013,MID0017,52,2025/08/25
SDII007192,SID0013,MID0017,52,2025/08/26
SDII007193,SID0013,MID0017,52,2025/08/27
SDII007194,SID0013,MID0017,52,2025/08/28
SDII007195,SID0013,MID0017,52,2025/08/29
SDII007196,SID0013,MID0017,52,2025/08/30
SDII007197,SID0013,MID0017,52,2025/08/31
SDII007198,SID0013,MID0017,52,2025/09/01
SDII007199,SID0013,MID0017,52,2025/09/02
SDII007200,SID0013,MID0017,52,2025/09/03
SDII007201,SID0013,MID0017,93,2025/09/04
SDII007202,SID0013,MID0017,93,2025/09/05
SDII007203,SID0013,MID0017,93,2025/09/06
SDII007204,SID0013,MID0017,93,2025/09/07
SDII007205,SID0013,MID0017,93,2025/09/08
SDII007206,SID0013,MID0017,93,2025/09/09
SDII007207,SID0013,MID0017,93,2025/09/10
SDII007208,SID0013,MID0017,93,2025/09/11
SDII007209,SID0013,MID0017,93,2025/09/12
SDII007210,SID0013,MID0017,93,2025/09/13
SDII007211,SID0013,MID0017,93,2025/09/14
SDII007212,SID0013,MID0017,93,2025/09/15
SDII007213,SID0013,MID0017,93,2025/09/16
SDII007214,SID0013,MID0017,93,2025/09/17
SDII007215,SID0013,MID0017,84,2025/09/18
SDII007216,SID0013,MID0017,74,2025/09/19
SDII007217,SID0013,MID0017,39,2025/09/20
SDII007218,SID0013,MID0017,39,2025/09/21
SDII007219,SID0013,MID0017,39,2025/09/22
SDII007220,SID0013,MID0017,39,2025/09/23
SDII007221,SID0013,MID0017,39,2025/09/24
SDII007222,SID0013,MID0017,39,2025/09/25
SDII007223,SID0013,MID0017,39,2025/09/26
SDII007224,SID0013,MID0017,39,2025/09/27
SDII007225,SID0013,MID0017,39,2025/09/28
SDII007226,SID0013,MID0017,39,2025/09/29
SDII007227,SID0013,MID0017,39,2025/09/30
SDII007228,SID0013,MID0017,39,2025/10/01
SDII007229,SID0013,MID0017,39,2025/10/02
SDII007230,SID0013,MID0017,96,2025/10/03
SDII007231,SID0013,MID0017,96,2025/10/04
SDII007232,SID0013,MID0017,96,2025/10/05
SDII007233,SID0013,MID0017,96,2025/10/06
SDII007234,SID0013,MID0017,96,2025/10/07
SDII007235,SID0013,MID0017,96,2025/10/08
SDII007236,SID0013,MID0017,96,2025/10/09
SDII007237,SID0013,MID0017,96,2025/10/10
SDII007238,SID0013,MID0017,96,2025/10/11
SDII007239,SID0013,MID0017,96,2025/10/12
SDII007240,SID0013,MID0017,96,2025/10/13
SDII007241,SID0013,MID0017,96,2025/10/14
SDII007242,SID0013,MID0017,96,2025/10/15
SDII007243,SID0013,MID0017,96,2025/10/16
SDII007244,SID0013,MID0017,96,2025/10/17
SDII007245,SID0013,MID0017,96,2025/10/18
SDII007246,SID0013,MID0017,96,2025/10/19
SDII007247,SID0013,MID0017,96,2025/10/20
SDII007248,SID0013,MID0017,96,2025/10/21
SDII007249,SID0013,MID0017,96,2025/10/22
SDII007250,SID0013,MID0017,96,2025/10/23
SDII007251,SID0013,MID0017,96,2025/10/24
SDII007252,SID0013,MID0017,96,2025/10/25
SDII007253,SID0013,MID0017,96,2025/10/26
SDII007254,SID0013,MID0017,96,2025/10/27
SDII007255,SID0013,MID0017,96,2025/10/28
SDII007256,SID0013,MID0017,96,2025/10/29
SDII007257,SID0013,MID0017,96,2025/10/30
SDII007258,SID0013,MID0017,96,2025/10/31
SDII007259,SID0013,MID0017,96,2025/11/01
SDII007260,SID0013,MID0017,96,2025/11/02
SDII007261,SID0013,MID0017,96,2025/11/03
SDII007262,SID0013,MID0017,96,2025/11/04
SDII007263,SID0013,MID0017,96,2025/11/05
SDII007264,SID0013,MID0017,96,2025/11/06
SDII007265,SID0013,MID0017,96,2025/11/07
SDII007266,SID0013,MID0017,96,2025/11/08
SDII007267,SID0013,MID0017,96,2025/11/09
SDII007268,SID0013,MID0017,96,2025/11/10
SDII007269,SID0013,MID0017,96,2025/11/11
SDII007270,SID0013,MID0017,96,2025/11/12
SDII007271,SID0013,MID0017,96,2025/11/13
SDII007272,SID0013,MID0017,96,2025/11/14
SDII007273,SID0013,MID0017,96,2025/11/15
SDII007274,SID0013,MID0017,96,2025/11/16
SDII007275,SID0013,MID0017,96,2025/11/17
SDII007276,SID0013,MID0017,96,2025/11/18
SDII007277,SID0013,MID0017,96,2025/11/19
SDII007278,SID0013,MID0017,96,2025/11/20
SDII007279,SID0013,MID0017,96,2025/11/21
SDII007280,SID0013,MID0017,96,2025/11/22
SDII007281,SID0013,MID0017,96,2025/11/23
SDII007282,SID0013,MID0017,96,2025/11/24
SDII007283,SID0013,MID0017,96,2025/11/25
SDII007284,SID0013,MID0017,96,2025/11/26
SDII007285,SID0013,MID0017,96,2025/11/27
SDII007286,SID0013,MID0017,96,2025/11/28
SDII007287,SID0013,MID0017,96,2025/11/29
SDII007288,SID0013,MID0017,96,2025/11/30
SDII007289,SID0013,MID0017,96,2025/12/01
SDII007290,SID0013,MID0017,96,2025/12/02
SDII007291,SID0013,MID0017,96,2025/12/03
SDII007292,SID0013,MID0017,81,2025/12/04
SDII007293,SID0013,MID0017,73,2025/12/05
SDII007294,SID0013,MID0017,61,2025/12/06
SDII007295,SID0013,MID0017,61,2025/12/07
SDII007296,SID0013,MID0017,61,2025/12/08
SDII007297,SID0013,MID0017,57,2025/12/09
SDII007298,SID0013,MID0017,41,2025/12/10
SDII007299,SID0013,MID0017,39,2025/12/11
SDII007300,SID0013,MID0017,39,2025/12/12
SDII007301,SID0013,MID0017,39,2025/12/13
SDII007302,SID0013,MID0017,39,2025/12/14
SDII007303,SID0013,MID0017,39,2025/12/15
SDII007304,SID0013,MID0017,39,2025/12/16
SDII007305,SID0013,MID0017,39,2025/12/17
SDII007306,SID0013,MID0017,39,2025/12/18
SDII007307,SID0013,MID0017,72,2025/12/19
SDII007308,SID0013,MID0017,72,2025/12/20
SDII007309,SID0013,MID0017,72,2025/12/21
SDII007310,SID0013,MID0017,72,2025/12/22
SDII007311,SID0013,MID0017,72,2025/12/23
SDII007312,SID0013,MID0017,72,2025/12/24
SDII007313,SID0013,MID0017,72,2025/12/25
SDII007314,SID0013,MID0017,72,2025/12/26
SDII007315,SID0013,MID0017,72,2025/12/27
SDII007316,SID0013,MID0017,72,2025/12/28
SDII007317,SID0013,MID0017,72,2025/12/29
SDII007318,SID0013,MID0017,72,2025/12/30
SDII007319,SID0013,MID0017,72,2025/12/31
SDII007320,SID0013,MID0017,72,2026/01/01
SDII007321,SID0013,MID0020,356,2025/01/01
SDII007322,SID0013,MID0020,356,2025/01/02
SDII007323,SID0013,MID0020,320,2025/01/03
SDII007324,SID0013,MID0020,189,2025/01/04
SDII007325,SID0013,MID0020,189,2025/01/05
SDII007326,SID0013,MID0020,189,2025/01/06
SDII007327,SID0013,MID0020,872,2025/01/07
SDII007328,SID0013,MID0020,795,2025/01/08
SDII007329,SID0013,MID0020,746,2025/01/09
SDII007330,SID0013,MID0020,728,2025/01/10
SDII007331,SID0013,MID0020,649,2025/01/11
SDII007332,SID0013,MID0020,649,2025/01/12
SDII007333,SID0013,MID0020,649,2025/01/13
SDII007334,SID0013,MID0020,615,2025/01/14
SDII007335,SID0013,MID0020,557,2025/01/15
SDII007336,SID0013,MID0020,477,2025/01/16
SDII007337,SID0013,MID0020,423,2025/01/17
SDII007338,SID0013,MID0020,412,2025/01/18
SDII007339,SID0013,MID0020,776,2025/01/19
SDII007340,SID0013,MID0020,776,2025/01/20
SDII007341,SID0013,MID0020,776,2025/01/21
SDII007342,SID0013,MID0020,776,2025/01/22
SDII007343,SID0013,MID0020,736,2025/01/23
SDII007344,SID0013,MID0020,551,2025/01/24
SDII007345,SID0013,MID0020,508,2025/01/25
SDII007346,SID0013,MID0020,508,2025/01/26
SDII007347,SID0013,MID0020,508,2025/01/27
SDII007348,SID0013,MID0020,466,2025/01/28
SDII007349,SID0013,MID0020,402,2025/01/29
SDII007350,SID0013,MID0020,629,2025/01/30
SDII007351,SID0013,MID0020,629,2025/01/31
SDII007352,SID0013,MID0020,629,2025/02/01
SDII007353,SID0013,MID0020,629,2025/02/02
SDII007354,SID0013,MID0020,993,2025/02/03
SDII007355,SID0013,MID0020,933,2025/02/04
SDII007356,SID0013,MID0020,834,2025/02/05
SDII007357,SID0013,MID0020,734,2025/02/06
SDII007358,SID0013,MID0020,685,2025/02/07
SDII007359,SID0013,MID0020,685,2025/02/08
SDII007360,SID0013,MID0020,685,2025/02/09
SDII007361,SID0013,MID0020,685,2025/02/10
SDII007362,SID0013,MID0020,679,2025/02/11
SDII007363,SID0013,MID0020,580,2025/02/12
SDII007364,SID0013,MID0020,562,2025/02/13
SDII007365,SID0013,MID0020,474,2025/02/14
SDII007366,SID0013,MID0020,432,2025/02/15
SDII007367,SID0013,MID0020,432,2025/02/16
SDII007368,SID0013,MID0020,432,2025/02/17
SDII007369,SID0013,MID0020,719,2025/02/18
SDII007370,SID0013,MID0020,648,2025/02/19
SDII007371,SID0013,MID0020,587,2025/02/20
SDII007372,SID0013,MID0020,536,2025/02/21
SDII007373,SID0013,MID0020,536,2025/02/22
SDII007374,SID0013,MID0020,536,2025/02/23
SDII007375,SID0013,MID0020,536,2025/02/24
SDII007376,SID0013,MID0020,842,2025/02/25
SDII007377,SID0013,MID0020,792,2025/02/26
SDII007378,SID0013,MID0020,728,2025/02/27
SDII007379,SID0013,MID0020,668,2025/02/28
SDII007380,SID0013,MID0020,629,2025/03/01
SDII007381,SID0013,MID0020,629,2025/03/02
SDII007382,SID0013,MID0020,629,2025/03/03
SDII007383,SID0013,MID0020,629,2025/03/04
SDII007384,SID0013,MID0020,629,2025/03/05
SDII007385,SID0013,MID0020,629,2025/03/06
SDII007386,SID0013,MID0020,515,2025/03/07
SDII007387,SID0013,MID0020,702,2025/03/08
SDII007388,SID0013,MID0020,702,2025/03/09
SDII007389,SID0013,MID0020,702,2025/03/10
SDII007390,SID0013,MID0020,635,2025/03/11
SDII007391,SID0013,MID0020,972,2025/03/12
SDII007392,SID0013,MID0020,907,2025/03/13
SDII007393,SID0013,MID0020,827,2025/03/14
SDII007394,SID0013,MID0020,749,2025/03/15
SDII007395,SID0013,MID0020,749,2025/03/16
SDII007396,SID0013,MID0020,749,2025/03/17
SDII007397,SID0013,MID0020,749,2025/03/18
SDII007398,SID0013,MID0020,620,2025/03/19
SDII007399,SID0013,MID0020,576,2025/03/20
SDII007400,SID0013,MID0020,447,2025/03/21
SDII007401,SID0013,MID0020,811,2025/03/22
SDII007402,SID0013,MID0020,811,2025/03/23
SDII007403,SID0013,MID0020,811,2025/03/24
SDII007404,SID0013,MID0020,811,2025/03/25
SDII007405,SID0013,MID0020,782,2025/03/26
SDII007406,SID0013,MID0020,691,2025/03/27
SDII007407,SID0013,MID0020,603,2025/03/28
SDII007408,SID0013,MID0020,548,2025/03/29
SDII007409,SID0013,MID0020,548,2025/03/30
SDII007410,SID0013,MID0020,548,2025/03/31
SDII007411,SID0013,MID0020,515,2025/04/01
SDII007412,SID0013,MID0020,437,2025/04/02
SDII007413,SID0013,MID0020,331,2025/04/03
SDII007414,SID0013,MID0020,273,2025/04/04
SDII007415,SID0013,MID0020,637,2025/04/05
SDII007416,SID0013,MID0020,637,2025/04/06
SDII007417,SID0013,MID0020,637,2025/04/07
SDII007418,SID0013,MID0020,509,2025/04/08
SDII007419,SID0013,MID0020,415,2025/04/09
SDII007420,SID0013,MID0020,688,2025/04/10
SDII007421,SID0013,MID0020,688,2025/04/11
SDII007422,SID0013,MID0020,688,2025/04/12
SDII007423,SID0013,MID0020,688,2025/04/13
SDII007424,SID0013,MID0020,688,2025/04/14
SDII007425,SID0013,MID0020,598,2025/04/15
SDII007426,SID0013,MID0020,513,2025/04/16
SDII007427,SID0013,MID0020,421,2025/04/17
SDII007428,SID0013,MID0020,785,2025/04/18
SDII007429,SID0013,MID0020,785,2025/04/19
SDII007430,SID0013,MID0020,785,2025/04/20
SDII007431,SID0013,MID0020,785,2025/04/21
SDII007432,SID0013,MID0020,668,2025/04/22
SDII007433,SID0013,MID0020,607,2025/04/23
SDII007434,SID0013,MID0020,578,2025/04/24
SDII007435,SID0013,MID0020,533,2025/04/25
SDII007436,SID0013,MID0020,533,2025/04/26
SDII007437,SID0013,MID0020,533,2025/04/27
SDII007438,SID0013,MID0020,533,2025/04/28
SDII007439,SID0013,MID0020,475,2025/04/29
SDII007440,SID0013,MID0020,451,2025/04/30
SDII007441,SID0013,MID0020,372,2025/05/01
SDII007442,SID0013,MID0020,333,2025/05/02
SDII007443,SID0013,MID0020,623,2025/05/03
SDII007444,SID0013,MID0020,623,2025/05/04
SDII007445,SID0013,MID0020,623,2025/05/05
SDII007446,SID0013,MID0020,565,2025/05/06
SDII007447,SID0013,MID0020,463,2025/05/07
SDII007448,SID0013,MID0020,699,2025/05/08
SDII007449,SID0013,MID0020,699,2025/05/09
SDII007450,SID0013,MID0020,699,2025/05/10
SDII007451,SID0013,MID0020,1063,2025/05/11
SDII007452,SID0013,MID0020,1063,2025/05/12
SDII007453,SID0013,MID0020,1063,2025/05/13
SDII007454,SID0013,MID0020,1055,2025/05/14
SDII007455,SID0013,MID0020,942,2025/05/15
SDII007456,SID0013,MID0020,804,2025/05/16
SDII007457,SID0013,MID0020,804,2025/05/17
SDII007458,SID0013,MID0020,804,2025/05/18
SDII007459,SID0013,MID0020,804,2025/05/19
SDII007460,SID0013,MID0020,804,2025/05/20
SDII007461,SID0013,MID0020,703,2025/05/21
SDII007462,SID0013,MID0020,517,2025/05/22
SDII007463,SID0013,MID0020,517,2025/05/23
SDII007464,SID0013,MID0020,517,2025/05/24
SDII007465,SID0013,MID0020,517,2025/05/25
SDII007466,SID0013,MID0020,517,2025/05/26
SDII007467,SID0013,MID0020,435,2025/05/27
SDII007468,SID0013,MID0020,432,2025/05/28
SDII007469,SID0013,MID0020,658,2025/05/29
SDII007470,SID0013,MID0020,631,2025/05/30
SDII007471,SID0013,MID0020,602,2025/05/31
SDII007472,SID0013,MID0020,602,2025/06/01
SDII007473,SID0013,MID0020,602,2025/06/02
SDII007474,SID0013,MID0020,908,2025/06/03
SDII007475,SID0013,MID0020,809,2025/06/04
SDII007476,SID0013,MID0020,695,2025/06/05
SDII007477,SID0013,MID0020,695,2025/06/06
SDII007478,SID0013,MID0020,695,2025/06/07
SDII007479,SID0013,MID0020,695,2025/06/08
SDII007480,SID0013,MID0020,695,2025/06/09
SDII007481,SID0013,MID0020,695,2025/06/10
SDII007482,SID0013,MID0020,695,2025/06/11
SDII007483,SID0013,MID0020,628,2025/06/12
SDII007484,SID0013,MID0020,496,2025/06/13
SDII007485,SID0013,MID0020,451,2025/06/14
SDII007486,SID0013,MID0020,451,2025/06/15
SDII007487,SID0013,MID0020,451,2025/06/16
SDII007488,SID0013,MID0020,352,2025/06/17
SDII007489,SID0013,MID0020,693,2025/06/18
SDII007490,SID0013,MID0020,596,2025/06/19
SDII007491,SID0013,MID0020,571,2025/06/20
SDII007492,SID0013,MID0020,557,2025/06/21
SDII007493,SID0013,MID0020,557,2025/06/22
SDII007494,SID0013,MID0020,557,2025/06/23
SDII007495,SID0013,MID0020,557,2025/06/24
SDII007496,SID0013,MID0020,506,2025/06/25
SDII007497,SID0013,MID0020,445,2025/06/26
SDII007498,SID0013,MID0020,695,2025/06/27
SDII007499,SID0013,MID0020,695,2025/06/28
SDII007500,SID0013,MID0020,695,2025/06/29
SDII007501,SID0013,MID0020,695,2025/06/30
SDII007502,SID0013,MID0020,695,2025/07/01
SDII007503,SID0013,MID0020,624,2025/07/02
SDII007504,SID0013,MID0020,608,2025/07/03
SDII007505,SID0013,MID0020,526,2025/07/04
SDII007506,SID0013,MID0020,439,2025/07/05
SDII007507,SID0013,MID0020,439,2025/07/06
SDII007508,SID0013,MID0020,439,2025/07/07
SDII007509,SID0013,MID0020,803,2025/07/08
SDII007510,SID0013,MID0020,756,2025/07/09
SDII007511,SID0013,MID0020,744,2025/07/10
SDII007512,SID0013,MID0020,688,2025/07/11
SDII007513,SID0013,MID0020,567,2025/07/12
SDII007514,SID0013,MID0020,567,2025/07/13
SDII007515,SID0013,MID0020,567,2025/07/14
SDII007516,SID0013,MID0020,567,2025/07/15
SDII007517,SID0013,MID0020,567,2025/07/16
SDII007518,SID0013,MID0020,755,2025/07/17
SDII007519,SID0013,MID0020,672,2025/07/18
SDII007520,SID0013,MID0020,672,2025/07/19
SDII007521,SID0013,MID0020,672,2025/07/20
SDII007522,SID0013,MID0020,672,2025/07/21
SDII007523,SID0013,MID0020,672,2025/07/22
SDII007524,SID0013,MID0020,669,2025/07/23
SDII007525,SID0013,MID0020,576,2025/07/24
SDII007526,SID0013,MID0020,465,2025/07/25
SDII007527,SID0013,MID0020,465,2025/07/26
SDII007528,SID0013,MID0020,465,2025/07/27
SDII007529,SID0013,MID0020,465,2025/07/28
SDII007530,SID0013,MID0020,465,2025/07/29
SDII007531,SID0013,MID0020,465,2025/07/30
SDII007532,SID0013,MID0020,449,2025/07/31
SDII007533,SID0013,MID0020,237,2025/08/01
SDII007534,SID0013,MID0020,601,2025/08/02
SDII007535,SID0013,MID0020,601,2025/08/03
SDII007536,SID0013,MID0020,601,2025/08/04
SDII007537,SID0013,MID0020,469,2025/08/05
SDII007538,SID0013,MID0020,424,2025/08/06
SDII007539,SID0013,MID0020,390,2025/08/07
SDII007540,SID0013,MID0020,379,2025/08/08
SDII007541,SID0013,MID0020,374,2025/08/09
SDII007542,SID0013,MID0020,738,2025/08/10
SDII007543,SID0013,MID0020,738,2025/08/11
SDII007544,SID0013,MID0020,738,2025/08/12
SDII007545,SID0013,MID0020,671,2025/08/13
SDII007546,SID0013,MID0020,621,2025/08/14
SDII007547,SID0013,MID0020,542,2025/08/15
SDII007548,SID0013,MID0020,512,2025/08/16
SDII007549,SID0013,MID0020,512,2025/08/17
SDII007550,SID0013,MID0020,512,2025/08/18
SDII007551,SID0013,MID0020,426,2025/08/19
SDII007552,SID0013,MID0020,675,2025/08/20
SDII007553,SID0013,MID0020,664,2025/08/21
SDII007554,SID0013,MID0020,664,2025/08/22
SDII007555,SID0013,MID0020,664,2025/08/23
SDII007556,SID0013,MID0020,664,2025/08/24
SDII007557,SID0013,MID0020,664,2025/08/25
SDII007558,SID0013,MID0020,606,2025/08/26
SDII007559,SID0013,MID0020,554,2025/08/27
SDII007560,SID0013,MID0020,523,2025/08/28
SDII007561,SID0013,MID0020,497,2025/08/29
SDII007562,SID0013,MID0020,445,2025/08/30
SDII007563,SID0013,MID0020,445,2025/08/31
SDII007564,SID0013,MID0020,445,2025/09/01
SDII007565,SID0013,MID0020,445,2025/09/02
SDII007566,SID0013,MID0020,393,2025/09/03
SDII007567,SID0013,MID0020,293,2025/09/04
SDII007568,SID0013,MID0020,613,2025/09/05
SDII007569,SID0013,MID0020,613,2025/09/06
SDII007570,SID0013,MID0020,613,2025/09/07
SDII007571,SID0013,MID0020,613,2025/09/08
SDII007572,SID0013,MID0020,560,2025/09/09
SDII007573,SID0013,MID0020,506,2025/09/10
SDII007574,SID0013,MID0020,442,2025/09/11
SDII007575,SID0013,MID0020,438,2025/09/12
SDII007576,SID0013,MID0020,418,2025/09/13
SDII007577,SID0013,MID0020,418,2025/09/14
SDII007578,SID0013,MID0020,418,2025/09/15
SDII007579,SID0013,MID0020,363,2025/09/16
SDII007580,SID0013,MID0020,261,2025/09/17
SDII007581,SID0013,MID0020,218,2025/09/18
SDII007582,SID0013,MID0020,218,2025/09/19
SDII007583,SID0013,MID0020,561,2025/09/20
SDII007584,SID0013,MID0020,561,2025/09/21
SDII007585,SID0013,MID0020,561,2025/09/22
SDII007586,SID0013,MID0020,500,2025/09/23
SDII007587,SID0013,MID0020,470,2025/09/24
SDII007588,SID0013,MID0020,428,2025/09/25
SDII007589,SID0013,MID0020,368,2025/09/26
SDII007590,SID0013,MID0020,350,2025/09/27
SDII007591,SID0013,MID0020,350,2025/09/28
SDII007592,SID0013,MID0020,714,2025/09/29
SDII007593,SID0013,MID0020,714,2025/09/30
SDII007594,SID0013,MID0020,714,2025/10/01
SDII007595,SID0013,MID0020,714,2025/10/02
SDII007596,SID0013,MID0020,680,2025/10/03
SDII007597,SID0013,MID0020,490,2025/10/04
SDII007598,SID0013,MID0020,490,2025/10/05
SDII007599,SID0013,MID0020,490,2025/10/06
SDII007600,SID0013,MID0020,443,2025/10/07
SDII007601,SID0013,MID0020,365,2025/10/08
SDII007602,SID0013,MID0020,294,2025/10/09
SDII007603,SID0013,MID0020,279,2025/10/10
SDII007604,SID0013,MID0020,279,2025/10/11
SDII007605,SID0013,MID0020,643,2025/10/12
SDII007606,SID0013,MID0020,643,2025/10/13
SDII007607,SID0013,MID0020,571,2025/10/14
SDII007608,SID0013,MID0020,546,2025/10/15
SDII007609,SID0013,MID0020,483,2025/10/16
SDII007610,SID0013,MID0020,463,2025/10/17
SDII007611,SID0013,MID0020,420,2025/10/18
SDII007612,SID0013,MID0020,420,2025/10/19
SDII007613,SID0013,MID0020,784,2025/10/20
SDII007614,SID0013,MID0020,700,2025/10/21
SDII007615,SID0013,MID0020,697,2025/10/22
SDII007616,SID0013,MID0020,661,2025/10/23
SDII007617,SID0013,MID0020,607,2025/10/24
SDII007618,SID0013,MID0020,581,2025/10/25
SDII007619,SID0013,MID0020,581,2025/10/26
SDII007620,SID0013,MID0020,581,2025/10/27
SDII007621,SID0013,MID0020,370,2025/10/28
SDII007622,SID0013,MID0020,356,2025/10/29
SDII007623,SID0013,MID0020,356,2025/10/30
SDII007624,SID0013,MID0020,356,2025/10/31
SDII007625,SID0013,MID0020,356,2025/11/01
SDII007626,SID0013,MID0020,720,2025/11/02
SDII007627,SID0013,MID0020,720,2025/11/03
SDII007628,SID0013,MID0020,720,2025/11/04
SDII007629,SID0013,MID0020,720,2025/11/05
SDII007630,SID0013,MID0020,713,2025/11/06
SDII007631,SID0013,MID0020,582,2025/11/07
SDII007632,SID0013,MID0020,479,2025/11/08
SDII007633,SID0013,MID0020,479,2025/11/09
SDII007634,SID0013,MID0020,479,2025/11/10
SDII007635,SID0013,MID0020,450,2025/11/11
SDII007636,SID0013,MID0020,354,2025/11/12
SDII007637,SID0013,MID0020,615,2025/11/13
SDII007638,SID0013,MID0020,615,2025/11/14
SDII007639,SID0013,MID0020,615,2025/11/15
SDII007640,SID0013,MID0020,615,2025/11/16
SDII007641,SID0013,MID0020,615,2025/11/17
SDII007642,SID0013,MID0020,586,2025/11/18
SDII007643,SID0013,MID0020,531,2025/11/19
SDII007644,SID0013,MID0020,508,2025/11/20
SDII007645,SID0013,MID0020,465,2025/11/21
SDII007646,SID0013,MID0020,408,2025/11/22
SDII007647,SID0013,MID0020,408,2025/11/23
SDII007648,SID0013,MID0020,408,2025/11/24
SDII007649,SID0013,MID0020,337,2025/11/25
SDII007650,SID0013,MID0020,299,2025/11/26
SDII007651,SID0013,MID0020,283,2025/11/27
SDII007652,SID0013,MID0020,208,2025/11/28
SDII007653,SID0013,MID0020,507,2025/11/29
SDII007654,SID0013,MID0020,507,2025/11/30
SDII007655,SID0013,MID0020,507,2025/12/01
SDII007656,SID0013,MID0020,507,2025/12/02
SDII007657,SID0013,MID0020,297,2025/12/03
SDII007658,SID0013,MID0020,266,2025/12/04
SDII007659,SID0013,MID0020,630,2025/12/05
SDII007660,SID0013,MID0020,630,2025/12/06
SDII007661,SID0013,MID0020,994,2025/12/07
SDII007662,SID0013,MID0020,994,2025/12/08
SDII007663,SID0013,MID0020,903,2025/12/09
SDII007664,SID0013,MID0020,864,2025/12/10
SDII007665,SID0013,MID0020,750,2025/12/11
SDII007666,SID0013,MID0020,750,2025/12/12
SDII007667,SID0013,MID0020,750,2025/12/13
SDII007668,SID0013,MID0020,750,2025/12/14
SDII007669,SID0013,MID0020,750,2025/12/15
SDII007670,SID0013,MID0020,750,2025/12/16
SDII007671,SID0013,MID0020,672,2025/12/17
SDII007672,SID0013,MID0020,622,2025/12/18
SDII007673,SID0013,MID0020,585,2025/12/19
SDII007674,SID0013,MID0020,495,2025/12/20
SDII007675,SID0013,MID0020,495,2025/12/21
SDII007676,SID0013,MID0020,495,2025/12/22
SDII007677,SID0013,MID0020,467,2025/12/23
SDII007678,SID0013,MID0020,412,2025/12/24
SDII007679,SID0013,MID0020,734,2025/12/25
SDII007680,SID0013,MID0020,634,2025/12/26
SDII007681,SID0013,MID0020,634,2025/12/27
SDII007682,SID0013,MID0020,634,2025/12/28
SDII007683,SID0013,MID0020,634,2025/12/29
SDII007684,SID0013,MID0020,612,2025/12/30
SDII007685,SID0013,MID0020,544,2025/12/31
SDII007686,SID0013,MID0020,497,2026/01/01
SDII007687,SID0015,MID0007,1917,2025/01/01
SDII007688,SID0015,MID0007,1835,2025/01/02
SDII007689,SID0015,MID0007,1715,2025/01/03
SDII007690,SID0015,MID0007,1616,2025/01/04
SDII007691,SID0015,MID0007,1616,2025/01/05
SDII007692,SID0015,MID0007,1616,2025/01/06
SDII007693,SID0015,MID0007,1616,2025/01/07
SDII007694,SID0015,MID0007,1616,2025/01/08
SDII007695,SID0015,MID0007,1383,2025/01/09
SDII007696,SID0015,MID0007,1265,2025/01/10
SDII007697,SID0015,MID0007,1096,2025/01/11
SDII007698,SID0015,MID0007,1096,2025/01/12
SDII007699,SID0015,MID0007,1096,2025/01/13
SDII007700,SID0015,MID0007,1002,2025/01/14
SDII007701,SID0015,MID0007,865,2025/01/15
SDII007702,SID0015,MID0007,828,2025/01/16
SDII007703,SID0015,MID0007,679,2025/01/17
SDII007704,SID0015,MID0007,538,2025/01/18
SDII007705,SID0015,MID0007,538,2025/01/19
SDII007706,SID0015,MID0007,538,2025/01/20
SDII007707,SID0015,MID0007,328,2025/01/21
SDII007708,SID0015,MID0007,62,2025/01/22
SDII007709,SID0015,MID0007,0,2025/01/23
SDII007710,SID0015,MID0007,4582,2025/01/24
SDII007711,SID0015,MID0007,4582,2025/01/25
SDII007712,SID0015,MID0007,4582,2025/01/26
SDII007713,SID0015,MID0007,4582,2025/01/27
SDII007714,SID0015,MID0007,4582,2025/01/28
SDII007715,SID0015,MID0007,4319,2025/01/29
SDII007716,SID0015,MID0007,3990,2025/01/30
SDII007717,SID0015,MID0007,3990,2025/01/31
SDII007718,SID0015,MID0007,3990,2025/02/01
SDII007719,SID0015,MID0007,3990,2025/02/02
SDII007720,SID0015,MID0007,3990,2025/02/03
SDII007721,SID0015,MID0007,3910,2025/02/04
SDII007722,SID0015,MID0007,3748,2025/02/05
SDII007723,SID0015,MID0007,3679,2025/02/06
SDII007724,SID0015,MID0007,3441,2025/02/07
SDII007725,SID0015,MID0007,3414,2025/02/08
SDII007726,SID0015,MID0007,3414,2025/02/09
SDII007727,SID0015,MID0007,3414,2025/02/10
SDII007728,SID0015,MID0007,3198,2025/02/11
SDII007729,SID0015,MID0007,3134,2025/02/12
SDII007730,SID0015,MID0007,3109,2025/02/13
SDII007731,SID0015,MID0007,2976,2025/02/14
SDII007732,SID0015,MID0007,2806,2025/02/15
SDII007733,SID0015,MID0007,2806,2025/02/16
SDII007734,SID0015,MID0007,2806,2025/02/17
SDII007735,SID0015,MID0007,2803,2025/02/18
SDII007736,SID0015,MID0007,2703,2025/02/19
SDII007737,SID0015,MID0007,2670,2025/02/20
SDII007738,SID0015,MID0007,2518,2025/02/21
SDII007739,SID0015,MID0007,2296,2025/02/22
SDII007740,SID0015,MID0007,4587,2025/02/23
SDII007741,SID0015,MID0007,4587,2025/02/24
SDII007742,SID0015,MID0007,4435,2025/02/25
SDII007743,SID0015,MID0007,4345,2025/02/26
SDII007744,SID0015,MID0007,4265,2025/02/27
SDII007745,SID0015,MID0007,4018,2025/02/28
SDII007746,SID0015,MID0007,4009,2025/03/01
SDII007747,SID0015,MID0007,4009,2025/03/02
SDII007748,SID0015,MID0007,4009,2025/03/03
SDII007749,SID0015,MID0007,4009,2025/03/04
SDII007750,SID0015,MID0007,3944,2025/03/05
SDII007751,SID0015,MID0007,3796,2025/03/06
SDII007752,SID0015,MID0007,3614,2025/03/07
SDII007753,SID0015,MID0007,3469,2025/03/08
SDII007754,SID0015,MID0007,3469,2025/03/09
SDII007755,SID0015,MID0007,3469,2025/03/10
SDII007756,SID0015,MID0007,3275,2025/03/11
SDII007757,SID0015,MID0007,3195,2025/03/12
SDII007758,SID0015,MID0007,3156,2025/03/13
SDII007759,SID0015,MID0007,3007,2025/03/14
SDII007760,SID0015,MID0007,2842,2025/03/15
SDII007761,SID0015,MID0007,2842,2025/03/16
SDII007762,SID0015,MID0007,2842,2025/03/17
SDII007763,SID0015,MID0007,2726,2025/03/18
SDII007764,SID0015,MID0007,2534,2025/03/19
SDII007765,SID0015,MID0007,2359,2025/03/20
SDII007766,SID0015,MID0007,2227,2025/03/21
SDII007767,SID0015,MID0007,2227,2025/03/22
SDII007768,SID0015,MID0007,4518,2025/03/23
SDII007769,SID0015,MID0007,4518,2025/03/24
SDII007770,SID0015,MID0007,4350,2025/03/25
SDII007771,SID0015,MID0007,4241,2025/03/26
SDII007772,SID0015,MID0007,4178,2025/03/27
SDII007773,SID0015,MID0007,4056,2025/03/28
SDII007774,SID0015,MID0007,3884,2025/03/29
SDII007775,SID0015,MID0007,3884,2025/03/30
SDII007776,SID0015,MID0007,3884,2025/03/31
SDII007777,SID0015,MID0007,3884,2025/04/01
SDII007778,SID0015,MID0007,3767,2025/04/02
SDII007779,SID0015,MID0007,3607,2025/04/03
SDII007780,SID0015,MID0007,3281,2025/04/04
SDII007781,SID0015,MID0007,3220,2025/04/05
SDII007782,SID0015,MID0007,3220,2025/04/06
SDII007783,SID0015,MID0007,3220,2025/04/07
SDII007784,SID0015,MID0007,3085,2025/04/08
SDII007785,SID0015,MID0007,3035,2025/04/09
SDII007786,SID0015,MID0007,2737,2025/04/10
SDII007787,SID0015,MID0007,2617,2025/04/11
SDII007788,SID0015,MID0007,2617,2025/04/12
SDII007789,SID0015,MID0007,2617,2025/04/13
SDII007790,SID0015,MID0007,2617,2025/04/14
SDII007791,SID0015,MID0007,2617,2025/04/15
SDII007792,SID0015,MID0007,2404,2025/04/16
SDII007793,SID0015,MID0007,5328,2025/04/17
SDII007794,SID0015,MID0007,5116,2025/04/18
SDII007795,SID0015,MID0007,5021,2025/04/19
SDII007796,SID0015,MID0007,5021,2025/04/20
SDII007797,SID0015,MID0007,5021,2025/04/21
SDII007798,SID0015,MID0007,5021,2025/04/22
SDII007799,SID0015,MID0007,5021,2025/04/23
SDII007800,SID0015,MID0007,5008,2025/04/24
SDII007801,SID0015,MID0007,4443,2025/04/25
SDII007802,SID0015,MID0007,4443,2025/04/26
SDII007803,SID0015,MID0007,4443,2025/04/27
SDII007804,SID0015,MID0007,4443,2025/04/28
SDII007805,SID0015,MID0007,4416,2025/04/29
SDII007806,SID0015,MID0007,4226,2025/04/30
SDII007807,SID0015,MID0007,4097,2025/05/01
SDII007808,SID0015,MID0007,3892,2025/05/02
SDII007809,SID0015,MID0007,3888,2025/05/03
SDII007810,SID0015,MID0007,3888,2025/05/04
SDII007811,SID0015,MID0007,3888,2025/05/05
SDII007812,SID0015,MID0007,3888,2025/05/06
SDII007813,SID0015,MID0007,3888,2025/05/07
SDII007814,SID0015,MID0007,3838,2025/05/08
SDII007815,SID0015,MID0007,3365,2025/05/09
SDII007816,SID0015,MID0007,3365,2025/05/10
SDII007817,SID0015,MID0007,3365,2025/05/11
SDII007818,SID0015,MID0007,3365,2025/05/12
SDII007819,SID0015,MID0007,3365,2025/05/13
SDII007820,SID0015,MID0007,3365,2025/05/14
SDII007821,SID0015,MID0007,3074,2025/05/15
SDII007822,SID0015,MID0007,2795,2025/05/16
SDII007823,SID0015,MID0007,5066,2025/05/17
SDII007824,SID0015,MID0007,5066,2025/05/18
SDII007825,SID0015,MID0007,5066,2025/05/19
SDII007826,SID0015,MID0007,4591,2025/05/20
SDII007827,SID0015,MID0007,4467,2025/05/21
SDII007828,SID0015,MID0007,4467,2025/05/22
SDII007829,SID0015,MID0007,4467,2025/05/23
SDII007830,SID0015,MID0007,4467,2025/05/24
SDII007831,SID0015,MID0007,4467,2025/05/25
SDII007832,SID0015,MID0007,4467,2025/05/26
SDII007833,SID0015,MID0007,4467,2025/05/27
SDII007834,SID0015,MID0007,4467,2025/05/28
SDII007835,SID0015,MID0007,4202,2025/05/29
SDII007836,SID0015,MID0007,4086,2025/05/30
SDII007837,SID0015,MID0007,3861,2025/05/31
SDII007838,SID0015,MID0007,3861,2025/06/01
SDII007839,SID0015,MID0007,3861,2025/06/02
SDII007840,SID0015,MID0007,3861,2025/06/03
SDII007841,SID0015,MID0007,3537,2025/06/04
SDII007842,SID0015,MID0007,3283,2025/06/05
SDII007843,SID0015,MID0007,3283,2025/06/06
SDII007844,SID0015,MID0007,3283,2025/06/07
SDII007845,SID0015,MID0007,3283,2025/06/08
SDII007846,SID0015,MID0007,3283,2025/06/09
SDII007847,SID0015,MID0007,3095,2025/06/10
SDII007848,SID0015,MID0007,3013,2025/06/11
SDII007849,SID0015,MID0007,2798,2025/06/12
SDII007850,SID0015,MID0007,2798,2025/06/13
SDII007851,SID0015,MID0007,2798,2025/06/14
SDII007852,SID0015,MID0007,2798,2025/06/15
SDII007853,SID0015,MID0007,2798,2025/06/16
SDII007854,SID0015,MID0007,2623,2025/06/17
SDII007855,SID0015,MID0007,2259,2025/06/18
SDII007856,SID0015,MID0007,2259,2025/06/19
SDII007857,SID0015,MID0007,2259,2025/06/20
SDII007858,SID0015,MID0007,4550,2025/06/21
SDII007859,SID0015,MID0007,4550,2025/06/22
SDII007860,SID0015,MID0007,4550,2025/06/23
SDII007861,SID0015,MID0007,4392,2025/06/24
SDII007862,SID0015,MID0007,4365,2025/06/25
SDII007863,SID0015,MID0007,4290,2025/06/26
SDII007864,SID0015,MID0007,4140,2025/06/27
SDII007865,SID0015,MID0007,4086,2025/06/28
SDII007866,SID0015,MID0007,4086,2025/06/29
SDII007867,SID0015,MID0007,4086,2025/06/30
SDII007868,SID0015,MID0007,3746,2025/07/01
SDII007869,SID0015,MID0007,3591,2025/07/02
SDII007870,SID0015,MID0007,3591,2025/07/03
SDII007871,SID0015,MID0007,3591,2025/07/04
SDII007872,SID0015,MID0007,3591,2025/07/05
SDII007873,SID0015,MID0007,3591,2025/07/06
SDII007874,SID0015,MID0007,3591,2025/07/07
SDII007875,SID0015,MID0007,3513,2025/07/08
SDII007876,SID0015,MID0007,3441,2025/07/09
SDII007877,SID0015,MID0007,3333,2025/07/10
SDII007878,SID0015,MID0007,3185,2025/07/11
SDII007879,SID0015,MID0007,3088,2025/07/12
SDII007880,SID0015,MID0007,3088,2025/07/13
SDII007881,SID0015,MID0007,3088,2025/07/14
SDII007882,SID0015,MID0007,2950,2025/07/15
SDII007883,SID0015,MID0007,2766,2025/07/16
SDII007884,SID0015,MID0007,2751,2025/07/17
SDII007885,SID0015,MID0007,2742,2025/07/18
SDII007886,SID0015,MID0007,2555,2025/07/19
SDII007887,SID0015,MID0007,2555,2025/07/20
SDII007888,SID0015,MID0007,2555,2025/07/21
SDII007889,SID0015,MID0007,2555,2025/07/22
SDII007890,SID0015,MID0007,2127,2025/07/23
SDII007891,SID0015,MID0007,2066,2025/07/24
SDII007892,SID0015,MID0007,2066,2025/07/25
SDII007893,SID0015,MID0007,2066,2025/07/26
SDII007894,SID0015,MID0007,2066,2025/07/27
SDII007895,SID0015,MID0007,2066,2025/07/28
SDII007896,SID0015,MID0007,2066,2025/07/29
SDII007897,SID0015,MID0007,3290,2025/07/30
SDII007898,SID0015,MID0007,3049,2025/07/31
SDII007899,SID0015,MID0007,3049,2025/08/01
SDII007900,SID0015,MID0007,3049,2025/08/02
SDII007901,SID0015,MID0007,3049,2025/08/03
SDII007902,SID0015,MID0007,3049,2025/08/04
SDII007903,SID0015,MID0007,2962,2025/08/05
SDII007904,SID0015,MID0007,2888,2025/08/06
SDII007905,SID0015,MID0007,2824,2025/08/07
SDII007906,SID0015,MID0007,2752,2025/08/08
SDII007907,SID0015,MID0007,2580,2025/08/09
SDII007908,SID0015,MID0007,2580,2025/08/10
SDII007909,SID0015,MID0007,2580,2025/08/11
SDII007910,SID0015,MID0007,2580,2025/08/12
SDII007911,SID0015,MID0007,2580,2025/08/13
SDII007912,SID0015,MID0007,2580,2025/08/14
SDII007913,SID0015,MID0007,2203,2025/08/15
SDII007914,SID0015,MID0007,2166,2025/08/16
SDII007915,SID0015,MID0007,2166,2025/08/17
SDII007916,SID0015,MID0007,2166,2025/08/18
SDII007917,SID0015,MID0007,2166,2025/08/19
SDII007918,SID0015,MID0007,2166,2025/08/20
SDII007919,SID0015,MID0007,1988,2025/08/21
SDII007920,SID0015,MID0007,1828,2025/08/22
SDII007921,SID0015,MID0007,1727,2025/08/23
SDII007922,SID0015,MID0007,3255,2025/08/24
SDII007923,SID0015,MID0007,3255,2025/08/25
SDII007924,SID0015,MID0007,3224,2025/08/26
SDII007925,SID0015,MID0007,3105,2025/08/27
SDII007926,SID0015,MID0007,3024,2025/08/28
SDII007927,SID0015,MID0007,2865,2025/08/29
SDII007928,SID0015,MID0007,2827,2025/08/30
SDII007929,SID0015,MID0007,2827,2025/08/31
SDII007930,SID0015,MID0007,2827,2025/09/01
SDII007931,SID0015,MID0007,2827,2025/09/02
SDII007932,SID0015,MID0007,2827,2025/09/03
SDII007933,SID0015,MID0007,2812,2025/09/04
SDII007934,SID0015,MID0007,2379,2025/09/05
SDII007935,SID0015,MID0007,2379,2025/09/06
SDII007936,SID0015,MID0007,2379,2025/09/07
SDII007937,SID0015,MID0007,2379,2025/09/08
SDII007938,SID0015,MID0007,2304,2025/09/09
SDII007939,SID0015,MID0007,2181,2025/09/10
SDII007940,SID0015,MID0007,2137,2025/09/11
SDII007941,SID0015,MID0007,1998,2025/09/12
SDII007942,SID0015,MID0007,1962,2025/09/13
SDII007943,SID0015,MID0007,1962,2025/09/14
SDII007944,SID0015,MID0007,4253,2025/09/15
SDII007945,SID0015,MID0007,4253,2025/09/16
SDII007946,SID0015,MID0007,4154,2025/09/17
SDII007947,SID0015,MID0007,4033,2025/09/18
SDII007948,SID0015,MID0007,3849,2025/09/19
SDII007949,SID0015,MID0007,3802,2025/09/20
SDII007950,SID0015,MID0007,3802,2025/09/21
SDII007951,SID0015,MID0007,3802,2025/09/22
SDII007952,SID0015,MID0007,3797,2025/09/23
SDII007953,SID0015,MID0007,3630,2025/09/24
SDII007954,SID0015,MID0007,3406,2025/09/25
SDII007955,SID0015,MID0007,3338,2025/09/26
SDII007956,SID0015,MID0007,3338,2025/09/27
SDII007957,SID0015,MID0007,3338,2025/09/28
SDII007958,SID0015,MID0007,3338,2025/09/29
SDII007959,SID0015,MID0007,3193,2025/09/30
SDII007960,SID0015,MID0007,3132,2025/10/01
SDII007961,SID0015,MID0007,3010,2025/10/02
SDII007962,SID0015,MID0007,2928,2025/10/03
SDII007963,SID0015,MID0007,2928,2025/10/04
SDII007964,SID0015,MID0007,2928,2025/10/05
SDII007965,SID0015,MID0007,2928,2025/10/06
SDII007966,SID0015,MID0007,2893,2025/10/07
SDII007967,SID0015,MID0007,2608,2025/10/08
SDII007968,SID0015,MID0007,2498,2025/10/09
SDII007969,SID0015,MID0007,2498,2025/10/10
SDII007970,SID0015,MID0007,2498,2025/10/11
SDII007971,SID0015,MID0007,2498,2025/10/12
SDII007972,SID0015,MID0007,2498,2025/10/13
SDII007973,SID0015,MID0007,2260,2025/10/14
SDII007974,SID0015,MID0007,2077,2025/10/15
SDII007975,SID0015,MID0007,2077,2025/10/16
SDII007976,SID0015,MID0007,2077,2025/10/17
SDII007977,SID0015,MID0007,2077,2025/10/18
SDII007978,SID0015,MID0007,2077,2025/10/19
SDII007979,SID0015,MID0007,2077,2025/10/20
SDII007980,SID0015,MID0007,2077,2025/10/21
SDII007981,SID0015,MID0007,4064,2025/10/22
SDII007982,SID0015,MID0007,3960,2025/10/23
SDII007983,SID0015,MID0007,3893,2025/10/24
SDII007984,SID0015,MID0007,3820,2025/10/25
SDII007985,SID0015,MID0007,3820,2025/10/26
SDII007986,SID0015,MID0007,3820,2025/10/27
SDII007987,SID0015,MID0007,3820,2025/10/28
SDII007988,SID0015,MID0007,3428,2025/10/29
SDII007989,SID0015,MID0007,3409,2025/10/30
SDII007990,SID0015,MID0007,3409,2025/10/31
SDII007991,SID0015,MID0007,3409,2025/11/01
SDII007992,SID0015,MID0007,3409,2025/11/02
SDII007993,SID0015,MID0007,3409,2025/11/03
SDII007994,SID0015,MID0007,3409,2025/11/04
SDII007995,SID0015,MID0007,3409,2025/11/05
SDII007996,SID0015,MID0007,3074,2025/11/06
SDII007997,SID0015,MID0007,2951,2025/11/07
SDII007998,SID0015,MID0007,2929,2025/11/08
SDII007999,SID0015,MID0007,2929,2025/11/09
SDII008000,SID0015,MID0007,2929,2025/11/10
SDII008001,SID0015,MID0007,2929,2025/11/11
SDII008002,SID0015,MID0007,2697,2025/11/12
SDII008003,SID0015,MID0007,2547,2025/11/13
SDII008004,SID0015,MID0007,2467,2025/11/14
SDII008005,SID0015,MID0007,2467,2025/11/15
SDII008006,SID0015,MID0007,2467,2025/11/16
SDII008007,SID0015,MID0007,2467,2025/11/17
SDII008008,SID0015,MID0007,2444,2025/11/18
SDII008009,SID0015,MID0007,2295,2025/11/19
SDII008010,SID0015,MID0007,2263,2025/11/20
SDII008011,SID0015,MID0007,2106,2025/11/21
SDII008012,SID0015,MID0007,1980,2025/11/22
SDII008013,SID0015,MID0007,1980,2025/11/23
SDII008014,SID0015,MID0007,1980,2025/11/24
SDII008015,SID0015,MID0007,3508,2025/11/25
SDII008016,SID0015,MID0007,3455,2025/11/26
SDII008017,SID0015,MID0007,3365,2025/11/27
SDII008018,SID0015,MID0007,3100,2025/11/28
SDII008019,SID0015,MID0007,3100,2025/11/29
SDII008020,SID0015,MID0007,3100,2025/11/30
SDII008021,SID0015,MID0007,3100,2025/12/01
SDII008022,SID0015,MID0007,3100,2025/12/02
SDII008023,SID0015,MID0007,2962,2025/12/03
SDII008024,SID0015,MID0007,2796,2025/12/04
SDII008025,SID0015,MID0007,2642,2025/12/05
SDII008026,SID0015,MID0007,2624,2025/12/06
SDII008027,SID0015,MID0007,2624,2025/12/07
SDII008028,SID0015,MID0007,2624,2025/12/08
SDII008029,SID0015,MID0007,2624,2025/12/09
SDII008030,SID0015,MID0007,2449,2025/12/10
SDII008031,SID0015,MID0007,2296,2025/12/11
SDII008032,SID0015,MID0007,2279,2025/12/12
SDII008033,SID0015,MID0007,2184,2025/12/13
SDII008034,SID0015,MID0007,2184,2025/12/14
SDII008035,SID0015,MID0007,2184,2025/12/15
SDII008036,SID0015,MID0007,2184,2025/12/16
SDII008037,SID0015,MID0007,2102,2025/12/17
SDII008038,SID0015,MID0007,4274,2025/12/18
SDII008039,SID0015,MID0007,4180,2025/12/19
SDII008040,SID0015,MID0007,4018,2025/12/20
SDII008041,SID0015,MID0007,4018,2025/12/21
SDII008042,SID0015,MID0007,4018,2025/12/22
SDII008043,SID0015,MID0007,3685,2025/12/23
SDII008044,SID0015,MID0007,3559,2025/12/24
SDII008045,SID0015,MID0007,3559,2025/12/25
SDII008046,SID0015,MID0007,3559,2025/12/26
SDII008047,SID0015,MID0007,3559,2025/12/27
SDII008048,SID0015,MID0007,3559,2025/12/28
SDII008049,SID0015,MID0007,3559,2025/12/29
SDII008050,SID0015,MID0007,3505,2025/12/30
SDII008051,SID0015,MID0007,3443,2025/12/31
SDII008052,SID0015,MID0007,3277,2026/01/01
SDII008053,SID0015,MID0020,1494,2025/01/01
SDII008054,SID0015,MID0020,1494,2025/01/02
SDII008055,SID0015,MID0020,1257,2025/01/03
SDII008056,SID0015,MID0020,1234,2025/01/04
SDII008057,SID0015,MID0020,1234,2025/01/05
SDII008058,SID0015,MID0020,1234,2025/01/06
SDII008059,SID0015,MID0020,1234,2025/01/07
SDII008060,SID0015,MID0020,1234,2025/01/08
SDII008061,SID0015,MID0020,1234,2025/01/09
SDII008062,SID0015,MID0020,1039,2025/01/10
SDII008063,SID0015,MID0020,843,2025/01/11
SDII008064,SID0015,MID0020,843,2025/01/12
SDII008065,SID0015,MID0020,843,2025/01/13
SDII008066,SID0015,MID0020,843,2025/01/14
SDII008067,SID0015,MID0020,843,2025/01/15
SDII008068,SID0015,MID0020,685,2025/01/16
SDII008069,SID0015,MID0020,541,2025/01/17
SDII008070,SID0015,MID0020,456,2025/01/18
SDII008071,SID0015,MID0020,456,2025/01/19
SDII008072,SID0015,MID0020,456,2025/01/20
SDII008073,SID0015,MID0020,342,2025/01/21
SDII008074,SID0015,MID0020,0,2025/01/22
SDII008075,SID0015,MID0020,2505,2025/01/23
SDII008076,SID0015,MID0020,2505,2025/01/24
SDII008077,SID0015,MID0020,2505,2025/01/25
SDII008078,SID0015,MID0020,2505,2025/01/26
SDII008079,SID0015,MID0020,2505,2025/01/27
SDII008080,SID0015,MID0020,2398,2025/01/28
SDII008081,SID0015,MID0020,2366,2025/01/29
SDII008082,SID0015,MID0020,2242,2025/01/30
SDII008083,SID0015,MID0020,2150,2025/01/31
SDII008084,SID0015,MID0020,2086,2025/02/01
SDII008085,SID0015,MID0020,2086,2025/02/02
SDII008086,SID0015,MID0020,2086,2025/02/03
SDII008087,SID0015,MID0020,2086,2025/02/04
SDII008088,SID0015,MID0020,1982,2025/02/05
SDII008089,SID0015,MID0020,1785,2025/02/06
SDII008090,SID0015,MID0020,1753,2025/02/07
SDII008091,SID0015,MID0020,1654,2025/02/08
SDII008092,SID0015,MID0020,1654,2025/02/09
SDII008093,SID0015,MID0020,1654,2025/02/10
SDII008094,SID0015,MID0020,1547,2025/02/11
SDII008095,SID0015,MID0020,1429,2025/02/12
SDII008096,SID0015,MID0020,3208,2025/02/13
SDII008097,SID0015,MID0020,3149,2025/02/14
SDII008098,SID0015,MID0020,3149,2025/02/15
SDII008099,SID0015,MID0020,3149,2025/02/16
SDII008100,SID0015,MID0020,3149,2025/02/17
SDII008101,SID0015,MID0020,3084,2025/02/18
SDII008102,SID0015,MID0020,2989,2025/02/19
SDII008103,SID0015,MID0020,2922,2025/02/20
SDII008104,SID0015,MID0020,2858,2025/02/21
SDII008105,SID0015,MID0020,2743,2025/02/22
SDII008106,SID0015,MID0020,2743,2025/02/23
SDII008107,SID0015,MID0020,2743,2025/02/24
SDII008108,SID0015,MID0020,2743,2025/02/25
SDII008109,SID0015,MID0020,2743,2025/02/26
SDII008110,SID0015,MID0020,2743,2025/02/27
SDII008111,SID0015,MID0020,2424,2025/02/28
SDII008112,SID0015,MID0020,2338,2025/03/01
SDII008113,SID0015,MID0020,2338,2025/03/02
SDII008114,SID0015,MID0020,2338,2025/03/03
SDII008115,SID0015,MID0020,2286,2025/03/04
SDII008116,SID0015,MID0020,2174,2025/03/05
SDII008117,SID0015,MID0020,2085,2025/03/06
SDII008118,SID0015,MID0020,2078,2025/03/07
SDII008119,SID0015,MID0020,1976,2025/03/08
SDII008120,SID0015,MID0020,1976,2025/03/09
SDII008121,SID0015,MID0020,1976,2025/03/10
SDII008122,SID0015,MID0020,1976,2025/03/11
SDII008123,SID0015,MID0020,1902,2025/03/12
SDII008124,SID0015,MID0020,1779,2025/03/13
SDII008125,SID0015,MID0020,1609,2025/03/14
SDII008126,SID0015,MID0020,1609,2025/03/15
SDII008127,SID0015,MID0020,1609,2025/03/16
SDII008128,SID0015,MID0020,1609,2025/03/17
SDII008129,SID0015,MID0020,1410,2025/03/18
SDII008130,SID0015,MID0020,1276,2025/03/19
SDII008131,SID0015,MID0020,1276,2025/03/20
SDII008132,SID0015,MID0020,1276,2025/03/21
SDII008133,SID0015,MID0020,1276,2025/03/22
SDII008134,SID0015,MID0020,3155,2025/03/23
SDII008135,SID0015,MID0020,3155,2025/03/24
SDII008136,SID0015,MID0020,3069,2025/03/25
SDII008137,SID0015,MID0020,3023,2025/03/26
SDII008138,SID0015,MID0020,2939,2025/03/27
SDII008139,SID0015,MID0020,2845,2025/03/28
SDII008140,SID0015,MID0020,2755,2025/03/29
SDII008141,SID0015,MID0020,2755,2025/03/30
SDII008142,SID0015,MID0020,2755,2025/03/31
SDII008143,SID0015,MID0020,2660,2025/04/01
SDII008144,SID0015,MID0020,2357,2025/04/02
SDII008145,SID0015,MID0020,2357,2025/04/03
SDII008146,SID0015,MID0020,2357,2025/04/04
SDII008147,SID0015,MID0020,2357,2025/04/05
SDII008148,SID0015,MID0020,2357,2025/04/06
SDII008149,SID0015,MID0020,2357,2025/04/07
SDII008150,SID0015,MID0020,2357,2025/04/08
SDII008151,SID0015,MID0020,2339,2025/04/09
SDII008152,SID0015,MID0020,2181,2025/04/10
SDII008153,SID0015,MID0020,1982,2025/04/11
SDII008154,SID0015,MID0020,1982,2025/04/12
SDII008155,SID0015,MID0020,1982,2025/04/13
SDII008156,SID0015,MID0020,1982,2025/04/14
SDII008157,SID0015,MID0020,1851,2025/04/15
SDII008158,SID0015,MID0020,1748,2025/04/16
SDII008159,SID0015,MID0020,1744,2025/04/17
SDII008160,SID0015,MID0020,1626,2025/04/18
SDII008161,SID0015,MID0020,1626,2025/04/19
SDII008162,SID0015,MID0020,2879,2025/04/20
SDII008163,SID0015,MID0020,2879,2025/04/21
SDII008164,SID0015,MID0020,2879,2025/04/22
SDII008165,SID0015,MID0020,2660,2025/04/23
SDII008166,SID0015,MID0020,2561,2025/04/24
SDII008167,SID0015,MID0020,2561,2025/04/25
SDII008168,SID0015,MID0020,2561,2025/04/26
SDII008169,SID0015,MID0020,2561,2025/04/27
SDII008170,SID0015,MID0020,2561,2025/04/28
SDII008171,SID0015,MID0020,2458,2025/04/29
SDII008172,SID0015,MID0020,2320,2025/04/30
SDII008173,SID0015,MID0020,2217,2025/05/01
SDII008174,SID0015,MID0020,2217,2025/05/02
SDII008175,SID0015,MID0020,2217,2025/05/03
SDII008176,SID0015,MID0020,2217,2025/05/04
SDII008177,SID0015,MID0020,2217,2025/05/05
SDII008178,SID0015,MID0020,2125,2025/05/06
SDII008179,SID0015,MID0020,2047,2025/05/07
SDII008180,SID0015,MID0020,2024,2025/05/08
SDII008181,SID0015,MID0020,1921,2025/05/09
SDII008182,SID0015,MID0020,1897,2025/05/10
SDII008183,SID0015,MID0020,1897,2025/05/11
SDII008184,SID0015,MID0020,1897,2025/05/12
SDII008185,SID0015,MID0020,1851,2025/05/13
SDII008186,SID0015,MID0020,1832,2025/05/14
SDII008187,SID0015,MID0020,1724,2025/05/15
SDII008188,SID0015,MID0020,1689,2025/05/16
SDII008189,SID0015,MID0020,1581,2025/05/17
SDII008190,SID0015,MID0020,1581,2025/05/18
SDII008191,SID0015,MID0020,1581,2025/05/19
SDII008192,SID0015,MID0020,1437,2025/05/20
SDII008193,SID0015,MID0020,1281,2025/05/21
SDII008194,SID0015,MID0020,1281,2025/05/22
SDII008195,SID0015,MID0020,1281,2025/05/23
SDII008196,SID0015,MID0020,1281,2025/05/24
SDII008197,SID0015,MID0020,2534,2025/05/25
SDII008198,SID0015,MID0020,2534,2025/05/26
SDII008199,SID0015,MID0020,2534,2025/05/27
SDII008200,SID0015,MID0020,2534,2025/05/28
SDII008201,SID0015,MID0020,2375,2025/05/29
SDII008202,SID0015,MID0020,2256,2025/05/30
SDII008203,SID0015,MID0020,2173,2025/05/31
SDII008204,SID0015,MID0020,2173,2025/06/01
SDII008205,SID0015,MID0020,2173,2025/06/02
SDII008206,SID0015,MID0020,2083,2025/06/03
SDII008207,SID0015,MID0020,2052,2025/06/04
SDII008208,SID0015,MID0020,1898,2025/06/05
SDII008209,SID0015,MID0020,1850,2025/06/06
SDII008210,SID0015,MID0020,1850,2025/06/07
SDII008211,SID0015,MID0020,1850,2025/06/08
SDII008212,SID0015,MID0020,1850,2025/06/09
SDII008213,SID0015,MID0020,1757,2025/06/10
SDII008214,SID0015,MID0020,1639,2025/06/11
SDII008215,SID0015,MID0020,1628,2025/06/12
SDII008216,SID0015,MID0020,1516,2025/06/13
SDII008217,SID0015,MID0020,1516,2025/06/14
SDII008218,SID0015,MID0020,1516,2025/06/15
SDII008219,SID0015,MID0020,1516,2025/06/16
SDII008220,SID0015,MID0020,2769,2025/06/17
SDII008221,SID0015,MID0020,2769,2025/06/18
SDII008222,SID0015,MID0020,2769,2025/06/19
SDII008223,SID0015,MID0020,2505,2025/06/20
SDII008224,SID0015,MID0020,2458,2025/06/21
SDII008225,SID0015,MID0020,2458,2025/06/22
SDII008226,SID0015,MID0020,2458,2025/06/23
SDII008227,SID0015,MID0020,2458,2025/06/24
SDII008228,SID0015,MID0020,2325,2025/06/25
SDII008229,SID0015,MID0020,2179,2025/06/26
SDII008230,SID0015,MID0020,2119,2025/06/27
SDII008231,SID0015,MID0020,2119,2025/06/28
SDII008232,SID0015,MID0020,2119,2025/06/29
SDII008233,SID0015,MID0020,2119,2025/06/30
SDII008234,SID0015,MID0020,2119,2025/07/01
SDII008235,SID0015,MID0020,1930,2025/07/02
SDII008236,SID0015,MID0020,1864,2025/07/03
SDII008237,SID0015,MID0020,1802,2025/07/04
SDII008238,SID0015,MID0020,1802,2025/07/05
SDII008239,SID0015,MID0020,1802,2025/07/06
SDII008240,SID0015,MID0020,1802,2025/07/07
SDII008241,SID0015,MID0020,1802,2025/07/08
SDII008242,SID0015,MID0020,3020,2025/07/09
SDII008243,SID0015,MID0020,2922,2025/07/10
SDII008244,SID0015,MID0020,2816,2025/07/11
SDII008245,SID0015,MID0020,2717,2025/07/12
SDII008246,SID0015,MID0020,2717,2025/07/13
SDII008247,SID0015,MID0020,2717,2025/07/14
SDII008248,SID0015,MID0020,2717,2025/07/15
SDII008249,SID0015,MID0020,2473,2025/07/16
SDII008250,SID0015,MID0020,2434,2025/07/17
SDII008251,SID0015,MID0020,2383,2025/07/18
SDII008252,SID0015,MID0020,2329,2025/07/19
SDII008253,SID0015,MID0020,2329,2025/07/20
SDII008254,SID0015,MID0020,2329,2025/07/21
SDII008255,SID0015,MID0020,2329,2025/07/22
SDII008256,SID0015,MID0020,2329,2025/07/23
SDII008257,SID0015,MID0020,2329,2025/07/24
SDII008258,SID0015,MID0020,2060,2025/07/25
SDII008259,SID0015,MID0020,1951,2025/07/26
SDII008260,SID0015,MID0020,1951,2025/07/27
SDII008261,SID0015,MID0020,1951,2025/07/28
SDII008262,SID0015,MID0020,1951,2025/07/29
SDII008263,SID0015,MID0020,1951,2025/07/30
SDII008264,SID0015,MID0020,1915,2025/07/31
SDII008265,SID0015,MID0020,1622,2025/08/01
SDII008266,SID0015,MID0020,1622,2025/08/02
SDII008267,SID0015,MID0020,1622,2025/08/03
SDII008268,SID0015,MID0020,1622,2025/08/04
SDII008269,SID0015,MID0020,1622,2025/08/05
SDII008270,SID0015,MID0020,1440,2025/08/06
SDII008271,SID0015,MID0020,1261,2025/08/07
SDII008272,SID0015,MID0020,1256,2025/08/08
SDII008273,SID0015,MID0020,1256,2025/08/09
SDII008274,SID0015,MID0020,1256,2025/08/10
SDII008275,SID0015,MID0020,1256,2025/08/11
SDII008276,SID0015,MID0020,1256,2025/08/12
SDII008277,SID0015,MID0020,1256,2025/08/13
SDII008278,SID0015,MID0020,1138,2025/08/14
SDII008279,SID0015,MID0020,2874,2025/08/15
SDII008280,SID0015,MID0020,2785,2025/08/16
SDII008281,SID0015,MID0020,2785,2025/08/17
SDII008282,SID0015,MID0020,2785,2025/08/18
SDII008283,SID0015,MID0020,2785,2025/08/19
SDII008284,SID0015,MID0020,2785,2025/08/20
SDII008285,SID0015,MID0020,2709,2025/08/21
SDII008286,SID0015,MID0020,2525,2025/08/22
SDII008287,SID0015,MID0020,2389,2025/08/23
SDII008288,SID0015,MID0020,2389,2025/08/24
SDII008289,SID0015,MID0020,2389,2025/08/25
SDII008290,SID0015,MID0020,2313,2025/08/26
SDII008291,SID0015,MID0020,2225,2025/08/27
SDII008292,SID0015,MID0020,2124,2025/08/28
SDII008293,SID0015,MID0020,2082,2025/08/29
SDII008294,SID0015,MID0020,2020,2025/08/30
SDII008295,SID0015,MID0020,2020,2025/08/31
SDII008296,SID0015,MID0020,2020,2025/09/01
SDII008297,SID0015,MID0020,2020,2025/09/02
SDII008298,SID0015,MID0020,2020,2025/09/03
SDII008299,SID0015,MID0020,1805,2025/09/04
SDII008300,SID0015,MID0020,1574,2025/09/05
SDII008301,SID0015,MID0020,1574,2025/09/06
SDII008302,SID0015,MID0020,1574,2025/09/07
SDII008303,SID0015,MID0020,1574,2025/09/08
SDII008304,SID0015,MID0020,1574,2025/09/09
SDII008305,SID0015,MID0020,1521,2025/09/10
SDII008306,SID0015,MID0020,1098,2025/09/11
SDII008307,SID0015,MID0020,2977,2025/09/12
SDII008308,SID0015,MID0020,2977,2025/09/13
SDII008309,SID0015,MID0020,2977,2025/09/14
SDII008310,SID0015,MID0020,2977,2025/09/15
SDII008311,SID0015,MID0020,2933,2025/09/16
SDII008312,SID0015,MID0020,2836,2025/09/17
SDII008313,SID0015,MID0020,2727,2025/09/18
SDII008314,SID0015,MID0020,2675,2025/09/19
SDII008315,SID0015,MID0020,2543,2025/09/20
SDII008316,SID0015,MID0020,2543,2025/09/21
SDII008317,SID0015,MID0020,2543,2025/09/22
SDII008318,SID0015,MID0020,2387,2025/09/23
SDII008319,SID0015,MID0020,2336,2025/09/24
SDII008320,SID0015,MID0020,2291,2025/09/25
SDII008321,SID0015,MID0020,2140,2025/09/26
SDII008322,SID0015,MID0020,2140,2025/09/27
SDII008323,SID0015,MID0020,2140,2025/09/28
SDII008324,SID0015,MID0020,2140,2025/09/29
SDII008325,SID0015,MID0020,2039,2025/09/30
SDII008326,SID0015,MID0020,1938,2025/10/01
SDII008327,SID0015,MID0020,1888,2025/10/02
SDII008328,SID0015,MID0020,1790,2025/10/03
SDII008329,SID0015,MID0020,3636,2025/10/04
SDII008330,SID0015,MID0020,3636,2025/10/05
SDII008331,SID0015,MID0020,3636,2025/10/06
SDII008332,SID0015,MID0020,3636,2025/10/07
SDII008333,SID0015,MID0020,3604,2025/10/08
SDII008334,SID0015,MID0020,3409,2025/10/09
SDII008335,SID0015,MID0020,3225,2025/10/10
SDII008336,SID0015,MID0020,3175,2025/10/11
SDII008337,SID0015,MID0020,3175,2025/10/12
SDII008338,SID0015,MID0020,3175,2025/10/13
SDII008339,SID0015,MID0020,2971,2025/10/14
SDII008340,SID0015,MID0020,2821,2025/10/15
SDII008341,SID0015,MID0020,2794,2025/10/16
SDII008342,SID0015,MID0020,2734,2025/10/17
SDII008343,SID0015,MID0020,2734,2025/10/18
SDII008344,SID0015,MID0020,2734,2025/10/19
SDII008345,SID0015,MID0020,2734,2025/10/20
SDII008346,SID0015,MID0020,2734,2025/10/21
SDII008347,SID0015,MID0020,2734,2025/10/22
SDII008348,SID0015,MID0020,2537,2025/10/23
SDII008349,SID0015,MID0020,2281,2025/10/24
SDII008350,SID0015,MID0020,2281,2025/10/25
SDII008351,SID0015,MID0020,2281,2025/10/26
SDII008352,SID0015,MID0020,2281,2025/10/27
SDII008353,SID0015,MID0020,2095,2025/10/28
SDII008354,SID0015,MID0020,1863,2025/10/29
SDII008355,SID0015,MID0020,1824,2025/10/30
SDII008356,SID0015,MID0020,1785,2025/10/31
SDII008357,SID0015,MID0020,1785,2025/11/01
SDII008358,SID0015,MID0020,3664,2025/11/02
SDII008359,SID0015,MID0020,3664,2025/11/03
SDII008360,SID0015,MID0020,3600,2025/11/04
SDII008361,SID0015,MID0020,3587,2025/11/05
SDII008362,SID0015,MID0020,3504,2025/11/06
SDII008363,SID0015,MID0020,3312,2025/11/07
SDII008364,SID0015,MID0020,3176,2025/11/08
SDII008365,SID0015,MID0020,3176,2025/11/09
SDII008366,SID0015,MID0020,3176,2025/11/10
SDII008367,SID0015,MID0020,3149,2025/11/11
SDII008368,SID0015,MID0020,3032,2025/11/12
SDII008369,SID0015,MID0020,2866,2025/11/13
SDII008370,SID0015,MID0020,2755,2025/11/14
SDII008371,SID0015,MID0020,2736,2025/11/15
SDII008372,SID0015,MID0020,2736,2025/11/16
SDII008373,SID0015,MID0020,2736,2025/11/17
SDII008374,SID0015,MID0020,2736,2025/11/18
SDII008375,SID0015,MID0020,2613,2025/11/19
SDII008376,SID0015,MID0020,2302,2025/11/20
SDII008377,SID0015,MID0020,2302,2025/11/21
SDII008378,SID0015,MID0020,2302,2025/11/22
SDII008379,SID0015,MID0020,2302,2025/11/23
SDII008380,SID0015,MID0020,2302,2025/11/24
SDII008381,SID0015,MID0020,2302,2025/11/25
SDII008382,SID0015,MID0020,2195,2025/11/26
SDII008383,SID0015,MID0020,2037,2025/11/27
SDII008384,SID0015,MID0020,1824,2025/11/28
SDII008385,SID0015,MID0020,1815,2025/11/29
SDII008386,SID0015,MID0020,1815,2025/11/30
SDII008387,SID0015,MID0020,3525,2025/12/01
SDII008388,SID0015,MID0020,3525,2025/12/02
SDII008389,SID0015,MID0020,3474,2025/12/03
SDII008390,SID0015,MID0020,3370,2025/12/04
SDII008391,SID0015,MID0020,3181,2025/12/05
SDII008392,SID0015,MID0020,3114,2025/12/06
SDII008393,SID0015,MID0020,3114,2025/12/07
SDII008394,SID0015,MID0020,3114,2025/12/08
SDII008395,SID0015,MID0020,3114,2025/12/09
SDII008396,SID0015,MID0020,3114,2025/12/10
SDII008397,SID0015,MID0020,2852,2025/12/11
SDII008398,SID0015,MID0020,2717,2025/12/12
SDII008399,SID0015,MID0020,2705,2025/12/13
SDII008400,SID0015,MID0020,2705,2025/12/14
SDII008401,SID0015,MID0020,2705,2025/12/15
SDII008402,SID0015,MID0020,2705,2025/12/16
SDII008403,SID0015,MID0020,2705,2025/12/17
SDII008404,SID0015,MID0020,2640,2025/12/18
SDII008405,SID0015,MID0020,2238,2025/12/19
SDII008406,SID0015,MID0020,2191,2025/12/20
SDII008407,SID0015,MID0020,2191,2025/12/21
SDII008408,SID0015,MID0020,2191,2025/12/22
SDII008409,SID0015,MID0020,2191,2025/12/23
SDII008410,SID0015,MID0020,2062,2025/12/24
SDII008411,SID0015,MID0020,1902,2025/12/25
SDII008412,SID0015,MID0020,1800,2025/12/26
SDII008413,SID0015,MID0020,1698,2025/12/27
SDII008414,SID0015,MID0020,1698,2025/12/28
SDII008415,SID0015,MID0020,1698,2025/12/29
SDII008416,SID0015,MID0020,1449,2025/12/30
SDII008417,SID0015,MID0020,3295,2025/12/31
SDII008418,SID0015,MID0020,3295,2026/01/01
SDII008419,SID0015,MID0025,83,2025/01/01
SDII008420,SID0015,MID0025,83,2025/01/02
SDII008421,SID0015,MID0025,83,2025/01/03
SDII008422,SID0015,MID0025,83,2025/01/04
SDII008423,SID0015,MID0025,83,2025/01/05
SDII008424,SID0015,MID0025,83,2025/01/06
SDII008425,SID0015,MID0025,63,2025/01/07
SDII008426,SID0015,MID0025,31,2025/01/08
SDII008427,SID0015,MID0025,0,2025/01/09
SDII008428,SID0015,MID0025,0,2025/01/10
SDII008429,SID0015,MID0025,0,2025/01/11
SDII008430,SID0015,MID0025,0,2025/01/12
SDII008431,SID0015,MID0025,0,2025/01/13
SDII008432,SID0015,MID0025,0,2025/01/14
SDII008433,SID0015,MID0025,0,2025/01/15
SDII008434,SID0015,MID0025,0,2025/01/16
SDII008435,SID0015,MID0025,0,2025/01/17
SDII008436,SID0015,MID0025,291,2025/01/18
SDII008437,SID0015,MID0025,291,2025/01/19
SDII008438,SID0015,MID0025,291,2025/01/20
SDII008439,SID0015,MID0025,291,2025/01/21
SDII008440,SID0015,MID0025,291,2025/01/22
SDII008441,SID0015,MID0025,291,2025/01/23
SDII008442,SID0015,MID0025,291,2025/01/24
SDII008443,SID0015,MID0025,291,2025/01/25
SDII008444,SID0015,MID0025,291,2025/01/26
SDII008445,SID0015,MID0025,291,2025/01/27
SDII008446,SID0015,MID0025,291,2025/01/28
SDII008447,SID0015,MID0025,291,2025/01/29
SDII008448,SID0015,MID0025,205,2025/01/30
SDII008449,SID0015,MID0025,199,2025/01/31
SDII008450,SID0015,MID0025,199,2025/02/01
SDII008451,SID0015,MID0025,199,2025/02/02
SDII008452,SID0015,MID0025,199,2025/02/03
SDII008453,SID0015,MID0025,199,2025/02/04
SDII008454,SID0015,MID0025,199,2025/02/05
SDII008455,SID0015,MID0025,199,2025/02/06
SDII008456,SID0015,MID0025,345,2025/02/07
SDII008457,SID0015,MID0025,333,2025/02/08
SDII008458,SID0015,MID0025,333,2025/02/09
SDII008459,SID0015,MID0025,333,2025/02/10
SDII008460,SID0015,MID0025,317,2025/02/11
SDII008461,SID0015,MID0025,297,2025/02/12
SDII008462,SID0015,MID0025,277,2025/02/13
SDII008463,SID0015,MID0025,276,2025/02/14
SDII008464,SID0015,MID0025,276,2025/02/15
SDII008465,SID0015,MID0025,276,2025/02/16
SDII008466,SID0015,MID0025,276,2025/02/17
SDII008467,SID0015,MID0025,276,2025/02/18
SDII008468,SID0015,MID0025,276,2025/02/19
SDII008469,SID0015,MID0025,270,2025/02/20
SDII008470,SID0015,MID0025,249,2025/02/21
SDII008471,SID0015,MID0025,233,2025/02/22
SDII008472,SID0015,MID0025,233,2025/02/23
SDII008473,SID0015,MID0025,233,2025/02/24
SDII008474,SID0015,MID0025,208,2025/02/25
SDII008475,SID0015,MID0025,208,2025/02/26
SDII008476,SID0015,MID0025,208,2025/02/27
SDII008477,SID0015,MID0025,208,2025/02/28
SDII008478,SID0015,MID0025,208,2025/03/01
SDII008479,SID0015,MID0025,208,2025/03/02
SDII008480,SID0015,MID0025,208,2025/03/03
SDII008481,SID0015,MID0025,208,2025/03/04
SDII008482,SID0015,MID0025,208,2025/03/05
SDII008483,SID0015,MID0025,208,2025/03/06
SDII008484,SID0015,MID0025,208,2025/03/07
SDII008485,SID0015,MID0025,208,2025/03/08
SDII008486,SID0015,MID0025,208,2025/03/09
SDII008487,SID0015,MID0025,208,2025/03/10
SDII008488,SID0015,MID0025,187,2025/03/11
SDII008489,SID0015,MID0025,182,2025/03/12
SDII008490,SID0015,MID0025,161,2025/03/13
SDII008491,SID0015,MID0025,287,2025/03/14
SDII008492,SID0015,MID0025,287,2025/03/15
SDII008493,SID0015,MID0025,287,2025/03/16
SDII008494,SID0015,MID0025,287,2025/03/17
SDII008495,SID0015,MID0025,287,2025/03/18
SDII008496,SID0015,MID0025,287,2025/03/19
SDII008497,SID0015,MID0025,287,2025/03/20
SDII008498,SID0015,MID0025,287,2025/03/21
SDII008499,SID0015,MID0025,287,2025/03/22
SDII008500,SID0015,MID0025,287,2025/03/23
SDII008501,SID0015,MID0025,287,2025/03/24
SDII008502,SID0015,MID0025,269,2025/03/25
SDII008503,SID0015,MID0025,214,2025/03/26
SDII008504,SID0015,MID0025,214,2025/03/27
SDII008505,SID0015,MID0025,214,2025/03/28
SDII008506,SID0015,MID0025,214,2025/03/29
SDII008507,SID0015,MID0025,360,2025/03/30
SDII008508,SID0015,MID0025,360,2025/03/31
SDII008509,SID0015,MID0025,360,2025/04/01
SDII008510,SID0015,MID0025,360,2025/04/02
SDII008511,SID0015,MID0025,344,2025/04/03
SDII008512,SID0015,MID0025,332,2025/04/04
SDII008513,SID0015,MID0025,319,2025/04/05
SDII008514,SID0015,MID0025,319,2025/04/06
SDII008515,SID0015,MID0025,319,2025/04/07
SDII008516,SID0015,MID0025,270,2025/04/08
SDII008517,SID0015,MID0025,270,2025/04/09
SDII008518,SID0015,MID0025,270,2025/04/10
SDII008519,SID0015,MID0025,270,2025/04/11
SDII008520,SID0015,MID0025,270,2025/04/12
SDII008521,SID0015,MID0025,270,2025/04/13
SDII008522,SID0015,MID0025,270,2025/04/14
SDII008523,SID0015,MID0025,270,2025/04/15
SDII008524,SID0015,MID0025,270,2025/04/16
SDII008525,SID0015,MID0025,270,2025/04/17
SDII008526,SID0015,MID0025,270,2025/04/18
SDII008527,SID0015,MID0025,270,2025/04/19
SDII008528,SID0015,MID0025,270,2025/04/20
SDII008529,SID0015,MID0025,270,2025/04/21
SDII008530,SID0015,MID0025,270,2025/04/22
SDII008531,SID0015,MID0025,270,2025/04/23
SDII008532,SID0015,MID0025,246,2025/04/24
SDII008533,SID0015,MID0025,243,2025/04/25
SDII008534,SID0015,MID0025,228,2025/04/26
SDII008535,SID0015,MID0025,228,2025/04/27
SDII008536,SID0015,MID0025,228,2025/04/28
SDII008537,SID0015,MID0025,215,2025/04/29
SDII008538,SID0015,MID0025,193,2025/04/30
SDII008539,SID0015,MID0025,193,2025/05/01
SDII008540,SID0015,MID0025,193,2025/05/02
SDII008541,SID0015,MID0025,193,2025/05/03
SDII008542,SID0015,MID0025,193,2025/05/04
SDII008543,SID0015,MID0025,193,2025/05/05
SDII008544,SID0015,MID0025,193,2025/05/06
SDII008545,SID0015,MID0025,193,2025/05/07
SDII008546,SID0015,MID0025,180,2025/05/08
SDII008547,SID0015,MID0025,165,2025/05/09
SDII008548,SID0015,MID0025,138,2025/05/10
SDII008549,SID0015,MID0025,284,2025/05/11
SDII008550,SID0015,MID0025,284,2025/05/12
SDII008551,SID0015,MID0025,247,2025/05/13
SDII008552,SID0015,MID0025,247,2025/05/14
SDII008553,SID0015,MID0025,247,2025/05/15
SDII008554,SID0015,MID0025,247,2025/05/16
SDII008555,SID0015,MID0025,247,2025/05/17
SDII008556,SID0015,MID0025,247,2025/05/18
SDII008557,SID0015,MID0025,247,2025/05/19
SDII008558,SID0015,MID0025,247,2025/05/20
SDII008559,SID0015,MID0025,247,2025/05/21
SDII008560,SID0015,MID0025,230,2025/05/22
SDII008561,SID0015,MID0025,423,2025/05/23
SDII008562,SID0015,MID0025,395,2025/05/24
SDII008563,SID0015,MID0025,395,2025/05/25
SDII008564,SID0015,MID0025,395,2025/05/26
SDII008565,SID0015,MID0025,385,2025/05/27
SDII008566,SID0015,MID0025,385,2025/05/28
SDII008567,SID0015,MID0025,385,2025/05/29
SDII008568,SID0015,MID0025,385,2025/05/30
SDII008569,SID0015,MID0025,385,2025/05/31
SDII008570,SID0015,MID0025,385,2025/06/01
SDII008571,SID0015,MID0025,385,2025/06/02
SDII008572,SID0015,MID0025,374,2025/06/03
SDII008573,SID0015,MID0025,370,2025/06/04
SDII008574,SID0015,MID0025,367,2025/06/05
SDII008575,SID0015,MID0025,301,2025/06/06
SDII008576,SID0015,MID0025,301,2025/06/07
SDII008577,SID0015,MID0025,301,2025/06/08
SDII008578,SID0015,MID0025,301,2025/06/09
SDII008579,SID0015,MID0025,301,2025/06/10
SDII008580,SID0015,MID0025,301,2025/06/11
SDII008581,SID0015,MID0025,301,2025/06/12
SDII008582,SID0015,MID0025,301,2025/06/13
SDII008583,SID0015,MID0025,301,2025/06/14
SDII008584,SID0015,MID0025,301,2025/06/15
SDII008585,SID0015,MID0025,301,2025/06/16
SDII008586,SID0015,MID0025,285,2025/06/17
SDII008587,SID0015,MID0025,227,2025/06/18
SDII008588,SID0015,MID0025,219,2025/06/19
SDII008589,SID0015,MID0025,205,2025/06/20
SDII008590,SID0015,MID0025,205,2025/06/21
SDII008591,SID0015,MID0025,205,2025/06/22
SDII008592,SID0015,MID0025,205,2025/06/23
SDII008593,SID0015,MID0025,205,2025/06/24
SDII008594,SID0015,MID0025,205,2025/06/25
SDII008595,SID0015,MID0025,205,2025/06/26
SDII008596,SID0015,MID0025,205,2025/06/27
SDII008597,SID0015,MID0025,205,2025/06/28
SDII008598,SID0015,MID0025,205,2025/06/29
SDII008599,SID0015,MID0025,205,2025/06/30
SDII008600,SID0015,MID0025,205,2025/07/01
SDII008601,SID0015,MID0025,205,2025/07/02
SDII008602,SID0015,MID0025,205,2025/07/03
SDII008603,SID0015,MID0025,205,2025/07/04
SDII008604,SID0015,MID0025,205,2025/07/05
SDII008605,SID0015,MID0025,205,2025/07/06
SDII008606,SID0015,MID0025,351,2025/07/07
SDII008607,SID0015,MID0025,351,2025/07/08
SDII008608,SID0015,MID0025,351,2025/07/09
SDII008609,SID0015,MID0025,320,2025/07/10
SDII008610,SID0015,MID0025,298,2025/07/11
SDII008611,SID0015,MID0025,283,2025/07/12
SDII008612,SID0015,MID0025,283,2025/07/13
SDII008613,SID0015,MID0025,283,2025/07/14
SDII008614,SID0015,MID0025,243,2025/07/15
SDII008615,SID0015,MID0025,243,2025/07/16
SDII008616,SID0015,MID0025,243,2025/07/17
SDII008617,SID0015,MID0025,243,2025/07/18
SDII008618,SID0015,MID0025,243,2025/07/19
SDII008619,SID0015,MID0025,243,2025/07/20
SDII008620,SID0015,MID0025,243,2025/07/21
SDII008621,SID0015,MID0025,243,2025/07/22
SDII008622,SID0015,MID0025,200,2025/07/23
SDII008623,SID0015,MID0025,141,2025/07/24
SDII008624,SID0015,MID0025,136,2025/07/25
SDII008625,SID0015,MID0025,318,2025/07/26
SDII008626,SID0015,MID0025,318,2025/07/27
SDII008627,SID0015,MID0025,318,2025/07/28
SDII008628,SID0015,MID0025,318,2025/07/29
SDII008629,SID0015,MID0025,318,2025/07/30
SDII008630,SID0015,MID0025,318,2025/07/31
SDII008631,SID0015,MID0025,318,2025/08/01
SDII008632,SID0015,MID0025,318,2025/08/02
SDII008633,SID0015,MID0025,318,2025/08/03
SDII008634,SID0015,MID0025,318,2025/08/04
SDII008635,SID0015,MID0025,318,2025/08/05
SDII008636,SID0015,MID0025,292,2025/08/06
SDII008637,SID0015,MID0025,265,2025/08/07
SDII008638,SID0015,MID0025,257,2025/08/08
SDII008639,SID0015,MID0025,218,2025/08/09
SDII008640,SID0015,MID0025,218,2025/08/10
SDII008641,SID0015,MID0025,218,2025/08/11
SDII008642,SID0015,MID0025,218,2025/08/12
SDII008643,SID0015,MID0025,218,2025/08/13
SDII008644,SID0015,MID0025,218,2025/08/14
SDII008645,SID0015,MID0025,218,2025/08/15
SDII008646,SID0015,MID0025,218,2025/08/16
SDII008647,SID0015,MID0025,218,2025/08/17
SDII008648,SID0015,MID0025,218,2025/08/18
SDII008649,SID0015,MID0025,218,2025/08/19
SDII008650,SID0015,MID0025,218,2025/08/20
SDII008651,SID0015,MID0025,218,2025/08/21
SDII008652,SID0015,MID0025,218,2025/08/22
SDII008653,SID0015,MID0025,218,2025/08/23
SDII008654,SID0015,MID0025,218,2025/08/24
SDII008655,SID0015,MID0025,218,2025/08/25
SDII008656,SID0015,MID0025,364,2025/08/26
SDII008657,SID0015,MID0025,364,2025/08/27
SDII008658,SID0015,MID0025,364,2025/08/28
SDII008659,SID0015,MID0025,286,2025/08/29
SDII008660,SID0015,MID0025,265,2025/08/30
SDII008661,SID0015,MID0025,265,2025/08/31
SDII008662,SID0015,MID0025,265,2025/09/01
SDII008663,SID0015,MID0025,265,2025/09/02
SDII008664,SID0015,MID0025,265,2025/09/03
SDII008665,SID0015,MID0025,265,2025/09/04
SDII008666,SID0015,MID0025,228,2025/09/05
SDII008667,SID0015,MID0025,210,2025/09/06
SDII008668,SID0015,MID0025,210,2025/09/07
SDII008669,SID0015,MID0025,210,2025/09/08
SDII008670,SID0015,MID0025,161,2025/09/09
SDII008671,SID0015,MID0025,161,2025/09/10
SDII008672,SID0015,MID0025,161,2025/09/11
SDII008673,SID0015,MID0025,161,2025/09/12
SDII008674,SID0015,MID0025,343,2025/09/13
SDII008675,SID0015,MID0025,343,2025/09/14
SDII008676,SID0015,MID0025,343,2025/09/15
SDII008677,SID0015,MID0025,343,2025/09/16
SDII008678,SID0015,MID0025,343,2025/09/17
SDII008679,SID0015,MID0025,343,2025/09/18
SDII008680,SID0015,MID0025,343,2025/09/19
SDII008681,SID0015,MID0025,343,2025/09/20
SDII008682,SID0015,MID0025,343,2025/09/21
SDII008683,SID0015,MID0025,343,2025/09/22
SDII008684,SID0015,MID0025,343,2025/09/23
SDII008685,SID0015,MID0025,343,2025/09/24
SDII008686,SID0015,MID0025,343,2025/09/25
SDII008687,SID0015,MID0025,291,2025/09/26
SDII008688,SID0015,MID0025,230,2025/09/27
SDII008689,SID0015,MID0025,230,2025/09/28
SDII008690,SID0015,MID0025,230,2025/09/29
SDII008691,SID0015,MID0025,230,2025/09/30
SDII008692,SID0015,MID0025,230,2025/10/01
SDII008693,SID0015,MID0025,230,2025/10/02
SDII008694,SID0015,MID0025,230,2025/10/03
SDII008695,SID0015,MID0025,230,2025/10/04
SDII008696,SID0015,MID0025,230,2025/10/05
SDII008697,SID0015,MID0025,230,2025/10/06
SDII008698,SID0015,MID0025,230,2025/10/07
SDII008699,SID0015,MID0025,230,2025/10/08
SDII008700,SID0015,MID0025,230,2025/10/09
SDII008701,SID0015,MID0025,230,2025/10/10
SDII008702,SID0015,MID0025,200,2025/10/11
SDII008703,SID0015,MID0025,200,2025/10/12
SDII008704,SID0015,MID0025,455,2025/10/13
SDII008705,SID0015,MID0025,415,2025/10/14
SDII008706,SID0015,MID0025,368,2025/10/15
SDII008707,SID0015,MID0025,368,2025/10/16
SDII008708,SID0015,MID0025,368,2025/10/17
SDII008709,SID0015,MID0025,368,2025/10/18
SDII008710,SID0015,MID0025,368,2025/10/19
SDII008711,SID0015,MID0025,368,2025/10/20
SDII008712,SID0015,MID0025,361,2025/10/21
SDII008713,SID0015,MID0025,316,2025/10/22
SDII008714,SID0015,MID0025,306,2025/10/23
SDII008715,SID0015,MID0025,288,2025/10/24
SDII008716,SID0015,MID0025,240,2025/10/25
SDII008717,SID0015,MID0025,240,2025/10/26
SDII008718,SID0015,MID0025,240,2025/10/27
SDII008719,SID0015,MID0025,240,2025/10/28
SDII008720,SID0015,MID0025,443,2025/10/29
SDII008721,SID0015,MID0025,443,2025/10/30
SDII008722,SID0015,MID0025,443,2025/10/31
SDII008723,SID0015,MID0025,443,2025/11/01
SDII008724,SID0015,MID0025,443,2025/11/02
SDII008725,SID0015,MID0025,443,2025/11/03
SDII008726,SID0015,MID0025,443,2025/11/04
SDII008727,SID0015,MID0025,443,2025/11/05
SDII008728,SID0015,MID0025,389,2025/11/06
SDII008729,SID0015,MID0025,382,2025/11/07
SDII008730,SID0015,MID0025,350,2025/11/08
SDII008731,SID0015,MID0025,350,2025/11/09
SDII008732,SID0015,MID0025,350,2025/11/10
SDII008733,SID0015,MID0025,350,2025/11/11
SDII008734,SID0015,MID0025,350,2025/11/12
SDII008735,SID0015,MID0025,350,2025/11/13
SDII008736,SID0015,MID0025,350,2025/11/14
SDII008737,SID0015,MID0025,350,2025/11/15
SDII008738,SID0015,MID0025,350,2025/11/16
SDII008739,SID0015,MID0025,350,2025/11/17
SDII008740,SID0015,MID0025,350,2025/11/18
SDII008741,SID0015,MID0025,350,2025/11/19
SDII008742,SID0015,MID0025,350,2025/11/20
SDII008743,SID0015,MID0025,569,2025/11/21
SDII008744,SID0015,MID0025,532,2025/11/22
SDII008745,SID0015,MID0025,532,2025/11/23
SDII008746,SID0015,MID0025,532,2025/11/24
SDII008747,SID0015,MID0025,513,2025/11/25
SDII008748,SID0015,MID0025,472,2025/11/26
SDII008749,SID0015,MID0025,472,2025/11/27
SDII008750,SID0015,MID0025,472,2025/11/28
SDII008751,SID0015,MID0025,472,2025/11/29
SDII008752,SID0015,MID0025,472,2025/11/30
SDII008753,SID0015,MID0025,472,2025/12/01
SDII008754,SID0015,MID0025,472,2025/12/02
SDII008755,SID0015,MID0025,472,2025/12/03
SDII008756,SID0015,MID0025,450,2025/12/04
SDII008757,SID0015,MID0025,379,2025/12/05
SDII008758,SID0015,MID0025,379,2025/12/06
SDII008759,SID0015,MID0025,379,2025/12/07
SDII008760,SID0015,MID0025,379,2025/12/08
SDII008761,SID0015,MID0025,379,2025/12/09
SDII008762,SID0015,MID0025,379,2025/12/10
SDII008763,SID0015,MID0025,379,2025/12/11
SDII008764,SID0015,MID0025,379,2025/12/12
SDII008765,SID0015,MID0025,379,2025/12/13
SDII008766,SID0015,MID0025,379,2025/12/14
SDII008767,SID0015,MID0025,379,2025/12/15
SDII008768,SID0015,MID0025,379,2025/12/16
SDII008769,SID0015,MID0025,344,2025/12/17
SDII008770,SID0015,MID0025,297,2025/12/18
SDII008771,SID0015,MID0025,256,2025/12/19
SDII008772,SID0015,MID0025,256,2025/12/20
SDII008773,SID0015,MID0025,256,2025/12/21
SDII008774,SID0015,MID0025,256,2025/12/22
SDII008775,SID0015,MID0025,256,2025/12/23
SDII008776,SID0015,MID0025,256,2025/12/24
SDII008777,SID0015,MID0025,256,2025/12/25
SDII008778,SID0015,MID0025,256,2025/12/26
SDII008779,SID0015,MID0025,256,2025/12/27
SDII008780,SID0015,MID0025,256,2025/12/28
SDII008781,SID0015,MID0025,256,2025/12/29
SDII008782,SID0015,MID0025,256,2025/12/30
SDII008783,SID0015,MID0025,256,2025/12/31
SDII008784,SID0015,MID0025,256,2026/01/01
SDII008785,SID0017,MID0001,75,2025/01/01
SDII008786,SID0017,MID0001,75,2025/01/02
SDII008787,SID0017,MID0001,75,2025/01/03
SDII008788,SID0017,MID0001,75,2025/01/04
SDII008789,SID0017,MID0001,75,2025/01/05
SDII008790,SID0017,MID0001,75,2025/01/06
SDII008791,SID0017,MID0001,75,2025/01/07
SDII008792,SID0017,MID0001,75,2025/01/08
SDII008793,SID0017,MID0001,75,2025/01/09
SDII008794,SID0017,MID0001,62,2025/01/10
SDII008795,SID0017,MID0001,47,2025/01/11
SDII008796,SID0017,MID0001,47,2025/01/12
SDII008797,SID0017,MID0001,47,2025/01/13
SDII008798,SID0017,MID0001,24,2025/01/14
SDII008799,SID0017,MID0001,13,2025/01/15
SDII008800,SID0017,MID0001,0,2025/01/16
SDII008801,SID0017,MID0001,0,2025/01/17
SDII008802,SID0017,MID0001,0,2025/01/18
SDII008803,SID0017,MID0001,0,2025/01/19
SDII008804,SID0017,MID0001,228,2025/01/20
SDII008805,SID0017,MID0001,228,2025/01/21
SDII008806,SID0017,MID0001,228,2025/01/22
SDII008807,SID0017,MID0001,228,2025/01/23
SDII008808,SID0017,MID0001,228,2025/01/24
SDII008809,SID0017,MID0001,228,2025/01/25
SDII008810,SID0017,MID0001,228,2025/01/26
SDII008811,SID0017,MID0001,228,2025/01/27
SDII008812,SID0017,MID0001,228,2025/01/28
SDII008813,SID0017,MID0001,214,2025/01/29
SDII008814,SID0017,MID0001,202,2025/01/30
SDII008815,SID0017,MID0001,180,2025/01/31
SDII008816,SID0017,MID0001,147,2025/02/01
SDII008817,SID0017,MID0001,147,2025/02/02
SDII008818,SID0017,MID0001,147,2025/02/03
SDII008819,SID0017,MID0001,147,2025/02/04
SDII008820,SID0017,MID0001,147,2025/02/05
SDII008821,SID0017,MID0001,147,2025/02/06
SDII008822,SID0017,MID0001,147,2025/02/07
SDII008823,SID0017,MID0001,147,2025/02/08
SDII008824,SID0017,MID0001,147,2025/02/09
SDII008825,SID0017,MID0001,147,2025/02/10
SDII008826,SID0017,MID0001,329,2025/02/11
SDII008827,SID0017,MID0001,299,2025/02/12
SDII008828,SID0017,MID0001,272,2025/02/13
SDII008829,SID0017,MID0001,262,2025/02/14
SDII008830,SID0017,MID0001,262,2025/02/15
SDII008831,SID0017,MID0001,262,2025/02/16
SDII008832,SID0017,MID0001,262,2025/02/17
SDII008833,SID0017,MID0001,262,2025/02/18
SDII008834,SID0017,MID0001,262,2025/02/19
SDII008835,SID0017,MID0001,248,2025/02/20
SDII008836,SID0017,MID0001,238,2025/02/21
SDII008837,SID0017,MID0001,220,2025/02/22
SDII008838,SID0017,MID0001,220,2025/02/23
SDII008839,SID0017,MID0001,220,2025/02/24
SDII008840,SID0017,MID0001,192,2025/02/25
SDII008841,SID0017,MID0001,187,2025/02/26
SDII008842,SID0017,MID0001,187,2025/02/27
SDII008843,SID0017,MID0001,187,2025/02/28
SDII008844,SID0017,MID0001,187,2025/03/01
SDII008845,SID0017,MID0001,187,2025/03/02
SDII008846,SID0017,MID0001,187,2025/03/03
SDII008847,SID0017,MID0001,187,2025/03/04
SDII008848,SID0017,MID0001,140,2025/03/05
SDII008849,SID0017,MID0001,126,2025/03/06
SDII008850,SID0017,MID0001,126,2025/03/07
SDII008851,SID0017,MID0001,126,2025/03/08
SDII008852,SID0017,MID0001,126,2025/03/09
SDII008853,SID0017,MID0001,126,2025/03/10
SDII008854,SID0017,MID0001,126,2025/03/11
SDII008855,SID0017,MID0001,126,2025/03/12
SDII008856,SID0017,MID0001,126,2025/03/13
SDII008857,SID0017,MID0001,126,2025/03/14
SDII008858,SID0017,MID0001,263,2025/03/15
SDII008859,SID0017,MID0001,263,2025/03/16
SDII008860,SID0017,MID0001,263,2025/03/17
SDII008861,SID0017,MID0001,263,2025/03/18
SDII008862,SID0017,MID0001,263,2025/03/19
SDII008863,SID0017,MID0001,263,2025/03/20
SDII008864,SID0017,MID0001,263,2025/03/21
SDII008865,SID0017,MID0001,263,2025/03/22
SDII008866,SID0017,MID0001,263,2025/03/23
SDII008867,SID0017,MID0001,263,2025/03/24
SDII008868,SID0017,MID0001,262,2025/03/25
SDII008869,SID0017,MID0001,204,2025/03/26
SDII008870,SID0017,MID0001,202,2025/03/27
SDII008871,SID0017,MID0001,182,2025/03/28
SDII008872,SID0017,MID0001,182,2025/03/29
SDII008873,SID0017,MID0001,182,2025/03/30
SDII008874,SID0017,MID0001,182,2025/03/31
SDII008875,SID0017,MID0001,182,2025/04/01
SDII008876,SID0017,MID0001,182,2025/04/02
SDII008877,SID0017,MID0001,182,2025/04/03
SDII008878,SID0017,MID0001,182,2025/04/04
SDII008879,SID0017,MID0001,158,2025/04/05
SDII008880,SID0017,MID0001,158,2025/04/06
SDII008881,SID0017,MID0001,158,2025/04/07
SDII008882,SID0017,MID0001,142,2025/04/08
SDII008883,SID0017,MID0001,130,2025/04/09
SDII008884,SID0017,MID0001,108,2025/04/10
SDII008885,SID0017,MID0001,108,2025/04/11
SDII008886,SID0017,MID0001,245,2025/04/12
SDII008887,SID0017,MID0001,245,2025/04/13
SDII008888,SID0017,MID0001,245,2025/04/14
SDII008889,SID0017,MID0001,245,2025/04/15
SDII008890,SID0017,MID0001,245,2025/04/16
SDII008891,SID0017,MID0001,245,2025/04/17
SDII008892,SID0017,MID0001,245,2025/04/18
SDII008893,SID0017,MID0001,245,2025/04/19
SDII008894,SID0017,MID0001,245,2025/04/20
SDII008895,SID0017,MID0001,245,2025/04/21
SDII008896,SID0017,MID0001,245,2025/04/22
SDII008897,SID0017,MID0001,245,2025/04/23
SDII008898,SID0017,MID0001,245,2025/04/24
SDII008899,SID0017,MID0001,245,2025/04/25
SDII008900,SID0017,MID0001,245,2025/04/26
SDII008901,SID0017,MID0001,245,2025/04/27
SDII008902,SID0017,MID0001,245,2025/04/28
SDII008903,SID0017,MID0001,245,2025/04/29
SDII008904,SID0017,MID0001,206,2025/04/30
SDII008905,SID0017,MID0001,175,2025/05/01
SDII008906,SID0017,MID0001,175,2025/05/02
SDII008907,SID0017,MID0001,175,2025/05/03
SDII008908,SID0017,MID0001,175,2025/05/04
SDII008909,SID0017,MID0001,175,2025/05/05
SDII008910,SID0017,MID0001,142,2025/05/06
SDII008911,SID0017,MID0001,109,2025/05/07
SDII008912,SID0017,MID0001,109,2025/05/08
SDII008913,SID0017,MID0001,109,2025/05/09
SDII008914,SID0017,MID0001,109,2025/05/10
SDII008915,SID0017,MID0001,109,2025/05/11
SDII008916,SID0017,MID0001,109,2025/05/12
SDII008917,SID0017,MID0001,109,2025/05/13
SDII008918,SID0017,MID0001,246,2025/05/14
SDII008919,SID0017,MID0001,246,2025/05/15
SDII008920,SID0017,MID0001,246,2025/05/16
SDII008921,SID0017,MID0001,246,2025/05/17
SDII008922,SID0017,MID0001,246,2025/05/18
SDII008923,SID0017,MID0001,246,2025/05/19
SDII008924,SID0017,MID0001,246,2025/05/20
SDII008925,SID0017,MID0001,246,2025/05/21
SDII008926,SID0017,MID0001,246,2025/05/22
SDII008927,SID0017,MID0001,246,2025/05/23
SDII008928,SID0017,MID0001,246,2025/05/24
SDII008929,SID0017,MID0001,246,2025/05/25
SDII008930,SID0017,MID0001,246,2025/05/26
SDII008931,SID0017,MID0001,225,2025/05/27
SDII008932,SID0017,MID0001,180,2025/05/28
SDII008933,SID0017,MID0001,180,2025/05/29
SDII008934,SID0017,MID0001,180,2025/05/30
SDII008935,SID0017,MID0001,180,2025/05/31
SDII008936,SID0017,MID0001,180,2025/06/01
SDII008937,SID0017,MID0001,180,2025/06/02
SDII008938,SID0017,MID0001,180,2025/06/03
SDII008939,SID0017,MID0001,140,2025/06/04
SDII008940,SID0017,MID0001,137,2025/06/05
SDII008941,SID0017,MID0001,126,2025/06/06
SDII008942,SID0017,MID0001,124,2025/06/07
SDII008943,SID0017,MID0001,124,2025/06/08
SDII008944,SID0017,MID0001,124,2025/06/09
SDII008945,SID0017,MID0001,124,2025/06/10
SDII008946,SID0017,MID0001,124,2025/06/11
SDII008947,SID0017,MID0001,124,2025/06/12
SDII008948,SID0017,MID0001,124,2025/06/13
SDII008949,SID0017,MID0001,124,2025/06/14
SDII008950,SID0017,MID0001,261,2025/06/15
SDII008951,SID0017,MID0001,261,2025/06/16
SDII008952,SID0017,MID0001,261,2025/06/17
SDII008953,SID0017,MID0001,261,2025/06/18
SDII008954,SID0017,MID0001,261,2025/06/19
SDII008955,SID0017,MID0001,261,2025/06/20
SDII008956,SID0017,MID0001,261,2025/06/21
SDII008957,SID0017,MID0001,261,2025/06/22
SDII008958,SID0017,MID0001,261,2025/06/23
SDII008959,SID0017,MID0001,248,2025/06/24
SDII008960,SID0017,MID0001,229,2025/06/25
SDII008961,SID0017,MID0001,200,2025/06/26
SDII008962,SID0017,MID0001,200,2025/06/27
SDII008963,SID0017,MID0001,200,2025/06/28
SDII008964,SID0017,MID0001,200,2025/06/29
SDII008965,SID0017,MID0001,200,2025/06/30
SDII008966,SID0017,MID0001,200,2025/07/01
SDII008967,SID0017,MID0001,200,2025/07/02
SDII008968,SID0017,MID0001,200,2025/07/03
SDII008969,SID0017,MID0001,196,2025/07/04
SDII008970,SID0017,MID0001,165,2025/07/05
SDII008971,SID0017,MID0001,165,2025/07/06
SDII008972,SID0017,MID0001,165,2025/07/07
SDII008973,SID0017,MID0001,138,2025/07/08
SDII008974,SID0017,MID0001,138,2025/07/09
SDII008975,SID0017,MID0001,138,2025/07/10
SDII008976,SID0017,MID0001,138,2025/07/11
SDII008977,SID0017,MID0001,138,2025/07/12
SDII008978,SID0017,MID0001,138,2025/07/13
SDII008979,SID0017,MID0001,138,2025/07/14
SDII008980,SID0017,MID0001,138,2025/07/15
SDII008981,SID0017,MID0001,138,2025/07/16
SDII008982,SID0017,MID0001,138,2025/07/17
SDII008983,SID0017,MID0001,138,2025/07/18
SDII008984,SID0017,MID0001,138,2025/07/19
SDII008985,SID0017,MID0001,138,2025/07/20
SDII008986,SID0017,MID0001,138,2025/07/21
SDII008987,SID0017,MID0001,138,2025/07/22
SDII008988,SID0017,MID0001,138,2025/07/23
SDII008989,SID0017,MID0001,269,2025/07/24
SDII008990,SID0017,MID0001,251,2025/07/25
SDII008991,SID0017,MID0001,243,2025/07/26
SDII008992,SID0017,MID0001,243,2025/07/27
SDII008993,SID0017,MID0001,243,2025/07/28
SDII008994,SID0017,MID0001,227,2025/07/29
SDII008995,SID0017,MID0001,208,2025/07/30
SDII008996,SID0017,MID0001,208,2025/07/31
SDII008997,SID0017,MID0001,208,2025/08/01
SDII008998,SID0017,MID0001,208,2025/08/02
SDII008999,SID0017,MID0001,208,2025/08/03
SDII009000,SID0017,MID0001,208,2025/08/04
SDII009001,SID0017,MID0001,208,2025/08/05
SDII009002,SID0017,MID0001,208,2025/08/06
SDII009003,SID0017,MID0001,199,2025/08/07
SDII009004,SID0017,MID0001,187,2025/08/08
SDII009005,SID0017,MID0001,154,2025/08/09
SDII009006,SID0017,MID0001,154,2025/08/10
SDII009007,SID0017,MID0001,154,2025/08/11
SDII009008,SID0017,MID0001,150,2025/08/12
SDII009009,SID0017,MID0001,143,2025/08/13
SDII009010,SID0017,MID0001,143,2025/08/14
SDII009011,SID0017,MID0001,143,2025/08/15
SDII009012,SID0017,MID0001,265,2025/08/16
SDII009013,SID0017,MID0001,265,2025/08/17
SDII009014,SID0017,MID0001,265,2025/08/18
SDII009015,SID0017,MID0001,265,2025/08/19
SDII009016,SID0017,MID0001,265,2025/08/20
SDII009017,SID0017,MID0001,265,2025/08/21
SDII009018,SID0017,MID0001,265,2025/08/22
SDII009019,SID0017,MID0001,239,2025/08/23
SDII009020,SID0017,MID0001,239,2025/08/24
SDII009021,SID0017,MID0001,239,2025/08/25
SDII009022,SID0017,MID0001,232,2025/08/26
SDII009023,SID0017,MID0001,209,2025/08/27
SDII009024,SID0017,MID0001,209,2025/08/28
SDII009025,SID0017,MID0001,209,2025/08/29
SDII009026,SID0017,MID0001,209,2025/08/30
SDII009027,SID0017,MID0001,209,2025/08/31
SDII009028,SID0017,MID0001,209,2025/09/01
SDII009029,SID0017,MID0001,207,2025/09/02
SDII009030,SID0017,MID0001,190,2025/09/03
SDII009031,SID0017,MID0001,186,2025/09/04
SDII009032,SID0017,MID0001,167,2025/09/05
SDII009033,SID0017,MID0001,151,2025/09/06
SDII009034,SID0017,MID0001,151,2025/09/07
SDII009035,SID0017,MID0001,151,2025/09/08
SDII009036,SID0017,MID0001,288,2025/09/09
SDII009037,SID0017,MID0001,288,2025/09/10
SDII009038,SID0017,MID0001,288,2025/09/11
SDII009039,SID0017,MID0001,288,2025/09/12
SDII009040,SID0017,MID0001,288,2025/09/13
SDII009041,SID0017,MID0001,288,2025/09/14
SDII009042,SID0017,MID0001,288,2025/09/15
SDII009043,SID0017,MID0001,288,2025/09/16
SDII009044,SID0017,MID0001,288,2025/09/17
SDII009045,SID0017,MID0001,285,2025/09/18
SDII009046,SID0017,MID0001,247,2025/09/19
SDII009047,SID0017,MID0001,221,2025/09/20
SDII009048,SID0017,MID0001,221,2025/09/21
SDII009049,SID0017,MID0001,221,2025/09/22
SDII009050,SID0017,MID0001,221,2025/09/23
SDII009051,SID0017,MID0001,221,2025/09/24
SDII009052,SID0017,MID0001,221,2025/09/25
SDII009053,SID0017,MID0001,221,2025/09/26
SDII009054,SID0017,MID0001,221,2025/09/27
SDII009055,SID0017,MID0001,221,2025/09/28
SDII009056,SID0017,MID0001,221,2025/09/29
SDII009057,SID0017,MID0001,221,2025/09/30
SDII009058,SID0017,MID0001,221,2025/10/01
SDII009059,SID0017,MID0001,221,2025/10/02
SDII009060,SID0017,MID0001,221,2025/10/03
SDII009061,SID0017,MID0001,221,2025/10/04
SDII009062,SID0017,MID0001,221,2025/10/05
SDII009063,SID0017,MID0001,221,2025/10/06
SDII009064,SID0017,MID0001,221,2025/10/07
SDII009065,SID0017,MID0001,204,2025/10/08
SDII009066,SID0017,MID0001,154,2025/10/09
SDII009067,SID0017,MID0001,154,2025/10/10
SDII009068,SID0017,MID0001,154,2025/10/11
SDII009069,SID0017,MID0001,154,2025/10/12
SDII009070,SID0017,MID0001,154,2025/10/13
SDII009071,SID0017,MID0001,154,2025/10/14
SDII009072,SID0017,MID0001,154,2025/10/15
SDII009073,SID0017,MID0001,154,2025/10/16
SDII009074,SID0017,MID0001,154,2025/10/17
SDII009075,SID0017,MID0001,133,2025/10/18
SDII009076,SID0017,MID0001,133,2025/10/19
SDII009077,SID0017,MID0001,133,2025/10/20
SDII009078,SID0017,MID0001,89,2025/10/21
SDII009079,SID0017,MID0001,72,2025/10/22
SDII009080,SID0017,MID0001,254,2025/10/23
SDII009081,SID0017,MID0001,254,2025/10/24
SDII009082,SID0017,MID0001,254,2025/10/25
SDII009083,SID0017,MID0001,254,2025/10/26
SDII009084,SID0017,MID0001,254,2025/10/27
SDII009085,SID0017,MID0001,254,2025/10/28
SDII009086,SID0017,MID0001,254,2025/10/29
SDII009087,SID0017,MID0001,254,2025/10/30
SDII009088,SID0017,MID0001,254,2025/10/31
SDII009089,SID0017,MID0001,254,2025/11/01
SDII009090,SID0017,MID0001,254,2025/11/02
SDII009091,SID0017,MID0001,254,2025/11/03
SDII009092,SID0017,MID0001,254,2025/11/04
SDII009093,SID0017,MID0001,254,2025/11/05
SDII009094,SID0017,MID0001,217,2025/11/06
SDII009095,SID0017,MID0001,177,2025/11/07
SDII009096,SID0017,MID0001,177,2025/11/08
SDII009097,SID0017,MID0001,177,2025/11/09
SDII009098,SID0017,MID0001,177,2025/11/10
SDII009099,SID0017,MID0001,177,2025/11/11
SDII009100,SID0017,MID0001,177,2025/11/12
SDII009101,SID0017,MID0001,177,2025/11/13
SDII009102,SID0017,MID0001,177,2025/11/14
SDII009103,SID0017,MID0001,177,2025/11/15
SDII009104,SID0017,MID0001,177,2025/11/16
SDII009105,SID0017,MID0001,177,2025/11/17
SDII009106,SID0017,MID0001,177,2025/11/18
SDII009107,SID0017,MID0001,177,2025/11/19
SDII009108,SID0017,MID0001,177,2025/11/20
SDII009109,SID0017,MID0001,177,2025/11/21
SDII009110,SID0017,MID0001,126,2025/11/22
SDII009111,SID0017,MID0001,126,2025/11/23
SDII009112,SID0017,MID0001,126,2025/11/24
SDII009113,SID0017,MID0001,107,2025/11/25
SDII009114,SID0017,MID0001,105,2025/11/26
SDII009115,SID0017,MID0001,105,2025/11/27
SDII009116,SID0017,MID0001,105,2025/11/28
SDII009117,SID0017,MID0001,105,2025/11/29
SDII009118,SID0017,MID0001,105,2025/11/30
SDII009119,SID0017,MID0001,190,2025/12/01
SDII009120,SID0017,MID0001,190,2025/12/02
SDII009121,SID0017,MID0001,190,2025/12/03
SDII009122,SID0017,MID0001,190,2025/12/04
SDII009123,SID0017,MID0001,190,2025/12/05
SDII009124,SID0017,MID0001,190,2025/12/06
SDII009125,SID0017,MID0001,190,2025/12/07
SDII009126,SID0017,MID0001,190,2025/12/08
SDII009127,SID0017,MID0001,190,2025/12/09
SDII009128,SID0017,MID0001,190,2025/12/10
SDII009129,SID0017,MID0001,158,2025/12/11
SDII009130,SID0017,MID0001,135,2025/12/12
SDII009131,SID0017,MID0001,242,2025/12/13
SDII009132,SID0017,MID0001,242,2025/12/14
SDII009133,SID0017,MID0001,242,2025/12/15
SDII009134,SID0017,MID0001,242,2025/12/16
SDII009135,SID0017,MID0001,242,2025/12/17
SDII009136,SID0017,MID0001,242,2025/12/18
SDII009137,SID0017,MID0001,242,2025/12/19
SDII009138,SID0017,MID0001,242,2025/12/20
SDII009139,SID0017,MID0001,242,2025/12/21
SDII009140,SID0017,MID0001,242,2025/12/22
SDII009141,SID0017,MID0001,242,2025/12/23
SDII009142,SID0017,MID0001,242,2025/12/24
SDII009143,SID0017,MID0001,242,2025/12/25
SDII009144,SID0017,MID0001,200,2025/12/26
SDII009145,SID0017,MID0001,189,2025/12/27
SDII009146,SID0017,MID0001,189,2025/12/28
SDII009147,SID0017,MID0001,417,2025/12/29
SDII009148,SID0017,MID0001,372,2025/12/30
SDII009149,SID0017,MID0001,372,2025/12/31
SDII009150,SID0017,MID0001,372,2026/01/01
SDII009151,SID0017,MID0004,95,2025/01/01
SDII009152,SID0017,MID0004,95,2025/01/02
SDII009153,SID0017,MID0004,95,2025/01/03
SDII009154,SID0017,MID0004,95,2025/01/04
SDII009155,SID0017,MID0004,95,2025/01/05
SDII009156,SID0017,MID0004,95,2025/01/06
SDII009157,SID0017,MID0004,95,2025/01/07
SDII009158,SID0017,MID0004,95,2025/01/08
SDII009159,SID0017,MID0004,95,2025/01/09
SDII009160,SID0017,MID0004,95,2025/01/10
SDII009161,SID0017,MID0004,63,2025/01/11
SDII009162,SID0017,MID0004,63,2025/01/12
SDII009163,SID0017,MID0004,63,2025/01/13
SDII009164,SID0017,MID0004,28,2025/01/14
SDII009165,SID0017,MID0004,20,2025/01/15
SDII009166,SID0017,MID0004,0,2025/01/16
SDII009167,SID0017,MID0004,0,2025/01/17
SDII009168,SID0017,MID0004,0,2025/01/18
SDII009169,SID0017,MID0004,0,2025/01/19
SDII009170,SID0017,MID0004,485,2025/01/20
SDII009171,SID0017,MID0004,485,2025/01/21
SDII009172,SID0017,MID0004,485,2025/01/22
SDII009173,SID0017,MID0004,485,2025/01/23
SDII009174,SID0017,MID0004,485,2025/01/24
SDII009175,SID0017,MID0004,485,2025/01/25
SDII009176,SID0017,MID0004,485,2025/01/26
SDII009177,SID0017,MID0004,485,2025/01/27
SDII009178,SID0017,MID0004,415,2025/01/28
SDII009179,SID0017,MID0004,367,2025/01/29
SDII009180,SID0017,MID0004,367,2025/01/30
SDII009181,SID0017,MID0004,367,2025/01/31
SDII009182,SID0017,MID0004,367,2025/02/01
SDII009183,SID0017,MID0004,367,2025/02/02
SDII009184,SID0017,MID0004,367,2025/02/03
SDII009185,SID0017,MID0004,367,2025/02/04
SDII009186,SID0017,MID0004,340,2025/02/05
SDII009187,SID0017,MID0004,318,2025/02/06
SDII009188,SID0017,MID0004,283,2025/02/07
SDII009189,SID0017,MID0004,283,2025/02/08
SDII009190,SID0017,MID0004,283,2025/02/09
SDII009191,SID0017,MID0004,283,2025/02/10
SDII009192,SID0017,MID0004,283,2025/02/11
SDII009193,SID0017,MID0004,283,2025/02/12
SDII009194,SID0017,MID0004,283,2025/02/13
SDII009195,SID0017,MID0004,283,2025/02/14
SDII009196,SID0017,MID0004,283,2025/02/15
SDII009197,SID0017,MID0004,283,2025/02/16
SDII009198,SID0017,MID0004,283,2025/02/17
SDII009199,SID0017,MID0004,283,2025/02/18
SDII009200,SID0017,MID0004,283,2025/02/19
SDII009201,SID0017,MID0004,283,2025/02/20
SDII009202,SID0017,MID0004,259,2025/02/21
SDII009203,SID0017,MID0004,499,2025/02/22
SDII009204,SID0017,MID0004,499,2025/02/23
SDII009205,SID0017,MID0004,499,2025/02/24
SDII009206,SID0017,MID0004,439,2025/02/25
SDII009207,SID0017,MID0004,439,2025/02/26
SDII009208,SID0017,MID0004,439,2025/02/27
SDII009209,SID0017,MID0004,439,2025/02/28
SDII009210,SID0017,MID0004,439,2025/03/01
SDII009211,SID0017,MID0004,439,2025/03/02
SDII009212,SID0017,MID0004,439,2025/03/03
SDII009213,SID0017,MID0004,402,2025/03/04
SDII009214,SID0017,MID0004,363,2025/03/05
SDII009215,SID0017,MID0004,363,2025/03/06
SDII009216,SID0017,MID0004,363,2025/03/07
SDII009217,SID0017,MID0004,363,2025/03/08
SDII009218,SID0017,MID0004,363,2025/03/09
SDII009219,SID0017,MID0004,363,2025/03/10
SDII009220,SID0017,MID0004,363,2025/03/11
SDII009221,SID0017,MID0004,363,2025/03/12
SDII009222,SID0017,MID0004,363,2025/03/13
SDII009223,SID0017,MID0004,363,2025/03/14
SDII009224,SID0017,MID0004,363,2025/03/15
SDII009225,SID0017,MID0004,363,2025/03/16
SDII009226,SID0017,MID0004,363,2025/03/17
SDII009227,SID0017,MID0004,363,2025/03/18
SDII009228,SID0017,MID0004,363,2025/03/19
SDII009229,SID0017,MID0004,363,2025/03/20
SDII009230,SID0017,MID0004,363,2025/03/21
SDII009231,SID0017,MID0004,363,2025/03/22
SDII009232,SID0017,MID0004,363,2025/03/23
SDII009233,SID0017,MID0004,363,2025/03/24
SDII009234,SID0017,MID0004,363,2025/03/25
SDII009235,SID0017,MID0004,330,2025/03/26
SDII009236,SID0017,MID0004,288,2025/03/27
SDII009237,SID0017,MID0004,288,2025/03/28
SDII009238,SID0017,MID0004,288,2025/03/29
SDII009239,SID0017,MID0004,288,2025/03/30
SDII009240,SID0017,MID0004,288,2025/03/31
SDII009241,SID0017,MID0004,288,2025/04/01
SDII009242,SID0017,MID0004,288,2025/04/02
SDII009243,SID0017,MID0004,288,2025/04/03
SDII009244,SID0017,MID0004,288,2025/04/04
SDII009245,SID0017,MID0004,288,2025/04/05
SDII009246,SID0017,MID0004,288,2025/04/06
SDII009247,SID0017,MID0004,288,2025/04/07
SDII009248,SID0017,MID0004,288,2025/04/08
SDII009249,SID0017,MID0004,288,2025/04/09
SDII009250,SID0017,MID0004,288,2025/04/10
SDII009251,SID0017,MID0004,288,2025/04/11
SDII009252,SID0017,MID0004,238,2025/04/12
SDII009253,SID0017,MID0004,238,2025/04/13
SDII009254,SID0017,MID0004,238,2025/04/14
SDII009255,SID0017,MID0004,211,2025/04/15
SDII009256,SID0017,MID0004,211,2025/04/16
SDII009257,SID0017,MID0004,435,2025/04/17
SDII009258,SID0017,MID0004,435,2025/04/18
SDII009259,SID0017,MID0004,407,2025/04/19
SDII009260,SID0017,MID0004,407,2025/04/20
SDII009261,SID0017,MID0004,407,2025/04/21
SDII009262,SID0017,MID0004,375,2025/04/22
SDII009263,SID0017,MID0004,361,2025/04/23
SDII009264,SID0017,MID0004,361,2025/04/24
SDII009265,SID0017,MID0004,361,2025/04/25
SDII009266,SID0017,MID0004,361,2025/04/26
SDII009267,SID0017,MID0004,361,2025/04/27
SDII009268,SID0017,MID0004,361,2025/04/28
SDII009269,SID0017,MID0004,361,2025/04/29
SDII009270,SID0017,MID0004,361,2025/04/30
SDII009271,SID0017,MID0004,361,2025/05/01
SDII009272,SID0017,MID0004,361,2025/05/02
SDII009273,SID0017,MID0004,361,2025/05/03
SDII009274,SID0017,MID0004,361,2025/05/04
SDII009275,SID0017,MID0004,361,2025/05/05
SDII009276,SID0017,MID0004,361,2025/05/06
SDII009277,SID0017,MID0004,361,2025/05/07
SDII009278,SID0017,MID0004,361,2025/05/08
SDII009279,SID0017,MID0004,326,2025/05/09
SDII009280,SID0017,MID0004,313,2025/05/10
SDII009281,SID0017,MID0004,313,2025/05/11
SDII009282,SID0017,MID0004,313,2025/05/12
SDII009283,SID0017,MID0004,292,2025/05/13
SDII009284,SID0017,MID0004,292,2025/05/14
SDII009285,SID0017,MID0004,292,2025/05/15
SDII009286,SID0017,MID0004,292,2025/05/16
SDII009287,SID0017,MID0004,292,2025/05/17
SDII009288,SID0017,MID0004,292,2025/05/18
SDII009289,SID0017,MID0004,292,2025/05/19
SDII009290,SID0017,MID0004,292,2025/05/20
SDII009291,SID0017,MID0004,276,2025/05/21
SDII009292,SID0017,MID0004,241,2025/05/22
SDII009293,SID0017,MID0004,215,2025/05/23
SDII009294,SID0017,MID0004,215,2025/05/24
SDII009295,SID0017,MID0004,215,2025/05/25
SDII009296,SID0017,MID0004,215,2025/05/26
SDII009297,SID0017,MID0004,458,2025/05/27
SDII009298,SID0017,MID0004,458,2025/05/28
SDII009299,SID0017,MID0004,458,2025/05/29
SDII009300,SID0017,MID0004,458,2025/05/30
SDII009301,SID0017,MID0004,458,2025/05/31
SDII009302,SID0017,MID0004,458,2025/06/01
SDII009303,SID0017,MID0004,458,2025/06/02
SDII009304,SID0017,MID0004,458,2025/06/03
SDII009305,SID0017,MID0004,458,2025/06/04
SDII009306,SID0017,MID0004,425,2025/06/05
SDII009307,SID0017,MID0004,390,2025/06/06
SDII009308,SID0017,MID0004,390,2025/06/07
SDII009309,SID0017,MID0004,390,2025/06/08
SDII009310,SID0017,MID0004,390,2025/06/09
SDII009311,SID0017,MID0004,390,2025/06/10
SDII009312,SID0017,MID0004,390,2025/06/11
SDII009313,SID0017,MID0004,390,2025/06/12
SDII009314,SID0017,MID0004,390,2025/06/13
SDII009315,SID0017,MID0004,390,2025/06/14
SDII009316,SID0017,MID0004,390,2025/06/15
SDII009317,SID0017,MID0004,390,2025/06/16
SDII009318,SID0017,MID0004,390,2025/06/17
SDII009319,SID0017,MID0004,390,2025/06/18
SDII009320,SID0017,MID0004,390,2025/06/19
SDII009321,SID0017,MID0004,390,2025/06/20
SDII009322,SID0017,MID0004,390,2025/06/21
SDII009323,SID0017,MID0004,390,2025/06/22
SDII009324,SID0017,MID0004,390,2025/06/23
SDII009325,SID0017,MID0004,390,2025/06/24
SDII009326,SID0017,MID0004,390,2025/06/25
SDII009327,SID0017,MID0004,390,2025/06/26
SDII009328,SID0017,MID0004,390,2025/06/27
SDII009329,SID0017,MID0004,355,2025/06/28
SDII009330,SID0017,MID0004,355,2025/06/29
SDII009331,SID0017,MID0004,355,2025/06/30
SDII009332,SID0017,MID0004,302,2025/07/01
SDII009333,SID0017,MID0004,302,2025/07/02
SDII009334,SID0017,MID0004,302,2025/07/03
SDII009335,SID0017,MID0004,302,2025/07/04
SDII009336,SID0017,MID0004,292,2025/07/05
SDII009337,SID0017,MID0004,292,2025/07/06
SDII009338,SID0017,MID0004,292,2025/07/07
SDII009339,SID0017,MID0004,267,2025/07/08
SDII009340,SID0017,MID0004,242,2025/07/09
SDII009341,SID0017,MID0004,210,2025/07/10
SDII009342,SID0017,MID0004,210,2025/07/11
SDII009343,SID0017,MID0004,210,2025/07/12
SDII009344,SID0017,MID0004,210,2025/07/13
SDII009345,SID0017,MID0004,210,2025/07/14
SDII009346,SID0017,MID0004,210,2025/07/15
SDII009347,SID0017,MID0004,210,2025/07/16
SDII009348,SID0017,MID0004,210,2025/07/17
SDII009349,SID0017,MID0004,210,2025/07/18
SDII009350,SID0017,MID0004,210,2025/07/19
SDII009351,SID0017,MID0004,210,2025/07/20
SDII009352,SID0017,MID0004,210,2025/07/21
SDII009353,SID0017,MID0004,210,2025/07/22
SDII009354,SID0017,MID0004,210,2025/07/23
SDII009355,SID0017,MID0004,372,2025/07/24
SDII009356,SID0017,MID0004,372,2025/07/25
SDII009357,SID0017,MID0004,367,2025/07/26
SDII009358,SID0017,MID0004,367,2025/07/27
SDII009359,SID0017,MID0004,367,2025/07/28
SDII009360,SID0017,MID0004,319,2025/07/29
SDII009361,SID0017,MID0004,314,2025/07/30
SDII009362,SID0017,MID0004,310,2025/07/31
SDII009363,SID0017,MID0004,264,2025/08/01
SDII009364,SID0017,MID0004,264,2025/08/02
SDII009365,SID0017,MID0004,264,2025/08/03
SDII009366,SID0017,MID0004,264,2025/08/04
SDII009367,SID0017,MID0004,264,2025/08/05
SDII009368,SID0017,MID0004,264,2025/08/06
SDII009369,SID0017,MID0004,232,2025/08/07
SDII009370,SID0017,MID0004,231,2025/08/08
SDII009371,SID0017,MID0004,185,2025/08/09
SDII009372,SID0017,MID0004,185,2025/08/10
SDII009373,SID0017,MID0004,185,2025/08/11
SDII009374,SID0017,MID0004,559,2025/08/12
SDII009375,SID0017,MID0004,559,2025/08/13
SDII009376,SID0017,MID0004,559,2025/08/14
SDII009377,SID0017,MID0004,559,2025/08/15
SDII009378,SID0017,MID0004,559,2025/08/16
SDII009379,SID0017,MID0004,559,2025/08/17
SDII009380,SID0017,MID0004,559,2025/08/18
SDII009381,SID0017,MID0004,559,2025/08/19
SDII009382,SID0017,MID0004,559,2025/08/20
SDII009383,SID0017,MID0004,473,2025/08/21
SDII009384,SID0017,MID0004,462,2025/08/22
SDII009385,SID0017,MID0004,462,2025/08/23
SDII009386,SID0017,MID0004,462,2025/08/24
SDII009387,SID0017,MID0004,462,2025/08/25
SDII009388,SID0017,MID0004,462,2025/08/26
SDII009389,SID0017,MID0004,462,2025/08/27
SDII009390,SID0017,MID0004,462,2025/08/28
SDII009391,SID0017,MID0004,462,2025/08/29
SDII009392,SID0017,MID0004,462,2025/08/30
SDII009393,SID0017,MID0004,462,2025/08/31
SDII009394,SID0017,MID0004,462,2025/09/01
SDII009395,SID0017,MID0004,462,2025/09/02
SDII009396,SID0017,MID0004,462,2025/09/03
SDII009397,SID0017,MID0004,462,2025/09/04
SDII009398,SID0017,MID0004,426,2025/09/05
SDII009399,SID0017,MID0004,382,2025/09/06
SDII009400,SID0017,MID0004,382,2025/09/07
SDII009401,SID0017,MID0004,382,2025/09/08
SDII009402,SID0017,MID0004,363,2025/09/09
SDII009403,SID0017,MID0004,349,2025/09/10
SDII009404,SID0017,MID0004,349,2025/09/11
SDII009405,SID0017,MID0004,349,2025/09/12
SDII009406,SID0017,MID0004,349,2025/09/13
SDII009407,SID0017,MID0004,349,2025/09/14
SDII009408,SID0017,MID0004,349,2025/09/15
SDII009409,SID0017,MID0004,349,2025/09/16
SDII009410,SID0017,MID0004,349,2025/09/17
SDII009411,SID0017,MID0004,349,2025/09/18
SDII009412,SID0017,MID0004,349,2025/09/19
SDII009413,SID0017,MID0004,349,2025/09/20
SDII009414,SID0017,MID0004,349,2025/09/21
SDII009415,SID0017,MID0004,349,2025/09/22
SDII009416,SID0017,MID0004,349,2025/09/23
SDII009417,SID0017,MID0004,349,2025/09/24
SDII009418,SID0017,MID0004,349,2025/09/25
SDII009419,SID0017,MID0004,349,2025/09/26
SDII009420,SID0017,MID0004,309,2025/09/27
SDII009421,SID0017,MID0004,309,2025/09/28
SDII009422,SID0017,MID0004,471,2025/09/29
SDII009423,SID0017,MID0004,410,2025/09/30
SDII009424,SID0017,MID0004,410,2025/10/01
SDII009425,SID0017,MID0004,410,2025/10/02
SDII009426,SID0017,MID0004,410,2025/10/03
SDII009427,SID0017,MID0004,410,2025/10/04
SDII009428,SID0017,MID0004,410,2025/10/05
SDII009429,SID0017,MID0004,410,2025/10/06
SDII009430,SID0017,MID0004,371,2025/10/07
SDII009431,SID0017,MID0004,342,2025/10/08
SDII009432,SID0017,MID0004,329,2025/10/09
SDII009433,SID0017,MID0004,291,2025/10/10
SDII009434,SID0017,MID0004,291,2025/10/11
SDII009435,SID0017,MID0004,291,2025/10/12
SDII009436,SID0017,MID0004,291,2025/10/13
SDII009437,SID0017,MID0004,291,2025/10/14
SDII009438,SID0017,MID0004,615,2025/10/15
SDII009439,SID0017,MID0004,615,2025/10/16
SDII009440,SID0017,MID0004,615,2025/10/17
SDII009441,SID0017,MID0004,615,2025/10/18
SDII009442,SID0017,MID0004,615,2025/10/19
SDII009443,SID0017,MID0004,615,2025/10/20
SDII009444,SID0017,MID0004,573,2025/10/21
SDII009445,SID0017,MID0004,521,2025/10/22
SDII009446,SID0017,MID0004,494,2025/10/23
SDII009447,SID0017,MID0004,494,2025/10/24
SDII009448,SID0017,MID0004,494,2025/10/25
SDII009449,SID0017,MID0004,494,2025/10/26
SDII009450,SID0017,MID0004,494,2025/10/27
SDII009451,SID0017,MID0004,494,2025/10/28
SDII009452,SID0017,MID0004,494,2025/10/29
SDII009453,SID0017,MID0004,494,2025/10/30
SDII009454,SID0017,MID0004,494,2025/10/31
SDII009455,SID0017,MID0004,494,2025/11/01
SDII009456,SID0017,MID0004,494,2025/11/02
SDII009457,SID0017,MID0004,494,2025/11/03
SDII009458,SID0017,MID0004,494,2025/11/04
SDII009459,SID0017,MID0004,456,2025/11/05
SDII009460,SID0017,MID0004,446,2025/11/06
SDII009461,SID0017,MID0004,394,2025/11/07
SDII009462,SID0017,MID0004,394,2025/11/08
SDII009463,SID0017,MID0004,394,2025/11/09
SDII009464,SID0017,MID0004,394,2025/11/10
SDII009465,SID0017,MID0004,394,2025/11/11
SDII009466,SID0017,MID0004,394,2025/11/12
SDII009467,SID0017,MID0004,394,2025/11/13
SDII009468,SID0017,MID0004,394,2025/11/14
SDII009469,SID0017,MID0004,394,2025/11/15
SDII009470,SID0017,MID0004,394,2025/11/16
SDII009471,SID0017,MID0004,394,2025/11/17
SDII009472,SID0017,MID0004,394,2025/11/18
SDII009473,SID0017,MID0004,394,2025/11/19
SDII009474,SID0017,MID0004,394,2025/11/20
SDII009475,SID0017,MID0004,394,2025/11/21
SDII009476,SID0017,MID0004,394,2025/11/22
SDII009477,SID0017,MID0004,394,2025/11/23
SDII009478,SID0017,MID0004,394,2025/11/24
SDII009479,SID0017,MID0004,601,2025/11/25
SDII009480,SID0017,MID0004,583,2025/11/26
SDII009481,SID0017,MID0004,534,2025/11/27
SDII009482,SID0017,MID0004,526,2025/11/28
SDII009483,SID0017,MID0004,526,2025/11/29
SDII009484,SID0017,MID0004,526,2025/11/30
SDII009485,SID0017,MID0004,526,2025/12/01
SDII009486,SID0017,MID0004,430,2025/12/02
SDII009487,SID0017,MID0004,410,2025/12/03
SDII009488,SID0017,MID0004,410,2025/12/04
SDII009489,SID0017,MID0004,410,2025/12/05
SDII009490,SID0017,MID0004,410,2025/12/06
SDII009491,SID0017,MID0004,410,2025/12/07
SDII009492,SID0017,MID0004,410,2025/12/08
SDII009493,SID0017,MID0004,410,2025/12/09
SDII009494,SID0017,MID0004,410,2025/12/10
SDII009495,SID0017,MID0004,410,2025/12/11
SDII009496,SID0017,MID0004,410,2025/12/12
SDII009497,SID0017,MID0004,410,2025/12/13
SDII009498,SID0017,MID0004,410,2025/12/14
SDII009499,SID0017,MID0004,410,2025/12/15
SDII009500,SID0017,MID0004,410,2025/12/16
SDII009501,SID0017,MID0004,410,2025/12/17
SDII009502,SID0017,MID0004,410,2025/12/18
SDII009503,SID0017,MID0004,410,2025/12/19
SDII009504,SID0017,MID0004,410,2025/12/20
SDII009505,SID0017,MID0004,410,2025/12/21
SDII009506,SID0017,MID0004,410,2025/12/22
SDII009507,SID0017,MID0004,410,2025/12/23
SDII009508,SID0017,MID0004,410,2025/12/24
SDII009509,SID0017,MID0004,410,2025/12/25
SDII009510,SID0017,MID0004,410,2025/12/26
SDII009511,SID0017,MID0004,345,2025/12/27
SDII009512,SID0017,MID0004,345,2025/12/28
SDII009513,SID0017,MID0004,345,2025/12/29
SDII009514,SID0017,MID0004,303,2025/12/30
SDII009515,SID0017,MID0004,303,2025/12/31
SDII009516,SID0017,MID0004,303,2026/01/01
SDII009517,SID0017,MID0005,292,2025/01/01
SDII009518,SID0017,MID0005,292,2025/01/02
SDII009519,SID0017,MID0005,292,2025/01/03
SDII009520,SID0017,MID0005,292,2025/01/04
SDII009521,SID0017,MID0005,292,2025/01/05
SDII009522,SID0017,MID0005,292,2025/01/06
SDII009523,SID0017,MID0005,292,2025/01/07
SDII009524,SID0017,MID0005,292,2025/01/08
SDII009525,SID0017,MID0005,292,2025/01/09
SDII009526,SID0017,MID0005,292,2025/01/10
SDII009527,SID0017,MID0005,292,2025/01/11
SDII009528,SID0017,MID0005,292,2025/01/12
SDII009529,SID0017,MID0005,292,2025/01/13
SDII009530,SID0017,MID0005,292,2025/01/14
SDII009531,SID0017,MID0005,292,2025/01/15
SDII009532,SID0017,MID0005,292,2025/01/16
SDII009533,SID0017,MID0005,281,2025/01/17
SDII009534,SID0017,MID0005,267,2025/01/18
SDII009535,SID0017,MID0005,267,2025/01/19
SDII009536,SID0017,MID0005,267,2025/01/20
SDII009537,SID0017,MID0005,263,2025/01/21
SDII009538,SID0017,MID0005,249,2025/01/22
SDII009539,SID0017,MID0005,242,2025/01/23
SDII009540,SID0017,MID0005,232,2025/01/24
SDII009541,SID0017,MID0005,232,2025/01/25
SDII009542,SID0017,MID0005,232,2025/01/26
SDII009543,SID0017,MID0005,232,2025/01/27
SDII009544,SID0017,MID0005,232,2025/01/28
SDII009545,SID0017,MID0005,232,2025/01/29
SDII009546,SID0017,MID0005,232,2025/01/30
SDII009547,SID0017,MID0005,232,2025/01/31
SDII009548,SID0017,MID0005,232,2025/02/01
SDII009549,SID0017,MID0005,232,2025/02/02
SDII009550,SID0017,MID0005,232,2025/02/03
SDII009551,SID0017,MID0005,232,2025/02/04
SDII009552,SID0017,MID0005,232,2025/02/05
SDII009553,SID0017,MID0005,232,2025/02/06
SDII009554,SID0017,MID0005,232,2025/02/07
SDII009555,SID0017,MID0005,232,2025/02/08
SDII009556,SID0017,MID0005,232,2025/02/09
SDII009557,SID0017,MID0005,232,2025/02/10
SDII009558,SID0017,MID0005,232,2025/02/11
SDII009559,SID0017,MID0005,232,2025/02/12
SDII009560,SID0017,MID0005,215,2025/02/13
SDII009561,SID0017,MID0005,189,2025/02/14
SDII009562,SID0017,MID0005,186,2025/02/15
SDII009563,SID0017,MID0005,186,2025/02/16
SDII009564,SID0017,MID0005,186,2025/02/17
SDII009565,SID0017,MID0005,177,2025/02/18
SDII009566,SID0017,MID0005,173,2025/02/19
SDII009567,SID0017,MID0005,173,2025/02/20
SDII009568,SID0017,MID0005,173,2025/02/21
SDII009569,SID0017,MID0005,173,2025/02/22
SDII009570,SID0017,MID0005,173,2025/02/23
SDII009571,SID0017,MID0005,173,2025/02/24
SDII009572,SID0017,MID0005,173,2025/02/25
SDII009573,SID0017,MID0005,173,2025/02/26
SDII009574,SID0017,MID0005,173,2025/02/27
SDII009575,SID0017,MID0005,173,2025/02/28
SDII009576,SID0017,MID0005,173,2025/03/01
SDII009577,SID0017,MID0005,173,2025/03/02
SDII009578,SID0017,MID0005,173,2025/03/03
SDII009579,SID0017,MID0005,163,2025/03/04
SDII009580,SID0017,MID0005,159,2025/03/05
SDII009581,SID0017,MID0005,143,2025/03/06
SDII009582,SID0017,MID0005,129,2025/03/07
SDII009583,SID0017,MID0005,111,2025/03/08
SDII009584,SID0017,MID0005,111,2025/03/09
SDII009585,SID0017,MID0005,111,2025/03/10
SDII009586,SID0017,MID0005,111,2025/03/11
SDII009587,SID0017,MID0005,111,2025/03/12
SDII009588,SID0017,MID0005,111,2025/03/13
SDII009589,SID0017,MID0005,111,2025/03/14
SDII009590,SID0017,MID0005,111,2025/03/15
SDII009591,SID0017,MID0005,111,2025/03/16
SDII009592,SID0017,MID0005,111,2025/03/17
SDII009593,SID0017,MID0005,111,2025/03/18
SDII009594,SID0017,MID0005,111,2025/03/19
SDII009595,SID0017,MID0005,111,2025/03/20
SDII009596,SID0017,MID0005,111,2025/03/21
SDII009597,SID0017,MID0005,111,2025/03/22
SDII009598,SID0017,MID0005,111,2025/03/23
SDII009599,SID0017,MID0005,111,2025/03/24
SDII009600,SID0017,MID0005,111,2025/03/25
SDII009601,SID0017,MID0005,111,2025/03/26
SDII009602,SID0017,MID0005,111,2025/03/27
SDII009603,SID0017,MID0005,111,2025/03/28
SDII009604,SID0017,MID0005,111,2025/03/29
SDII009605,SID0017,MID0005,111,2025/03/30
SDII009606,SID0017,MID0005,111,2025/03/31
SDII009607,SID0017,MID0005,111,2025/04/01
SDII009608,SID0017,MID0005,111,2025/04/02
SDII009609,SID0017,MID0005,111,2025/04/03
SDII009610,SID0017,MID0005,111,2025/04/04
SDII009611,SID0017,MID0005,63,2025/04/05
SDII009612,SID0017,MID0005,63,2025/04/06
SDII009613,SID0017,MID0005,63,2025/04/07
SDII009614,SID0017,MID0005,59,2025/04/08
SDII009615,SID0017,MID0005,41,2025/04/09
SDII009616,SID0017,MID0005,41,2025/04/10
SDII009617,SID0017,MID0005,41,2025/04/11
SDII009618,SID0017,MID0005,41,2025/04/12
SDII009619,SID0017,MID0005,41,2025/04/13
SDII009620,SID0017,MID0005,41,2025/04/14
SDII009621,SID0017,MID0005,41,2025/04/15
SDII009622,SID0017,MID0005,41,2025/04/16
SDII009623,SID0017,MID0005,41,2025/04/17
SDII009624,SID0017,MID0005,41,2025/04/18
SDII009625,SID0017,MID0005,41,2025/04/19
SDII009626,SID0017,MID0005,41,2025/04/20
SDII009627,SID0017,MID0005,78,2025/04/21
SDII009628,SID0017,MID0005,78,2025/04/22
SDII009629,SID0017,MID0005,78,2025/04/23
SDII009630,SID0017,MID0005,97,2025/04/24
SDII009631,SID0017,MID0005,97,2025/04/25
SDII009632,SID0017,MID0005,97,2025/04/26
SDII009633,SID0017,MID0005,97,2025/04/27
SDII009634,SID0017,MID0005,97,2025/04/28
SDII009635,SID0017,MID0005,97,2025/04/29
SDII009636,SID0017,MID0005,97,2025/04/30
SDII009637,SID0017,MID0005,97,2025/05/01
SDII009638,SID0017,MID0005,97,2025/05/02
SDII009639,SID0017,MID0005,97,2025/05/03
SDII009640,SID0017,MID0005,97,2025/05/04
SDII009641,SID0017,MID0005,97,2025/05/05
SDII009642,SID0017,MID0005,97,2025/05/06
SDII009643,SID0017,MID0005,97,2025/05/07
SDII009644,SID0017,MID0005,97,2025/05/08
SDII009645,SID0017,MID0005,97,2025/05/09
SDII009646,SID0017,MID0005,80,2025/05/10
SDII009647,SID0017,MID0005,80,2025/05/11
SDII009648,SID0017,MID0005,80,2025/05/12
SDII009649,SID0017,MID0005,53,2025/05/13
SDII009650,SID0017,MID0005,48,2025/05/14
SDII009651,SID0017,MID0005,21,2025/05/15
SDII009652,SID0017,MID0005,18,2025/05/16
SDII009653,SID0017,MID0005,18,2025/05/17
SDII009654,SID0017,MID0005,18,2025/05/18
SDII009655,SID0017,MID0005,18,2025/05/19
SDII009656,SID0017,MID0005,55,2025/05/20
SDII009657,SID0017,MID0005,55,2025/05/21
SDII009658,SID0017,MID0005,92,2025/05/22
SDII009659,SID0017,MID0005,92,2025/05/23
SDII009660,SID0017,MID0005,92,2025/05/24
SDII009661,SID0017,MID0005,92,2025/05/25
SDII009662,SID0017,MID0005,92,2025/05/26
SDII009663,SID0017,MID0005,92,2025/05/27
SDII009664,SID0017,MID0005,92,2025/05/28
SDII009665,SID0017,MID0005,92,2025/05/29
SDII009666,SID0017,MID0005,92,2025/05/30
SDII009667,SID0017,MID0005,92,2025/05/31
SDII009668,SID0017,MID0005,92,2025/06/01
SDII009669,SID0017,MID0005,92,2025/06/02
SDII009670,SID0017,MID0005,92,2025/06/03
SDII009671,SID0017,MID0005,92,2025/06/04
SDII009672,SID0017,MID0005,92,2025/06/05
SDII009673,SID0017,MID0005,92,2025/06/06
SDII009674,SID0017,MID0005,92,2025/06/07
SDII009675,SID0017,MID0005,92,2025/06/08
SDII009676,SID0017,MID0005,92,2025/06/09
SDII009677,SID0017,MID0005,87,2025/06/10
SDII009678,SID0017,MID0005,67,2025/06/11
SDII009679,SID0017,MID0005,61,2025/06/12
SDII009680,SID0017,MID0005,57,2025/06/13
SDII009681,SID0017,MID0005,42,2025/06/14
SDII009682,SID0017,MID0005,42,2025/06/15
SDII009683,SID0017,MID0005,42,2025/06/16
SDII009684,SID0017,MID0005,28,2025/06/17
SDII009685,SID0017,MID0005,28,2025/06/18
SDII009686,SID0017,MID0005,28,2025/06/19
SDII009687,SID0017,MID0005,28,2025/06/20
SDII009688,SID0017,MID0005,28,2025/06/21
SDII009689,SID0017,MID0005,28,2025/06/22
SDII009690,SID0017,MID0005,28,2025/06/23
SDII009691,SID0017,MID0005,28,2025/06/24
SDII009692,SID0017,MID0005,28,2025/06/25
SDII009693,SID0017,MID0005,28,2025/06/26
SDII009694,SID0017,MID0005,28,2025/06/27
SDII009695,SID0017,MID0005,28,2025/06/28
SDII009696,SID0017,MID0005,28,2025/06/29
SDII009697,SID0017,MID0005,28,2025/06/30
SDII009698,SID0017,MID0005,28,2025/07/01
SDII009699,SID0017,MID0005,28,2025/07/02
SDII009700,SID0017,MID0005,28,2025/07/03
SDII009701,SID0017,MID0005,28,2025/07/04
SDII009702,SID0017,MID0005,28,2025/07/05
SDII009703,SID0017,MID0005,65,2025/07/06
SDII009704,SID0017,MID0005,65,2025/07/07
SDII009705,SID0017,MID0005,65,2025/07/08
SDII009706,SID0017,MID0005,65,2025/07/09
SDII009707,SID0017,MID0005,65,2025/07/10
SDII009708,SID0017,MID0005,65,2025/07/11
SDII009709,SID0017,MID0005,65,2025/07/12
SDII009710,SID0017,MID0005,65,2025/07/13
SDII009711,SID0017,MID0005,65,2025/07/14
SDII009712,SID0017,MID0005,65,2025/07/15
SDII009713,SID0017,MID0005,65,2025/07/16
SDII009714,SID0017,MID0005,65,2025/07/17
SDII009715,SID0017,MID0005,120,2025/07/18
SDII009716,SID0017,MID0005,120,2025/07/19
SDII009717,SID0017,MID0005,120,2025/07/20
SDII009718,SID0017,MID0005,120,2025/07/21
SDII009719,SID0017,MID0005,120,2025/07/22
SDII009720,SID0017,MID0005,120,2025/07/23
SDII009721,SID0017,MID0005,120,2025/07/24
SDII009722,SID0017,MID0005,120,2025/07/25
SDII009723,SID0017,MID0005,120,2025/07/26
SDII009724,SID0017,MID0005,120,2025/07/27
SDII009725,SID0017,MID0005,120,2025/07/28
SDII009726,SID0017,MID0005,120,2025/07/29
SDII009727,SID0017,MID0005,89,2025/07/30
SDII009728,SID0017,MID0005,64,2025/07/31
SDII009729,SID0017,MID0005,44,2025/08/01
SDII009730,SID0017,MID0005,44,2025/08/02
SDII009731,SID0017,MID0005,44,2025/08/03
SDII009732,SID0017,MID0005,44,2025/08/04
SDII009733,SID0017,MID0005,44,2025/08/05
SDII009734,SID0017,MID0005,44,2025/08/06
SDII009735,SID0017,MID0005,44,2025/08/07
SDII009736,SID0017,MID0005,37,2025/08/08
SDII009737,SID0017,MID0005,73,2025/08/09
SDII009738,SID0017,MID0005,73,2025/08/10
SDII009739,SID0017,MID0005,73,2025/08/11
SDII009740,SID0017,MID0005,65,2025/08/12
SDII009741,SID0017,MID0005,47,2025/08/13
SDII009742,SID0017,MID0005,33,2025/08/14
SDII009743,SID0017,MID0005,33,2025/08/15
SDII009744,SID0017,MID0005,33,2025/08/16
SDII009745,SID0017,MID0005,33,2025/08/17
SDII009746,SID0017,MID0005,33,2025/08/18
SDII009747,SID0017,MID0005,33,2025/08/19
SDII009748,SID0017,MID0005,33,2025/08/20
SDII009749,SID0017,MID0005,33,2025/08/21
SDII009750,SID0017,MID0005,33,2025/08/22
SDII009751,SID0017,MID0005,106,2025/08/23
SDII009752,SID0017,MID0005,106,2025/08/24
SDII009753,SID0017,MID0005,106,2025/08/25
SDII009754,SID0017,MID0005,106,2025/08/26
SDII009755,SID0017,MID0005,106,2025/08/27
SDII009756,SID0017,MID0005,106,2025/08/28
SDII009757,SID0017,MID0005,106,2025/08/29
SDII009758,SID0017,MID0005,106,2025/08/30
SDII009759,SID0017,MID0005,106,2025/08/31
SDII009760,SID0017,MID0005,106,2025/09/01
SDII009761,SID0017,MID0005,106,2025/09/02
SDII009762,SID0017,MID0005,106,2025/09/03
SDII009763,SID0017,MID0005,106,2025/09/04
SDII009764,SID0017,MID0005,106,2025/09/05
SDII009765,SID0017,MID0005,106,2025/09/06
SDII009766,SID0017,MID0005,106,2025/09/07
SDII009767,SID0017,MID0005,106,2025/09/08
SDII009768,SID0017,MID0005,106,2025/09/09
SDII009769,SID0017,MID0005,84,2025/09/10
SDII009770,SID0017,MID0005,42,2025/09/11
SDII009771,SID0017,MID0005,42,2025/09/12
SDII009772,SID0017,MID0005,42,2025/09/13
SDII009773,SID0017,MID0005,42,2025/09/14
SDII009774,SID0017,MID0005,42,2025/09/15
SDII009775,SID0017,MID0005,115,2025/09/16
SDII009776,SID0017,MID0005,115,2025/09/17
SDII009777,SID0017,MID0005,115,2025/09/18
SDII009778,SID0017,MID0005,115,2025/09/19
SDII009779,SID0017,MID0005,115,2025/09/20
SDII009780,SID0017,MID0005,115,2025/09/21
SDII009781,SID0017,MID0005,115,2025/09/22
SDII009782,SID0017,MID0005,115,2025/09/23
SDII009783,SID0017,MID0005,115,2025/09/24
SDII009784,SID0017,MID0005,115,2025/09/25
SDII009785,SID0017,MID0005,115,2025/09/26
SDII009786,SID0017,MID0005,115,2025/09/27
SDII009787,SID0017,MID0005,115,2025/09/28
SDII009788,SID0017,MID0005,115,2025/09/29
SDII009789,SID0017,MID0005,115,2025/09/30
SDII009790,SID0017,MID0005,115,2025/10/01
SDII009791,SID0017,MID0005,115,2025/10/02
SDII009792,SID0017,MID0005,115,2025/10/03
SDII009793,SID0017,MID0005,115,2025/10/04
SDII009794,SID0017,MID0005,115,2025/10/05
SDII009795,SID0017,MID0005,115,2025/10/06
SDII009796,SID0017,MID0005,115,2025/10/07
SDII009797,SID0017,MID0005,81,2025/10/08
SDII009798,SID0017,MID0005,61,2025/10/09
SDII009799,SID0017,MID0005,61,2025/10/10
SDII009800,SID0017,MID0005,61,2025/10/11
SDII009801,SID0017,MID0005,61,2025/10/12
SDII009802,SID0017,MID0005,61,2025/10/13
SDII009803,SID0017,MID0005,61,2025/10/14
SDII009804,SID0017,MID0005,61,2025/10/15
SDII009805,SID0017,MID0005,61,2025/10/16
SDII009806,SID0017,MID0005,61,2025/10/17
SDII009807,SID0017,MID0005,61,2025/10/18
SDII009808,SID0017,MID0005,61,2025/10/19
SDII009809,SID0017,MID0005,61,2025/10/20
SDII009810,SID0017,MID0005,61,2025/10/21
SDII009811,SID0017,MID0005,61,2025/10/22
SDII009812,SID0017,MID0005,61,2025/10/23
SDII009813,SID0017,MID0005,61,2025/10/24
SDII009814,SID0017,MID0005,61,2025/10/25
SDII009815,SID0017,MID0005,61,2025/10/26
SDII009816,SID0017,MID0005,61,2025/10/27
SDII009817,SID0017,MID0005,61,2025/10/28
SDII009818,SID0017,MID0005,61,2025/10/29
SDII009819,SID0017,MID0005,61,2025/10/30
SDII009820,SID0017,MID0005,61,2025/10/31
SDII009821,SID0017,MID0005,61,2025/11/01
SDII009822,SID0017,MID0005,61,2025/11/02
SDII009823,SID0017,MID0005,61,2025/11/03
SDII009824,SID0017,MID0005,61,2025/11/04
SDII009825,SID0017,MID0005,61,2025/11/05
SDII009826,SID0017,MID0005,61,2025/11/06
SDII009827,SID0017,MID0005,61,2025/11/07
SDII009828,SID0017,MID0005,61,2025/11/08
SDII009829,SID0017,MID0005,61,2025/11/09
SDII009830,SID0017,MID0005,61,2025/11/10
SDII009831,SID0017,MID0005,61,2025/11/11
SDII009832,SID0017,MID0005,61,2025/11/12
SDII009833,SID0017,MID0005,61,2025/11/13
SDII009834,SID0017,MID0005,61,2025/11/14
SDII009835,SID0017,MID0005,61,2025/11/15
SDII009836,SID0017,MID0005,61,2025/11/16
SDII009837,SID0017,MID0005,61,2025/11/17
SDII009838,SID0017,MID0005,61,2025/11/18
SDII009839,SID0017,MID0005,61,2025/11/19
SDII009840,SID0017,MID0005,61,2025/11/20
SDII009841,SID0017,MID0005,61,2025/11/21
SDII009842,SID0017,MID0005,51,2025/11/22
SDII009843,SID0017,MID0005,51,2025/11/23
SDII009844,SID0017,MID0005,51,2025/11/24
SDII009845,SID0017,MID0005,44,2025/11/25
SDII009846,SID0017,MID0005,35,2025/11/26
SDII009847,SID0017,MID0005,20,2025/11/27
SDII009848,SID0017,MID0005,10,2025/11/28
SDII009849,SID0017,MID0005,10,2025/11/29
SDII009850,SID0017,MID0005,10,2025/11/30
SDII009851,SID0017,MID0005,10,2025/12/01
SDII009852,SID0017,MID0005,10,2025/12/02
SDII009853,SID0017,MID0005,10,2025/12/03
SDII009854,SID0017,MID0005,10,2025/12/04
SDII009855,SID0017,MID0005,10,2025/12/05
SDII009856,SID0017,MID0005,47,2025/12/06
SDII009857,SID0017,MID0005,47,2025/12/07
SDII009858,SID0017,MID0005,47,2025/12/08
SDII009859,SID0017,MID0005,47,2025/12/09
SDII009860,SID0017,MID0005,47,2025/12/10
SDII009861,SID0017,MID0005,47,2025/12/11
SDII009862,SID0017,MID0005,47,2025/12/12
SDII009863,SID0017,MID0005,47,2025/12/13
SDII009864,SID0017,MID0005,47,2025/12/14
SDII009865,SID0017,MID0005,102,2025/12/15
SDII009866,SID0017,MID0005,102,2025/12/16
SDII009867,SID0017,MID0005,102,2025/12/17
SDII009868,SID0017,MID0005,102,2025/12/18
SDII009869,SID0017,MID0005,102,2025/12/19
SDII009870,SID0017,MID0005,102,2025/12/20
SDII009871,SID0017,MID0005,102,2025/12/21
SDII009872,SID0017,MID0005,102,2025/12/22
SDII009873,SID0017,MID0005,102,2025/12/23
SDII009874,SID0017,MID0005,102,2025/12/24
SDII009875,SID0017,MID0005,157,2025/12/25
SDII009876,SID0017,MID0005,157,2025/12/26
SDII009877,SID0017,MID0005,129,2025/12/27
SDII009878,SID0017,MID0005,129,2025/12/28
SDII009879,SID0017,MID0005,129,2025/12/29
SDII009880,SID0017,MID0005,97,2025/12/30
SDII009881,SID0017,MID0005,97,2025/12/31
SDII009882,SID0017,MID0005,170,2026/01/01
SDII009883,SID0017,MID0018,41,2025/01/01
SDII009884,SID0017,MID0018,41,2025/01/02
SDII009885,SID0017,MID0018,41,2025/01/03
SDII009886,SID0017,MID0018,35,2025/01/04
SDII009887,SID0017,MID0018,35,2025/01/05
SDII009888,SID0017,MID0018,35,2025/01/06
SDII009889,SID0017,MID0018,28,2025/01/07
SDII009890,SID0017,MID0018,26,2025/01/08
SDII009891,SID0017,MID0018,21,2025/01/09
SDII009892,SID0017,MID0018,10,2025/01/10
SDII009893,SID0017,MID0018,0,2025/01/11
SDII009894,SID0017,MID0018,0,2025/01/12
SDII009895,SID0017,MID0018,0,2025/01/13
SDII009896,SID0017,MID0018,0,2025/01/14
SDII009897,SID0017,MID0018,0,2025/01/15
SDII009898,SID0017,MID0018,0,2025/01/16
SDII009899,SID0017,MID0018,0,2025/01/17
SDII009900,SID0017,MID0018,0,2025/01/18
SDII009901,SID0017,MID0018,0,2025/01/19
SDII009902,SID0017,MID0018,0,2025/01/20
SDII009903,SID0017,MID0018,0,2025/01/21
SDII009904,SID0017,MID0018,0,2025/01/22
SDII009905,SID0017,MID0018,0,2025/01/23
SDII009906,SID0017,MID0018,0,2025/01/24
SDII009907,SID0017,MID0018,97,2025/01/25
SDII009908,SID0017,MID0018,97,2025/01/26
SDII009909,SID0017,MID0018,97,2025/01/27
SDII009910,SID0017,MID0018,97,2025/01/28
SDII009911,SID0017,MID0018,97,2025/01/29
SDII009912,SID0017,MID0018,97,2025/01/30
SDII009913,SID0017,MID0018,97,2025/01/31
SDII009914,SID0017,MID0018,97,2025/02/01
SDII009915,SID0017,MID0018,97,2025/02/02
SDII009916,SID0017,MID0018,97,2025/02/03
SDII009917,SID0017,MID0018,97,2025/02/04
SDII009918,SID0017,MID0018,97,2025/02/05
SDII009919,SID0017,MID0018,97,2025/02/06
SDII009920,SID0017,MID0018,97,2025/02/07
SDII009921,SID0017,MID0018,97,2025/02/08
SDII009922,SID0017,MID0018,97,2025/02/09
SDII009923,SID0017,MID0018,97,2025/02/10
SDII009924,SID0017,MID0018,97,2025/02/11
SDII009925,SID0017,MID0018,97,2025/02/12
SDII009926,SID0017,MID0018,90,2025/02/13
SDII009927,SID0017,MID0018,84,2025/02/14
SDII009928,SID0017,MID0018,73,2025/02/15
SDII009929,SID0017,MID0018,73,2025/02/16
SDII009930,SID0017,MID0018,73,2025/02/17
SDII009931,SID0017,MID0018,63,2025/02/18
SDII009932,SID0017,MID0018,62,2025/02/19
SDII009933,SID0017,MID0018,62,2025/02/20
SDII009934,SID0017,MID0018,62,2025/02/21
SDII009935,SID0017,MID0018,62,2025/02/22
SDII009936,SID0017,MID0018,62,2025/02/23
SDII009937,SID0017,MID0018,62,2025/02/24
SDII009938,SID0017,MID0018,62,2025/02/25
SDII009939,SID0017,MID0018,62,2025/02/26
SDII009940,SID0017,MID0018,62,2025/02/27
SDII009941,SID0017,MID0018,62,2025/02/28
SDII009942,SID0017,MID0018,62,2025/03/01
SDII009943,SID0017,MID0018,62,2025/03/02
SDII009944,SID0017,MID0018,111,2025/03/03
SDII009945,SID0017,MID0018,111,2025/03/04
SDII009946,SID0017,MID0018,111,2025/03/05
SDII009947,SID0017,MID0018,111,2025/03/06
SDII009948,SID0017,MID0018,111,2025/03/07
SDII009949,SID0017,MID0018,111,2025/03/08
SDII009950,SID0017,MID0018,111,2025/03/09
SDII009951,SID0017,MID0018,111,2025/03/10
SDII009952,SID0017,MID0018,111,2025/03/11
SDII009953,SID0017,MID0018,111,2025/03/12
SDII009954,SID0017,MID0018,111,2025/03/13
SDII009955,SID0017,MID0018,111,2025/03/14
SDII009956,SID0017,MID0018,111,2025/03/15
SDII009957,SID0017,MID0018,111,2025/03/16
SDII009958,SID0017,MID0018,111,2025/03/17
SDII009959,SID0017,MID0018,111,2025/03/18
SDII009960,SID0017,MID0018,111,2025/03/19
SDII009961,SID0017,MID0018,111,2025/03/20
SDII009962,SID0017,MID0018,107,2025/03/21
SDII009963,SID0017,MID0018,97,2025/03/22
SDII009964,SID0017,MID0018,97,2025/03/23
SDII009965,SID0017,MID0018,97,2025/03/24
SDII009966,SID0017,MID0018,92,2025/03/25
SDII009967,SID0017,MID0018,83,2025/03/26
SDII009968,SID0017,MID0018,77,2025/03/27
SDII009969,SID0017,MID0018,77,2025/03/28
SDII009970,SID0017,MID0018,77,2025/03/29
SDII009971,SID0017,MID0018,77,2025/03/30
SDII009972,SID0017,MID0018,77,2025/03/31
SDII009973,SID0017,MID0018,77,2025/04/01
SDII009974,SID0017,MID0018,77,2025/04/02
SDII009975,SID0017,MID0018,162,2025/04/03
SDII009976,SID0017,MID0018,162,2025/04/04
SDII009977,SID0017,MID0018,162,2025/04/05
SDII009978,SID0017,MID0018,162,2025/04/06
SDII009979,SID0017,MID0018,162,2025/04/07
SDII009980,SID0017,MID0018,162,2025/04/08
SDII009981,SID0017,MID0018,162,2025/04/09
SDII009982,SID0017,MID0018,154,2025/04/10
SDII009983,SID0017,MID0018,150,2025/04/11
SDII009984,SID0017,MID0018,140,2025/04/12
SDII009985,SID0017,MID0018,140,2025/04/13
SDII009986,SID0017,MID0018,140,2025/04/14
SDII009987,SID0017,MID0018,129,2025/04/15
SDII009988,SID0017,MID0018,129,2025/04/16
SDII009989,SID0017,MID0018,129,2025/04/17
SDII009990,SID0017,MID0018,129,2025/04/18
SDII009991,SID0017,MID0018,129,2025/04/19
SDII009992,SID0017,MID0018,129,2025/04/20
SDII009993,SID0017,MID0018,129,2025/04/21
SDII009994,SID0017,MID0018,129,2025/04/22
SDII009995,SID0017,MID0018,129,2025/04/23
SDII009996,SID0017,MID0018,129,2025/04/24
SDII009997,SID0017,MID0018,129,2025/04/25
SDII009998,SID0017,MID0018,129,2025/04/26
SDII009999,SID0017,MID0018,129,2025/04/27
SDII010000,SID0017,MID0018,129,2025/04/28
SDII010001,SID0017,MID0018,129,2025/04/29
SDII010002,SID0017,MID0018,129,2025/04/30
SDII010003,SID0017,MID0018,129,2025/05/01
SDII010004,SID0017,MID0018,129,2025/05/02
SDII010005,SID0017,MID0018,129,2025/05/03
SDII010006,SID0017,MID0018,129,2025/05/04
SDII010007,SID0017,MID0018,129,2025/05/05
SDII010008,SID0017,MID0018,129,2025/05/06
SDII010009,SID0017,MID0018,129,2025/05/07
SDII010010,SID0017,MID0018,125,2025/05/08
SDII010011,SID0017,MID0018,119,2025/05/09
SDII010012,SID0017,MID0018,115,2025/05/10
SDII010013,SID0017,MID0018,115,2025/05/11
SDII010014,SID0017,MID0018,115,2025/05/12
SDII010015,SID0017,MID0018,107,2025/05/13
SDII010016,SID0017,MID0018,99,2025/05/14
SDII010017,SID0017,MID0018,99,2025/05/15
SDII010018,SID0017,MID0018,99,2025/05/16
SDII010019,SID0017,MID0018,99,2025/05/17
SDII010020,SID0017,MID0018,99,2025/05/18
SDII010021,SID0017,MID0018,99,2025/05/19
SDII010022,SID0017,MID0018,99,2025/05/20
SDII010023,SID0017,MID0018,99,2025/05/21
SDII010024,SID0017,MID0018,99,2025/05/22
SDII010025,SID0017,MID0018,99,2025/05/23
SDII010026,SID0017,MID0018,99,2025/05/24
SDII010027,SID0017,MID0018,99,2025/05/25
SDII010028,SID0017,MID0018,99,2025/05/26
SDII010029,SID0017,MID0018,99,2025/05/27
SDII010030,SID0017,MID0018,99,2025/05/28
SDII010031,SID0017,MID0018,99,2025/05/29
SDII010032,SID0017,MID0018,99,2025/05/30
SDII010033,SID0017,MID0018,99,2025/05/31
SDII010034,SID0017,MID0018,99,2025/06/01
SDII010035,SID0017,MID0018,99,2025/06/02
SDII010036,SID0017,MID0018,99,2025/06/03
SDII010037,SID0017,MID0018,99,2025/06/04
SDII010038,SID0017,MID0018,78,2025/06/05
SDII010039,SID0017,MID0018,75,2025/06/06
SDII010040,SID0017,MID0018,73,2025/06/07
SDII010041,SID0017,MID0018,73,2025/06/08
SDII010042,SID0017,MID0018,73,2025/06/09
SDII010043,SID0017,MID0018,73,2025/06/10
SDII010044,SID0017,MID0018,73,2025/06/11
SDII010045,SID0017,MID0018,73,2025/06/12
SDII010046,SID0017,MID0018,73,2025/06/13
SDII010047,SID0017,MID0018,73,2025/06/14
SDII010048,SID0017,MID0018,73,2025/06/15
SDII010049,SID0017,MID0018,73,2025/06/16
SDII010050,SID0017,MID0018,73,2025/06/17
SDII010051,SID0017,MID0018,73,2025/06/18
SDII010052,SID0017,MID0018,73,2025/06/19
SDII010053,SID0017,MID0018,73,2025/06/20
SDII010054,SID0017,MID0018,73,2025/06/21
SDII010055,SID0017,MID0018,73,2025/06/22
SDII010056,SID0017,MID0018,73,2025/06/23
SDII010057,SID0017,MID0018,73,2025/06/24
SDII010058,SID0017,MID0018,73,2025/06/25
SDII010059,SID0017,MID0018,73,2025/06/26
SDII010060,SID0017,MID0018,73,2025/06/27
SDII010061,SID0017,MID0018,73,2025/06/28
SDII010062,SID0017,MID0018,73,2025/06/29
SDII010063,SID0017,MID0018,73,2025/06/30
SDII010064,SID0017,MID0018,73,2025/07/01
SDII010065,SID0017,MID0018,73,2025/07/02
SDII010066,SID0017,MID0018,73,2025/07/03
SDII010067,SID0017,MID0018,73,2025/07/04
SDII010068,SID0017,MID0018,73,2025/07/05
SDII010069,SID0017,MID0018,73,2025/07/06
SDII010070,SID0017,MID0018,73,2025/07/07
SDII010071,SID0017,MID0018,73,2025/07/08
SDII010072,SID0017,MID0018,73,2025/07/09
SDII010073,SID0017,MID0018,73,2025/07/10
SDII010074,SID0017,MID0018,66,2025/07/11
SDII010075,SID0017,MID0018,63,2025/07/12
SDII010076,SID0017,MID0018,63,2025/07/13
SDII010077,SID0017,MID0018,63,2025/07/14
SDII010078,SID0017,MID0018,56,2025/07/15
SDII010079,SID0017,MID0018,49,2025/07/16
SDII010080,SID0017,MID0018,44,2025/07/17
SDII010081,SID0017,MID0018,44,2025/07/18
SDII010082,SID0017,MID0018,44,2025/07/19
SDII010083,SID0017,MID0018,44,2025/07/20
SDII010084,SID0017,MID0018,44,2025/07/21
SDII010085,SID0017,MID0018,44,2025/07/22
SDII010086,SID0017,MID0018,44,2025/07/23
SDII010087,SID0017,MID0018,44,2025/07/24
SDII010088,SID0017,MID0018,44,2025/07/25
SDII010089,SID0017,MID0018,44,2025/07/26
SDII010090,SID0017,MID0018,44,2025/07/27
SDII010091,SID0017,MID0018,44,2025/07/28
SDII010092,SID0017,MID0018,44,2025/07/29
SDII010093,SID0017,MID0018,105,2025/07/30
SDII010094,SID0017,MID0018,105,2025/07/31
SDII010095,SID0017,MID0018,105,2025/08/01
SDII010096,SID0017,MID0018,105,2025/08/02
SDII010097,SID0017,MID0018,105,2025/08/03
SDII010098,SID0017,MID0018,105,2025/08/04
SDII010099,SID0017,MID0018,105,2025/08/05
SDII010100,SID0017,MID0018,99,2025/08/06
SDII010101,SID0017,MID0018,97,2025/08/07
SDII010102,SID0017,MID0018,91,2025/08/08
SDII010103,SID0017,MID0018,80,2025/08/09
SDII010104,SID0017,MID0018,80,2025/08/10
SDII010105,SID0017,MID0018,80,2025/08/11
SDII010106,SID0017,MID0018,80,2025/08/12
SDII010107,SID0017,MID0018,80,2025/08/13
SDII010108,SID0017,MID0018,80,2025/08/14
SDII010109,SID0017,MID0018,80,2025/08/15
SDII010110,SID0017,MID0018,80,2025/08/16
SDII010111,SID0017,MID0018,80,2025/08/17
SDII010112,SID0017,MID0018,80,2025/08/18
SDII010113,SID0017,MID0018,80,2025/08/19
SDII010114,SID0017,MID0018,80,2025/08/20
SDII010115,SID0017,MID0018,80,2025/08/21
SDII010116,SID0017,MID0018,80,2025/08/22
SDII010117,SID0017,MID0018,80,2025/08/23
SDII010118,SID0017,MID0018,80,2025/08/24
SDII010119,SID0017,MID0018,80,2025/08/25
SDII010120,SID0017,MID0018,80,2025/08/26
SDII010121,SID0017,MID0018,80,2025/08/27
SDII010122,SID0017,MID0018,80,2025/08/28
SDII010123,SID0017,MID0018,80,2025/08/29
SDII010124,SID0017,MID0018,80,2025/08/30
SDII010125,SID0017,MID0018,80,2025/08/31
SDII010126,SID0017,MID0018,80,2025/09/01
SDII010127,SID0017,MID0018,80,2025/09/02
SDII010128,SID0017,MID0018,80,2025/09/03
SDII010129,SID0017,MID0018,80,2025/09/04
SDII010130,SID0017,MID0018,80,2025/09/05
SDII010131,SID0017,MID0018,141,2025/09/06
SDII010132,SID0017,MID0018,141,2025/09/07
SDII010133,SID0017,MID0018,141,2025/09/08
SDII010134,SID0017,MID0018,141,2025/09/09
SDII010135,SID0017,MID0018,141,2025/09/10
SDII010136,SID0017,MID0018,141,2025/09/11
SDII010137,SID0017,MID0018,139,2025/09/12
SDII010138,SID0017,MID0018,130,2025/09/13
SDII010139,SID0017,MID0018,130,2025/09/14
SDII010140,SID0017,MID0018,130,2025/09/15
SDII010141,SID0017,MID0018,109,2025/09/16
SDII010142,SID0017,MID0018,109,2025/09/17
SDII010143,SID0017,MID0018,109,2025/09/18
SDII010144,SID0017,MID0018,109,2025/09/19
SDII010145,SID0017,MID0018,109,2025/09/20
SDII010146,SID0017,MID0018,109,2025/09/21
SDII010147,SID0017,MID0018,109,2025/09/22
SDII010148,SID0017,MID0018,109,2025/09/23
SDII010149,SID0017,MID0018,109,2025/09/24
SDII010150,SID0017,MID0018,109,2025/09/25
SDII010151,SID0017,MID0018,109,2025/09/26
SDII010152,SID0017,MID0018,109,2025/09/27
SDII010153,SID0017,MID0018,109,2025/09/28
SDII010154,SID0017,MID0018,109,2025/09/29
SDII010155,SID0017,MID0018,109,2025/09/30
SDII010156,SID0017,MID0018,109,2025/10/01
SDII010157,SID0017,MID0018,109,2025/10/02
SDII010158,SID0017,MID0018,109,2025/10/03
SDII010159,SID0017,MID0018,109,2025/10/04
SDII010160,SID0017,MID0018,109,2025/10/05
SDII010161,SID0017,MID0018,109,2025/10/06
SDII010162,SID0017,MID0018,109,2025/10/07
SDII010163,SID0017,MID0018,109,2025/10/08
SDII010164,SID0017,MID0018,109,2025/10/09
SDII010165,SID0017,MID0018,109,2025/10/10
SDII010166,SID0017,MID0018,109,2025/10/11
SDII010167,SID0017,MID0018,109,2025/10/12
SDII010168,SID0017,MID0018,109,2025/10/13
SDII010169,SID0017,MID0018,109,2025/10/14
SDII010170,SID0017,MID0018,109,2025/10/15
SDII010171,SID0017,MID0018,109,2025/10/16
SDII010172,SID0017,MID0018,109,2025/10/17
SDII010173,SID0017,MID0018,109,2025/10/18
SDII010174,SID0017,MID0018,109,2025/10/19
SDII010175,SID0017,MID0018,109,2025/10/20
SDII010176,SID0017,MID0018,109,2025/10/21
SDII010177,SID0017,MID0018,109,2025/10/22
SDII010178,SID0017,MID0018,109,2025/10/23
SDII010179,SID0017,MID0018,109,2025/10/24
SDII010180,SID0017,MID0018,109,2025/10/25
SDII010181,SID0017,MID0018,109,2025/10/26
SDII010182,SID0017,MID0018,109,2025/10/27
SDII010183,SID0017,MID0018,109,2025/10/28
SDII010184,SID0017,MID0018,103,2025/10/29
SDII010185,SID0017,MID0018,84,2025/10/30
SDII010186,SID0017,MID0018,78,2025/10/31
SDII010187,SID0017,MID0018,78,2025/11/01
SDII010188,SID0017,MID0018,78,2025/11/02
SDII010189,SID0017,MID0018,78,2025/11/03
SDII010190,SID0017,MID0018,78,2025/11/04
SDII010191,SID0017,MID0018,78,2025/11/05
SDII010192,SID0017,MID0018,78,2025/11/06
SDII010193,SID0017,MID0018,78,2025/11/07
SDII010194,SID0017,MID0018,170,2025/11/08
SDII010195,SID0017,MID0018,170,2025/11/09
SDII010196,SID0017,MID0018,170,2025/11/10
SDII010197,SID0017,MID0018,170,2025/11/11
SDII010198,SID0017,MID0018,170,2025/11/12
SDII010199,SID0017,MID0018,160,2025/11/13
SDII010200,SID0017,MID0018,145,2025/11/14
SDII010201,SID0017,MID0018,140,2025/11/15
SDII010202,SID0017,MID0018,140,2025/11/16
SDII010203,SID0017,MID0018,140,2025/11/17
SDII010204,SID0017,MID0018,140,2025/11/18
SDII010205,SID0017,MID0018,140,2025/11/19
SDII010206,SID0017,MID0018,140,2025/11/20
SDII010207,SID0017,MID0018,140,2025/11/21
SDII010208,SID0017,MID0018,140,2025/11/22
SDII010209,SID0017,MID0018,140,2025/11/23
SDII010210,SID0017,MID0018,140,2025/11/24
SDII010211,SID0017,MID0018,140,2025/11/25
SDII010212,SID0017,MID0018,140,2025/11/26
SDII010213,SID0017,MID0018,140,2025/11/27
SDII010214,SID0017,MID0018,140,2025/11/28
SDII010215,SID0017,MID0018,140,2025/11/29
SDII010216,SID0017,MID0018,140,2025/11/30
SDII010217,SID0017,MID0018,140,2025/12/01
SDII010218,SID0017,MID0018,140,2025/12/02
SDII010219,SID0017,MID0018,140,2025/12/03
SDII010220,SID0017,MID0018,140,2025/12/04
SDII010221,SID0017,MID0018,140,2025/12/05
SDII010222,SID0017,MID0018,140,2025/12/06
SDII010223,SID0017,MID0018,140,2025/12/07
SDII010224,SID0017,MID0018,140,2025/12/08
SDII010225,SID0017,MID0018,140,2025/12/09
SDII010226,SID0017,MID0018,140,2025/12/10
SDII010227,SID0017,MID0018,140,2025/12/11
SDII010228,SID0017,MID0018,140,2025/12/12
SDII010229,SID0017,MID0018,140,2025/12/13
SDII010230,SID0017,MID0018,140,2025/12/14
SDII010231,SID0017,MID0018,140,2025/12/15
SDII010232,SID0017,MID0018,140,2025/12/16
SDII010233,SID0017,MID0018,140,2025/12/17
SDII010234,SID0017,MID0018,140,2025/12/18
SDII010235,SID0017,MID0018,140,2025/12/19
SDII010236,SID0017,MID0018,140,2025/12/20
SDII010237,SID0017,MID0018,140,2025/12/21
SDII010238,SID0017,MID0018,140,2025/12/22
SDII010239,SID0017,MID0018,140,2025/12/23
SDII010240,SID0017,MID0018,132,2025/12/24
SDII010241,SID0017,MID0018,96,2025/12/25
SDII010242,SID0017,MID0018,96,2025/12/26
SDII010243,SID0017,MID0018,96,2025/12/27
SDII010244,SID0017,MID0018,96,2025/12/28
SDII010245,SID0017,MID0018,96,2025/12/29
SDII010246,SID0017,MID0018,96,2025/12/30
SDII010247,SID0017,MID0018,96,2025/12/31
SDII010248,SID0017,MID0018,96,2026/01/01
SDII010249,SID0018,MID0002,51,2025/01/01
SDII010250,SID0018,MID0002,51,2025/01/02
SDII010251,SID0018,MID0002,51,2025/01/03
SDII010252,SID0018,MID0002,51,2025/01/04
SDII010253,SID0018,MID0002,51,2025/01/05
SDII010254,SID0018,MID0002,51,2025/01/06
SDII010255,SID0018,MID0002,51,2025/01/07
SDII010256,SID0018,MID0002,51,2025/01/08
SDII010257,SID0018,MID0002,50,2025/01/09
SDII010258,SID0018,MID0002,39,2025/01/10
SDII010259,SID0018,MID0002,27,2025/01/11
SDII010260,SID0018,MID0002,27,2025/01/12
SDII010261,SID0018,MID0002,27,2025/01/13
SDII010262,SID0018,MID0002,19,2025/01/14
SDII010263,SID0018,MID0002,11,2025/01/15
SDII010264,SID0018,MID0002,0,2025/01/16
SDII010265,SID0018,MID0002,0,2025/01/17
SDII010266,SID0018,MID0002,0,2025/01/18
SDII010267,SID0018,MID0002,101,2025/01/19
SDII010268,SID0018,MID0002,101,2025/01/20
SDII010269,SID0018,MID0002,101,2025/01/21
SDII010270,SID0018,MID0002,101,2025/01/22
SDII010271,SID0018,MID0002,101,2025/01/23
SDII010272,SID0018,MID0002,101,2025/01/24
SDII010273,SID0018,MID0002,101,2025/01/25
SDII010274,SID0018,MID0002,223,2025/01/26
SDII010275,SID0018,MID0002,223,2025/01/27
SDII010276,SID0018,MID0002,223,2025/01/28
SDII010277,SID0018,MID0002,223,2025/01/29
SDII010278,SID0018,MID0002,223,2025/01/30
SDII010279,SID0018,MID0002,223,2025/01/31
SDII010280,SID0018,MID0002,223,2025/02/01
SDII010281,SID0018,MID0002,223,2025/02/02
SDII010282,SID0018,MID0002,223,2025/02/03
SDII010283,SID0018,MID0002,223,2025/02/04
SDII010284,SID0018,MID0002,204,2025/02/05
SDII010285,SID0018,MID0002,175,2025/02/06
SDII010286,SID0018,MID0002,175,2025/02/07
SDII010287,SID0018,MID0002,175,2025/02/08
SDII010288,SID0018,MID0002,175,2025/02/09
SDII010289,SID0018,MID0002,175,2025/02/10
SDII010290,SID0018,MID0002,175,2025/02/11
SDII010291,SID0018,MID0002,175,2025/02/12
SDII010292,SID0018,MID0002,175,2025/02/13
SDII010293,SID0018,MID0002,175,2025/02/14
SDII010294,SID0018,MID0002,175,2025/02/15
SDII010295,SID0018,MID0002,175,2025/02/16
SDII010296,SID0018,MID0002,175,2025/02/17
SDII010297,SID0018,MID0002,175,2025/02/18
SDII010298,SID0018,MID0002,175,2025/02/19
SDII010299,SID0018,MID0002,175,2025/02/20
SDII010300,SID0018,MID0002,175,2025/02/21
SDII010301,SID0018,MID0002,175,2025/02/22
SDII010302,SID0018,MID0002,175,2025/02/23
SDII010303,SID0018,MID0002,175,2025/02/24
SDII010304,SID0018,MID0002,175,2025/02/25
SDII010305,SID0018,MID0002,175,2025/02/26
SDII010306,SID0018,MID0002,175,2025/02/27
SDII010307,SID0018,MID0002,175,2025/02/28
SDII010308,SID0018,MID0002,175,2025/03/01
SDII010309,SID0018,MID0002,175,2025/03/02
SDII010310,SID0018,MID0002,175,2025/03/03
SDII010311,SID0018,MID0002,175,2025/03/04
SDII010312,SID0018,MID0002,175,2025/03/05
SDII010313,SID0018,MID0002,175,2025/03/06
SDII010314,SID0018,MID0002,175,2025/03/07
SDII010315,SID0018,MID0002,175,2025/03/08
SDII010316,SID0018,MID0002,175,2025/03/09
SDII010317,SID0018,MID0002,175,2025/03/10
SDII010318,SID0018,MID0002,175,2025/03/11
SDII010319,SID0018,MID0002,175,2025/03/12
SDII010320,SID0018,MID0002,175,2025/03/13
SDII010321,SID0018,MID0002,175,2025/03/14
SDII010322,SID0018,MID0002,175,2025/03/15
SDII010323,SID0018,MID0002,175,2025/03/16
SDII010324,SID0018,MID0002,175,2025/03/17
SDII010325,SID0018,MID0002,175,2025/03/18
SDII010326,SID0018,MID0002,175,2025/03/19
SDII010327,SID0018,MID0002,175,2025/03/20
SDII010328,SID0018,MID0002,175,2025/03/21
SDII010329,SID0018,MID0002,175,2025/03/22
SDII010330,SID0018,MID0002,175,2025/03/23
SDII010331,SID0018,MID0002,175,2025/03/24
SDII010332,SID0018,MID0002,175,2025/03/25
SDII010333,SID0018,MID0002,175,2025/03/26
SDII010334,SID0018,MID0002,175,2025/03/27
SDII010335,SID0018,MID0002,164,2025/03/28
SDII010336,SID0018,MID0002,143,2025/03/29
SDII010337,SID0018,MID0002,143,2025/03/30
SDII010338,SID0018,MID0002,143,2025/03/31
SDII010339,SID0018,MID0002,117,2025/04/01
SDII010340,SID0018,MID0002,117,2025/04/02
SDII010341,SID0018,MID0002,117,2025/04/03
SDII010342,SID0018,MID0002,117,2025/04/04
SDII010343,SID0018,MID0002,117,2025/04/05
SDII010344,SID0018,MID0002,117,2025/04/06
SDII010345,SID0018,MID0002,117,2025/04/07
SDII010346,SID0018,MID0002,117,2025/04/08
SDII010347,SID0018,MID0002,117,2025/04/09
SDII010348,SID0018,MID0002,117,2025/04/10
SDII010349,SID0018,MID0002,117,2025/04/11
SDII010350,SID0018,MID0002,117,2025/04/12
SDII010351,SID0018,MID0002,117,2025/04/13
SDII010352,SID0018,MID0002,117,2025/04/14
SDII010353,SID0018,MID0002,117,2025/04/15
SDII010354,SID0018,MID0002,117,2025/04/16
SDII010355,SID0018,MID0002,117,2025/04/17
SDII010356,SID0018,MID0002,117,2025/04/18
SDII010357,SID0018,MID0002,218,2025/04/19
SDII010358,SID0018,MID0002,218,2025/04/20
SDII010359,SID0018,MID0002,218,2025/04/21
SDII010360,SID0018,MID0002,191,2025/04/22
SDII010361,SID0018,MID0002,188,2025/04/23
SDII010362,SID0018,MID0002,165,2025/04/24
SDII010363,SID0018,MID0002,153,2025/04/25
SDII010364,SID0018,MID0002,148,2025/04/26
SDII010365,SID0018,MID0002,148,2025/04/27
SDII010366,SID0018,MID0002,148,2025/04/28
SDII010367,SID0018,MID0002,148,2025/04/29
SDII010368,SID0018,MID0002,148,2025/04/30
SDII010369,SID0018,MID0002,148,2025/05/01
SDII010370,SID0018,MID0002,148,2025/05/02
SDII010371,SID0018,MID0002,148,2025/05/03
SDII010372,SID0018,MID0002,148,2025/05/04
SDII010373,SID0018,MID0002,148,2025/05/05
SDII010374,SID0018,MID0002,148,2025/05/06
SDII010375,SID0018,MID0002,148,2025/05/07
SDII010376,SID0018,MID0002,148,2025/05/08
SDII010377,SID0018,MID0002,148,2025/05/09
SDII010378,SID0018,MID0002,148,2025/05/10
SDII010379,SID0018,MID0002,148,2025/05/11
SDII010380,SID0018,MID0002,148,2025/05/12
SDII010381,SID0018,MID0002,148,2025/05/13
SDII010382,SID0018,MID0002,148,2025/05/14
SDII010383,SID0018,MID0002,148,2025/05/15
SDII010384,SID0018,MID0002,148,2025/05/16
SDII010385,SID0018,MID0002,148,2025/05/17
SDII010386,SID0018,MID0002,148,2025/05/18
SDII010387,SID0018,MID0002,148,2025/05/19
SDII010388,SID0018,MID0002,148,2025/05/20
SDII010389,SID0018,MID0002,148,2025/05/21
SDII010390,SID0018,MID0002,148,2025/05/22
SDII010391,SID0018,MID0002,148,2025/05/23
SDII010392,SID0018,MID0002,148,2025/05/24
SDII010393,SID0018,MID0002,148,2025/05/25
SDII010394,SID0018,MID0002,148,2025/05/26
SDII010395,SID0018,MID0002,128,2025/05/27
SDII010396,SID0018,MID0002,119,2025/05/28
SDII010397,SID0018,MID0002,92,2025/05/29
SDII010398,SID0018,MID0002,208,2025/05/30
SDII010399,SID0018,MID0002,203,2025/05/31
SDII010400,SID0018,MID0002,203,2025/06/01
SDII010401,SID0018,MID0002,203,2025/06/02
SDII010402,SID0018,MID0002,203,2025/06/03
SDII010403,SID0018,MID0002,203,2025/06/04
SDII010404,SID0018,MID0002,203,2025/06/05
SDII010405,SID0018,MID0002,183,2025/06/06
SDII010406,SID0018,MID0002,156,2025/06/07
SDII010407,SID0018,MID0002,156,2025/06/08
SDII010408,SID0018,MID0002,156,2025/06/09
SDII010409,SID0018,MID0002,148,2025/06/10
SDII010410,SID0018,MID0002,140,2025/06/11
SDII010411,SID0018,MID0002,140,2025/06/12
SDII010412,SID0018,MID0002,140,2025/06/13
SDII010413,SID0018,MID0002,140,2025/06/14
SDII010414,SID0018,MID0002,140,2025/06/15
SDII010415,SID0018,MID0002,140,2025/06/16
SDII010416,SID0018,MID0002,140,2025/06/17
SDII010417,SID0018,MID0002,140,2025/06/18
SDII010418,SID0018,MID0002,140,2025/06/19
SDII010419,SID0018,MID0002,140,2025/06/20
SDII010420,SID0018,MID0002,140,2025/06/21
SDII010421,SID0018,MID0002,140,2025/06/22
SDII010422,SID0018,MID0002,140,2025/06/23
SDII010423,SID0018,MID0002,140,2025/06/24
SDII010424,SID0018,MID0002,140,2025/06/25
SDII010425,SID0018,MID0002,140,2025/06/26
SDII010426,SID0018,MID0002,140,2025/06/27
SDII010427,SID0018,MID0002,140,2025/06/28
SDII010428,SID0018,MID0002,140,2025/06/29
SDII010429,SID0018,MID0002,140,2025/06/30
SDII010430,SID0018,MID0002,140,2025/07/01
SDII010431,SID0018,MID0002,140,2025/07/02
SDII010432,SID0018,MID0002,140,2025/07/03
SDII010433,SID0018,MID0002,140,2025/07/04
SDII010434,SID0018,MID0002,140,2025/07/05
SDII010435,SID0018,MID0002,140,2025/07/06
SDII010436,SID0018,MID0002,140,2025/07/07
SDII010437,SID0018,MID0002,140,2025/07/08
SDII010438,SID0018,MID0002,140,2025/07/09
SDII010439,SID0018,MID0002,140,2025/07/10
SDII010440,SID0018,MID0002,140,2025/07/11
SDII010441,SID0018,MID0002,121,2025/07/12
SDII010442,SID0018,MID0002,121,2025/07/13
SDII010443,SID0018,MID0002,121,2025/07/14
SDII010444,SID0018,MID0002,107,2025/07/15
SDII010445,SID0018,MID0002,97,2025/07/16
SDII010446,SID0018,MID0002,94,2025/07/17
SDII010447,SID0018,MID0002,88,2025/07/18
SDII010448,SID0018,MID0002,88,2025/07/19
SDII010449,SID0018,MID0002,88,2025/07/20
SDII010450,SID0018,MID0002,88,2025/07/21
SDII010451,SID0018,MID0002,88,2025/07/22
SDII010452,SID0018,MID0002,88,2025/07/23
SDII010453,SID0018,MID0002,88,2025/07/24
SDII010454,SID0018,MID0002,88,2025/07/25
SDII010455,SID0018,MID0002,88,2025/07/26
SDII010456,SID0018,MID0002,88,2025/07/27
SDII010457,SID0018,MID0002,88,2025/07/28
SDII010458,SID0018,MID0002,88,2025/07/29
SDII010459,SID0018,MID0002,88,2025/07/30
SDII010460,SID0018,MID0002,88,2025/07/31
SDII010461,SID0018,MID0002,88,2025/08/01
SDII010462,SID0018,MID0002,88,2025/08/02
SDII010463,SID0018,MID0002,88,2025/08/03
SDII010464,SID0018,MID0002,88,2025/08/04
SDII010465,SID0018,MID0002,88,2025/08/05
SDII010466,SID0018,MID0002,88,2025/08/06
SDII010467,SID0018,MID0002,88,2025/08/07
SDII010468,SID0018,MID0002,88,2025/08/08
SDII010469,SID0018,MID0002,88,2025/08/09
SDII010470,SID0018,MID0002,88,2025/08/10
SDII010471,SID0018,MID0002,88,2025/08/11
SDII010472,SID0018,MID0002,88,2025/08/12
SDII010473,SID0018,MID0002,88,2025/08/13
SDII010474,SID0018,MID0002,88,2025/08/14
SDII010475,SID0018,MID0002,88,2025/08/15
SDII010476,SID0018,MID0002,149,2025/08/16
SDII010477,SID0018,MID0002,149,2025/08/17
SDII010478,SID0018,MID0002,149,2025/08/18
SDII010479,SID0018,MID0002,126,2025/08/19
SDII010480,SID0018,MID0002,106,2025/08/20
SDII010481,SID0018,MID0002,106,2025/08/21
SDII010482,SID0018,MID0002,106,2025/08/22
SDII010483,SID0018,MID0002,106,2025/08/23
SDII010484,SID0018,MID0002,106,2025/08/24
SDII010485,SID0018,MID0002,106,2025/08/25
SDII010486,SID0018,MID0002,106,2025/08/26
SDII010487,SID0018,MID0002,106,2025/08/27
SDII010488,SID0018,MID0002,106,2025/08/28
SDII010489,SID0018,MID0002,106,2025/08/29
SDII010490,SID0018,MID0002,106,2025/08/30
SDII010491,SID0018,MID0002,106,2025/08/31
SDII010492,SID0018,MID0002,106,2025/09/01
SDII010493,SID0018,MID0002,106,2025/09/02
SDII010494,SID0018,MID0002,106,2025/09/03
SDII010495,SID0018,MID0002,106,2025/09/04
SDII010496,SID0018,MID0002,106,2025/09/05
SDII010497,SID0018,MID0002,106,2025/09/06
SDII010498,SID0018,MID0002,106,2025/09/07
SDII010499,SID0018,MID0002,106,2025/09/08
SDII010500,SID0018,MID0002,106,2025/09/09
SDII010501,SID0018,MID0002,106,2025/09/10
SDII010502,SID0018,MID0002,106,2025/09/11
SDII010503,SID0018,MID0002,106,2025/09/12
SDII010504,SID0018,MID0002,106,2025/09/13
SDII010505,SID0018,MID0002,106,2025/09/14
SDII010506,SID0018,MID0002,106,2025/09/15
SDII010507,SID0018,MID0002,106,2025/09/16
SDII010508,SID0018,MID0002,102,2025/09/17
SDII010509,SID0018,MID0002,91,2025/09/18
SDII010510,SID0018,MID0002,81,2025/09/19
SDII010511,SID0018,MID0002,79,2025/09/20
SDII010512,SID0018,MID0002,79,2025/09/21
SDII010513,SID0018,MID0002,79,2025/09/22
SDII010514,SID0018,MID0002,73,2025/09/23
SDII010515,SID0018,MID0002,64,2025/09/24
SDII010516,SID0018,MID0002,64,2025/09/25
SDII010517,SID0018,MID0002,64,2025/09/26
SDII010518,SID0018,MID0002,64,2025/09/27
SDII010519,SID0018,MID0002,64,2025/09/28
SDII010520,SID0018,MID0002,64,2025/09/29
SDII010521,SID0018,MID0002,64,2025/09/30
SDII010522,SID0018,MID0002,64,2025/10/01
SDII010523,SID0018,MID0002,64,2025/10/02
SDII010524,SID0018,MID0002,64,2025/10/03
SDII010525,SID0018,MID0002,64,2025/10/04
SDII010526,SID0018,MID0002,64,2025/10/05
SDII010527,SID0018,MID0002,64,2025/10/06
SDII010528,SID0018,MID0002,125,2025/10/07
SDII010529,SID0018,MID0002,125,2025/10/08
SDII010530,SID0018,MID0002,125,2025/10/09
SDII010531,SID0018,MID0002,125,2025/10/10
SDII010532,SID0018,MID0002,125,2025/10/11
SDII010533,SID0018,MID0002,125,2025/10/12
SDII010534,SID0018,MID0002,125,2025/10/13
SDII010535,SID0018,MID0002,125,2025/10/14
SDII010536,SID0018,MID0002,125,2025/10/15
SDII010537,SID0018,MID0002,125,2025/10/16
SDII010538,SID0018,MID0002,125,2025/10/17
SDII010539,SID0018,MID0002,125,2025/10/18
SDII010540,SID0018,MID0002,125,2025/10/19
SDII010541,SID0018,MID0002,125,2025/10/20
SDII010542,SID0018,MID0002,125,2025/10/21
SDII010543,SID0018,MID0002,125,2025/10/22
SDII010544,SID0018,MID0002,125,2025/10/23
SDII010545,SID0018,MID0002,125,2025/10/24
SDII010546,SID0018,MID0002,125,2025/10/25
SDII010547,SID0018,MID0002,125,2025/10/26
SDII010548,SID0018,MID0002,125,2025/10/27
SDII010549,SID0018,MID0002,125,2025/10/28
SDII010550,SID0018,MID0002,109,2025/10/29
SDII010551,SID0018,MID0002,89,2025/10/30
SDII010552,SID0018,MID0002,81,2025/10/31
SDII010553,SID0018,MID0002,81,2025/11/01
SDII010554,SID0018,MID0002,81,2025/11/02
SDII010555,SID0018,MID0002,81,2025/11/03
SDII010556,SID0018,MID0002,81,2025/11/04
SDII010557,SID0018,MID0002,81,2025/11/05
SDII010558,SID0018,MID0002,81,2025/11/06
SDII010559,SID0018,MID0002,81,2025/11/07
SDII010560,SID0018,MID0002,81,2025/11/08
SDII010561,SID0018,MID0002,81,2025/11/09
SDII010562,SID0018,MID0002,81,2025/11/10
SDII010563,SID0018,MID0002,81,2025/11/11
SDII010564,SID0018,MID0002,81,2025/11/12
SDII010565,SID0018,MID0002,81,2025/11/13
SDII010566,SID0018,MID0002,81,2025/11/14
SDII010567,SID0018,MID0002,81,2025/11/15
SDII010568,SID0018,MID0002,81,2025/11/16
SDII010569,SID0018,MID0002,81,2025/11/17
SDII010570,SID0018,MID0002,81,2025/11/18
SDII010571,SID0018,MID0002,81,2025/11/19
SDII010572,SID0018,MID0002,182,2025/11/20
SDII010573,SID0018,MID0002,182,2025/11/21
SDII010574,SID0018,MID0002,179,2025/11/22
SDII010575,SID0018,MID0002,179,2025/11/23
SDII010576,SID0018,MID0002,179,2025/11/24
SDII010577,SID0018,MID0002,177,2025/11/25
SDII010578,SID0018,MID0002,167,2025/11/26
SDII010579,SID0018,MID0002,155,2025/11/27
SDII010580,SID0018,MID0002,150,2025/11/28
SDII010581,SID0018,MID0002,145,2025/11/29
SDII010582,SID0018,MID0002,145,2025/11/30
SDII010583,SID0018,MID0002,145,2025/12/01
SDII010584,SID0018,MID0002,145,2025/12/02
SDII010585,SID0018,MID0002,145,2025/12/03
SDII010586,SID0018,MID0002,145,2025/12/04
SDII010587,SID0018,MID0002,145,2025/12/05
SDII010588,SID0018,MID0002,145,2025/12/06
SDII010589,SID0018,MID0002,145,2025/12/07
SDII010590,SID0018,MID0002,145,2025/12/08
SDII010591,SID0018,MID0002,145,2025/12/09
SDII010592,SID0018,MID0002,145,2025/12/10
SDII010593,SID0018,MID0002,142,2025/12/11
SDII010594,SID0018,MID0002,135,2025/12/12
SDII010595,SID0018,MID0002,123,2025/12/13
SDII010596,SID0018,MID0002,123,2025/12/14
SDII010597,SID0018,MID0002,123,2025/12/15
SDII010598,SID0018,MID0002,111,2025/12/16
SDII010599,SID0018,MID0002,104,2025/12/17
SDII010600,SID0018,MID0002,101,2025/12/18
SDII010601,SID0018,MID0002,101,2025/12/19
SDII010602,SID0018,MID0002,101,2025/12/20
SDII010603,SID0018,MID0002,101,2025/12/21
SDII010604,SID0018,MID0002,101,2025/12/22
SDII010605,SID0018,MID0002,101,2025/12/23
SDII010606,SID0018,MID0002,101,2025/12/24
SDII010607,SID0018,MID0002,101,2025/12/25
SDII010608,SID0018,MID0002,101,2025/12/26
SDII010609,SID0018,MID0002,101,2025/12/27
SDII010610,SID0018,MID0002,101,2025/12/28
SDII010611,SID0018,MID0002,101,2025/12/29
SDII010612,SID0018,MID0002,101,2025/12/30
SDII010613,SID0018,MID0002,101,2025/12/31
SDII010614,SID0018,MID0002,101,2026/01/01
SDII010615,SID0018,MID0004,976,2025/01/01
SDII010616,SID0018,MID0004,942,2025/01/02
SDII010617,SID0018,MID0004,845,2025/01/03
SDII010618,SID0018,MID0004,813,2025/01/04
SDII010619,SID0018,MID0004,813,2025/01/05
SDII010620,SID0018,MID0004,813,2025/01/06
SDII010621,SID0018,MID0004,791,2025/01/07
SDII010622,SID0018,MID0004,739,2025/01/08
SDII010623,SID0018,MID0004,643,2025/01/09
SDII010624,SID0018,MID0004,596,2025/01/10
SDII010625,SID0018,MID0004,555,2025/01/11
SDII010626,SID0018,MID0004,555,2025/01/12
SDII010627,SID0018,MID0004,555,2025/01/13
SDII010628,SID0018,MID0004,488,2025/01/14
SDII010629,SID0018,MID0004,392,2025/01/15
SDII010630,SID0018,MID0004,327,2025/01/16
SDII010631,SID0018,MID0004,254,2025/01/17
SDII010632,SID0018,MID0004,254,2025/01/18
SDII010633,SID0018,MID0004,254,2025/01/19
SDII010634,SID0018,MID0004,254,2025/01/20
SDII010635,SID0018,MID0004,254,2025/01/21
SDII010636,SID0018,MID0004,2291,2025/01/22
SDII010637,SID0018,MID0004,2183,2025/01/23
SDII010638,SID0018,MID0004,2124,2025/01/24
SDII010639,SID0018,MID0004,2037,2025/01/25
SDII010640,SID0018,MID0004,2037,2025/01/26
SDII010641,SID0018,MID0004,2037,2025/01/27
SDII010642,SID0018,MID0004,2037,2025/01/28
SDII010643,SID0018,MID0004,1990,2025/01/29
SDII010644,SID0018,MID0004,1918,2025/01/30
SDII010645,SID0018,MID0004,1768,2025/01/31
SDII010646,SID0018,MID0004,1760,2025/02/01
SDII010647,SID0018,MID0004,1760,2025/02/02
SDII010648,SID0018,MID0004,1760,2025/02/03
SDII010649,SID0018,MID0004,1701,2025/02/04
SDII010650,SID0018,MID0004,1660,2025/02/05
SDII010651,SID0018,MID0004,1494,2025/02/06
SDII010652,SID0018,MID0004,1470,2025/02/07
SDII010653,SID0018,MID0004,1441,2025/02/08
SDII010654,SID0018,MID0004,1441,2025/02/09
SDII010655,SID0018,MID0004,1441,2025/02/10
SDII010656,SID0018,MID0004,1189,2025/02/11
SDII010657,SID0018,MID0004,1150,2025/02/12
SDII010658,SID0018,MID0004,1112,2025/02/13
SDII010659,SID0018,MID0004,2385,2025/02/14
SDII010660,SID0018,MID0004,2385,2025/02/15
SDII010661,SID0018,MID0004,2385,2025/02/16
SDII010662,SID0018,MID0004,2385,2025/02/17
SDII010663,SID0018,MID0004,2260,2025/02/18
SDII010664,SID0018,MID0004,2203,2025/02/19
SDII010665,SID0018,MID0004,2079,2025/02/20
SDII010666,SID0018,MID0004,2078,2025/02/21
SDII010667,SID0018,MID0004,2078,2025/02/22
SDII010668,SID0018,MID0004,2078,2025/02/23
SDII010669,SID0018,MID0004,2078,2025/02/24
SDII010670,SID0018,MID0004,2078,2025/02/25
SDII010671,SID0018,MID0004,1986,2025/02/26
SDII010672,SID0018,MID0004,1842,2025/02/27
SDII010673,SID0018,MID0004,1829,2025/02/28
SDII010674,SID0018,MID0004,1758,2025/03/01
SDII010675,SID0018,MID0004,1758,2025/03/02
SDII010676,SID0018,MID0004,1758,2025/03/03
SDII010677,SID0018,MID0004,1641,2025/03/04
SDII010678,SID0018,MID0004,1547,2025/03/05
SDII010679,SID0018,MID0004,1519,2025/03/06
SDII010680,SID0018,MID0004,1487,2025/03/07
SDII010681,SID0018,MID0004,1461,2025/03/08
SDII010682,SID0018,MID0004,1461,2025/03/09
SDII010683,SID0018,MID0004,1461,2025/03/10
SDII010684,SID0018,MID0004,1443,2025/03/11
SDII010685,SID0018,MID0004,1371,2025/03/12
SDII010686,SID0018,MID0004,2273,2025/03/13
SDII010687,SID0018,MID0004,2226,2025/03/14
SDII010688,SID0018,MID0004,2129,2025/03/15
SDII010689,SID0018,MID0004,2129,2025/03/16
SDII010690,SID0018,MID0004,2129,2025/03/17
SDII010691,SID0018,MID0004,2022,2025/03/18
SDII010692,SID0018,MID0004,1987,2025/03/19
SDII010693,SID0018,MID0004,1858,2025/03/20
SDII010694,SID0018,MID0004,1832,2025/03/21
SDII010695,SID0018,MID0004,1778,2025/03/22
SDII010696,SID0018,MID0004,1778,2025/03/23
SDII010697,SID0018,MID0004,1778,2025/03/24
SDII010698,SID0018,MID0004,1778,2025/03/25
SDII010699,SID0018,MID0004,1640,2025/03/26
SDII010700,SID0018,MID0004,1452,2025/03/27
SDII010701,SID0018,MID0004,1452,2025/03/28
SDII010702,SID0018,MID0004,1452,2025/03/29
SDII010703,SID0018,MID0004,2725,2025/03/30
SDII010704,SID0018,MID0004,2725,2025/03/31
SDII010705,SID0018,MID0004,2725,2025/04/01
SDII010706,SID0018,MID0004,2725,2025/04/02
SDII010707,SID0018,MID0004,2717,2025/04/03
SDII010708,SID0018,MID0004,2705,2025/04/04
SDII010709,SID0018,MID0004,2353,2025/04/05
SDII010710,SID0018,MID0004,2353,2025/04/06
SDII010711,SID0018,MID0004,2353,2025/04/07
SDII010712,SID0018,MID0004,2236,2025/04/08
SDII010713,SID0018,MID0004,2130,2025/04/09
SDII010714,SID0018,MID0004,2128,2025/04/10
SDII010715,SID0018,MID0004,2027,2025/04/11
SDII010716,SID0018,MID0004,2027,2025/04/12
SDII010717,SID0018,MID0004,2027,2025/04/13
SDII010718,SID0018,MID0004,2027,2025/04/14
SDII010719,SID0018,MID0004,1764,2025/04/15
SDII010720,SID0018,MID0004,1693,2025/04/16
SDII010721,SID0018,MID0004,1693,2025/04/17
SDII010722,SID0018,MID0004,1693,2025/04/18
SDII010723,SID0018,MID0004,1693,2025/04/19
SDII010724,SID0018,MID0004,1693,2025/04/20
SDII010725,SID0018,MID0004,1693,2025/04/21
SDII010726,SID0018,MID0004,1693,2025/04/22
SDII010727,SID0018,MID0004,3197,2025/04/23
SDII010728,SID0018,MID0004,3070,2025/04/24
SDII010729,SID0018,MID0004,2889,2025/04/25
SDII010730,SID0018,MID0004,2875,2025/04/26
SDII010731,SID0018,MID0004,2875,2025/04/27
SDII010732,SID0018,MID0004,2875,2025/04/28
SDII010733,SID0018,MID0004,2778,2025/04/29
SDII010734,SID0018,MID0004,2735,2025/04/30
SDII010735,SID0018,MID0004,2646,2025/05/01
SDII010736,SID0018,MID0004,2557,2025/05/02
SDII010737,SID0018,MID0004,2550,2025/05/03
SDII010738,SID0018,MID0004,2550,2025/05/04
SDII010739,SID0018,MID0004,2550,2025/05/05
SDII010740,SID0018,MID0004,2363,2025/05/06
SDII010741,SID0018,MID0004,2175,2025/05/07
SDII010742,SID0018,MID0004,2175,2025/05/08
SDII010743,SID0018,MID0004,2175,2025/05/09
SDII010744,SID0018,MID0004,2175,2025/05/10
SDII010745,SID0018,MID0004,2175,2025/05/11
SDII010746,SID0018,MID0004,2175,2025/05/12
SDII010747,SID0018,MID0004,2064,2025/05/13
SDII010748,SID0018,MID0004,2057,2025/05/14
SDII010749,SID0018,MID0004,1933,2025/05/15
SDII010750,SID0018,MID0004,1872,2025/05/16
SDII010751,SID0018,MID0004,1766,2025/05/17
SDII010752,SID0018,MID0004,1766,2025/05/18
SDII010753,SID0018,MID0004,3294,2025/05/19
SDII010754,SID0018,MID0004,3294,2025/05/20
SDII010755,SID0018,MID0004,3087,2025/05/21
SDII010756,SID0018,MID0004,3012,2025/05/22
SDII010757,SID0018,MID0004,2898,2025/05/23
SDII010758,SID0018,MID0004,2898,2025/05/24
SDII010759,SID0018,MID0004,2898,2025/05/25
SDII010760,SID0018,MID0004,2898,2025/05/26
SDII010761,SID0018,MID0004,2828,2025/05/27
SDII010762,SID0018,MID0004,2529,2025/05/28
SDII010763,SID0018,MID0004,2529,2025/05/29
SDII010764,SID0018,MID0004,2529,2025/05/30
SDII010765,SID0018,MID0004,2529,2025/05/31
SDII010766,SID0018,MID0004,2529,2025/06/01
SDII010767,SID0018,MID0004,2529,2025/06/02
SDII010768,SID0018,MID0004,2484,2025/06/03
SDII010769,SID0018,MID0004,2412,2025/06/04
SDII010770,SID0018,MID0004,2343,2025/06/05
SDII010771,SID0018,MID0004,2216,2025/06/06
SDII010772,SID0018,MID0004,2190,2025/06/07
SDII010773,SID0018,MID0004,2190,2025/06/08
SDII010774,SID0018,MID0004,2190,2025/06/09
SDII010775,SID0018,MID0004,2174,2025/06/10
SDII010776,SID0018,MID0004,2034,2025/06/11
SDII010777,SID0018,MID0004,1978,2025/06/12
SDII010778,SID0018,MID0004,1890,2025/06/13
SDII010779,SID0018,MID0004,1788,2025/06/14
SDII010780,SID0018,MID0004,1788,2025/06/15
SDII010781,SID0018,MID0004,1788,2025/06/16
SDII010782,SID0018,MID0004,1641,2025/06/17
SDII010783,SID0018,MID0004,1435,2025/06/18
SDII010784,SID0018,MID0004,1435,2025/06/19
SDII010785,SID0018,MID0004,1435,2025/06/20
SDII010786,SID0018,MID0004,1435,2025/06/21
SDII010787,SID0018,MID0004,1435,2025/06/22
SDII010788,SID0018,MID0004,1435,2025/06/23
SDII010789,SID0018,MID0004,1384,2025/06/24
SDII010790,SID0018,MID0004,2752,2025/06/25
SDII010791,SID0018,MID0004,2684,2025/06/26
SDII010792,SID0018,MID0004,2618,2025/06/27
SDII010793,SID0018,MID0004,2618,2025/06/28
SDII010794,SID0018,MID0004,2618,2025/06/29
SDII010795,SID0018,MID0004,2618,2025/06/30
SDII010796,SID0018,MID0004,2608,2025/07/01
SDII010797,SID0018,MID0004,2485,2025/07/02
SDII010798,SID0018,MID0004,2475,2025/07/03
SDII010799,SID0018,MID0004,2382,2025/07/04
SDII010800,SID0018,MID0004,2276,2025/07/05
SDII010801,SID0018,MID0004,2276,2025/07/06
SDII010802,SID0018,MID0004,2276,2025/07/07
SDII010803,SID0018,MID0004,2276,2025/07/08
SDII010804,SID0018,MID0004,2276,2025/07/09
SDII010805,SID0018,MID0004,2126,2025/07/10
SDII010806,SID0018,MID0004,1939,2025/07/11
SDII010807,SID0018,MID0004,1900,2025/07/12
SDII010808,SID0018,MID0004,1900,2025/07/13
SDII010809,SID0018,MID0004,1900,2025/07/14
SDII010810,SID0018,MID0004,1825,2025/07/15
SDII010811,SID0018,MID0004,1571,2025/07/16
SDII010812,SID0018,MID0004,1571,2025/07/17
SDII010813,SID0018,MID0004,1571,2025/07/18
SDII010814,SID0018,MID0004,1571,2025/07/19
SDII010815,SID0018,MID0004,1571,2025/07/20
SDII010816,SID0018,MID0004,1571,2025/07/21
SDII010817,SID0018,MID0004,1448,2025/07/22
SDII010818,SID0018,MID0004,1431,2025/07/23
SDII010819,SID0018,MID0004,1382,2025/07/24
SDII010820,SID0018,MID0004,2653,2025/07/25
SDII010821,SID0018,MID0004,2524,2025/07/26
SDII010822,SID0018,MID0004,2524,2025/07/27
SDII010823,SID0018,MID0004,2524,2025/07/28
SDII010824,SID0018,MID0004,2345,2025/07/29
SDII010825,SID0018,MID0004,2190,2025/07/30
SDII010826,SID0018,MID0004,2190,2025/07/31
SDII010827,SID0018,MID0004,2190,2025/08/01
SDII010828,SID0018,MID0004,2190,2025/08/02
SDII010829,SID0018,MID0004,2190,2025/08/03
SDII010830,SID0018,MID0004,2190,2025/08/04
SDII010831,SID0018,MID0004,2190,2025/08/05
SDII010832,SID0018,MID0004,2190,2025/08/06
SDII010833,SID0018,MID0004,2190,2025/08/07
SDII010834,SID0018,MID0004,2058,2025/08/08
SDII010835,SID0018,MID0004,1857,2025/08/09
SDII010836,SID0018,MID0004,1857,2025/08/10
SDII010837,SID0018,MID0004,1857,2025/08/11
SDII010838,SID0018,MID0004,1853,2025/08/12
SDII010839,SID0018,MID0004,1716,2025/08/13
SDII010840,SID0018,MID0004,1661,2025/08/14
SDII010841,SID0018,MID0004,1539,2025/08/15
SDII010842,SID0018,MID0004,1537,2025/08/16
SDII010843,SID0018,MID0004,1537,2025/08/17
SDII010844,SID0018,MID0004,1537,2025/08/18
SDII010845,SID0018,MID0004,1422,2025/08/19
SDII010846,SID0018,MID0004,2576,2025/08/20
SDII010847,SID0018,MID0004,2458,2025/08/21
SDII010848,SID0018,MID0004,2416,2025/08/22
SDII010849,SID0018,MID0004,2416,2025/08/23
SDII010850,SID0018,MID0004,2416,2025/08/24
SDII010851,SID0018,MID0004,2416,2025/08/25
SDII010852,SID0018,MID0004,2276,2025/08/26
SDII010853,SID0018,MID0004,2139,2025/08/27
SDII010854,SID0018,MID0004,2139,2025/08/28
SDII010855,SID0018,MID0004,2139,2025/08/29
SDII010856,SID0018,MID0004,2139,2025/08/30
SDII010857,SID0018,MID0004,2139,2025/08/31
SDII010858,SID0018,MID0004,2139,2025/09/01
SDII010859,SID0018,MID0004,2139,2025/09/02
SDII010860,SID0018,MID0004,2018,2025/09/03
SDII010861,SID0018,MID0004,1967,2025/09/04
SDII010862,SID0018,MID0004,1890,2025/09/05
SDII010863,SID0018,MID0004,1855,2025/09/06
SDII010864,SID0018,MID0004,1855,2025/09/07
SDII010865,SID0018,MID0004,1855,2025/09/08
SDII010866,SID0018,MID0004,1855,2025/09/09
SDII010867,SID0018,MID0004,1755,2025/09/10
SDII010868,SID0018,MID0004,1631,2025/09/11
SDII010869,SID0018,MID0004,1556,2025/09/12
SDII010870,SID0018,MID0004,1556,2025/09/13
SDII010871,SID0018,MID0004,1556,2025/09/14
SDII010872,SID0018,MID0004,1556,2025/09/15
SDII010873,SID0018,MID0004,1474,2025/09/16
SDII010874,SID0018,MID0004,1408,2025/09/17
SDII010875,SID0018,MID0004,1386,2025/09/18
SDII010876,SID0018,MID0004,1265,2025/09/19
SDII010877,SID0018,MID0004,1265,2025/09/20
SDII010878,SID0018,MID0004,1265,2025/09/21
SDII010879,SID0018,MID0004,1265,2025/09/22
SDII010880,SID0018,MID0004,2284,2025/09/23
SDII010881,SID0018,MID0004,2188,2025/09/24
SDII010882,SID0018,MID0004,2181,2025/09/25
SDII010883,SID0018,MID0004,2001,2025/09/26
SDII010884,SID0018,MID0004,2001,2025/09/27
SDII010885,SID0018,MID0004,2001,2025/09/28
SDII010886,SID0018,MID0004,2001,2025/09/29
SDII010887,SID0018,MID0004,2001,2025/09/30
SDII010888,SID0018,MID0004,2001,2025/10/01
SDII010889,SID0018,MID0004,1982,2025/10/02
SDII010890,SID0018,MID0004,1866,2025/10/03
SDII010891,SID0018,MID0004,1709,2025/10/04
SDII010892,SID0018,MID0004,1709,2025/10/05
SDII010893,SID0018,MID0004,1709,2025/10/06
SDII010894,SID0018,MID0004,1688,2025/10/07
SDII010895,SID0018,MID0004,1639,2025/10/08
SDII010896,SID0018,MID0004,1541,2025/10/09
SDII010897,SID0018,MID0004,1508,2025/10/10
SDII010898,SID0018,MID0004,1435,2025/10/11
SDII010899,SID0018,MID0004,1435,2025/10/12
SDII010900,SID0018,MID0004,1435,2025/10/13
SDII010901,SID0018,MID0004,1366,2025/10/14
SDII010902,SID0018,MID0004,1301,2025/10/15
SDII010903,SID0018,MID0004,1238,2025/10/16
SDII010904,SID0018,MID0004,1236,2025/10/17
SDII010905,SID0018,MID0004,1163,2025/10/18
SDII010906,SID0018,MID0004,1163,2025/10/19
SDII010907,SID0018,MID0004,1163,2025/10/20
SDII010908,SID0018,MID0004,1163,2025/10/21
SDII010909,SID0018,MID0004,2138,2025/10/22
SDII010910,SID0018,MID0004,2073,2025/10/23
SDII010911,SID0018,MID0004,1943,2025/10/24
SDII010912,SID0018,MID0004,1943,2025/10/25
SDII010913,SID0018,MID0004,1943,2025/10/26
SDII010914,SID0018,MID0004,1943,2025/10/27
SDII010915,SID0018,MID0004,1943,2025/10/28
SDII010916,SID0018,MID0004,1943,2025/10/29
SDII010917,SID0018,MID0004,1881,2025/10/30
SDII010918,SID0018,MID0004,1815,2025/10/31
SDII010919,SID0018,MID0004,1686,2025/11/01
SDII010920,SID0018,MID0004,1686,2025/11/02
SDII010921,SID0018,MID0004,1686,2025/11/03
SDII010922,SID0018,MID0004,1672,2025/11/04
SDII010923,SID0018,MID0004,1584,2025/11/05
SDII010924,SID0018,MID0004,1455,2025/11/06
SDII010925,SID0018,MID0004,1455,2025/11/07
SDII010926,SID0018,MID0004,1455,2025/11/08
SDII010927,SID0018,MID0004,1455,2025/11/09
SDII010928,SID0018,MID0004,1455,2025/11/10
SDII010929,SID0018,MID0004,1455,2025/11/11
SDII010930,SID0018,MID0004,1455,2025/11/12
SDII010931,SID0018,MID0004,1455,2025/11/13
SDII010932,SID0018,MID0004,1257,2025/11/14
SDII010933,SID0018,MID0004,1220,2025/11/15
SDII010934,SID0018,MID0004,1220,2025/11/16
SDII010935,SID0018,MID0004,1220,2025/11/17
SDII010936,SID0018,MID0004,1220,2025/11/18
SDII010937,SID0018,MID0004,1220,2025/11/19
SDII010938,SID0018,MID0004,1168,2025/11/20
SDII010939,SID0018,MID0004,1940,2025/11/21
SDII010940,SID0018,MID0004,1940,2025/11/22
SDII010941,SID0018,MID0004,1940,2025/11/23
SDII010942,SID0018,MID0004,1940,2025/11/24
SDII010943,SID0018,MID0004,1927,2025/11/25
SDII010944,SID0018,MID0004,1869,2025/11/26
SDII010945,SID0018,MID0004,1799,2025/11/27
SDII010946,SID0018,MID0004,1732,2025/11/28
SDII010947,SID0018,MID0004,1669,2025/11/29
SDII010948,SID0018,MID0004,1669,2025/11/30
SDII010949,SID0018,MID0004,1669,2025/12/01
SDII010950,SID0018,MID0004,1667,2025/12/02
SDII010951,SID0018,MID0004,1408,2025/12/03
SDII010952,SID0018,MID0004,1408,2025/12/04
SDII010953,SID0018,MID0004,1408,2025/12/05
SDII010954,SID0018,MID0004,1408,2025/12/06
SDII010955,SID0018,MID0004,1408,2025/12/07
SDII010956,SID0018,MID0004,1408,2025/12/08
SDII010957,SID0018,MID0004,1354,2025/12/09
SDII010958,SID0018,MID0004,1311,2025/12/10
SDII010959,SID0018,MID0004,1222,2025/12/11
SDII010960,SID0018,MID0004,1134,2025/12/12
SDII010961,SID0018,MID0004,2153,2025/12/13
SDII010962,SID0018,MID0004,2153,2025/12/14
SDII010963,SID0018,MID0004,2153,2025/12/15
SDII010964,SID0018,MID0004,2153,2025/12/16
SDII010965,SID0018,MID0004,2096,2025/12/17
SDII010966,SID0018,MID0004,2062,2025/12/18
SDII010967,SID0018,MID0004,1983,2025/12/19
SDII010968,SID0018,MID0004,1866,2025/12/20
SDII010969,SID0018,MID0004,1866,2025/12/21
SDII010970,SID0018,MID0004,1866,2025/12/22
SDII010971,SID0018,MID0004,1804,2025/12/23
SDII010972,SID0018,MID0004,1754,2025/12/24
SDII010973,SID0018,MID0004,1674,2025/12/25
SDII010974,SID0018,MID0004,1647,2025/12/26
SDII010975,SID0018,MID0004,1602,2025/12/27
SDII010976,SID0018,MID0004,1602,2025/12/28
SDII010977,SID0018,MID0004,1602,2025/12/29
SDII010978,SID0018,MID0004,1602,2025/12/30
SDII010979,SID0018,MID0004,1515,2025/12/31
SDII010980,SID0018,MID0004,1442,2026/01/01
SDII010981,SID0018,MID0007,203,2025/01/01
SDII010982,SID0018,MID0007,202,2025/01/02
SDII010983,SID0018,MID0007,154,2025/01/03
SDII010984,SID0018,MID0007,142,2025/01/04
SDII010985,SID0018,MID0007,142,2025/01/05
SDII010986,SID0018,MID0007,142,2025/01/06
SDII010987,SID0018,MID0007,120,2025/01/07
SDII010988,SID0018,MID0007,99,2025/01/08
SDII010989,SID0018,MID0007,84,2025/01/09
SDII010990,SID0018,MID0007,51,2025/01/10
SDII010991,SID0018,MID0007,51,2025/01/11
SDII010992,SID0018,MID0007,279,2025/01/12
SDII010993,SID0018,MID0007,279,2025/01/13
SDII010994,SID0018,MID0007,270,2025/01/14
SDII010995,SID0018,MID0007,241,2025/01/15
SDII010996,SID0018,MID0007,380,2025/01/16
SDII010997,SID0018,MID0007,361,2025/01/17
SDII010998,SID0018,MID0007,338,2025/01/18
SDII010999,SID0018,MID0007,338,2025/01/19
SDII011000,SID0018,MID0007,338,2025/01/20
SDII011001,SID0018,MID0007,295,2025/01/21
SDII011002,SID0018,MID0007,253,2025/01/22
SDII011003,SID0018,MID0007,253,2025/01/23
SDII011004,SID0018,MID0007,253,2025/01/24
SDII011005,SID0018,MID0007,253,2025/01/25
SDII011006,SID0018,MID0007,329,2025/01/26
SDII011007,SID0018,MID0007,329,2025/01/27
SDII011008,SID0018,MID0007,283,2025/01/28
SDII011009,SID0018,MID0007,255,2025/01/29
SDII011010,SID0018,MID0007,225,2025/01/30
SDII011011,SID0018,MID0007,225,2025/01/31
SDII011012,SID0018,MID0007,365,2025/02/01
SDII011013,SID0018,MID0007,365,2025/02/02
SDII011014,SID0018,MID0007,365,2025/02/03
SDII011015,SID0018,MID0007,349,2025/02/04
SDII011016,SID0018,MID0007,336,2025/02/05
SDII011017,SID0018,MID0007,324,2025/02/06
SDII011018,SID0018,MID0007,302,2025/02/07
SDII011019,SID0018,MID0007,283,2025/02/08
SDII011020,SID0018,MID0007,283,2025/02/09
SDII011021,SID0018,MID0007,283,2025/02/10
SDII011022,SID0018,MID0007,283,2025/02/11
SDII011023,SID0018,MID0007,279,2025/02/12
SDII011024,SID0018,MID0007,347,2025/02/13
SDII011025,SID0018,MID0007,315,2025/02/14
SDII011026,SID0018,MID0007,269,2025/02/15
SDII011027,SID0018,MID0007,269,2025/02/16
SDII011028,SID0018,MID0007,269,2025/02/17
SDII011029,SID0018,MID0007,269,2025/02/18
SDII011030,SID0018,MID0007,345,2025/02/19
SDII011031,SID0018,MID0007,345,2025/02/20
SDII011032,SID0018,MID0007,286,2025/02/21
SDII011033,SID0018,MID0007,258,2025/02/22
SDII011034,SID0018,MID0007,258,2025/02/23
SDII011035,SID0018,MID0007,486,2025/02/24
SDII011036,SID0018,MID0007,466,2025/02/25
SDII011037,SID0018,MID0007,454,2025/02/26
SDII011038,SID0018,MID0007,446,2025/02/27
SDII011039,SID0018,MID0007,417,2025/02/28
SDII011040,SID0018,MID0007,390,2025/03/01
SDII011041,SID0018,MID0007,390,2025/03/02
SDII011042,SID0018,MID0007,390,2025/03/03
SDII011043,SID0018,MID0007,390,2025/03/04
SDII011044,SID0018,MID0007,365,2025/03/05
SDII011045,SID0018,MID0007,324,2025/03/06
SDII011046,SID0018,MID0007,307,2025/03/07
SDII011047,SID0018,MID0007,307,2025/03/08
SDII011048,SID0018,MID0007,307,2025/03/09
SDII011049,SID0018,MID0007,307,2025/03/10
SDII011050,SID0018,MID0007,299,2025/03/11
SDII011051,SID0018,MID0007,289,2025/03/12
SDII011052,SID0018,MID0007,272,2025/03/13
SDII011053,SID0018,MID0007,241,2025/03/14
SDII011054,SID0018,MID0007,225,2025/03/15
SDII011055,SID0018,MID0007,225,2025/03/16
SDII011056,SID0018,MID0007,377,2025/03/17
SDII011057,SID0018,MID0007,361,2025/03/18
SDII011058,SID0018,MID0007,337,2025/03/19
SDII011059,SID0018,MID0007,331,2025/03/20
SDII011060,SID0018,MID0007,403,2025/03/21
SDII011061,SID0018,MID0007,379,2025/03/22
SDII011062,SID0018,MID0007,379,2025/03/23
SDII011063,SID0018,MID0007,379,2025/03/24
SDII011064,SID0018,MID0007,379,2025/03/25
SDII011065,SID0018,MID0007,302,2025/03/26
SDII011066,SID0018,MID0007,301,2025/03/27
SDII011067,SID0018,MID0007,301,2025/03/28
SDII011068,SID0018,MID0007,301,2025/03/29
SDII011069,SID0018,MID0007,301,2025/03/30
SDII011070,SID0018,MID0007,301,2025/03/31
SDII011071,SID0018,MID0007,281,2025/04/01
SDII011072,SID0018,MID0007,266,2025/04/02
SDII011073,SID0018,MID0007,246,2025/04/03
SDII011074,SID0018,MID0007,223,2025/04/04
SDII011075,SID0018,MID0007,223,2025/04/05
SDII011076,SID0018,MID0007,223,2025/04/06
SDII011077,SID0018,MID0007,375,2025/04/07
SDII011078,SID0018,MID0007,339,2025/04/08
SDII011079,SID0018,MID0007,318,2025/04/09
SDII011080,SID0018,MID0007,300,2025/04/10
SDII011081,SID0018,MID0007,452,2025/04/11
SDII011082,SID0018,MID0007,452,2025/04/12
SDII011083,SID0018,MID0007,452,2025/04/13
SDII011084,SID0018,MID0007,452,2025/04/14
SDII011085,SID0018,MID0007,452,2025/04/15
SDII011086,SID0018,MID0007,452,2025/04/16
SDII011087,SID0018,MID0007,415,2025/04/17
SDII011088,SID0018,MID0007,387,2025/04/18
SDII011089,SID0018,MID0007,377,2025/04/19
SDII011090,SID0018,MID0007,377,2025/04/20
SDII011091,SID0018,MID0007,377,2025/04/21
SDII011092,SID0018,MID0007,344,2025/04/22
SDII011093,SID0018,MID0007,291,2025/04/23
SDII011094,SID0018,MID0007,291,2025/04/24
SDII011095,SID0018,MID0007,291,2025/04/25
SDII011096,SID0018,MID0007,291,2025/04/26
SDII011097,SID0018,MID0007,291,2025/04/27
SDII011098,SID0018,MID0007,291,2025/04/28
SDII011099,SID0018,MID0007,272,2025/04/29
SDII011100,SID0018,MID0007,239,2025/04/30
SDII011101,SID0018,MID0007,225,2025/05/01
SDII011102,SID0018,MID0007,210,2025/05/02
SDII011103,SID0018,MID0007,210,2025/05/03
SDII011104,SID0018,MID0007,210,2025/05/04
SDII011105,SID0018,MID0007,210,2025/05/05
SDII011106,SID0018,MID0007,195,2025/05/06
SDII011107,SID0018,MID0007,262,2025/05/07
SDII011108,SID0018,MID0007,358,2025/05/08
SDII011109,SID0018,MID0007,358,2025/05/09
SDII011110,SID0018,MID0007,358,2025/05/10
SDII011111,SID0018,MID0007,358,2025/05/11
SDII011112,SID0018,MID0007,358,2025/05/12
SDII011113,SID0018,MID0007,347,2025/05/13
SDII011114,SID0018,MID0007,298,2025/05/14
SDII011115,SID0018,MID0007,272,2025/05/15
SDII011116,SID0018,MID0007,272,2025/05/16
SDII011117,SID0018,MID0007,272,2025/05/17
SDII011118,SID0018,MID0007,272,2025/05/18
SDII011119,SID0018,MID0007,272,2025/05/19
SDII011120,SID0018,MID0007,269,2025/05/20
SDII011121,SID0018,MID0007,250,2025/05/21
SDII011122,SID0018,MID0007,231,2025/05/22
SDII011123,SID0018,MID0007,286,2025/05/23
SDII011124,SID0018,MID0007,267,2025/05/24
SDII011125,SID0018,MID0007,267,2025/05/25
SDII011126,SID0018,MID0007,267,2025/05/26
SDII011127,SID0018,MID0007,306,2025/05/27
SDII011128,SID0018,MID0007,267,2025/05/28
SDII011129,SID0018,MID0007,267,2025/05/29
SDII011130,SID0018,MID0007,267,2025/05/30
SDII011131,SID0018,MID0007,267,2025/05/31
SDII011132,SID0018,MID0007,267,2025/06/01
SDII011133,SID0018,MID0007,267,2025/06/02
SDII011134,SID0018,MID0007,267,2025/06/03
SDII011135,SID0018,MID0007,267,2025/06/04
SDII011136,SID0018,MID0007,403,2025/06/05
SDII011137,SID0018,MID0007,340,2025/06/06
SDII011138,SID0018,MID0007,385,2025/06/07
SDII011139,SID0018,MID0007,385,2025/06/08
SDII011140,SID0018,MID0007,385,2025/06/09
SDII011141,SID0018,MID0007,385,2025/06/10
SDII011142,SID0018,MID0007,353,2025/06/11
SDII011143,SID0018,MID0007,333,2025/06/12
SDII011144,SID0018,MID0007,326,2025/06/13
SDII011145,SID0018,MID0007,298,2025/06/14
SDII011146,SID0018,MID0007,298,2025/06/15
SDII011147,SID0018,MID0007,298,2025/06/16
SDII011148,SID0018,MID0007,276,2025/06/17
SDII011149,SID0018,MID0007,337,2025/06/18
SDII011150,SID0018,MID0007,322,2025/06/19
SDII011151,SID0018,MID0007,301,2025/06/20
SDII011152,SID0018,MID0007,292,2025/06/21
SDII011153,SID0018,MID0007,444,2025/06/22
SDII011154,SID0018,MID0007,444,2025/06/23
SDII011155,SID0018,MID0007,430,2025/06/24
SDII011156,SID0018,MID0007,410,2025/06/25
SDII011157,SID0018,MID0007,389,2025/06/26
SDII011158,SID0018,MID0007,369,2025/06/27
SDII011159,SID0018,MID0007,348,2025/06/28
SDII011160,SID0018,MID0007,348,2025/06/29
SDII011161,SID0018,MID0007,348,2025/06/30
SDII011162,SID0018,MID0007,348,2025/07/01
SDII011163,SID0018,MID0007,320,2025/07/02
SDII011164,SID0018,MID0007,298,2025/07/03
SDII011165,SID0018,MID0007,261,2025/07/04
SDII011166,SID0018,MID0007,261,2025/07/05
SDII011167,SID0018,MID0007,413,2025/07/06
SDII011168,SID0018,MID0007,413,2025/07/07
SDII011169,SID0018,MID0007,337,2025/07/08
SDII011170,SID0018,MID0007,384,2025/07/09
SDII011171,SID0018,MID0007,384,2025/07/10
SDII011172,SID0018,MID0007,384,2025/07/11
SDII011173,SID0018,MID0007,384,2025/07/12
SDII011174,SID0018,MID0007,384,2025/07/13
SDII011175,SID0018,MID0007,384,2025/07/14
SDII011176,SID0018,MID0007,384,2025/07/15
SDII011177,SID0018,MID0007,384,2025/07/16
SDII011178,SID0018,MID0007,378,2025/07/17
SDII011179,SID0018,MID0007,343,2025/07/18
SDII011180,SID0018,MID0007,277,2025/07/19
SDII011181,SID0018,MID0007,277,2025/07/20
SDII011182,SID0018,MID0007,277,2025/07/21
SDII011183,SID0018,MID0007,251,2025/07/22
SDII011184,SID0018,MID0007,246,2025/07/23
SDII011185,SID0018,MID0007,219,2025/07/24
SDII011186,SID0018,MID0007,197,2025/07/25
SDII011187,SID0018,MID0007,171,2025/07/26
SDII011188,SID0018,MID0007,171,2025/07/27
SDII011189,SID0018,MID0007,247,2025/07/28
SDII011190,SID0018,MID0007,399,2025/07/29
SDII011191,SID0018,MID0007,344,2025/07/30
SDII011192,SID0018,MID0007,307,2025/07/31
SDII011193,SID0018,MID0007,307,2025/08/01
SDII011194,SID0018,MID0007,307,2025/08/02
SDII011195,SID0018,MID0007,307,2025/08/03
SDII011196,SID0018,MID0007,459,2025/08/04
SDII011197,SID0018,MID0007,459,2025/08/05
SDII011198,SID0018,MID0007,495,2025/08/06
SDII011199,SID0018,MID0007,466,2025/08/07
SDII011200,SID0018,MID0007,427,2025/08/08
SDII011201,SID0018,MID0007,427,2025/08/09
SDII011202,SID0018,MID0007,427,2025/08/10
SDII011203,SID0018,MID0007,427,2025/08/11
SDII011204,SID0018,MID0007,395,2025/08/12
SDII011205,SID0018,MID0007,382,2025/08/13
SDII011206,SID0018,MID0007,370,2025/08/14
SDII011207,SID0018,MID0007,345,2025/08/15
SDII011208,SID0018,MID0007,326,2025/08/16
SDII011209,SID0018,MID0007,326,2025/08/17
SDII011210,SID0018,MID0007,326,2025/08/18
SDII011211,SID0018,MID0007,366,2025/08/19
SDII011212,SID0018,MID0007,328,2025/08/20
SDII011213,SID0018,MID0007,443,2025/08/21
SDII011214,SID0018,MID0007,443,2025/08/22
SDII011215,SID0018,MID0007,443,2025/08/23
SDII011216,SID0018,MID0007,443,2025/08/24
SDII011217,SID0018,MID0007,443,2025/08/25
SDII011218,SID0018,MID0007,421,2025/08/26
SDII011219,SID0018,MID0007,388,2025/08/27
SDII011220,SID0018,MID0007,376,2025/08/28
SDII011221,SID0018,MID0007,353,2025/08/29
SDII011222,SID0018,MID0007,336,2025/08/30
SDII011223,SID0018,MID0007,336,2025/08/31
SDII011224,SID0018,MID0007,336,2025/09/01
SDII011225,SID0018,MID0007,470,2025/09/02
SDII011226,SID0018,MID0007,463,2025/09/03
SDII011227,SID0018,MID0007,433,2025/09/04
SDII011228,SID0018,MID0007,477,2025/09/05
SDII011229,SID0018,MID0007,444,2025/09/06
SDII011230,SID0018,MID0007,444,2025/09/07
SDII011231,SID0018,MID0007,444,2025/09/08
SDII011232,SID0018,MID0007,444,2025/09/09
SDII011233,SID0018,MID0007,444,2025/09/10
SDII011234,SID0018,MID0007,443,2025/09/11
SDII011235,SID0018,MID0007,337,2025/09/12
SDII011236,SID0018,MID0007,337,2025/09/13
SDII011237,SID0018,MID0007,337,2025/09/14
SDII011238,SID0018,MID0007,337,2025/09/15
SDII011239,SID0018,MID0007,294,2025/09/16
SDII011240,SID0018,MID0007,265,2025/09/17
SDII011241,SID0018,MID0007,228,2025/09/18
SDII011242,SID0018,MID0007,228,2025/09/19
SDII011243,SID0018,MID0007,228,2025/09/20
SDII011244,SID0018,MID0007,228,2025/09/21
SDII011245,SID0018,MID0007,380,2025/09/22
SDII011246,SID0018,MID0007,372,2025/09/23
SDII011247,SID0018,MID0007,396,2025/09/24
SDII011248,SID0018,MID0007,357,2025/09/25
SDII011249,SID0018,MID0007,357,2025/09/26
SDII011250,SID0018,MID0007,357,2025/09/27
SDII011251,SID0018,MID0007,357,2025/09/28
SDII011252,SID0018,MID0007,357,2025/09/29
SDII011253,SID0018,MID0007,357,2025/09/30
SDII011254,SID0018,MID0007,287,2025/10/01
SDII011255,SID0018,MID0007,283,2025/10/02
SDII011256,SID0018,MID0007,480,2025/10/03
SDII011257,SID0018,MID0007,480,2025/10/04
SDII011258,SID0018,MID0007,480,2025/10/05
SDII011259,SID0018,MID0007,480,2025/10/06
SDII011260,SID0018,MID0007,441,2025/10/07
SDII011261,SID0018,MID0007,395,2025/10/08
SDII011262,SID0018,MID0007,358,2025/10/09
SDII011263,SID0018,MID0007,358,2025/10/10
SDII011264,SID0018,MID0007,358,2025/10/11
SDII011265,SID0018,MID0007,358,2025/10/12
SDII011266,SID0018,MID0007,358,2025/10/13
SDII011267,SID0018,MID0007,662,2025/10/14
SDII011268,SID0018,MID0007,662,2025/10/15
SDII011269,SID0018,MID0007,629,2025/10/16
SDII011270,SID0018,MID0007,593,2025/10/17
SDII011271,SID0018,MID0007,536,2025/10/18
SDII011272,SID0018,MID0007,536,2025/10/19
SDII011273,SID0018,MID0007,536,2025/10/20
SDII011274,SID0018,MID0007,536,2025/10/21
SDII011275,SID0018,MID0007,489,2025/10/22
SDII011276,SID0018,MID0007,435,2025/10/23
SDII011277,SID0018,MID0007,435,2025/10/24
SDII011278,SID0018,MID0007,435,2025/10/25
SDII011279,SID0018,MID0007,435,2025/10/26
SDII011280,SID0018,MID0007,435,2025/10/27
SDII011281,SID0018,MID0007,435,2025/10/28
SDII011282,SID0018,MID0007,403,2025/10/29
SDII011283,SID0018,MID0007,308,2025/10/30
SDII011284,SID0018,MID0007,308,2025/10/31
SDII011285,SID0018,MID0007,308,2025/11/01
SDII011286,SID0018,MID0007,308,2025/11/02
SDII011287,SID0018,MID0007,460,2025/11/03
SDII011288,SID0018,MID0007,529,2025/11/04
SDII011289,SID0018,MID0007,481,2025/11/05
SDII011290,SID0018,MID0007,426,2025/11/06
SDII011291,SID0018,MID0007,426,2025/11/07
SDII011292,SID0018,MID0007,426,2025/11/08
SDII011293,SID0018,MID0007,426,2025/11/09
SDII011294,SID0018,MID0007,426,2025/11/10
SDII011295,SID0018,MID0007,426,2025/11/11
SDII011296,SID0018,MID0007,388,2025/11/12
SDII011297,SID0018,MID0007,362,2025/11/13
SDII011298,SID0018,MID0007,354,2025/11/14
SDII011299,SID0018,MID0007,306,2025/11/15
SDII011300,SID0018,MID0007,306,2025/11/16
SDII011301,SID0018,MID0007,458,2025/11/17
SDII011302,SID0018,MID0007,601,2025/11/18
SDII011303,SID0018,MID0007,576,2025/11/19
SDII011304,SID0018,MID0007,542,2025/11/20
SDII011305,SID0018,MID0007,519,2025/11/21
SDII011306,SID0018,MID0007,505,2025/11/22
SDII011307,SID0018,MID0007,505,2025/11/23
SDII011308,SID0018,MID0007,505,2025/11/24
SDII011309,SID0018,MID0007,479,2025/11/25
SDII011310,SID0018,MID0007,428,2025/11/26
SDII011311,SID0018,MID0007,382,2025/11/27
SDII011312,SID0018,MID0007,382,2025/11/28
SDII011313,SID0018,MID0007,382,2025/11/29
SDII011314,SID0018,MID0007,382,2025/11/30
SDII011315,SID0018,MID0007,382,2025/12/01
SDII011316,SID0018,MID0007,382,2025/12/02
SDII011317,SID0018,MID0007,369,2025/12/03
SDII011318,SID0018,MID0007,285,2025/12/04
SDII011319,SID0018,MID0007,285,2025/12/05
SDII011320,SID0018,MID0007,285,2025/12/06
SDII011321,SID0018,MID0007,285,2025/12/07
SDII011322,SID0018,MID0007,285,2025/12/08
SDII011323,SID0018,MID0007,317,2025/12/09
SDII011324,SID0018,MID0007,424,2025/12/10
SDII011325,SID0018,MID0007,410,2025/12/11
SDII011326,SID0018,MID0007,410,2025/12/12
SDII011327,SID0018,MID0007,410,2025/12/13
SDII011328,SID0018,MID0007,410,2025/12/14
SDII011329,SID0018,MID0007,410,2025/12/15
SDII011330,SID0018,MID0007,381,2025/12/16
SDII011331,SID0018,MID0007,356,2025/12/17
SDII011332,SID0018,MID0007,331,2025/12/18
SDII011333,SID0018,MID0007,318,2025/12/19
SDII011334,SID0018,MID0007,302,2025/12/20
SDII011335,SID0018,MID0007,302,2025/12/21
SDII011336,SID0018,MID0007,302,2025/12/22
SDII011337,SID0018,MID0007,274,2025/12/23
SDII011338,SID0018,MID0007,269,2025/12/24
SDII011339,SID0018,MID0007,235,2025/12/25
SDII011340,SID0018,MID0007,274,2025/12/26
SDII011341,SID0018,MID0007,264,2025/12/27
SDII011342,SID0018,MID0007,416,2025/12/28
SDII011343,SID0018,MID0007,416,2025/12/29
SDII011344,SID0018,MID0007,397,2025/12/30
SDII011345,SID0018,MID0007,377,2025/12/31
SDII011346,SID0018,MID0007,360,2026/01/01
SDII011347,SID0018,MID0008,121,2025/01/01
SDII011348,SID0018,MID0008,121,2025/01/02
SDII011349,SID0018,MID0008,88,2025/01/03
SDII011350,SID0018,MID0008,62,2025/01/04
SDII011351,SID0018,MID0008,62,2025/01/05
SDII011352,SID0018,MID0008,62,2025/01/06
SDII011353,SID0018,MID0008,29,2025/01/07
SDII011354,SID0018,MID0008,0,2025/01/08
SDII011355,SID0018,MID0008,0,2025/01/09
SDII011356,SID0018,MID0008,0,2025/01/10
SDII011357,SID0018,MID0008,0,2025/01/11
SDII011358,SID0018,MID0008,0,2025/01/12
SDII011359,SID0018,MID0008,219,2025/01/13
SDII011360,SID0018,MID0008,219,2025/01/14
SDII011361,SID0018,MID0008,219,2025/01/15
SDII011362,SID0018,MID0008,219,2025/01/16
SDII011363,SID0018,MID0008,219,2025/01/17
SDII011364,SID0018,MID0008,219,2025/01/18
SDII011365,SID0018,MID0008,219,2025/01/19
SDII011366,SID0018,MID0008,219,2025/01/20
SDII011367,SID0018,MID0008,219,2025/01/21
SDII011368,SID0018,MID0008,219,2025/01/22
SDII011369,SID0018,MID0008,219,2025/01/23
SDII011370,SID0018,MID0008,219,2025/01/24
SDII011371,SID0018,MID0008,209,2025/01/25
SDII011372,SID0018,MID0008,209,2025/01/26
SDII011373,SID0018,MID0008,209,2025/01/27
SDII011374,SID0018,MID0008,191,2025/01/28
SDII011375,SID0018,MID0008,161,2025/01/29
SDII011376,SID0018,MID0008,125,2025/01/30
SDII011377,SID0018,MID0008,88,2025/01/31
SDII011378,SID0018,MID0008,88,2025/02/01
SDII011379,SID0018,MID0008,88,2025/02/02
SDII011380,SID0018,MID0008,88,2025/02/03
SDII011381,SID0018,MID0008,234,2025/02/04
SDII011382,SID0018,MID0008,234,2025/02/05
SDII011383,SID0018,MID0008,234,2025/02/06
SDII011384,SID0018,MID0008,234,2025/02/07
SDII011385,SID0018,MID0008,205,2025/02/08
SDII011386,SID0018,MID0008,205,2025/02/09
SDII011387,SID0018,MID0008,205,2025/02/10
SDII011388,SID0018,MID0008,125,2025/02/11
SDII011389,SID0018,MID0008,125,2025/02/12
SDII011390,SID0018,MID0008,125,2025/02/13
SDII011391,SID0018,MID0008,125,2025/02/14
SDII011392,SID0018,MID0008,125,2025/02/15
SDII011393,SID0018,MID0008,271,2025/02/16
SDII011394,SID0018,MID0008,271,2025/02/17
SDII011395,SID0018,MID0008,271,2025/02/18
SDII011396,SID0018,MID0008,271,2025/02/19
SDII011397,SID0018,MID0008,271,2025/02/20
SDII011398,SID0018,MID0008,242,2025/02/21
SDII011399,SID0018,MID0008,239,2025/02/22
SDII011400,SID0018,MID0008,239,2025/02/23
SDII011401,SID0018,MID0008,239,2025/02/24
SDII011402,SID0018,MID0008,208,2025/02/25
SDII011403,SID0018,MID0008,180,2025/02/26
SDII011404,SID0018,MID0008,161,2025/02/27
SDII011405,SID0018,MID0008,161,2025/02/28
SDII011406,SID0018,MID0008,161,2025/03/01
SDII011407,SID0018,MID0008,161,2025/03/02
SDII011408,SID0018,MID0008,161,2025/03/03
SDII011409,SID0018,MID0008,161,2025/03/04
SDII011410,SID0018,MID0008,161,2025/03/05
SDII011411,SID0018,MID0008,160,2025/03/06
SDII011412,SID0018,MID0008,90,2025/03/07
SDII011413,SID0018,MID0008,197,2025/03/08
SDII011414,SID0018,MID0008,197,2025/03/09
SDII011415,SID0018,MID0008,197,2025/03/10
SDII011416,SID0018,MID0008,197,2025/03/11
SDII011417,SID0018,MID0008,197,2025/03/12
SDII011418,SID0018,MID0008,197,2025/03/13
SDII011419,SID0018,MID0008,197,2025/03/14
SDII011420,SID0018,MID0008,197,2025/03/15
SDII011421,SID0018,MID0008,197,2025/03/16
SDII011422,SID0018,MID0008,197,2025/03/17
SDII011423,SID0018,MID0008,197,2025/03/18
SDII011424,SID0018,MID0008,197,2025/03/19
SDII011425,SID0018,MID0008,197,2025/03/20
SDII011426,SID0018,MID0008,197,2025/03/21
SDII011427,SID0018,MID0008,183,2025/03/22
SDII011428,SID0018,MID0008,183,2025/03/23
SDII011429,SID0018,MID0008,183,2025/03/24
SDII011430,SID0018,MID0008,145,2025/03/25
SDII011431,SID0018,MID0008,114,2025/03/26
SDII011432,SID0018,MID0008,91,2025/03/27
SDII011433,SID0018,MID0008,91,2025/03/28
SDII011434,SID0018,MID0008,91,2025/03/29
SDII011435,SID0018,MID0008,91,2025/03/30
SDII011436,SID0018,MID0008,91,2025/03/31
SDII011437,SID0018,MID0008,91,2025/04/01
SDII011438,SID0018,MID0008,91,2025/04/02
SDII011439,SID0018,MID0008,91,2025/04/03
SDII011440,SID0018,MID0008,91,2025/04/04
SDII011441,SID0018,MID0008,91,2025/04/05
SDII011442,SID0018,MID0008,237,2025/04/06
SDII011443,SID0018,MID0008,237,2025/04/07
SDII011444,SID0018,MID0008,237,2025/04/08
SDII011445,SID0018,MID0008,237,2025/04/09
SDII011446,SID0018,MID0008,211,2025/04/10
SDII011447,SID0018,MID0008,171,2025/04/11
SDII011448,SID0018,MID0008,142,2025/04/12
SDII011449,SID0018,MID0008,142,2025/04/13
SDII011450,SID0018,MID0008,142,2025/04/14
SDII011451,SID0018,MID0008,142,2025/04/15
SDII011452,SID0018,MID0008,142,2025/04/16
SDII011453,SID0018,MID0008,142,2025/04/17
SDII011454,SID0018,MID0008,142,2025/04/18
SDII011455,SID0018,MID0008,142,2025/04/19
SDII011456,SID0018,MID0008,142,2025/04/20
SDII011457,SID0018,MID0008,142,2025/04/21
SDII011458,SID0018,MID0008,288,2025/04/22
SDII011459,SID0018,MID0008,288,2025/04/23
SDII011460,SID0018,MID0008,263,2025/04/24
SDII011461,SID0018,MID0008,236,2025/04/25
SDII011462,SID0018,MID0008,215,2025/04/26
SDII011463,SID0018,MID0008,215,2025/04/27
SDII011464,SID0018,MID0008,215,2025/04/28
SDII011465,SID0018,MID0008,187,2025/04/29
SDII011466,SID0018,MID0008,178,2025/04/30
SDII011467,SID0018,MID0008,178,2025/05/01
SDII011468,SID0018,MID0008,178,2025/05/02
SDII011469,SID0018,MID0008,178,2025/05/03
SDII011470,SID0018,MID0008,324,2025/05/04
SDII011471,SID0018,MID0008,324,2025/05/05
SDII011472,SID0018,MID0008,306,2025/05/06
SDII011473,SID0018,MID0008,274,2025/05/07
SDII011474,SID0018,MID0008,248,2025/05/08
SDII011475,SID0018,MID0008,234,2025/05/09
SDII011476,SID0018,MID0008,231,2025/05/10
SDII011477,SID0018,MID0008,231,2025/05/11
SDII011478,SID0018,MID0008,231,2025/05/12
SDII011479,SID0018,MID0008,231,2025/05/13
SDII011480,SID0018,MID0008,231,2025/05/14
SDII011481,SID0018,MID0008,231,2025/05/15
SDII011482,SID0018,MID0008,231,2025/05/16
SDII011483,SID0018,MID0008,231,2025/05/17
SDII011484,SID0018,MID0008,231,2025/05/18
SDII011485,SID0018,MID0008,231,2025/05/19
SDII011486,SID0018,MID0008,231,2025/05/20
SDII011487,SID0018,MID0008,171,2025/05/21
SDII011488,SID0018,MID0008,128,2025/05/22
SDII011489,SID0018,MID0008,128,2025/05/23
SDII011490,SID0018,MID0008,128,2025/05/24
SDII011491,SID0018,MID0008,128,2025/05/25
SDII011492,SID0018,MID0008,128,2025/05/26
SDII011493,SID0018,MID0008,128,2025/05/27
SDII011494,SID0018,MID0008,128,2025/05/28
SDII011495,SID0018,MID0008,128,2025/05/29
SDII011496,SID0018,MID0008,128,2025/05/30
SDII011497,SID0018,MID0008,128,2025/05/31
SDII011498,SID0018,MID0008,128,2025/06/01
SDII011499,SID0018,MID0008,128,2025/06/02
SDII011500,SID0018,MID0008,117,2025/06/03
SDII011501,SID0018,MID0008,115,2025/06/04
SDII011502,SID0018,MID0008,115,2025/06/05
SDII011503,SID0018,MID0008,115,2025/06/06
SDII011504,SID0018,MID0008,115,2025/06/07
SDII011505,SID0018,MID0008,115,2025/06/08
SDII011506,SID0018,MID0008,115,2025/06/09
SDII011507,SID0018,MID0008,115,2025/06/10
SDII011508,SID0018,MID0008,115,2025/06/11
SDII011509,SID0018,MID0008,115,2025/06/12
SDII011510,SID0018,MID0008,261,2025/06/13
SDII011511,SID0018,MID0008,261,2025/06/14
SDII011512,SID0018,MID0008,261,2025/06/15
SDII011513,SID0018,MID0008,261,2025/06/16
SDII011514,SID0018,MID0008,261,2025/06/17
SDII011515,SID0018,MID0008,261,2025/06/18
SDII011516,SID0018,MID0008,241,2025/06/19
SDII011517,SID0018,MID0008,222,2025/06/20
SDII011518,SID0018,MID0008,200,2025/06/21
SDII011519,SID0018,MID0008,200,2025/06/22
SDII011520,SID0018,MID0008,200,2025/06/23
SDII011521,SID0018,MID0008,185,2025/06/24
SDII011522,SID0018,MID0008,182,2025/06/25
SDII011523,SID0018,MID0008,182,2025/06/26
SDII011524,SID0018,MID0008,182,2025/06/27
SDII011525,SID0018,MID0008,182,2025/06/28
SDII011526,SID0018,MID0008,182,2025/06/29
SDII011527,SID0018,MID0008,182,2025/06/30
SDII011528,SID0018,MID0008,182,2025/07/01
SDII011529,SID0018,MID0008,182,2025/07/02
SDII011530,SID0018,MID0008,160,2025/07/03
SDII011531,SID0018,MID0008,157,2025/07/04
SDII011532,SID0018,MID0008,103,2025/07/05
SDII011533,SID0018,MID0008,103,2025/07/06
SDII011534,SID0018,MID0008,103,2025/07/07
SDII011535,SID0018,MID0008,103,2025/07/08
SDII011536,SID0018,MID0008,103,2025/07/09
SDII011537,SID0018,MID0008,103,2025/07/10
SDII011538,SID0018,MID0008,103,2025/07/11
SDII011539,SID0018,MID0008,103,2025/07/12
SDII011540,SID0018,MID0008,176,2025/07/13
SDII011541,SID0018,MID0008,176,2025/07/14
SDII011542,SID0018,MID0008,176,2025/07/15
SDII011543,SID0018,MID0008,176,2025/07/16
SDII011544,SID0018,MID0008,176,2025/07/17
SDII011545,SID0018,MID0008,176,2025/07/18
SDII011546,SID0018,MID0008,176,2025/07/19
SDII011547,SID0018,MID0008,176,2025/07/20
SDII011548,SID0018,MID0008,176,2025/07/21
SDII011549,SID0018,MID0008,176,2025/07/22
SDII011550,SID0018,MID0008,164,2025/07/23
SDII011551,SID0018,MID0008,137,2025/07/24
SDII011552,SID0018,MID0008,123,2025/07/25
SDII011553,SID0018,MID0008,86,2025/07/26
SDII011554,SID0018,MID0008,86,2025/07/27
SDII011555,SID0018,MID0008,86,2025/07/28
SDII011556,SID0018,MID0008,71,2025/07/29
SDII011557,SID0018,MID0008,71,2025/07/30
SDII011558,SID0018,MID0008,71,2025/07/31
SDII011559,SID0018,MID0008,144,2025/08/01
SDII011560,SID0018,MID0008,144,2025/08/02
SDII011561,SID0018,MID0008,144,2025/08/03
SDII011562,SID0018,MID0008,144,2025/08/04
SDII011563,SID0018,MID0008,144,2025/08/05
SDII011564,SID0018,MID0008,144,2025/08/06
SDII011565,SID0018,MID0008,144,2025/08/07
SDII011566,SID0018,MID0008,144,2025/08/08
SDII011567,SID0018,MID0008,144,2025/08/09
SDII011568,SID0018,MID0008,144,2025/08/10
SDII011569,SID0018,MID0008,144,2025/08/11
SDII011570,SID0018,MID0008,144,2025/08/12
SDII011571,SID0018,MID0008,144,2025/08/13
SDII011572,SID0018,MID0008,116,2025/08/14
SDII011573,SID0018,MID0008,57,2025/08/15
SDII011574,SID0018,MID0008,57,2025/08/16
SDII011575,SID0018,MID0008,57,2025/08/17
SDII011576,SID0018,MID0008,57,2025/08/18
SDII011577,SID0018,MID0008,203,2025/08/19
SDII011578,SID0018,MID0008,203,2025/08/20
SDII011579,SID0018,MID0008,203,2025/08/21
SDII011580,SID0018,MID0008,203,2025/08/22
SDII011581,SID0018,MID0008,203,2025/08/23
SDII011582,SID0018,MID0008,203,2025/08/24
SDII011583,SID0018,MID0008,203,2025/08/25
SDII011584,SID0018,MID0008,163,2025/08/26
SDII011585,SID0018,MID0008,135,2025/08/27
SDII011586,SID0018,MID0008,129,2025/08/28
SDII011587,SID0018,MID0008,129,2025/08/29
SDII011588,SID0018,MID0008,129,2025/08/30
SDII011589,SID0018,MID0008,129,2025/08/31
SDII011590,SID0018,MID0008,129,2025/09/01
SDII011591,SID0018,MID0008,129,2025/09/02
SDII011592,SID0018,MID0008,121,2025/09/03
SDII011593,SID0018,MID0008,260,2025/09/04
SDII011594,SID0018,MID0008,228,2025/09/05
SDII011595,SID0018,MID0008,186,2025/09/06
SDII011596,SID0018,MID0008,186,2025/09/07
SDII011597,SID0018,MID0008,186,2025/09/08
SDII011598,SID0018,MID0008,186,2025/09/09
SDII011599,SID0018,MID0008,186,2025/09/10
SDII011600,SID0018,MID0008,186,2025/09/11
SDII011601,SID0018,MID0008,186,2025/09/12
SDII011602,SID0018,MID0008,186,2025/09/13
SDII011603,SID0018,MID0008,186,2025/09/14
SDII011604,SID0018,MID0008,186,2025/09/15
SDII011605,SID0018,MID0008,186,2025/09/16
SDII011606,SID0018,MID0008,186,2025/09/17
SDII011607,SID0018,MID0008,186,2025/09/18
SDII011608,SID0018,MID0008,186,2025/09/19
SDII011609,SID0018,MID0008,186,2025/09/20
SDII011610,SID0018,MID0008,186,2025/09/21
SDII011611,SID0018,MID0008,186,2025/09/22
SDII011612,SID0018,MID0008,185,2025/09/23
SDII011613,SID0018,MID0008,131,2025/09/24
SDII011614,SID0018,MID0008,119,2025/09/25
SDII011615,SID0018,MID0008,86,2025/09/26
SDII011616,SID0018,MID0008,86,2025/09/27
SDII011617,SID0018,MID0008,86,2025/09/28
SDII011618,SID0018,MID0008,86,2025/09/29
SDII011619,SID0018,MID0008,86,2025/09/30
SDII011620,SID0018,MID0008,232,2025/10/01
SDII011621,SID0018,MID0008,218,2025/10/02
SDII011622,SID0018,MID0008,179,2025/10/03
SDII011623,SID0018,MID0008,169,2025/10/04
SDII011624,SID0018,MID0008,169,2025/10/05
SDII011625,SID0018,MID0008,169,2025/10/06
SDII011626,SID0018,MID0008,127,2025/10/07
SDII011627,SID0018,MID0008,122,2025/10/08
SDII011628,SID0018,MID0008,122,2025/10/09
SDII011629,SID0018,MID0008,122,2025/10/10
SDII011630,SID0018,MID0008,122,2025/10/11
SDII011631,SID0018,MID0008,122,2025/10/12
SDII011632,SID0018,MID0008,122,2025/10/13
SDII011633,SID0018,MID0008,122,2025/10/14
SDII011634,SID0018,MID0008,122,2025/10/15
SDII011635,SID0018,MID0008,122,2025/10/16
SDII011636,SID0018,MID0008,122,2025/10/17
SDII011637,SID0018,MID0008,93,2025/10/18
SDII011638,SID0018,MID0008,158,2025/10/19
SDII011639,SID0018,MID0008,158,2025/10/20
SDII011640,SID0018,MID0008,127,2025/10/21
SDII011641,SID0018,MID0008,103,2025/10/22
SDII011642,SID0018,MID0008,76,2025/10/23
SDII011643,SID0018,MID0008,76,2025/10/24
SDII011644,SID0018,MID0008,76,2025/10/25
SDII011645,SID0018,MID0008,76,2025/10/26
SDII011646,SID0018,MID0008,76,2025/10/27
SDII011647,SID0018,MID0008,76,2025/10/28
SDII011648,SID0018,MID0008,222,2025/10/29
SDII011649,SID0018,MID0008,222,2025/10/30
SDII011650,SID0018,MID0008,222,2025/10/31
SDII011651,SID0018,MID0008,222,2025/11/01
SDII011652,SID0018,MID0008,222,2025/11/02
SDII011653,SID0018,MID0008,222,2025/11/03
SDII011654,SID0018,MID0008,222,2025/11/04
SDII011655,SID0018,MID0008,222,2025/11/05
SDII011656,SID0018,MID0008,222,2025/11/06
SDII011657,SID0018,MID0008,222,2025/11/07
SDII011658,SID0018,MID0008,183,2025/11/08
SDII011659,SID0018,MID0008,183,2025/11/09
SDII011660,SID0018,MID0008,183,2025/11/10
SDII011661,SID0018,MID0008,173,2025/11/11
SDII011662,SID0018,MID0008,163,2025/11/12
SDII011663,SID0018,MID0008,126,2025/11/13
SDII011664,SID0018,MID0008,126,2025/11/14
SDII011665,SID0018,MID0008,126,2025/11/15
SDII011666,SID0018,MID0008,126,2025/11/16
SDII011667,SID0018,MID0008,126,2025/11/17
SDII011668,SID0018,MID0008,126,2025/11/18
SDII011669,SID0018,MID0008,122,2025/11/19
SDII011670,SID0018,MID0008,82,2025/11/20
SDII011671,SID0018,MID0008,28,2025/11/21
SDII011672,SID0018,MID0008,28,2025/11/22
SDII011673,SID0018,MID0008,101,2025/11/23
SDII011674,SID0018,MID0008,101,2025/11/24
SDII011675,SID0018,MID0008,101,2025/11/25
SDII011676,SID0018,MID0008,101,2025/11/26
SDII011677,SID0018,MID0008,101,2025/11/27
SDII011678,SID0018,MID0008,101,2025/11/28
SDII011679,SID0018,MID0008,101,2025/11/29
SDII011680,SID0018,MID0008,241,2025/11/30
SDII011681,SID0018,MID0008,241,2025/12/01
SDII011682,SID0018,MID0008,241,2025/12/02
SDII011683,SID0018,MID0008,241,2025/12/03
SDII011684,SID0018,MID0008,241,2025/12/04
SDII011685,SID0018,MID0008,241,2025/12/05
SDII011686,SID0018,MID0008,241,2025/12/06
SDII011687,SID0018,MID0008,241,2025/12/07
SDII011688,SID0018,MID0008,241,2025/12/08
SDII011689,SID0018,MID0008,241,2025/12/09
SDII011690,SID0018,MID0008,241,2025/12/10
SDII011691,SID0018,MID0008,241,2025/12/11
SDII011692,SID0018,MID0008,241,2025/12/12
SDII011693,SID0018,MID0008,182,2025/12/13
SDII011694,SID0018,MID0008,182,2025/12/14
SDII011695,SID0018,MID0008,182,2025/12/15
SDII011696,SID0018,MID0008,126,2025/12/16
SDII011697,SID0018,MID0008,126,2025/12/17
SDII011698,SID0018,MID0008,105,2025/12/18
SDII011699,SID0018,MID0008,78,2025/12/19
SDII011700,SID0018,MID0008,176,2025/12/20
SDII011701,SID0018,MID0008,176,2025/12/21
SDII011702,SID0018,MID0008,176,2025/12/22
SDII011703,SID0018,MID0008,144,2025/12/23
SDII011704,SID0018,MID0008,132,2025/12/24
SDII011705,SID0018,MID0008,132,2025/12/25
SDII011706,SID0018,MID0008,132,2025/12/26
SDII011707,SID0018,MID0008,132,2025/12/27
SDII011708,SID0018,MID0008,278,2025/12/28
SDII011709,SID0018,MID0008,278,2025/12/29
SDII011710,SID0018,MID0008,278,2025/12/30
SDII011711,SID0018,MID0008,278,2025/12/31
SDII011712,SID0018,MID0008,278,2026/01/01
SDII011713,SID0018,MID0020,834,2025/01/01
SDII011714,SID0018,MID0020,765,2025/01/02
SDII011715,SID0018,MID0020,692,2025/01/03
SDII011716,SID0018,MID0020,660,2025/01/04
SDII011717,SID0018,MID0020,660,2025/01/05
SDII011718,SID0018,MID0020,660,2025/01/06
SDII011719,SID0018,MID0020,660,2025/01/07
SDII011720,SID0018,MID0020,660,2025/01/08
SDII011721,SID0018,MID0020,509,2025/01/09
SDII011722,SID0018,MID0020,370,2025/01/10
SDII011723,SID0018,MID0020,337,2025/01/11
SDII011724,SID0018,MID0020,337,2025/01/12
SDII011725,SID0018,MID0020,337,2025/01/13
SDII011726,SID0018,MID0020,337,2025/01/14
SDII011727,SID0018,MID0020,254,2025/01/15
SDII011728,SID0018,MID0020,244,2025/01/16
SDII011729,SID0018,MID0020,142,2025/01/17
SDII011730,SID0018,MID0020,0,2025/01/18
SDII011731,SID0018,MID0020,0,2025/01/19
SDII011732,SID0018,MID0020,0,2025/01/20
SDII011733,SID0018,MID0020,0,2025/01/21
SDII011734,SID0018,MID0020,0,2025/01/22
SDII011735,SID0018,MID0020,2142,2025/01/23
SDII011736,SID0018,MID0020,1879,2025/01/24
SDII011737,SID0018,MID0020,1879,2025/01/25
SDII011738,SID0018,MID0020,1879,2025/01/26
SDII011739,SID0018,MID0020,1879,2025/01/27
SDII011740,SID0018,MID0020,1845,2025/01/28
SDII011741,SID0018,MID0020,1787,2025/01/29
SDII011742,SID0018,MID0020,1680,2025/01/30
SDII011743,SID0018,MID0020,1560,2025/01/31
SDII011744,SID0018,MID0020,1560,2025/02/01
SDII011745,SID0018,MID0020,1560,2025/02/02
SDII011746,SID0018,MID0020,1560,2025/02/03
SDII011747,SID0018,MID0020,1440,2025/02/04
SDII011748,SID0018,MID0020,1411,2025/02/05
SDII011749,SID0018,MID0020,1399,2025/02/06
SDII011750,SID0018,MID0020,1327,2025/02/07
SDII011751,SID0018,MID0020,1198,2025/02/08
SDII011752,SID0018,MID0020,1198,2025/02/09
SDII011753,SID0018,MID0020,1198,2025/02/10
SDII011754,SID0018,MID0020,1198,2025/02/11
SDII011755,SID0018,MID0020,1198,2025/02/12
SDII011756,SID0018,MID0020,1150,2025/02/13
SDII011757,SID0018,MID0020,920,2025/02/14
SDII011758,SID0018,MID0020,1851,2025/02/15
SDII011759,SID0018,MID0020,1851,2025/02/16
SDII011760,SID0018,MID0020,1851,2025/02/17
SDII011761,SID0018,MID0020,1851,2025/02/18
SDII011762,SID0018,MID0020,1765,2025/02/19
SDII011763,SID0018,MID0020,1634,2025/02/20
SDII011764,SID0018,MID0020,1625,2025/02/21
SDII011765,SID0018,MID0020,1543,2025/02/22
SDII011766,SID0018,MID0020,1543,2025/02/23
SDII011767,SID0018,MID0020,1543,2025/02/24
SDII011768,SID0018,MID0020,1543,2025/02/25
SDII011769,SID0018,MID0020,1457,2025/02/26
SDII011770,SID0018,MID0020,1340,2025/02/27
SDII011771,SID0018,MID0020,1192,2025/02/28
SDII011772,SID0018,MID0020,1192,2025/03/01
SDII011773,SID0018,MID0020,1192,2025/03/02
SDII011774,SID0018,MID0020,1192,2025/03/03
SDII011775,SID0018,MID0020,1987,2025/03/04
SDII011776,SID0018,MID0020,1972,2025/03/05
SDII011777,SID0018,MID0020,1970,2025/03/06
SDII011778,SID0018,MID0020,1908,2025/03/07
SDII011779,SID0018,MID0020,1865,2025/03/08
SDII011780,SID0018,MID0020,1865,2025/03/09
SDII011781,SID0018,MID0020,1865,2025/03/10
SDII011782,SID0018,MID0020,1780,2025/03/11
SDII011783,SID0018,MID0020,1597,2025/03/12
SDII011784,SID0018,MID0020,1583,2025/03/13
SDII011785,SID0018,MID0020,1475,2025/03/14
SDII011786,SID0018,MID0020,1475,2025/03/15
SDII011787,SID0018,MID0020,1475,2025/03/16
SDII011788,SID0018,MID0020,1475,2025/03/17
SDII011789,SID0018,MID0020,1449,2025/03/18
SDII011790,SID0018,MID0020,1389,2025/03/19
SDII011791,SID0018,MID0020,1236,2025/03/20
SDII011792,SID0018,MID0020,1129,2025/03/21
SDII011793,SID0018,MID0020,1129,2025/03/22
SDII011794,SID0018,MID0020,1129,2025/03/23
SDII011795,SID0018,MID0020,1129,2025/03/24
SDII011796,SID0018,MID0020,2240,2025/03/25
SDII011797,SID0018,MID0020,2239,2025/03/26
SDII011798,SID0018,MID0020,2121,2025/03/27
SDII011799,SID0018,MID0020,2004,2025/03/28
SDII011800,SID0018,MID0020,2004,2025/03/29
SDII011801,SID0018,MID0020,2004,2025/03/30
SDII011802,SID0018,MID0020,2004,2025/03/31
SDII011803,SID0018,MID0020,2004,2025/04/01
SDII011804,SID0018,MID0020,2004,2025/04/02
SDII011805,SID0018,MID0020,2004,2025/04/03
SDII011806,SID0018,MID0020,1823,2025/04/04
SDII011807,SID0018,MID0020,1615,2025/04/05
SDII011808,SID0018,MID0020,1615,2025/04/06
SDII011809,SID0018,MID0020,1615,2025/04/07
SDII011810,SID0018,MID0020,1522,2025/04/08
SDII011811,SID0018,MID0020,2409,2025/04/09
SDII011812,SID0018,MID0020,2409,2025/04/10
SDII011813,SID0018,MID0020,2409,2025/04/11
SDII011814,SID0018,MID0020,2409,2025/04/12
SDII011815,SID0018,MID0020,2409,2025/04/13
SDII011816,SID0018,MID0020,2409,2025/04/14
SDII011817,SID0018,MID0020,2249,2025/04/15
SDII011818,SID0018,MID0020,2148,2025/04/16
SDII011819,SID0018,MID0020,1966,2025/04/17
SDII011820,SID0018,MID0020,1966,2025/04/18
SDII011821,SID0018,MID0020,1966,2025/04/19
SDII011822,SID0018,MID0020,1966,2025/04/20
SDII011823,SID0018,MID0020,1966,2025/04/21
SDII011824,SID0018,MID0020,1966,2025/04/22
SDII011825,SID0018,MID0020,1813,2025/04/23
SDII011826,SID0018,MID0020,1638,2025/04/24
SDII011827,SID0018,MID0020,1520,2025/04/25
SDII011828,SID0018,MID0020,1520,2025/04/26
SDII011829,SID0018,MID0020,1520,2025/04/27
SDII011830,SID0018,MID0020,2694,2025/04/28
SDII011831,SID0018,MID0020,2503,2025/04/29
SDII011832,SID0018,MID0020,2247,2025/04/30
SDII011833,SID0018,MID0020,2247,2025/05/01
SDII011834,SID0018,MID0020,2247,2025/05/02
SDII011835,SID0018,MID0020,2247,2025/05/03
SDII011836,SID0018,MID0020,2247,2025/05/04
SDII011837,SID0018,MID0020,2247,2025/05/05
SDII011838,SID0018,MID0020,2126,2025/05/06
SDII011839,SID0018,MID0020,2017,2025/05/07
SDII011840,SID0018,MID0020,1949,2025/05/08
SDII011841,SID0018,MID0020,1874,2025/05/09
SDII011842,SID0018,MID0020,1829,2025/05/10
SDII011843,SID0018,MID0020,1829,2025/05/11
SDII011844,SID0018,MID0020,1829,2025/05/12
SDII011845,SID0018,MID0020,1829,2025/05/13
SDII011846,SID0018,MID0020,1723,2025/05/14
SDII011847,SID0018,MID0020,1534,2025/05/15
SDII011848,SID0018,MID0020,1402,2025/05/16
SDII011849,SID0018,MID0020,1388,2025/05/17
SDII011850,SID0018,MID0020,1388,2025/05/18
SDII011851,SID0018,MID0020,1388,2025/05/19
SDII011852,SID0018,MID0020,2514,2025/05/20
SDII011853,SID0018,MID0020,2418,2025/05/21
SDII011854,SID0018,MID0020,2320,2025/05/22
SDII011855,SID0018,MID0020,2295,2025/05/23
SDII011856,SID0018,MID0020,2154,2025/05/24
SDII011857,SID0018,MID0020,2154,2025/05/25
SDII011858,SID0018,MID0020,2154,2025/05/26
SDII011859,SID0018,MID0020,2154,2025/05/27
SDII011860,SID0018,MID0020,2120,2025/05/28
SDII011861,SID0018,MID0020,2019,2025/05/29
SDII011862,SID0018,MID0020,1927,2025/05/30
SDII011863,SID0018,MID0020,1784,2025/05/31
SDII011864,SID0018,MID0020,1784,2025/06/01
SDII011865,SID0018,MID0020,1784,2025/06/02
SDII011866,SID0018,MID0020,1784,2025/06/03
SDII011867,SID0018,MID0020,1784,2025/06/04
SDII011868,SID0018,MID0020,1759,2025/06/05
SDII011869,SID0018,MID0020,1718,2025/06/06
SDII011870,SID0018,MID0020,1409,2025/06/07
SDII011871,SID0018,MID0020,1409,2025/06/08
SDII011872,SID0018,MID0020,1409,2025/06/09
SDII011873,SID0018,MID0020,2621,2025/06/10
SDII011874,SID0018,MID0020,2621,2025/06/11
SDII011875,SID0018,MID0020,2621,2025/06/12
SDII011876,SID0018,MID0020,2390,2025/06/13
SDII011877,SID0018,MID0020,2172,2025/06/14
SDII011878,SID0018,MID0020,2172,2025/06/15
SDII011879,SID0018,MID0020,2172,2025/06/16
SDII011880,SID0018,MID0020,2010,2025/06/17
SDII011881,SID0018,MID0020,1909,2025/06/18
SDII011882,SID0018,MID0020,1757,2025/06/19
SDII011883,SID0018,MID0020,1757,2025/06/20
SDII011884,SID0018,MID0020,1757,2025/06/21
SDII011885,SID0018,MID0020,1757,2025/06/22
SDII011886,SID0018,MID0020,1757,2025/06/23
SDII011887,SID0018,MID0020,1580,2025/06/24
SDII011888,SID0018,MID0020,2831,2025/06/25
SDII011889,SID0018,MID0020,2780,2025/06/26
SDII011890,SID0018,MID0020,2639,2025/06/27
SDII011891,SID0018,MID0020,2639,2025/06/28
SDII011892,SID0018,MID0020,2639,2025/06/29
SDII011893,SID0018,MID0020,2639,2025/06/30
SDII011894,SID0018,MID0020,2430,2025/07/01
SDII011895,SID0018,MID0020,2272,2025/07/02
SDII011896,SID0018,MID0020,2272,2025/07/03
SDII011897,SID0018,MID0020,2272,2025/07/04
SDII011898,SID0018,MID0020,2272,2025/07/05
SDII011899,SID0018,MID0020,2272,2025/07/06
SDII011900,SID0018,MID0020,2272,2025/07/07
SDII011901,SID0018,MID0020,2272,2025/07/08
SDII011902,SID0018,MID0020,1924,2025/07/09
SDII011903,SID0018,MID0020,1899,2025/07/10
SDII011904,SID0018,MID0020,1845,2025/07/11
SDII011905,SID0018,MID0020,1845,2025/07/12
SDII011906,SID0018,MID0020,1845,2025/07/13
SDII011907,SID0018,MID0020,1845,2025/07/14
SDII011908,SID0018,MID0020,1721,2025/07/15
SDII011909,SID0018,MID0020,1416,2025/07/16
SDII011910,SID0018,MID0020,1416,2025/07/17
SDII011911,SID0018,MID0020,1416,2025/07/18
SDII011912,SID0018,MID0020,1416,2025/07/19
SDII011913,SID0018,MID0020,1416,2025/07/20
SDII011914,SID0018,MID0020,1416,2025/07/21
SDII011915,SID0018,MID0020,2407,2025/07/22
SDII011916,SID0018,MID0020,2385,2025/07/23
SDII011917,SID0018,MID0020,2306,2025/07/24
SDII011918,SID0018,MID0020,2132,2025/07/25
SDII011919,SID0018,MID0020,2132,2025/07/26
SDII011920,SID0018,MID0020,2132,2025/07/27
SDII011921,SID0018,MID0020,2132,2025/07/28
SDII011922,SID0018,MID0020,1995,2025/07/29
SDII011923,SID0018,MID0020,1905,2025/07/30
SDII011924,SID0018,MID0020,1789,2025/07/31
SDII011925,SID0018,MID0020,1751,2025/08/01
SDII011926,SID0018,MID0020,1749,2025/08/02
SDII011927,SID0018,MID0020,1749,2025/08/03
SDII011928,SID0018,MID0020,1749,2025/08/04
SDII011929,SID0018,MID0020,1749,2025/08/05
SDII011930,SID0018,MID0020,1610,2025/08/06
SDII011931,SID0018,MID0020,1565,2025/08/07
SDII011932,SID0018,MID0020,1411,2025/08/08
SDII011933,SID0018,MID0020,1411,2025/08/09
SDII011934,SID0018,MID0020,1411,2025/08/10
SDII011935,SID0018,MID0020,1411,2025/08/11
SDII011936,SID0018,MID0020,2623,2025/08/12
SDII011937,SID0018,MID0020,2623,2025/08/13
SDII011938,SID0018,MID0020,2506,2025/08/14
SDII011939,SID0018,MID0020,2390,2025/08/15
SDII011940,SID0018,MID0020,2245,2025/08/16
SDII011941,SID0018,MID0020,2245,2025/08/17
SDII011942,SID0018,MID0020,2245,2025/08/18
SDII011943,SID0018,MID0020,2075,2025/08/19
SDII011944,SID0018,MID0020,1983,2025/08/20
SDII011945,SID0018,MID0020,1859,2025/08/21
SDII011946,SID0018,MID0020,1859,2025/08/22
SDII011947,SID0018,MID0020,1859,2025/08/23
SDII011948,SID0018,MID0020,1859,2025/08/24
SDII011949,SID0018,MID0020,1859,2025/08/25
SDII011950,SID0018,MID0020,1859,2025/08/26
SDII011951,SID0018,MID0020,1813,2025/08/27
SDII011952,SID0018,MID0020,1622,2025/08/28
SDII011953,SID0018,MID0020,1524,2025/08/29
SDII011954,SID0018,MID0020,1524,2025/08/30
SDII011955,SID0018,MID0020,1524,2025/08/31
SDII011956,SID0018,MID0020,1524,2025/09/01
SDII011957,SID0018,MID0020,1524,2025/09/02
SDII011958,SID0018,MID0020,1524,2025/09/03
SDII011959,SID0018,MID0020,1330,2025/09/04
SDII011960,SID0018,MID0020,1205,2025/09/05
SDII011961,SID0018,MID0020,1205,2025/09/06
SDII011962,SID0018,MID0020,1205,2025/09/07
SDII011963,SID0018,MID0020,1205,2025/09/08
SDII011964,SID0018,MID0020,1133,2025/09/09
SDII011965,SID0018,MID0020,1095,2025/09/10
SDII011966,SID0018,MID0020,1024,2025/09/11
SDII011967,SID0018,MID0020,971,2025/09/12
SDII011968,SID0018,MID0020,1868,2025/09/13
SDII011969,SID0018,MID0020,1868,2025/09/14
SDII011970,SID0018,MID0020,1868,2025/09/15
SDII011971,SID0018,MID0020,1868,2025/09/16
SDII011972,SID0018,MID0020,1762,2025/09/17
SDII011973,SID0018,MID0020,1746,2025/09/18
SDII011974,SID0018,MID0020,1662,2025/09/19
SDII011975,SID0018,MID0020,1555,2025/09/20
SDII011976,SID0018,MID0020,1555,2025/09/21
SDII011977,SID0018,MID0020,1555,2025/09/22
SDII011978,SID0018,MID0020,1481,2025/09/23
SDII011979,SID0018,MID0020,1373,2025/09/24
SDII011980,SID0018,MID0020,1307,2025/09/25
SDII011981,SID0018,MID0020,1197,2025/09/26
SDII011982,SID0018,MID0020,1197,2025/09/27
SDII011983,SID0018,MID0020,1197,2025/09/28
SDII011984,SID0018,MID0020,2207,2025/09/29
SDII011985,SID0018,MID0020,2143,2025/09/30
SDII011986,SID0018,MID0020,1977,2025/10/01
SDII011987,SID0018,MID0020,1953,2025/10/02
SDII011988,SID0018,MID0020,1887,2025/10/03
SDII011989,SID0018,MID0020,1887,2025/10/04
SDII011990,SID0018,MID0020,1887,2025/10/05
SDII011991,SID0018,MID0020,1887,2025/10/06
SDII011992,SID0018,MID0020,1887,2025/10/07
SDII011993,SID0018,MID0020,1887,2025/10/08
SDII011994,SID0018,MID0020,1868,2025/10/09
SDII011995,SID0018,MID0020,1728,2025/10/10
SDII011996,SID0018,MID0020,1562,2025/10/11
SDII011997,SID0018,MID0020,1562,2025/10/12
SDII011998,SID0018,MID0020,1562,2025/10/13
SDII011999,SID0018,MID0020,1562,2025/10/14
SDII012000,SID0018,MID0020,1451,2025/10/15
SDII012001,SID0018,MID0020,1380,2025/10/16
SDII012002,SID0018,MID0020,1296,2025/10/17
SDII012003,SID0018,MID0020,1264,2025/10/18
SDII012004,SID0018,MID0020,1264,2025/10/19
SDII012005,SID0018,MID0020,1264,2025/10/20
SDII012006,SID0018,MID0020,1264,2025/10/21
SDII012007,SID0018,MID0020,1199,2025/10/22
SDII012008,SID0018,MID0020,985,2025/10/23
SDII012009,SID0018,MID0020,1964,2025/10/24
SDII012010,SID0018,MID0020,1964,2025/10/25
SDII012011,SID0018,MID0020,1964,2025/10/26
SDII012012,SID0018,MID0020,1964,2025/10/27
SDII012013,SID0018,MID0020,1964,2025/10/28
SDII012014,SID0018,MID0020,1964,2025/10/29
SDII012015,SID0018,MID0020,1807,2025/10/30
SDII012016,SID0018,MID0020,1673,2025/10/31
SDII012017,SID0018,MID0020,1646,2025/11/01
SDII012018,SID0018,MID0020,1646,2025/11/02
SDII012019,SID0018,MID0020,1646,2025/11/03
SDII012020,SID0018,MID0020,1517,2025/11/04
SDII012021,SID0018,MID0020,1438,2025/11/05
SDII012022,SID0018,MID0020,1365,2025/11/06
SDII012023,SID0018,MID0020,1365,2025/11/07
SDII012024,SID0018,MID0020,1365,2025/11/08
SDII012025,SID0018,MID0020,1365,2025/11/09
SDII012026,SID0018,MID0020,1365,2025/11/10
SDII012027,SID0018,MID0020,1293,2025/11/11
SDII012028,SID0018,MID0020,1224,2025/11/12
SDII012029,SID0018,MID0020,2171,2025/11/13
SDII012030,SID0018,MID0020,2152,2025/11/14
SDII012031,SID0018,MID0020,2084,2025/11/15
SDII012032,SID0018,MID0020,2084,2025/11/16
SDII012033,SID0018,MID0020,2084,2025/11/17
SDII012034,SID0018,MID0020,1920,2025/11/18
SDII012035,SID0018,MID0020,1842,2025/11/19
SDII012036,SID0018,MID0020,1788,2025/11/20
SDII012037,SID0018,MID0020,1788,2025/11/21
SDII012038,SID0018,MID0020,1788,2025/11/22
SDII012039,SID0018,MID0020,1788,2025/11/23
SDII012040,SID0018,MID0020,1788,2025/11/24
SDII012041,SID0018,MID0020,1608,2025/11/25
SDII012042,SID0018,MID0020,1525,2025/11/26
SDII012043,SID0018,MID0020,1525,2025/11/27
SDII012044,SID0018,MID0020,1525,2025/11/28
SDII012045,SID0018,MID0020,1525,2025/11/29
SDII012046,SID0018,MID0020,1525,2025/11/30
SDII012047,SID0018,MID0020,1525,2025/12/01
SDII012048,SID0018,MID0020,1490,2025/12/02
SDII012049,SID0018,MID0020,1485,2025/12/03
SDII012050,SID0018,MID0020,1392,2025/12/04
SDII012051,SID0018,MID0020,1304,2025/12/05
SDII012052,SID0018,MID0020,1213,2025/12/06
SDII012053,SID0018,MID0020,1213,2025/12/07
SDII012054,SID0018,MID0020,1213,2025/12/08
SDII012055,SID0018,MID0020,1145,2025/12/09
SDII012056,SID0018,MID0020,1079,2025/12/10
SDII012057,SID0018,MID0020,989,2025/12/11
SDII012058,SID0018,MID0020,987,2025/12/12
SDII012059,SID0018,MID0020,1923,2025/12/13
SDII012060,SID0018,MID0020,1923,2025/12/14
SDII012061,SID0018,MID0020,1923,2025/12/15
SDII012062,SID0018,MID0020,1909,2025/12/16
SDII012063,SID0018,MID0020,1813,2025/12/17
SDII012064,SID0018,MID0020,1764,2025/12/18
SDII012065,SID0018,MID0020,1682,2025/12/19
SDII012066,SID0018,MID0020,1604,2025/12/20
SDII012067,SID0018,MID0020,1604,2025/12/21
SDII012068,SID0018,MID0020,1604,2025/12/22
SDII012069,SID0018,MID0020,1567,2025/12/23
SDII012070,SID0018,MID0020,1560,2025/12/24
SDII012071,SID0018,MID0020,1494,2025/12/25
SDII012072,SID0018,MID0020,1466,2025/12/26
SDII012073,SID0018,MID0020,1308,2025/12/27
SDII012074,SID0018,MID0020,1308,2025/12/28
SDII012075,SID0018,MID0020,1308,2025/12/29
SDII012076,SID0018,MID0020,1244,2025/12/30
SDII012077,SID0018,MID0020,1187,2025/12/31
SDII012078,SID0018,MID0020,1120,2026/01/01
SDII012079,SID0018,MID0021,136,2025/01/01
SDII012080,SID0018,MID0021,136,2025/01/02
SDII012081,SID0018,MID0021,119,2025/01/03
SDII012082,SID0018,MID0021,94,2025/01/04
SDII012083,SID0018,MID0021,94,2025/01/05
SDII012084,SID0018,MID0021,94,2025/01/06
SDII012085,SID0018,MID0021,77,2025/01/07
SDII012086,SID0018,MID0021,53,2025/01/08
SDII012087,SID0018,MID0021,53,2025/01/09
SDII012088,SID0018,MID0021,53,2025/01/10
SDII012089,SID0018,MID0021,53,2025/01/11
SDII012090,SID0018,MID0021,53,2025/01/12
SDII012091,SID0018,MID0021,53,2025/01/13
SDII012092,SID0018,MID0021,53,2025/01/14
SDII012093,SID0018,MID0021,53,2025/01/15
SDII012094,SID0018,MID0021,53,2025/01/16
SDII012095,SID0018,MID0021,53,2025/01/17
SDII012096,SID0018,MID0021,53,2025/01/18
SDII012097,SID0018,MID0021,53,2025/01/19
SDII012098,SID0018,MID0021,53,2025/01/20
SDII012099,SID0018,MID0021,53,2025/01/21
SDII012100,SID0018,MID0021,53,2025/01/22
SDII012101,SID0018,MID0021,53,2025/01/23
SDII012102,SID0018,MID0021,27,2025/01/24
SDII012103,SID0018,MID0021,0,2025/01/25
SDII012104,SID0018,MID0021,382,2025/01/26
SDII012105,SID0018,MID0021,382,2025/01/27
SDII012106,SID0018,MID0021,355,2025/01/28
SDII012107,SID0018,MID0021,337,2025/01/29
SDII012108,SID0018,MID0021,337,2025/01/30
SDII012109,SID0018,MID0021,337,2025/01/31
SDII012110,SID0018,MID0021,337,2025/02/01
SDII012111,SID0018,MID0021,337,2025/02/02
SDII012112,SID0018,MID0021,337,2025/02/03
SDII012113,SID0018,MID0021,337,2025/02/04
SDII012114,SID0018,MID0021,337,2025/02/05
SDII012115,SID0018,MID0021,337,2025/02/06
SDII012116,SID0018,MID0021,337,2025/02/07
SDII012117,SID0018,MID0021,337,2025/02/08
SDII012118,SID0018,MID0021,337,2025/02/09
SDII012119,SID0018,MID0021,337,2025/02/10
SDII012120,SID0018,MID0021,337,2025/02/11
SDII012121,SID0018,MID0021,290,2025/02/12
SDII012122,SID0018,MID0021,246,2025/02/13
SDII012123,SID0018,MID0021,246,2025/02/14
SDII012124,SID0018,MID0021,246,2025/02/15
SDII012125,SID0018,MID0021,246,2025/02/16
SDII012126,SID0018,MID0021,246,2025/02/17
SDII012127,SID0018,MID0021,246,2025/02/18
SDII012128,SID0018,MID0021,246,2025/02/19
SDII012129,SID0018,MID0021,246,2025/02/20
SDII012130,SID0018,MID0021,246,2025/02/21
SDII012131,SID0018,MID0021,246,2025/02/22
SDII012132,SID0018,MID0021,246,2025/02/23
SDII012133,SID0018,MID0021,246,2025/02/24
SDII012134,SID0018,MID0021,246,2025/02/25
SDII012135,SID0018,MID0021,565,2025/02/26
SDII012136,SID0018,MID0021,542,2025/02/27
SDII012137,SID0018,MID0021,508,2025/02/28
SDII012138,SID0018,MID0021,484,2025/03/01
SDII012139,SID0018,MID0021,484,2025/03/02
SDII012140,SID0018,MID0021,484,2025/03/03
SDII012141,SID0018,MID0021,484,2025/03/04
SDII012142,SID0018,MID0021,449,2025/03/05
SDII012143,SID0018,MID0021,394,2025/03/06
SDII012144,SID0018,MID0021,392,2025/03/07
SDII012145,SID0018,MID0021,392,2025/03/08
SDII012146,SID0018,MID0021,392,2025/03/09
SDII012147,SID0018,MID0021,392,2025/03/10
SDII012148,SID0018,MID0021,392,2025/03/11
SDII012149,SID0018,MID0021,392,2025/03/12
SDII012150,SID0018,MID0021,392,2025/03/13
SDII012151,SID0018,MID0021,392,2025/03/14
SDII012152,SID0018,MID0021,392,2025/03/15
SDII012153,SID0018,MID0021,392,2025/03/16
SDII012154,SID0018,MID0021,392,2025/03/17
SDII012155,SID0018,MID0021,392,2025/03/18
SDII012156,SID0018,MID0021,364,2025/03/19
SDII012157,SID0018,MID0021,342,2025/03/20
SDII012158,SID0018,MID0021,320,2025/03/21
SDII012159,SID0018,MID0021,293,2025/03/22
SDII012160,SID0018,MID0021,293,2025/03/23
SDII012161,SID0018,MID0021,293,2025/03/24
SDII012162,SID0018,MID0021,293,2025/03/25
SDII012163,SID0018,MID0021,293,2025/03/26
SDII012164,SID0018,MID0021,293,2025/03/27
SDII012165,SID0018,MID0021,293,2025/03/28
SDII012166,SID0018,MID0021,293,2025/03/29
SDII012167,SID0018,MID0021,293,2025/03/30
SDII012168,SID0018,MID0021,293,2025/03/31
SDII012169,SID0018,MID0021,293,2025/04/01
SDII012170,SID0018,MID0021,293,2025/04/02
SDII012171,SID0018,MID0021,293,2025/04/03
SDII012172,SID0018,MID0021,293,2025/04/04
SDII012173,SID0018,MID0021,293,2025/04/05
SDII012174,SID0018,MID0021,293,2025/04/06
SDII012175,SID0018,MID0021,293,2025/04/07
SDII012176,SID0018,MID0021,293,2025/04/08
SDII012177,SID0018,MID0021,293,2025/04/09
SDII012178,SID0018,MID0021,263,2025/04/10
SDII012179,SID0018,MID0021,260,2025/04/11
SDII012180,SID0018,MID0021,244,2025/04/12
SDII012181,SID0018,MID0021,244,2025/04/13
SDII012182,SID0018,MID0021,244,2025/04/14
SDII012183,SID0018,MID0021,241,2025/04/15
SDII012184,SID0018,MID0021,209,2025/04/16
SDII012185,SID0018,MID0021,209,2025/04/17
SDII012186,SID0018,MID0021,209,2025/04/18
SDII012187,SID0018,MID0021,209,2025/04/19
SDII012188,SID0018,MID0021,209,2025/04/20
SDII012189,SID0018,MID0021,209,2025/04/21
SDII012190,SID0018,MID0021,197,2025/04/22
SDII012191,SID0018,MID0021,181,2025/04/23
SDII012192,SID0018,MID0021,159,2025/04/24
SDII012193,SID0018,MID0021,157,2025/04/25
SDII012194,SID0018,MID0021,132,2025/04/26
SDII012195,SID0018,MID0021,132,2025/04/27
SDII012196,SID0018,MID0021,132,2025/04/28
SDII012197,SID0018,MID0021,132,2025/04/29
SDII012198,SID0018,MID0021,132,2025/04/30
SDII012199,SID0018,MID0021,132,2025/05/01
SDII012200,SID0018,MID0021,387,2025/05/02
SDII012201,SID0018,MID0021,387,2025/05/03
SDII012202,SID0018,MID0021,387,2025/05/04
SDII012203,SID0018,MID0021,387,2025/05/05
SDII012204,SID0018,MID0021,387,2025/05/06
SDII012205,SID0018,MID0021,387,2025/05/07
SDII012206,SID0018,MID0021,387,2025/05/08
SDII012207,SID0018,MID0021,361,2025/05/09
SDII012208,SID0018,MID0021,351,2025/05/10
SDII012209,SID0018,MID0021,351,2025/05/11
SDII012210,SID0018,MID0021,351,2025/05/12
SDII012211,SID0018,MID0021,311,2025/05/13
SDII012212,SID0018,MID0021,311,2025/05/14
SDII012213,SID0018,MID0021,311,2025/05/15
SDII012214,SID0018,MID0021,311,2025/05/16
SDII012215,SID0018,MID0021,311,2025/05/17
SDII012216,SID0018,MID0021,311,2025/05/18
SDII012217,SID0018,MID0021,311,2025/05/19
SDII012218,SID0018,MID0021,311,2025/05/20
SDII012219,SID0018,MID0021,311,2025/05/21
SDII012220,SID0018,MID0021,311,2025/05/22
SDII012221,SID0018,MID0021,311,2025/05/23
SDII012222,SID0018,MID0021,280,2025/05/24
SDII012223,SID0018,MID0021,280,2025/05/25
SDII012224,SID0018,MID0021,280,2025/05/26
SDII012225,SID0018,MID0021,249,2025/05/27
SDII012226,SID0018,MID0021,233,2025/05/28
SDII012227,SID0018,MID0021,231,2025/05/29
SDII012228,SID0018,MID0021,230,2025/05/30
SDII012229,SID0018,MID0021,230,2025/05/31
SDII012230,SID0018,MID0021,230,2025/06/01
SDII012231,SID0018,MID0021,230,2025/06/02
SDII012232,SID0018,MID0021,230,2025/06/03
SDII012233,SID0018,MID0021,230,2025/06/04
SDII012234,SID0018,MID0021,230,2025/06/05
SDII012235,SID0018,MID0021,230,2025/06/06
SDII012236,SID0018,MID0021,230,2025/06/07
SDII012237,SID0018,MID0021,230,2025/06/08
SDII012238,SID0018,MID0021,230,2025/06/09
SDII012239,SID0018,MID0021,230,2025/06/10
SDII012240,SID0018,MID0021,230,2025/06/11
SDII012241,SID0018,MID0021,197,2025/06/12
SDII012242,SID0018,MID0021,191,2025/06/13
SDII012243,SID0018,MID0021,350,2025/06/14
SDII012244,SID0018,MID0021,350,2025/06/15
SDII012245,SID0018,MID0021,350,2025/06/16
SDII012246,SID0018,MID0021,350,2025/06/17
SDII012247,SID0018,MID0021,350,2025/06/18
SDII012248,SID0018,MID0021,350,2025/06/19
SDII012249,SID0018,MID0021,321,2025/06/20
SDII012250,SID0018,MID0021,306,2025/06/21
SDII012251,SID0018,MID0021,306,2025/06/22
SDII012252,SID0018,MID0021,306,2025/06/23
SDII012253,SID0018,MID0021,277,2025/06/24
SDII012254,SID0018,MID0021,274,2025/06/25
SDII012255,SID0018,MID0021,272,2025/06/26
SDII012256,SID0018,MID0021,272,2025/06/27
SDII012257,SID0018,MID0021,272,2025/06/28
SDII012258,SID0018,MID0021,272,2025/06/29
SDII012259,SID0018,MID0021,272,2025/06/30
SDII012260,SID0018,MID0021,272,2025/07/01
SDII012261,SID0018,MID0021,272,2025/07/02
SDII012262,SID0018,MID0021,272,2025/07/03
SDII012263,SID0018,MID0021,261,2025/07/04
SDII012264,SID0018,MID0021,257,2025/07/05
SDII012265,SID0018,MID0021,257,2025/07/06
SDII012266,SID0018,MID0021,257,2025/07/07
SDII012267,SID0018,MID0021,236,2025/07/08
SDII012268,SID0018,MID0021,224,2025/07/09
SDII012269,SID0018,MID0021,206,2025/07/10
SDII012270,SID0018,MID0021,206,2025/07/11
SDII012271,SID0018,MID0021,206,2025/07/12
SDII012272,SID0018,MID0021,206,2025/07/13
SDII012273,SID0018,MID0021,206,2025/07/14
SDII012274,SID0018,MID0021,206,2025/07/15
SDII012275,SID0018,MID0021,206,2025/07/16
SDII012276,SID0018,MID0021,206,2025/07/17
SDII012277,SID0018,MID0021,206,2025/07/18
SDII012278,SID0018,MID0021,206,2025/07/19
SDII012279,SID0018,MID0021,206,2025/07/20
SDII012280,SID0018,MID0021,206,2025/07/21
SDII012281,SID0018,MID0021,193,2025/07/22
SDII012282,SID0018,MID0021,163,2025/07/23
SDII012283,SID0018,MID0021,137,2025/07/24
SDII012284,SID0018,MID0021,124,2025/07/25
SDII012285,SID0018,MID0021,124,2025/07/26
SDII012286,SID0018,MID0021,124,2025/07/27
SDII012287,SID0018,MID0021,124,2025/07/28
SDII012288,SID0018,MID0021,124,2025/07/29
SDII012289,SID0018,MID0021,315,2025/07/30
SDII012290,SID0018,MID0021,315,2025/07/31
SDII012291,SID0018,MID0021,315,2025/08/01
SDII012292,SID0018,MID0021,315,2025/08/02
SDII012293,SID0018,MID0021,315,2025/08/03
SDII012294,SID0018,MID0021,315,2025/08/04
SDII012295,SID0018,MID0021,315,2025/08/05
SDII012296,SID0018,MID0021,283,2025/08/06
SDII012297,SID0018,MID0021,243,2025/08/07
SDII012298,SID0018,MID0021,243,2025/08/08
SDII012299,SID0018,MID0021,243,2025/08/09
SDII012300,SID0018,MID0021,243,2025/08/10
SDII012301,SID0018,MID0021,243,2025/08/11
SDII012302,SID0018,MID0021,243,2025/08/12
SDII012303,SID0018,MID0021,243,2025/08/13
SDII012304,SID0018,MID0021,243,2025/08/14
SDII012305,SID0018,MID0021,243,2025/08/15
SDII012306,SID0018,MID0021,243,2025/08/16
SDII012307,SID0018,MID0021,243,2025/08/17
SDII012308,SID0018,MID0021,243,2025/08/18
SDII012309,SID0018,MID0021,243,2025/08/19
SDII012310,SID0018,MID0021,243,2025/08/20
SDII012311,SID0018,MID0021,243,2025/08/21
SDII012312,SID0018,MID0021,243,2025/08/22
SDII012313,SID0018,MID0021,243,2025/08/23
SDII012314,SID0018,MID0021,434,2025/08/24
SDII012315,SID0018,MID0021,434,2025/08/25
SDII012316,SID0018,MID0021,419,2025/08/26
SDII012317,SID0018,MID0021,411,2025/08/27
SDII012318,SID0018,MID0021,397,2025/08/28
SDII012319,SID0018,MID0021,394,2025/08/29
SDII012320,SID0018,MID0021,371,2025/08/30
SDII012321,SID0018,MID0021,371,2025/08/31
SDII012322,SID0018,MID0021,371,2025/09/01
SDII012323,SID0018,MID0021,319,2025/09/02
SDII012324,SID0018,MID0021,305,2025/09/03
SDII012325,SID0018,MID0021,305,2025/09/04
SDII012326,SID0018,MID0021,305,2025/09/05
SDII012327,SID0018,MID0021,305,2025/09/06
SDII012328,SID0018,MID0021,305,2025/09/07
SDII012329,SID0018,MID0021,305,2025/09/08
SDII012330,SID0018,MID0021,305,2025/09/09
SDII012331,SID0018,MID0021,305,2025/09/10
SDII012332,SID0018,MID0021,305,2025/09/11
SDII012333,SID0018,MID0021,305,2025/09/12
SDII012334,SID0018,MID0021,305,2025/09/13
SDII012335,SID0018,MID0021,305,2025/09/14
SDII012336,SID0018,MID0021,305,2025/09/15
SDII012337,SID0018,MID0021,305,2025/09/16
SDII012338,SID0018,MID0021,305,2025/09/17
SDII012339,SID0018,MID0021,305,2025/09/18
SDII012340,SID0018,MID0021,305,2025/09/19
SDII012341,SID0018,MID0021,305,2025/09/20
SDII012342,SID0018,MID0021,305,2025/09/21
SDII012343,SID0018,MID0021,305,2025/09/22
SDII012344,SID0018,MID0021,295,2025/09/23
SDII012345,SID0018,MID0021,291,2025/09/24
SDII012346,SID0018,MID0021,274,2025/09/25
SDII012347,SID0018,MID0021,255,2025/09/26
SDII012348,SID0018,MID0021,239,2025/09/27
SDII012349,SID0018,MID0021,239,2025/09/28
SDII012350,SID0018,MID0021,239,2025/09/29
SDII012351,SID0018,MID0021,239,2025/09/30
SDII012352,SID0018,MID0021,239,2025/10/01
SDII012353,SID0018,MID0021,239,2025/10/02
SDII012354,SID0018,MID0021,239,2025/10/03
SDII012355,SID0018,MID0021,239,2025/10/04
SDII012356,SID0018,MID0021,239,2025/10/05
SDII012357,SID0018,MID0021,239,2025/10/06
SDII012358,SID0018,MID0021,239,2025/10/07
SDII012359,SID0018,MID0021,239,2025/10/08
SDII012360,SID0018,MID0021,239,2025/10/09
SDII012361,SID0018,MID0021,222,2025/10/10
SDII012362,SID0018,MID0021,220,2025/10/11
SDII012363,SID0018,MID0021,220,2025/10/12
SDII012364,SID0018,MID0021,220,2025/10/13
SDII012365,SID0018,MID0021,190,2025/10/14
SDII012366,SID0018,MID0021,188,2025/10/15
SDII012367,SID0018,MID0021,163,2025/10/16
SDII012368,SID0018,MID0021,163,2025/10/17
SDII012369,SID0018,MID0021,163,2025/10/18
SDII012370,SID0018,MID0021,163,2025/10/19
SDII012371,SID0018,MID0021,163,2025/10/20
SDII012372,SID0018,MID0021,163,2025/10/21
SDII012373,SID0018,MID0021,354,2025/10/22
SDII012374,SID0018,MID0021,354,2025/10/23
SDII012375,SID0018,MID0021,354,2025/10/24
SDII012376,SID0018,MID0021,354,2025/10/25
SDII012377,SID0018,MID0021,354,2025/10/26
SDII012378,SID0018,MID0021,354,2025/10/27
SDII012379,SID0018,MID0021,323,2025/10/28
SDII012380,SID0018,MID0021,314,2025/10/29
SDII012381,SID0018,MID0021,278,2025/10/30
SDII012382,SID0018,MID0021,278,2025/10/31
SDII012383,SID0018,MID0021,278,2025/11/01
SDII012384,SID0018,MID0021,278,2025/11/02
SDII012385,SID0018,MID0021,278,2025/11/03
SDII012386,SID0018,MID0021,278,2025/11/04
SDII012387,SID0018,MID0021,278,2025/11/05
SDII012388,SID0018,MID0021,278,2025/11/06
SDII012389,SID0018,MID0021,278,2025/11/07
SDII012390,SID0018,MID0021,278,2025/11/08
SDII012391,SID0018,MID0021,278,2025/11/09
SDII012392,SID0018,MID0021,278,2025/11/10
SDII012393,SID0018,MID0021,278,2025/11/11
SDII012394,SID0018,MID0021,261,2025/11/12
SDII012395,SID0018,MID0021,208,2025/11/13
SDII012396,SID0018,MID0021,207,2025/11/14
SDII012397,SID0018,MID0021,207,2025/11/15
SDII012398,SID0018,MID0021,207,2025/11/16
SDII012399,SID0018,MID0021,207,2025/11/17
SDII012400,SID0018,MID0021,207,2025/11/18
SDII012401,SID0018,MID0021,207,2025/11/19
SDII012402,SID0018,MID0021,207,2025/11/20
SDII012403,SID0018,MID0021,207,2025/11/21
SDII012404,SID0018,MID0021,207,2025/11/22
SDII012405,SID0018,MID0021,207,2025/11/23
SDII012406,SID0018,MID0021,207,2025/11/24
SDII012407,SID0018,MID0021,207,2025/11/25
SDII012408,SID0018,MID0021,207,2025/11/26
SDII012409,SID0018,MID0021,207,2025/11/27
SDII012410,SID0018,MID0021,139,2025/11/28
SDII012411,SID0018,MID0021,321,2025/11/29
SDII012412,SID0018,MID0021,321,2025/11/30
SDII012413,SID0018,MID0021,321,2025/12/01
SDII012414,SID0018,MID0021,321,2025/12/02
SDII012415,SID0018,MID0021,321,2025/12/03
SDII012416,SID0018,MID0021,300,2025/12/04
SDII012417,SID0018,MID0021,275,2025/12/05
SDII012418,SID0018,MID0021,271,2025/12/06
SDII012419,SID0018,MID0021,271,2025/12/07
SDII012420,SID0018,MID0021,271,2025/12/08
SDII012421,SID0018,MID0021,229,2025/12/09
SDII012422,SID0018,MID0021,229,2025/12/10
SDII012423,SID0018,MID0021,229,2025/12/11
SDII012424,SID0018,MID0021,229,2025/12/12
SDII012425,SID0018,MID0021,462,2025/12/13
SDII012426,SID0018,MID0021,462,2025/12/14
SDII012427,SID0018,MID0021,462,2025/12/15
SDII012428,SID0018,MID0021,462,2025/12/16
SDII012429,SID0018,MID0021,462,2025/12/17
SDII012430,SID0018,MID0021,458,2025/12/18
SDII012431,SID0018,MID0021,397,2025/12/19
SDII012432,SID0018,MID0021,363,2025/12/20
SDII012433,SID0018,MID0021,363,2025/12/21
SDII012434,SID0018,MID0021,363,2025/12/22
SDII012435,SID0018,MID0021,363,2025/12/23
SDII012436,SID0018,MID0021,363,2025/12/24
SDII012437,SID0018,MID0021,363,2025/12/25
SDII012438,SID0018,MID0021,363,2025/12/26
SDII012439,SID0018,MID0021,363,2025/12/27
SDII012440,SID0018,MID0021,363,2025/12/28
SDII012441,SID0018,MID0021,363,2025/12/29
SDII012442,SID0018,MID0021,363,2025/12/30
SDII012443,SID0018,MID0021,363,2025/12/31
SDII012444,SID0018,MID0021,363,2026/01/01
SDII012445,SID0019,MID0010,251,2025/01/01
SDII012446,SID0019,MID0010,234,2025/01/02
SDII012447,SID0019,MID0010,199,2025/01/03
SDII012448,SID0019,MID0010,199,2025/01/04
SDII012449,SID0019,MID0010,199,2025/01/05
SDII012450,SID0019,MID0010,199,2025/01/06
SDII012451,SID0019,MID0010,199,2025/01/07
SDII012452,SID0019,MID0010,153,2025/01/08
SDII012453,SID0019,MID0010,102,2025/01/09
SDII012454,SID0019,MID0010,102,2025/01/10
SDII012455,SID0019,MID0010,102,2025/01/11
SDII012456,SID0019,MID0010,102,2025/01/12
SDII012457,SID0019,MID0010,102,2025/01/13
SDII012458,SID0019,MID0010,102,2025/01/14
SDII012459,SID0019,MID0010,102,2025/01/15
SDII012460,SID0019,MID0010,102,2025/01/16
SDII012461,SID0019,MID0010,67,2025/01/17
SDII012462,SID0019,MID0010,0,2025/01/18
SDII012463,SID0019,MID0010,0,2025/01/19
SDII012464,SID0019,MID0010,495,2025/01/20
SDII012465,SID0019,MID0010,483,2025/01/21
SDII012466,SID0019,MID0010,456,2025/01/22
SDII012467,SID0019,MID0010,431,2025/01/23
SDII012468,SID0019,MID0010,402,2025/01/24
SDII012469,SID0019,MID0010,402,2025/01/25
SDII012470,SID0019,MID0010,402,2025/01/26
SDII012471,SID0019,MID0010,402,2025/01/27
SDII012472,SID0019,MID0010,398,2025/01/28
SDII012473,SID0019,MID0010,392,2025/01/29
SDII012474,SID0019,MID0010,366,2025/01/30
SDII012475,SID0019,MID0010,332,2025/01/31
SDII012476,SID0019,MID0010,310,2025/02/01
SDII012477,SID0019,MID0010,310,2025/02/02
SDII012478,SID0019,MID0010,310,2025/02/03
SDII012479,SID0019,MID0010,310,2025/02/04
SDII012480,SID0019,MID0010,583,2025/02/05
SDII012481,SID0019,MID0010,498,2025/02/06
SDII012482,SID0019,MID0010,498,2025/02/07
SDII012483,SID0019,MID0010,498,2025/02/08
SDII012484,SID0019,MID0010,498,2025/02/09
SDII012485,SID0019,MID0010,498,2025/02/10
SDII012486,SID0019,MID0010,498,2025/02/11
SDII012487,SID0019,MID0010,453,2025/02/12
SDII012488,SID0019,MID0010,390,2025/02/13
SDII012489,SID0019,MID0010,384,2025/02/14
SDII012490,SID0019,MID0010,384,2025/02/15
SDII012491,SID0019,MID0010,384,2025/02/16
SDII012492,SID0019,MID0010,384,2025/02/17
SDII012493,SID0019,MID0010,639,2025/02/18
SDII012494,SID0019,MID0010,554,2025/02/19
SDII012495,SID0019,MID0010,554,2025/02/20
SDII012496,SID0019,MID0010,554,2025/02/21
SDII012497,SID0019,MID0010,554,2025/02/22
SDII012498,SID0019,MID0010,554,2025/02/23
SDII012499,SID0019,MID0010,554,2025/02/24
SDII012500,SID0019,MID0010,531,2025/02/25
SDII012501,SID0019,MID0010,448,2025/02/26
SDII012502,SID0019,MID0010,448,2025/02/27
SDII012503,SID0019,MID0010,448,2025/02/28
SDII012504,SID0019,MID0010,448,2025/03/01
SDII012505,SID0019,MID0010,448,2025/03/02
SDII012506,SID0019,MID0010,448,2025/03/03
SDII012507,SID0019,MID0010,448,2025/03/04
SDII012508,SID0019,MID0010,405,2025/03/05
SDII012509,SID0019,MID0010,369,2025/03/06
SDII012510,SID0019,MID0010,337,2025/03/07
SDII012511,SID0019,MID0010,337,2025/03/08
SDII012512,SID0019,MID0010,634,2025/03/09
SDII012513,SID0019,MID0010,634,2025/03/10
SDII012514,SID0019,MID0010,634,2025/03/11
SDII012515,SID0019,MID0010,630,2025/03/12
SDII012516,SID0019,MID0010,587,2025/03/13
SDII012517,SID0019,MID0010,543,2025/03/14
SDII012518,SID0019,MID0010,532,2025/03/15
SDII012519,SID0019,MID0010,532,2025/03/16
SDII012520,SID0019,MID0010,532,2025/03/17
SDII012521,SID0019,MID0010,528,2025/03/18
SDII012522,SID0019,MID0010,511,2025/03/19
SDII012523,SID0019,MID0010,485,2025/03/20
SDII012524,SID0019,MID0010,447,2025/03/21
SDII012525,SID0019,MID0010,408,2025/03/22
SDII012526,SID0019,MID0010,408,2025/03/23
SDII012527,SID0019,MID0010,408,2025/03/24
SDII012528,SID0019,MID0010,408,2025/03/25
SDII012529,SID0019,MID0010,367,2025/03/26
SDII012530,SID0019,MID0010,678,2025/03/27
SDII012531,SID0019,MID0010,678,2025/03/28
SDII012532,SID0019,MID0010,678,2025/03/29
SDII012533,SID0019,MID0010,678,2025/03/30
SDII012534,SID0019,MID0010,678,2025/03/31
SDII012535,SID0019,MID0010,651,2025/04/01
SDII012536,SID0019,MID0010,564,2025/04/02
SDII012537,SID0019,MID0010,564,2025/04/03
SDII012538,SID0019,MID0010,564,2025/04/04
SDII012539,SID0019,MID0010,564,2025/04/05
SDII012540,SID0019,MID0010,564,2025/04/06
SDII012541,SID0019,MID0010,564,2025/04/07
SDII012542,SID0019,MID0010,491,2025/04/08
SDII012543,SID0019,MID0010,442,2025/04/09
SDII012544,SID0019,MID0010,434,2025/04/10
SDII012545,SID0019,MID0010,434,2025/04/11
SDII012546,SID0019,MID0010,434,2025/04/12
SDII012547,SID0019,MID0010,434,2025/04/13
SDII012548,SID0019,MID0010,434,2025/04/14
SDII012549,SID0019,MID0010,728,2025/04/15
SDII012550,SID0019,MID0010,674,2025/04/16
SDII012551,SID0019,MID0010,615,2025/04/17
SDII012552,SID0019,MID0010,615,2025/04/18
SDII012553,SID0019,MID0010,615,2025/04/19
SDII012554,SID0019,MID0010,615,2025/04/20
SDII012555,SID0019,MID0010,615,2025/04/21
SDII012556,SID0019,MID0010,589,2025/04/22
SDII012557,SID0019,MID0010,573,2025/04/23
SDII012558,SID0019,MID0010,546,2025/04/24
SDII012559,SID0019,MID0010,517,2025/04/25
SDII012560,SID0019,MID0010,482,2025/04/26
SDII012561,SID0019,MID0010,482,2025/04/27
SDII012562,SID0019,MID0010,482,2025/04/28
SDII012563,SID0019,MID0010,458,2025/04/29
SDII012564,SID0019,MID0010,384,2025/04/30
SDII012565,SID0019,MID0010,347,2025/05/01
SDII012566,SID0019,MID0010,743,2025/05/02
SDII012567,SID0019,MID0010,743,2025/05/03
SDII012568,SID0019,MID0010,743,2025/05/04
SDII012569,SID0019,MID0010,743,2025/05/05
SDII012570,SID0019,MID0010,723,2025/05/06
SDII012571,SID0019,MID0010,709,2025/05/07
SDII012572,SID0019,MID0010,687,2025/05/08
SDII012573,SID0019,MID0010,670,2025/05/09
SDII012574,SID0019,MID0010,604,2025/05/10
SDII012575,SID0019,MID0010,604,2025/05/11
SDII012576,SID0019,MID0010,604,2025/05/12
SDII012577,SID0019,MID0010,582,2025/05/13
SDII012578,SID0019,MID0010,538,2025/05/14
SDII012579,SID0019,MID0010,514,2025/05/15
SDII012580,SID0019,MID0010,481,2025/05/16
SDII012581,SID0019,MID0010,481,2025/05/17
SDII012582,SID0019,MID0010,481,2025/05/18
SDII012583,SID0019,MID0010,481,2025/05/19
SDII012584,SID0019,MID0010,481,2025/05/20
SDII012585,SID0019,MID0010,357,2025/05/21
SDII012586,SID0019,MID0010,350,2025/05/22
SDII012587,SID0019,MID0010,350,2025/05/23
SDII012588,SID0019,MID0010,350,2025/05/24
SDII012589,SID0019,MID0010,746,2025/05/25
SDII012590,SID0019,MID0010,746,2025/05/26
SDII012591,SID0019,MID0010,736,2025/05/27
SDII012592,SID0019,MID0010,728,2025/05/28
SDII012593,SID0019,MID0010,695,2025/05/29
SDII012594,SID0019,MID0010,659,2025/05/30
SDII012595,SID0019,MID0010,619,2025/05/31
SDII012596,SID0019,MID0010,619,2025/06/01
SDII012597,SID0019,MID0010,619,2025/06/02
SDII012598,SID0019,MID0010,619,2025/06/03
SDII012599,SID0019,MID0010,582,2025/06/04
SDII012600,SID0019,MID0010,544,2025/06/05
SDII012601,SID0019,MID0010,538,2025/06/06
SDII012602,SID0019,MID0010,494,2025/06/07
SDII012603,SID0019,MID0010,494,2025/06/08
SDII012604,SID0019,MID0010,494,2025/06/09
SDII012605,SID0019,MID0010,489,2025/06/10
SDII012606,SID0019,MID0010,465,2025/06/11
SDII012607,SID0019,MID0010,436,2025/06/12
SDII012608,SID0019,MID0010,388,2025/06/13
SDII012609,SID0019,MID0010,381,2025/06/14
SDII012610,SID0019,MID0010,381,2025/06/15
SDII012611,SID0019,MID0010,678,2025/06/16
SDII012612,SID0019,MID0010,678,2025/06/17
SDII012613,SID0019,MID0010,606,2025/06/18
SDII012614,SID0019,MID0010,601,2025/06/19
SDII012615,SID0019,MID0010,541,2025/06/20
SDII012616,SID0019,MID0010,541,2025/06/21
SDII012617,SID0019,MID0010,541,2025/06/22
SDII012618,SID0019,MID0010,541,2025/06/23
SDII012619,SID0019,MID0010,541,2025/06/24
SDII012620,SID0019,MID0010,494,2025/06/25
SDII012621,SID0019,MID0010,464,2025/06/26
SDII012622,SID0019,MID0010,421,2025/06/27
SDII012623,SID0019,MID0010,403,2025/06/28
SDII012624,SID0019,MID0010,403,2025/06/29
SDII012625,SID0019,MID0010,403,2025/06/30
SDII012626,SID0019,MID0010,403,2025/07/01
SDII012627,SID0019,MID0010,403,2025/07/02
SDII012628,SID0019,MID0010,403,2025/07/03
SDII012629,SID0019,MID0010,328,2025/07/04
SDII012630,SID0019,MID0010,640,2025/07/05
SDII012631,SID0019,MID0010,640,2025/07/06
SDII012632,SID0019,MID0010,640,2025/07/07
SDII012633,SID0019,MID0010,640,2025/07/08
SDII012634,SID0019,MID0010,604,2025/07/09
SDII012635,SID0019,MID0010,572,2025/07/10
SDII012636,SID0019,MID0010,530,2025/07/11
SDII012637,SID0019,MID0010,530,2025/07/12
SDII012638,SID0019,MID0010,530,2025/07/13
SDII012639,SID0019,MID0010,530,2025/07/14
SDII012640,SID0019,MID0010,520,2025/07/15
SDII012641,SID0019,MID0010,482,2025/07/16
SDII012642,SID0019,MID0010,465,2025/07/17
SDII012643,SID0019,MID0010,440,2025/07/18
SDII012644,SID0019,MID0010,415,2025/07/19
SDII012645,SID0019,MID0010,415,2025/07/20
SDII012646,SID0019,MID0010,415,2025/07/21
SDII012647,SID0019,MID0010,732,2025/07/22
SDII012648,SID0019,MID0010,721,2025/07/23
SDII012649,SID0019,MID0010,700,2025/07/24
SDII012650,SID0019,MID0010,685,2025/07/25
SDII012651,SID0019,MID0010,685,2025/07/26
SDII012652,SID0019,MID0010,685,2025/07/27
SDII012653,SID0019,MID0010,685,2025/07/28
SDII012654,SID0019,MID0010,685,2025/07/29
SDII012655,SID0019,MID0010,670,2025/07/30
SDII012656,SID0019,MID0010,651,2025/07/31
SDII012657,SID0019,MID0010,575,2025/08/01
SDII012658,SID0019,MID0010,555,2025/08/02
SDII012659,SID0019,MID0010,555,2025/08/03
SDII012660,SID0019,MID0010,555,2025/08/04
SDII012661,SID0019,MID0010,555,2025/08/05
SDII012662,SID0019,MID0010,533,2025/08/06
SDII012663,SID0019,MID0010,513,2025/08/07
SDII012664,SID0019,MID0010,482,2025/08/08
SDII012665,SID0019,MID0010,439,2025/08/09
SDII012666,SID0019,MID0010,439,2025/08/10
SDII012667,SID0019,MID0010,439,2025/08/11
SDII012668,SID0019,MID0010,354,2025/08/12
SDII012669,SID0019,MID0010,317,2025/08/13
SDII012670,SID0019,MID0010,317,2025/08/14
SDII012671,SID0019,MID0010,317,2025/08/15
SDII012672,SID0019,MID0010,317,2025/08/16
SDII012673,SID0019,MID0010,317,2025/08/17
SDII012674,SID0019,MID0010,680,2025/08/18
SDII012675,SID0019,MID0010,680,2025/08/19
SDII012676,SID0019,MID0010,624,2025/08/20
SDII012677,SID0019,MID0010,573,2025/08/21
SDII012678,SID0019,MID0010,573,2025/08/22
SDII012679,SID0019,MID0010,573,2025/08/23
SDII012680,SID0019,MID0010,573,2025/08/24
SDII012681,SID0019,MID0010,573,2025/08/25
SDII012682,SID0019,MID0010,542,2025/08/26
SDII012683,SID0019,MID0010,520,2025/08/27
SDII012684,SID0019,MID0010,518,2025/08/28
SDII012685,SID0019,MID0010,496,2025/08/29
SDII012686,SID0019,MID0010,465,2025/08/30
SDII012687,SID0019,MID0010,465,2025/08/31
SDII012688,SID0019,MID0010,465,2025/09/01
SDII012689,SID0019,MID0010,443,2025/09/02
SDII012690,SID0019,MID0010,430,2025/09/03
SDII012691,SID0019,MID0010,391,2025/09/04
SDII012692,SID0019,MID0010,377,2025/09/05
SDII012693,SID0019,MID0010,367,2025/09/06
SDII012694,SID0019,MID0010,367,2025/09/07
SDII012695,SID0019,MID0010,367,2025/09/08
SDII012696,SID0019,MID0010,361,2025/09/09
SDII012697,SID0019,MID0010,308,2025/09/10
SDII012698,SID0019,MID0010,303,2025/09/11
SDII012699,SID0019,MID0010,568,2025/09/12
SDII012700,SID0019,MID0010,557,2025/09/13
SDII012701,SID0019,MID0010,557,2025/09/14
SDII012702,SID0019,MID0010,557,2025/09/15
SDII012703,SID0019,MID0010,526,2025/09/16
SDII012704,SID0019,MID0010,514,2025/09/17
SDII012705,SID0019,MID0010,469,2025/09/18
SDII012706,SID0019,MID0010,458,2025/09/19
SDII012707,SID0019,MID0010,458,2025/09/20
SDII012708,SID0019,MID0010,458,2025/09/21
SDII012709,SID0019,MID0010,458,2025/09/22
SDII012710,SID0019,MID0010,432,2025/09/23
SDII012711,SID0019,MID0010,415,2025/09/24
SDII012712,SID0019,MID0010,365,2025/09/25
SDII012713,SID0019,MID0010,365,2025/09/26
SDII012714,SID0019,MID0010,365,2025/09/27
SDII012715,SID0019,MID0010,365,2025/09/28
SDII012716,SID0019,MID0010,365,2025/09/29
SDII012717,SID0019,MID0010,626,2025/09/30
SDII012718,SID0019,MID0010,576,2025/10/01
SDII012719,SID0019,MID0010,563,2025/10/02
SDII012720,SID0019,MID0010,563,2025/10/03
SDII012721,SID0019,MID0010,563,2025/10/04
SDII012722,SID0019,MID0010,563,2025/10/05
SDII012723,SID0019,MID0010,563,2025/10/06
SDII012724,SID0019,MID0010,563,2025/10/07
SDII012725,SID0019,MID0010,517,2025/10/08
SDII012726,SID0019,MID0010,460,2025/10/09
SDII012727,SID0019,MID0010,460,2025/10/10
SDII012728,SID0019,MID0010,460,2025/10/11
SDII012729,SID0019,MID0010,460,2025/10/12
SDII012730,SID0019,MID0010,460,2025/10/13
SDII012731,SID0019,MID0010,457,2025/10/14
SDII012732,SID0019,MID0010,431,2025/10/15
SDII012733,SID0019,MID0010,401,2025/10/16
SDII012734,SID0019,MID0010,376,2025/10/17
SDII012735,SID0019,MID0010,367,2025/10/18
SDII012736,SID0019,MID0010,367,2025/10/19
SDII012737,SID0019,MID0010,367,2025/10/20
SDII012738,SID0019,MID0010,354,2025/10/21
SDII012739,SID0019,MID0010,641,2025/10/22
SDII012740,SID0019,MID0010,609,2025/10/23
SDII012741,SID0019,MID0010,561,2025/10/24
SDII012742,SID0019,MID0010,561,2025/10/25
SDII012743,SID0019,MID0010,561,2025/10/26
SDII012744,SID0019,MID0010,561,2025/10/27
SDII012745,SID0019,MID0010,541,2025/10/28
SDII012746,SID0019,MID0010,511,2025/10/29
SDII012747,SID0019,MID0010,497,2025/10/30
SDII012748,SID0019,MID0010,486,2025/10/31
SDII012749,SID0019,MID0010,455,2025/11/01
SDII012750,SID0019,MID0010,455,2025/11/02
SDII012751,SID0019,MID0010,455,2025/11/03
SDII012752,SID0019,MID0010,434,2025/11/04
SDII012753,SID0019,MID0010,425,2025/11/05
SDII012754,SID0019,MID0010,412,2025/11/06
SDII012755,SID0019,MID0010,384,2025/11/07
SDII012756,SID0019,MID0010,360,2025/11/08
SDII012757,SID0019,MID0010,360,2025/11/09
SDII012758,SID0019,MID0010,360,2025/11/10
SDII012759,SID0019,MID0010,360,2025/11/11
SDII012760,SID0019,MID0010,306,2025/11/12
SDII012761,SID0019,MID0010,298,2025/11/13
SDII012762,SID0019,MID0010,262,2025/11/14
SDII012763,SID0019,MID0010,262,2025/11/15
SDII012764,SID0019,MID0010,559,2025/11/16
SDII012765,SID0019,MID0010,559,2025/11/17
SDII012766,SID0019,MID0010,559,2025/11/18
SDII012767,SID0019,MID0010,559,2025/11/19
SDII012768,SID0019,MID0010,477,2025/11/20
SDII012769,SID0019,MID0010,461,2025/11/21
SDII012770,SID0019,MID0010,461,2025/11/22
SDII012771,SID0019,MID0010,461,2025/11/23
SDII012772,SID0019,MID0010,461,2025/11/24
SDII012773,SID0019,MID0010,447,2025/11/25
SDII012774,SID0019,MID0010,420,2025/11/26
SDII012775,SID0019,MID0010,393,2025/11/27
SDII012776,SID0019,MID0010,376,2025/11/28
SDII012777,SID0019,MID0010,362,2025/11/29
SDII012778,SID0019,MID0010,362,2025/11/30
SDII012779,SID0019,MID0010,362,2025/12/01
SDII012780,SID0019,MID0010,659,2025/12/02
SDII012781,SID0019,MID0010,629,2025/12/03
SDII012782,SID0019,MID0010,564,2025/12/04
SDII012783,SID0019,MID0010,564,2025/12/05
SDII012784,SID0019,MID0010,564,2025/12/06
SDII012785,SID0019,MID0010,564,2025/12/07
SDII012786,SID0019,MID0010,564,2025/12/08
SDII012787,SID0019,MID0010,545,2025/12/09
SDII012788,SID0019,MID0010,518,2025/12/10
SDII012789,SID0019,MID0010,487,2025/12/11
SDII012790,SID0019,MID0010,474,2025/12/12
SDII012791,SID0019,MID0010,468,2025/12/13
SDII012792,SID0019,MID0010,468,2025/12/14
SDII012793,SID0019,MID0010,468,2025/12/15
SDII012794,SID0019,MID0010,441,2025/12/16
SDII012795,SID0019,MID0010,439,2025/12/17
SDII012796,SID0019,MID0010,404,2025/12/18
SDII012797,SID0019,MID0010,397,2025/12/19
SDII012798,SID0019,MID0010,375,2025/12/20
SDII012799,SID0019,MID0010,375,2025/12/21
SDII012800,SID0019,MID0010,375,2025/12/22
SDII012801,SID0019,MID0010,372,2025/12/23
SDII012802,SID0019,MID0010,336,2025/12/24
SDII012803,SID0019,MID0010,284,2025/12/25
SDII012804,SID0019,MID0010,284,2025/12/26
SDII012805,SID0019,MID0010,284,2025/12/27
SDII012806,SID0019,MID0010,284,2025/12/28
SDII012807,SID0019,MID0010,284,2025/12/29
SDII012808,SID0019,MID0010,284,2025/12/30
SDII012809,SID0019,MID0010,555,2025/12/31
SDII012810,SID0019,MID0010,531,2026/01/01
SDII012811,SID0019,MID0013,78,2025/01/01
SDII012812,SID0019,MID0013,78,2025/01/02
SDII012813,SID0019,MID0013,78,2025/01/03
SDII012814,SID0019,MID0013,78,2025/01/04
SDII012815,SID0019,MID0013,78,2025/01/05
SDII012816,SID0019,MID0013,78,2025/01/06
SDII012817,SID0019,MID0013,78,2025/01/07
SDII012818,SID0019,MID0013,78,2025/01/08
SDII012819,SID0019,MID0013,177,2025/01/09
SDII012820,SID0019,MID0013,175,2025/01/10
SDII012821,SID0019,MID0013,142,2025/01/11
SDII012822,SID0019,MID0013,142,2025/01/12
SDII012823,SID0019,MID0013,142,2025/01/13
SDII012824,SID0019,MID0013,117,2025/01/14
SDII012825,SID0019,MID0013,117,2025/01/15
SDII012826,SID0019,MID0013,117,2025/01/16
SDII012827,SID0019,MID0013,117,2025/01/17
SDII012828,SID0019,MID0013,117,2025/01/18
SDII012829,SID0019,MID0013,117,2025/01/19
SDII012830,SID0019,MID0013,117,2025/01/20
SDII012831,SID0019,MID0013,188,2025/01/21
SDII012832,SID0019,MID0013,188,2025/01/22
SDII012833,SID0019,MID0013,188,2025/01/23
SDII012834,SID0019,MID0013,154,2025/01/24
SDII012835,SID0019,MID0013,120,2025/01/25
SDII012836,SID0019,MID0013,120,2025/01/26
SDII012837,SID0019,MID0013,120,2025/01/27
SDII012838,SID0019,MID0013,102,2025/01/28
SDII012839,SID0019,MID0013,88,2025/01/29
SDII012840,SID0019,MID0013,82,2025/01/30
SDII012841,SID0019,MID0013,224,2025/01/31
SDII012842,SID0019,MID0013,224,2025/02/01
SDII012843,SID0019,MID0013,224,2025/02/02
SDII012844,SID0019,MID0013,224,2025/02/03
SDII012845,SID0019,MID0013,224,2025/02/04
SDII012846,SID0019,MID0013,224,2025/02/05
SDII012847,SID0019,MID0013,224,2025/02/06
SDII012848,SID0019,MID0013,224,2025/02/07
SDII012849,SID0019,MID0013,224,2025/02/08
SDII012850,SID0019,MID0013,224,2025/02/09
SDII012851,SID0019,MID0013,224,2025/02/10
SDII012852,SID0019,MID0013,182,2025/02/11
SDII012853,SID0019,MID0013,175,2025/02/12
SDII012854,SID0019,MID0013,160,2025/02/13
SDII012855,SID0019,MID0013,122,2025/02/14
SDII012856,SID0019,MID0013,122,2025/02/15
SDII012857,SID0019,MID0013,122,2025/02/16
SDII012858,SID0019,MID0013,122,2025/02/17
SDII012859,SID0019,MID0013,264,2025/02/18
SDII012860,SID0019,MID0013,264,2025/02/19
SDII012861,SID0019,MID0013,264,2025/02/20
SDII012862,SID0019,MID0013,255,2025/02/21
SDII012863,SID0019,MID0013,243,2025/02/22
SDII012864,SID0019,MID0013,243,2025/02/23
SDII012865,SID0019,MID0013,243,2025/02/24
SDII012866,SID0019,MID0013,206,2025/02/25
SDII012867,SID0019,MID0013,165,2025/02/26
SDII012868,SID0019,MID0013,157,2025/02/27
SDII012869,SID0019,MID0013,157,2025/02/28
SDII012870,SID0019,MID0013,157,2025/03/01
SDII012871,SID0019,MID0013,157,2025/03/02
SDII012872,SID0019,MID0013,299,2025/03/03
SDII012873,SID0019,MID0013,299,2025/03/04
SDII012874,SID0019,MID0013,287,2025/03/05
SDII012875,SID0019,MID0013,273,2025/03/06
SDII012876,SID0019,MID0013,191,2025/03/07
SDII012877,SID0019,MID0013,191,2025/03/08
SDII012878,SID0019,MID0013,191,2025/03/09
SDII012879,SID0019,MID0013,191,2025/03/10
SDII012880,SID0019,MID0013,191,2025/03/11
SDII012881,SID0019,MID0013,191,2025/03/12
SDII012882,SID0019,MID0013,191,2025/03/13
SDII012883,SID0019,MID0013,191,2025/03/14
SDII012884,SID0019,MID0013,191,2025/03/15
SDII012885,SID0019,MID0013,191,2025/03/16
SDII012886,SID0019,MID0013,191,2025/03/17
SDII012887,SID0019,MID0013,191,2025/03/18
SDII012888,SID0019,MID0013,373,2025/03/19
SDII012889,SID0019,MID0013,366,2025/03/20
SDII012890,SID0019,MID0013,329,2025/03/21
SDII012891,SID0019,MID0013,303,2025/03/22
SDII012892,SID0019,MID0013,303,2025/03/23
SDII012893,SID0019,MID0013,303,2025/03/24
SDII012894,SID0019,MID0013,303,2025/03/25
SDII012895,SID0019,MID0013,303,2025/03/26
SDII012896,SID0019,MID0013,303,2025/03/27
SDII012897,SID0019,MID0013,303,2025/03/28
SDII012898,SID0019,MID0013,303,2025/03/29
SDII012899,SID0019,MID0013,303,2025/03/30
SDII012900,SID0019,MID0013,303,2025/03/31
SDII012901,SID0019,MID0013,303,2025/04/01
SDII012902,SID0019,MID0013,268,2025/04/02
SDII012903,SID0019,MID0013,229,2025/04/03
SDII012904,SID0019,MID0013,225,2025/04/04
SDII012905,SID0019,MID0013,184,2025/04/05
SDII012906,SID0019,MID0013,184,2025/04/06
SDII012907,SID0019,MID0013,184,2025/04/07
SDII012908,SID0019,MID0013,184,2025/04/08
SDII012909,SID0019,MID0013,184,2025/04/09
SDII012910,SID0019,MID0013,184,2025/04/10
SDII012911,SID0019,MID0013,184,2025/04/11
SDII012912,SID0019,MID0013,184,2025/04/12
SDII012913,SID0019,MID0013,326,2025/04/13
SDII012914,SID0019,MID0013,326,2025/04/14
SDII012915,SID0019,MID0013,326,2025/04/15
SDII012916,SID0019,MID0013,326,2025/04/16
SDII012917,SID0019,MID0013,326,2025/04/17
SDII012918,SID0019,MID0013,326,2025/04/18
SDII012919,SID0019,MID0013,326,2025/04/19
SDII012920,SID0019,MID0013,326,2025/04/20
SDII012921,SID0019,MID0013,326,2025/04/21
SDII012922,SID0019,MID0013,326,2025/04/22
SDII012923,SID0019,MID0013,282,2025/04/23
SDII012924,SID0019,MID0013,279,2025/04/24
SDII012925,SID0019,MID0013,208,2025/04/25
SDII012926,SID0019,MID0013,208,2025/04/26
SDII012927,SID0019,MID0013,208,2025/04/27
SDII012928,SID0019,MID0013,208,2025/04/28
SDII012929,SID0019,MID0013,208,2025/04/29
SDII012930,SID0019,MID0013,208,2025/04/30
SDII012931,SID0019,MID0013,208,2025/05/01
SDII012932,SID0019,MID0013,208,2025/05/02
SDII012933,SID0019,MID0013,116,2025/05/03
SDII012934,SID0019,MID0013,116,2025/05/04
SDII012935,SID0019,MID0013,116,2025/05/05
SDII012936,SID0019,MID0013,94,2025/05/06
SDII012937,SID0019,MID0013,94,2025/05/07
SDII012938,SID0019,MID0013,94,2025/05/08
SDII012939,SID0019,MID0013,94,2025/05/09
SDII012940,SID0019,MID0013,94,2025/05/10
SDII012941,SID0019,MID0013,94,2025/05/11
SDII012942,SID0019,MID0013,94,2025/05/12
SDII012943,SID0019,MID0013,236,2025/05/13
SDII012944,SID0019,MID0013,236,2025/05/14
SDII012945,SID0019,MID0013,236,2025/05/15
SDII012946,SID0019,MID0013,236,2025/05/16
SDII012947,SID0019,MID0013,236,2025/05/17
SDII012948,SID0019,MID0013,236,2025/05/18
SDII012949,SID0019,MID0013,236,2025/05/19
SDII012950,SID0019,MID0013,236,2025/05/20
SDII012951,SID0019,MID0013,236,2025/05/21
SDII012952,SID0019,MID0013,236,2025/05/22
SDII012953,SID0019,MID0013,236,2025/05/23
SDII012954,SID0019,MID0013,156,2025/05/24
SDII012955,SID0019,MID0013,156,2025/05/25
SDII012956,SID0019,MID0013,156,2025/05/26
SDII012957,SID0019,MID0013,141,2025/05/27
SDII012958,SID0019,MID0013,141,2025/05/28
SDII012959,SID0019,MID0013,141,2025/05/29
SDII012960,SID0019,MID0013,141,2025/05/30
SDII012961,SID0019,MID0013,141,2025/05/31
SDII012962,SID0019,MID0013,141,2025/06/01
SDII012963,SID0019,MID0013,141,2025/06/02
SDII012964,SID0019,MID0013,126,2025/06/03
SDII012965,SID0019,MID0013,108,2025/06/04
SDII012966,SID0019,MID0013,240,2025/06/05
SDII012967,SID0019,MID0013,215,2025/06/06
SDII012968,SID0019,MID0013,198,2025/06/07
SDII012969,SID0019,MID0013,198,2025/06/08
SDII012970,SID0019,MID0013,198,2025/06/09
SDII012971,SID0019,MID0013,198,2025/06/10
SDII012972,SID0019,MID0013,198,2025/06/11
SDII012973,SID0019,MID0013,198,2025/06/12
SDII012974,SID0019,MID0013,198,2025/06/13
SDII012975,SID0019,MID0013,198,2025/06/14
SDII012976,SID0019,MID0013,198,2025/06/15
SDII012977,SID0019,MID0013,198,2025/06/16
SDII012978,SID0019,MID0013,198,2025/06/17
SDII012979,SID0019,MID0013,198,2025/06/18
SDII012980,SID0019,MID0013,198,2025/06/19
SDII012981,SID0019,MID0013,198,2025/06/20
SDII012982,SID0019,MID0013,152,2025/06/21
SDII012983,SID0019,MID0013,152,2025/06/22
SDII012984,SID0019,MID0013,152,2025/06/23
SDII012985,SID0019,MID0013,103,2025/06/24
SDII012986,SID0019,MID0013,103,2025/06/25
SDII012987,SID0019,MID0013,103,2025/06/26
SDII012988,SID0019,MID0013,103,2025/06/27
SDII012989,SID0019,MID0013,103,2025/06/28
SDII012990,SID0019,MID0013,103,2025/06/29
SDII012991,SID0019,MID0013,103,2025/06/30
SDII012992,SID0019,MID0013,103,2025/07/01
SDII012993,SID0019,MID0013,168,2025/07/02
SDII012994,SID0019,MID0013,168,2025/07/03
SDII012995,SID0019,MID0013,168,2025/07/04
SDII012996,SID0019,MID0013,168,2025/07/05
SDII012997,SID0019,MID0013,168,2025/07/06
SDII012998,SID0019,MID0013,168,2025/07/07
SDII012999,SID0019,MID0013,160,2025/07/08
SDII013000,SID0019,MID0013,153,2025/07/09
SDII013001,SID0019,MID0013,126,2025/07/10
SDII013002,SID0019,MID0013,80,2025/07/11
SDII013003,SID0019,MID0013,80,2025/07/12
SDII013004,SID0019,MID0013,80,2025/07/13
SDII013005,SID0019,MID0013,80,2025/07/14
SDII013006,SID0019,MID0013,80,2025/07/15
SDII013007,SID0019,MID0013,80,2025/07/16
SDII013008,SID0019,MID0013,80,2025/07/17
SDII013009,SID0019,MID0013,151,2025/07/18
SDII013010,SID0019,MID0013,144,2025/07/19
SDII013011,SID0019,MID0013,215,2025/07/20
SDII013012,SID0019,MID0013,215,2025/07/21
SDII013013,SID0019,MID0013,195,2025/07/22
SDII013014,SID0019,MID0013,161,2025/07/23
SDII013015,SID0019,MID0013,133,2025/07/24
SDII013016,SID0019,MID0013,116,2025/07/25
SDII013017,SID0019,MID0013,116,2025/07/26
SDII013018,SID0019,MID0013,116,2025/07/27
SDII013019,SID0019,MID0013,116,2025/07/28
SDII013020,SID0019,MID0013,116,2025/07/29
SDII013021,SID0019,MID0013,116,2025/07/30
SDII013022,SID0019,MID0013,116,2025/07/31
SDII013023,SID0019,MID0013,116,2025/08/01
SDII013024,SID0019,MID0013,116,2025/08/02
SDII013025,SID0019,MID0013,116,2025/08/03
SDII013026,SID0019,MID0013,116,2025/08/04
SDII013027,SID0019,MID0013,258,2025/08/05
SDII013028,SID0019,MID0013,258,2025/08/06
SDII013029,SID0019,MID0013,258,2025/08/07
SDII013030,SID0019,MID0013,231,2025/08/08
SDII013031,SID0019,MID0013,206,2025/08/09
SDII013032,SID0019,MID0013,206,2025/08/10
SDII013033,SID0019,MID0013,206,2025/08/11
SDII013034,SID0019,MID0013,182,2025/08/12
SDII013035,SID0019,MID0013,175,2025/08/13
SDII013036,SID0019,MID0013,175,2025/08/14
SDII013037,SID0019,MID0013,175,2025/08/15
SDII013038,SID0019,MID0013,175,2025/08/16
SDII013039,SID0019,MID0013,175,2025/08/17
SDII013040,SID0019,MID0013,175,2025/08/18
SDII013041,SID0019,MID0013,175,2025/08/19
SDII013042,SID0019,MID0013,156,2025/08/20
SDII013043,SID0019,MID0013,136,2025/08/21
SDII013044,SID0019,MID0013,115,2025/08/22
SDII013045,SID0019,MID0013,109,2025/08/23
SDII013046,SID0019,MID0013,109,2025/08/24
SDII013047,SID0019,MID0013,109,2025/08/25
SDII013048,SID0019,MID0013,103,2025/08/26
SDII013049,SID0019,MID0013,103,2025/08/27
SDII013050,SID0019,MID0013,103,2025/08/28
SDII013051,SID0019,MID0013,103,2025/08/29
SDII013052,SID0019,MID0013,103,2025/08/30
SDII013053,SID0019,MID0013,103,2025/08/31
SDII013054,SID0019,MID0013,103,2025/09/01
SDII013055,SID0019,MID0013,85,2025/09/02
SDII013056,SID0019,MID0013,59,2025/09/03
SDII013057,SID0019,MID0013,110,2025/09/04
SDII013058,SID0019,MID0013,96,2025/09/05
SDII013059,SID0019,MID0013,96,2025/09/06
SDII013060,SID0019,MID0013,96,2025/09/07
SDII013061,SID0019,MID0013,96,2025/09/08
SDII013062,SID0019,MID0013,96,2025/09/09
SDII013063,SID0019,MID0013,96,2025/09/10
SDII013064,SID0019,MID0013,96,2025/09/11
SDII013065,SID0019,MID0013,96,2025/09/12
SDII013066,SID0019,MID0013,96,2025/09/13
SDII013067,SID0019,MID0013,96,2025/09/14
SDII013068,SID0019,MID0013,96,2025/09/15
SDII013069,SID0019,MID0013,167,2025/09/16
SDII013070,SID0019,MID0013,167,2025/09/17
SDII013071,SID0019,MID0013,167,2025/09/18
SDII013072,SID0019,MID0013,167,2025/09/19
SDII013073,SID0019,MID0013,162,2025/09/20
SDII013074,SID0019,MID0013,162,2025/09/21
SDII013075,SID0019,MID0013,162,2025/09/22
SDII013076,SID0019,MID0013,131,2025/09/23
SDII013077,SID0019,MID0013,114,2025/09/24
SDII013078,SID0019,MID0013,221,2025/09/25
SDII013079,SID0019,MID0013,221,2025/09/26
SDII013080,SID0019,MID0013,221,2025/09/27
SDII013081,SID0019,MID0013,221,2025/09/28
SDII013082,SID0019,MID0013,221,2025/09/29
SDII013083,SID0019,MID0013,221,2025/09/30
SDII013084,SID0019,MID0013,221,2025/10/01
SDII013085,SID0019,MID0013,221,2025/10/02
SDII013086,SID0019,MID0013,221,2025/10/03
SDII013087,SID0019,MID0013,221,2025/10/04
SDII013088,SID0019,MID0013,221,2025/10/05
SDII013089,SID0019,MID0013,221,2025/10/06
SDII013090,SID0019,MID0013,221,2025/10/07
SDII013091,SID0019,MID0013,221,2025/10/08
SDII013092,SID0019,MID0013,187,2025/10/09
SDII013093,SID0019,MID0013,148,2025/10/10
SDII013094,SID0019,MID0013,148,2025/10/11
SDII013095,SID0019,MID0013,148,2025/10/12
SDII013096,SID0019,MID0013,148,2025/10/13
SDII013097,SID0019,MID0013,148,2025/10/14
SDII013098,SID0019,MID0013,148,2025/10/15
SDII013099,SID0019,MID0013,148,2025/10/16
SDII013100,SID0019,MID0013,101,2025/10/17
SDII013101,SID0019,MID0013,88,2025/10/18
SDII013102,SID0019,MID0013,88,2025/10/19
SDII013103,SID0019,MID0013,88,2025/10/20
SDII013104,SID0019,MID0013,64,2025/10/21
SDII013105,SID0019,MID0013,64,2025/10/22
SDII013106,SID0019,MID0013,64,2025/10/23
SDII013107,SID0019,MID0013,64,2025/10/24
SDII013108,SID0019,MID0013,64,2025/10/25
SDII013109,SID0019,MID0013,64,2025/10/26
SDII013110,SID0019,MID0013,206,2025/10/27
SDII013111,SID0019,MID0013,206,2025/10/28
SDII013112,SID0019,MID0013,206,2025/10/29
SDII013113,SID0019,MID0013,206,2025/10/30
SDII013114,SID0019,MID0013,206,2025/10/31
SDII013115,SID0019,MID0013,206,2025/11/01
SDII013116,SID0019,MID0013,206,2025/11/02
SDII013117,SID0019,MID0013,206,2025/11/03
SDII013118,SID0019,MID0013,206,2025/11/04
SDII013119,SID0019,MID0013,206,2025/11/05
SDII013120,SID0019,MID0013,206,2025/11/06
SDII013121,SID0019,MID0013,206,2025/11/07
SDII013122,SID0019,MID0013,206,2025/11/08
SDII013123,SID0019,MID0013,206,2025/11/09
SDII013124,SID0019,MID0013,206,2025/11/10
SDII013125,SID0019,MID0013,206,2025/11/11
SDII013126,SID0019,MID0013,177,2025/11/12
SDII013127,SID0019,MID0013,141,2025/11/13
SDII013128,SID0019,MID0013,123,2025/11/14
SDII013129,SID0019,MID0013,123,2025/11/15
SDII013130,SID0019,MID0013,123,2025/11/16
SDII013131,SID0019,MID0013,123,2025/11/17
SDII013132,SID0019,MID0013,248,2025/11/18
SDII013133,SID0019,MID0013,248,2025/11/19
SDII013134,SID0019,MID0013,248,2025/11/20
SDII013135,SID0019,MID0013,248,2025/11/21
SDII013136,SID0019,MID0013,248,2025/11/22
SDII013137,SID0019,MID0013,248,2025/11/23
SDII013138,SID0019,MID0013,248,2025/11/24
SDII013139,SID0019,MID0013,248,2025/11/25
SDII013140,SID0019,MID0013,234,2025/11/26
SDII013141,SID0019,MID0013,200,2025/11/27
SDII013142,SID0019,MID0013,197,2025/11/28
SDII013143,SID0019,MID0013,174,2025/11/29
SDII013144,SID0019,MID0013,174,2025/11/30
SDII013145,SID0019,MID0013,174,2025/12/01
SDII013146,SID0019,MID0013,174,2025/12/02
SDII013147,SID0019,MID0013,174,2025/12/03
SDII013148,SID0019,MID0013,174,2025/12/04
SDII013149,SID0019,MID0013,174,2025/12/05
SDII013150,SID0019,MID0013,316,2025/12/06
SDII013151,SID0019,MID0013,316,2025/12/07
SDII013152,SID0019,MID0013,316,2025/12/08
SDII013153,SID0019,MID0013,276,2025/12/09
SDII013154,SID0019,MID0013,230,2025/12/10
SDII013155,SID0019,MID0013,218,2025/12/11
SDII013156,SID0019,MID0013,217,2025/12/12
SDII013157,SID0019,MID0013,217,2025/12/13
SDII013158,SID0019,MID0013,217,2025/12/14
SDII013159,SID0019,MID0013,217,2025/12/15
SDII013160,SID0019,MID0013,217,2025/12/16
SDII013161,SID0019,MID0013,217,2025/12/17
SDII013162,SID0019,MID0013,217,2025/12/18
SDII013163,SID0019,MID0013,217,2025/12/19
SDII013164,SID0019,MID0013,217,2025/12/20
SDII013165,SID0019,MID0013,217,2025/12/21
SDII013166,SID0019,MID0013,217,2025/12/22
SDII013167,SID0019,MID0013,205,2025/12/23
SDII013168,SID0019,MID0013,168,2025/12/24
SDII013169,SID0019,MID0013,139,2025/12/25
SDII013170,SID0019,MID0013,122,2025/12/26
SDII013171,SID0019,MID0013,122,2025/12/27
SDII013172,SID0019,MID0013,122,2025/12/28
SDII013173,SID0019,MID0013,264,2025/12/29
SDII013174,SID0019,MID0013,264,2025/12/30
SDII013175,SID0019,MID0013,264,2025/12/31
SDII013176,SID0019,MID0013,264,2026/01/01
SDII013177,SID0019,MID0015,18,2025/01/01
SDII013178,SID0019,MID0015,18,2025/01/02
SDII013179,SID0019,MID0015,18,2025/01/03
SDII013180,SID0019,MID0015,18,2025/01/04
SDII013181,SID0019,MID0015,18,2025/01/05
SDII013182,SID0019,MID0015,160,2025/01/06
SDII013183,SID0019,MID0015,160,2025/01/07
SDII013184,SID0019,MID0015,160,2025/01/08
SDII013185,SID0019,MID0015,160,2025/01/09
SDII013186,SID0019,MID0015,158,2025/01/10
SDII013187,SID0019,MID0015,142,2025/01/11
SDII013188,SID0019,MID0015,142,2025/01/12
SDII013189,SID0019,MID0015,142,2025/01/13
SDII013190,SID0019,MID0015,106,2025/01/14
SDII013191,SID0019,MID0015,91,2025/01/15
SDII013192,SID0019,MID0015,81,2025/01/16
SDII013193,SID0019,MID0015,142,2025/01/17
SDII013194,SID0019,MID0015,142,2025/01/18
SDII013195,SID0019,MID0015,142,2025/01/19
SDII013196,SID0019,MID0015,203,2025/01/20
SDII013197,SID0019,MID0015,203,2025/01/21
SDII013198,SID0019,MID0015,203,2025/01/22
SDII013199,SID0019,MID0015,203,2025/01/23
SDII013200,SID0019,MID0015,203,2025/01/24
SDII013201,SID0019,MID0015,203,2025/01/25
SDII013202,SID0019,MID0015,203,2025/01/26
SDII013203,SID0019,MID0015,203,2025/01/27
SDII013204,SID0019,MID0015,193,2025/01/28
SDII013205,SID0019,MID0015,179,2025/01/29
SDII013206,SID0019,MID0015,161,2025/01/30
SDII013207,SID0019,MID0015,147,2025/01/31
SDII013208,SID0019,MID0015,111,2025/02/01
SDII013209,SID0019,MID0015,172,2025/02/02
SDII013210,SID0019,MID0015,172,2025/02/03
SDII013211,SID0019,MID0015,172,2025/02/04
SDII013212,SID0019,MID0015,172,2025/02/05
SDII013213,SID0019,MID0015,172,2025/02/06
SDII013214,SID0019,MID0015,156,2025/02/07
SDII013215,SID0019,MID0015,136,2025/02/08
SDII013216,SID0019,MID0015,136,2025/02/09
SDII013217,SID0019,MID0015,136,2025/02/10
SDII013218,SID0019,MID0015,127,2025/02/11
SDII013219,SID0019,MID0015,114,2025/02/12
SDII013220,SID0019,MID0015,99,2025/02/13
SDII013221,SID0019,MID0015,190,2025/02/14
SDII013222,SID0019,MID0015,190,2025/02/15
SDII013223,SID0019,MID0015,190,2025/02/16
SDII013224,SID0019,MID0015,190,2025/02/17
SDII013225,SID0019,MID0015,175,2025/02/18
SDII013226,SID0019,MID0015,167,2025/02/19
SDII013227,SID0019,MID0015,154,2025/02/20
SDII013228,SID0019,MID0015,129,2025/02/21
SDII013229,SID0019,MID0015,110,2025/02/22
SDII013230,SID0019,MID0015,110,2025/02/23
SDII013231,SID0019,MID0015,110,2025/02/24
SDII013232,SID0019,MID0015,110,2025/02/25
SDII013233,SID0019,MID0015,110,2025/02/26
SDII013234,SID0019,MID0015,110,2025/02/27
SDII013235,SID0019,MID0015,110,2025/02/28
SDII013236,SID0019,MID0015,110,2025/03/01
SDII013237,SID0019,MID0015,110,2025/03/02
SDII013238,SID0019,MID0015,110,2025/03/03
SDII013239,SID0019,MID0015,110,2025/03/04
SDII013240,SID0019,MID0015,110,2025/03/05
SDII013241,SID0019,MID0015,93,2025/03/06
SDII013242,SID0019,MID0015,123,2025/03/07
SDII013243,SID0019,MID0015,101,2025/03/08
SDII013244,SID0019,MID0015,101,2025/03/09
SDII013245,SID0019,MID0015,101,2025/03/10
SDII013246,SID0019,MID0015,101,2025/03/11
SDII013247,SID0019,MID0015,101,2025/03/12
SDII013248,SID0019,MID0015,101,2025/03/13
SDII013249,SID0019,MID0015,101,2025/03/14
SDII013250,SID0019,MID0015,101,2025/03/15
SDII013251,SID0019,MID0015,162,2025/03/16
SDII013252,SID0019,MID0015,162,2025/03/17
SDII013253,SID0019,MID0015,162,2025/03/18
SDII013254,SID0019,MID0015,162,2025/03/19
SDII013255,SID0019,MID0015,162,2025/03/20
SDII013256,SID0019,MID0015,162,2025/03/21
SDII013257,SID0019,MID0015,162,2025/03/22
SDII013258,SID0019,MID0015,162,2025/03/23
SDII013259,SID0019,MID0015,162,2025/03/24
SDII013260,SID0019,MID0015,162,2025/03/25
SDII013261,SID0019,MID0015,162,2025/03/26
SDII013262,SID0019,MID0015,118,2025/03/27
SDII013263,SID0019,MID0015,100,2025/03/28
SDII013264,SID0019,MID0015,81,2025/03/29
SDII013265,SID0019,MID0015,81,2025/03/30
SDII013266,SID0019,MID0015,81,2025/03/31
SDII013267,SID0019,MID0015,81,2025/04/01
SDII013268,SID0019,MID0015,81,2025/04/02
SDII013269,SID0019,MID0015,81,2025/04/03
SDII013270,SID0019,MID0015,81,2025/04/04
SDII013271,SID0019,MID0015,69,2025/04/05
SDII013272,SID0019,MID0015,160,2025/04/06
SDII013273,SID0019,MID0015,160,2025/04/07
SDII013274,SID0019,MID0015,148,2025/04/08
SDII013275,SID0019,MID0015,129,2025/04/09
SDII013276,SID0019,MID0015,108,2025/04/10
SDII013277,SID0019,MID0015,84,2025/04/11
SDII013278,SID0019,MID0015,84,2025/04/12
SDII013279,SID0019,MID0015,84,2025/04/13
SDII013280,SID0019,MID0015,84,2025/04/14
SDII013281,SID0019,MID0015,145,2025/04/15
SDII013282,SID0019,MID0015,145,2025/04/16
SDII013283,SID0019,MID0015,145,2025/04/17
SDII013284,SID0019,MID0015,236,2025/04/18
SDII013285,SID0019,MID0015,236,2025/04/19
SDII013286,SID0019,MID0015,236,2025/04/20
SDII013287,SID0019,MID0015,236,2025/04/21
SDII013288,SID0019,MID0015,236,2025/04/22
SDII013289,SID0019,MID0015,236,2025/04/23
SDII013290,SID0019,MID0015,215,2025/04/24
SDII013291,SID0019,MID0015,201,2025/04/25
SDII013292,SID0019,MID0015,178,2025/04/26
SDII013293,SID0019,MID0015,178,2025/04/27
SDII013294,SID0019,MID0015,178,2025/04/28
SDII013295,SID0019,MID0015,161,2025/04/29
SDII013296,SID0019,MID0015,137,2025/04/30
SDII013297,SID0019,MID0015,137,2025/05/01
SDII013298,SID0019,MID0015,137,2025/05/02
SDII013299,SID0019,MID0015,137,2025/05/03
SDII013300,SID0019,MID0015,137,2025/05/04
SDII013301,SID0019,MID0015,220,2025/05/05
SDII013302,SID0019,MID0015,220,2025/05/06
SDII013303,SID0019,MID0015,185,2025/05/07
SDII013304,SID0019,MID0015,122,2025/05/08
SDII013305,SID0019,MID0015,122,2025/05/09
SDII013306,SID0019,MID0015,122,2025/05/10
SDII013307,SID0019,MID0015,122,2025/05/11
SDII013308,SID0019,MID0015,122,2025/05/12
SDII013309,SID0019,MID0015,122,2025/05/13
SDII013310,SID0019,MID0015,274,2025/05/14
SDII013311,SID0019,MID0015,274,2025/05/15
SDII013312,SID0019,MID0015,274,2025/05/16
SDII013313,SID0019,MID0015,274,2025/05/17
SDII013314,SID0019,MID0015,274,2025/05/18
SDII013315,SID0019,MID0015,274,2025/05/19
SDII013316,SID0019,MID0015,274,2025/05/20
SDII013317,SID0019,MID0015,274,2025/05/21
SDII013318,SID0019,MID0015,274,2025/05/22
SDII013319,SID0019,MID0015,255,2025/05/23
SDII013320,SID0019,MID0015,170,2025/05/24
SDII013321,SID0019,MID0015,170,2025/05/25
SDII013322,SID0019,MID0015,170,2025/05/26
SDII013323,SID0019,MID0015,170,2025/05/27
SDII013324,SID0019,MID0015,170,2025/05/28
SDII013325,SID0019,MID0015,231,2025/05/29
SDII013326,SID0019,MID0015,231,2025/05/30
SDII013327,SID0019,MID0015,231,2025/05/31
SDII013328,SID0019,MID0015,231,2025/06/01
SDII013329,SID0019,MID0015,231,2025/06/02
SDII013330,SID0019,MID0015,231,2025/06/03
SDII013331,SID0019,MID0015,231,2025/06/04
SDII013332,SID0019,MID0015,231,2025/06/05
SDII013333,SID0019,MID0015,129,2025/06/06
SDII013334,SID0019,MID0015,122,2025/06/07
SDII013335,SID0019,MID0015,122,2025/06/08
SDII013336,SID0019,MID0015,122,2025/06/09
SDII013337,SID0019,MID0015,122,2025/06/10
SDII013338,SID0019,MID0015,244,2025/06/11
SDII013339,SID0019,MID0015,244,2025/06/12
SDII013340,SID0019,MID0015,244,2025/06/13
SDII013341,SID0019,MID0015,244,2025/06/14
SDII013342,SID0019,MID0015,244,2025/06/15
SDII013343,SID0019,MID0015,244,2025/06/16
SDII013344,SID0019,MID0015,244,2025/06/17
SDII013345,SID0019,MID0015,244,2025/06/18
SDII013346,SID0019,MID0015,244,2025/06/19
SDII013347,SID0019,MID0015,215,2025/06/20
SDII013348,SID0019,MID0015,203,2025/06/21
SDII013349,SID0019,MID0015,203,2025/06/22
SDII013350,SID0019,MID0015,203,2025/06/23
SDII013351,SID0019,MID0015,163,2025/06/24
SDII013352,SID0019,MID0015,128,2025/06/25
SDII013353,SID0019,MID0015,128,2025/06/26
SDII013354,SID0019,MID0015,128,2025/06/27
SDII013355,SID0019,MID0015,128,2025/06/28
SDII013356,SID0019,MID0015,128,2025/06/29
SDII013357,SID0019,MID0015,128,2025/06/30
SDII013358,SID0019,MID0015,128,2025/07/01
SDII013359,SID0019,MID0015,128,2025/07/02
SDII013360,SID0019,MID0015,128,2025/07/03
SDII013361,SID0019,MID0015,250,2025/07/04
SDII013362,SID0019,MID0015,250,2025/07/05
SDII013363,SID0019,MID0015,250,2025/07/06
SDII013364,SID0019,MID0015,250,2025/07/07
SDII013365,SID0019,MID0015,250,2025/07/08
SDII013366,SID0019,MID0015,250,2025/07/09
SDII013367,SID0019,MID0015,250,2025/07/10
SDII013368,SID0019,MID0015,230,2025/07/11
SDII013369,SID0019,MID0015,126,2025/07/12
SDII013370,SID0019,MID0015,126,2025/07/13
SDII013371,SID0019,MID0015,126,2025/07/14
SDII013372,SID0019,MID0015,126,2025/07/15
SDII013373,SID0019,MID0015,126,2025/07/16
SDII013374,SID0019,MID0015,126,2025/07/17
SDII013375,SID0019,MID0015,126,2025/07/18
SDII013376,SID0019,MID0015,126,2025/07/19
SDII013377,SID0019,MID0015,248,2025/07/20
SDII013378,SID0019,MID0015,248,2025/07/21
SDII013379,SID0019,MID0015,216,2025/07/22
SDII013380,SID0019,MID0015,171,2025/07/23
SDII013381,SID0019,MID0015,150,2025/07/24
SDII013382,SID0019,MID0015,115,2025/07/25
SDII013383,SID0019,MID0015,115,2025/07/26
SDII013384,SID0019,MID0015,115,2025/07/27
SDII013385,SID0019,MID0015,176,2025/07/28
SDII013386,SID0019,MID0015,176,2025/07/29
SDII013387,SID0019,MID0015,176,2025/07/30
SDII013388,SID0019,MID0015,176,2025/07/31
SDII013389,SID0019,MID0015,176,2025/08/01
SDII013390,SID0019,MID0015,176,2025/08/02
SDII013391,SID0019,MID0015,176,2025/08/03
SDII013392,SID0019,MID0015,176,2025/08/04
SDII013393,SID0019,MID0015,176,2025/08/05
SDII013394,SID0019,MID0015,176,2025/08/06
SDII013395,SID0019,MID0015,176,2025/08/07
SDII013396,SID0019,MID0015,132,2025/08/08
SDII013397,SID0019,MID0015,99,2025/08/09
SDII013398,SID0019,MID0015,99,2025/08/10
SDII013399,SID0019,MID0015,99,2025/08/11
SDII013400,SID0019,MID0015,55,2025/08/12
SDII013401,SID0019,MID0015,45,2025/08/13
SDII013402,SID0019,MID0015,45,2025/08/14
SDII013403,SID0019,MID0015,167,2025/08/15
SDII013404,SID0019,MID0015,167,2025/08/16
SDII013405,SID0019,MID0015,167,2025/08/17
SDII013406,SID0019,MID0015,167,2025/08/18
SDII013407,SID0019,MID0015,167,2025/08/19
SDII013408,SID0019,MID0015,167,2025/08/20
SDII013409,SID0019,MID0015,167,2025/08/21
SDII013410,SID0019,MID0015,228,2025/08/22
SDII013411,SID0019,MID0015,228,2025/08/23
SDII013412,SID0019,MID0015,228,2025/08/24
SDII013413,SID0019,MID0015,228,2025/08/25
SDII013414,SID0019,MID0015,228,2025/08/26
SDII013415,SID0019,MID0015,228,2025/08/27
SDII013416,SID0019,MID0015,190,2025/08/28
SDII013417,SID0019,MID0015,156,2025/08/29
SDII013418,SID0019,MID0015,119,2025/08/30
SDII013419,SID0019,MID0015,210,2025/08/31
SDII013420,SID0019,MID0015,210,2025/09/01
SDII013421,SID0019,MID0015,210,2025/09/02
SDII013422,SID0019,MID0015,210,2025/09/03
SDII013423,SID0019,MID0015,210,2025/09/04
SDII013424,SID0019,MID0015,210,2025/09/05
SDII013425,SID0019,MID0015,210,2025/09/06
SDII013426,SID0019,MID0015,210,2025/09/07
SDII013427,SID0019,MID0015,301,2025/09/08
SDII013428,SID0019,MID0015,301,2025/09/09
SDII013429,SID0019,MID0015,293,2025/09/10
SDII013430,SID0019,MID0015,251,2025/09/11
SDII013431,SID0019,MID0015,216,2025/09/12
SDII013432,SID0019,MID0015,180,2025/09/13
SDII013433,SID0019,MID0015,180,2025/09/14
SDII013434,SID0019,MID0015,180,2025/09/15
SDII013435,SID0019,MID0015,180,2025/09/16
SDII013436,SID0019,MID0015,148,2025/09/17
SDII013437,SID0019,MID0015,119,2025/09/18
SDII013438,SID0019,MID0015,180,2025/09/19
SDII013439,SID0019,MID0015,168,2025/09/20
SDII013440,SID0019,MID0015,168,2025/09/21
SDII013441,SID0019,MID0015,168,2025/09/22
SDII013442,SID0019,MID0015,149,2025/09/23
SDII013443,SID0019,MID0015,149,2025/09/24
SDII013444,SID0019,MID0015,149,2025/09/25
SDII013445,SID0019,MID0015,149,2025/09/26
SDII013446,SID0019,MID0015,149,2025/09/27
SDII013447,SID0019,MID0015,149,2025/09/28
SDII013448,SID0019,MID0015,149,2025/09/29
SDII013449,SID0019,MID0015,149,2025/09/30
SDII013450,SID0019,MID0015,149,2025/10/01
SDII013451,SID0019,MID0015,139,2025/10/02
SDII013452,SID0019,MID0015,209,2025/10/03
SDII013453,SID0019,MID0015,157,2025/10/04
SDII013454,SID0019,MID0015,157,2025/10/05
SDII013455,SID0019,MID0015,157,2025/10/06
SDII013456,SID0019,MID0015,135,2025/10/07
SDII013457,SID0019,MID0015,135,2025/10/08
SDII013458,SID0019,MID0015,135,2025/10/09
SDII013459,SID0019,MID0015,135,2025/10/10
SDII013460,SID0019,MID0015,135,2025/10/11
SDII013461,SID0019,MID0015,135,2025/10/12
SDII013462,SID0019,MID0015,135,2025/10/13
SDII013463,SID0019,MID0015,135,2025/10/14
SDII013464,SID0019,MID0015,135,2025/10/15
SDII013465,SID0019,MID0015,135,2025/10/16
SDII013466,SID0019,MID0015,135,2025/10/17
SDII013467,SID0019,MID0015,133,2025/10/18
SDII013468,SID0019,MID0015,133,2025/10/19
SDII013469,SID0019,MID0015,133,2025/10/20
SDII013470,SID0019,MID0015,124,2025/10/21
SDII013471,SID0019,MID0015,192,2025/10/22
SDII013472,SID0019,MID0015,165,2025/10/23
SDII013473,SID0019,MID0015,109,2025/10/24
SDII013474,SID0019,MID0015,109,2025/10/25
SDII013475,SID0019,MID0015,109,2025/10/26
SDII013476,SID0019,MID0015,109,2025/10/27
SDII013477,SID0019,MID0015,109,2025/10/28
SDII013478,SID0019,MID0015,170,2025/10/29
SDII013479,SID0019,MID0015,170,2025/10/30
SDII013480,SID0019,MID0015,170,2025/10/31
SDII013481,SID0019,MID0015,170,2025/11/01
SDII013482,SID0019,MID0015,170,2025/11/02
SDII013483,SID0019,MID0015,170,2025/11/03
SDII013484,SID0019,MID0015,170,2025/11/04
SDII013485,SID0019,MID0015,170,2025/11/05
SDII013486,SID0019,MID0015,170,2025/11/06
SDII013487,SID0019,MID0015,170,2025/11/07
SDII013488,SID0019,MID0015,170,2025/11/08
SDII013489,SID0019,MID0015,170,2025/11/09
SDII013490,SID0019,MID0015,170,2025/11/10
SDII013491,SID0019,MID0015,227,2025/11/11
SDII013492,SID0019,MID0015,227,2025/11/12
SDII013493,SID0019,MID0015,181,2025/11/13
SDII013494,SID0019,MID0015,153,2025/11/14
SDII013495,SID0019,MID0015,133,2025/11/15
SDII013496,SID0019,MID0015,133,2025/11/16
SDII013497,SID0019,MID0015,133,2025/11/17
SDII013498,SID0019,MID0015,255,2025/11/18
SDII013499,SID0019,MID0015,255,2025/11/19
SDII013500,SID0019,MID0015,255,2025/11/20
SDII013501,SID0019,MID0015,255,2025/11/21
SDII013502,SID0019,MID0015,255,2025/11/22
SDII013503,SID0019,MID0015,255,2025/11/23
SDII013504,SID0019,MID0015,255,2025/11/24
SDII013505,SID0019,MID0015,231,2025/11/25
SDII013506,SID0019,MID0015,227,2025/11/26
SDII013507,SID0019,MID0015,202,2025/11/27
SDII013508,SID0019,MID0015,179,2025/11/28
SDII013509,SID0019,MID0015,173,2025/11/29
SDII013510,SID0019,MID0015,173,2025/11/30
SDII013511,SID0019,MID0015,173,2025/12/01
SDII013512,SID0019,MID0015,173,2025/12/02
SDII013513,SID0019,MID0015,118,2025/12/03
SDII013514,SID0019,MID0015,69,2025/12/04
SDII013515,SID0019,MID0015,69,2025/12/05
SDII013516,SID0019,MID0015,130,2025/12/06
SDII013517,SID0019,MID0015,130,2025/12/07
SDII013518,SID0019,MID0015,191,2025/12/08
SDII013519,SID0019,MID0015,191,2025/12/09
SDII013520,SID0019,MID0015,191,2025/12/10
SDII013521,SID0019,MID0015,191,2025/12/11
SDII013522,SID0019,MID0015,191,2025/12/12
SDII013523,SID0019,MID0015,191,2025/12/13
SDII013524,SID0019,MID0015,191,2025/12/14
SDII013525,SID0019,MID0015,191,2025/12/15
SDII013526,SID0019,MID0015,191,2025/12/16
SDII013527,SID0019,MID0015,191,2025/12/17
SDII013528,SID0019,MID0015,191,2025/12/18
SDII013529,SID0019,MID0015,191,2025/12/19
SDII013530,SID0019,MID0015,191,2025/12/20
SDII013531,SID0019,MID0015,191,2025/12/21
SDII013532,SID0019,MID0015,191,2025/12/22
SDII013533,SID0019,MID0015,154,2025/12/23
SDII013534,SID0019,MID0015,110,2025/12/24
SDII013535,SID0019,MID0015,175,2025/12/25
SDII013536,SID0019,MID0015,175,2025/12/26
SDII013537,SID0019,MID0015,175,2025/12/27
SDII013538,SID0019,MID0015,175,2025/12/28
SDII013539,SID0019,MID0015,175,2025/12/29
SDII013540,SID0019,MID0015,175,2025/12/30
SDII013541,SID0019,MID0015,175,2025/12/31
SDII013542,SID0019,MID0015,175,2026/01/01
SDII013543,SID0019,MID0016,444,2025/01/01
SDII013544,SID0019,MID0016,401,2025/01/02
SDII013545,SID0019,MID0016,368,2025/01/03
SDII013546,SID0019,MID0016,368,2025/01/04
SDII013547,SID0019,MID0016,368,2025/01/05
SDII013548,SID0019,MID0016,368,2025/01/06
SDII013549,SID0019,MID0016,337,2025/01/07
SDII013550,SID0019,MID0016,329,2025/01/08
SDII013551,SID0019,MID0016,288,2025/01/09
SDII013552,SID0019,MID0016,259,2025/01/10
SDII013553,SID0019,MID0016,230,2025/01/11
SDII013554,SID0019,MID0016,230,2025/01/12
SDII013555,SID0019,MID0016,230,2025/01/13
SDII013556,SID0019,MID0016,230,2025/01/14
SDII013557,SID0019,MID0016,185,2025/01/15
SDII013558,SID0019,MID0016,148,2025/01/16
SDII013559,SID0019,MID0016,119,2025/01/17
SDII013560,SID0019,MID0016,84,2025/01/18
SDII013561,SID0019,MID0016,84,2025/01/19
SDII013562,SID0019,MID0016,84,2025/01/20
SDII013563,SID0019,MID0016,47,2025/01/21
SDII013564,SID0019,MID0016,39,2025/01/22
SDII013565,SID0019,MID0016,0,2025/01/23
SDII013566,SID0019,MID0016,1010,2025/01/24
SDII013567,SID0019,MID0016,957,2025/01/25
SDII013568,SID0019,MID0016,957,2025/01/26
SDII013569,SID0019,MID0016,957,2025/01/27
SDII013570,SID0019,MID0016,957,2025/01/28
SDII013571,SID0019,MID0016,921,2025/01/29
SDII013572,SID0019,MID0016,879,2025/01/30
SDII013573,SID0019,MID0016,842,2025/01/31
SDII013574,SID0019,MID0016,814,2025/02/01
SDII013575,SID0019,MID0016,814,2025/02/02
SDII013576,SID0019,MID0016,814,2025/02/03
SDII013577,SID0019,MID0016,806,2025/02/04
SDII013578,SID0019,MID0016,769,2025/02/05
SDII013579,SID0019,MID0016,706,2025/02/06
SDII013580,SID0019,MID0016,680,2025/02/07
SDII013581,SID0019,MID0016,1162,2025/02/08
SDII013582,SID0019,MID0016,1162,2025/02/09
SDII013583,SID0019,MID0016,1162,2025/02/10
SDII013584,SID0019,MID0016,1129,2025/02/11
SDII013585,SID0019,MID0016,1054,2025/02/12
SDII013586,SID0019,MID0016,996,2025/02/13
SDII013587,SID0019,MID0016,996,2025/02/14
SDII013588,SID0019,MID0016,996,2025/02/15
SDII013589,SID0019,MID0016,996,2025/02/16
SDII013590,SID0019,MID0016,996,2025/02/17
SDII013591,SID0019,MID0016,935,2025/02/18
SDII013592,SID0019,MID0016,881,2025/02/19
SDII013593,SID0019,MID0016,840,2025/02/20
SDII013594,SID0019,MID0016,840,2025/02/21
SDII013595,SID0019,MID0016,840,2025/02/22
SDII013596,SID0019,MID0016,840,2025/02/23
SDII013597,SID0019,MID0016,840,2025/02/24
SDII013598,SID0019,MID0016,840,2025/02/25
SDII013599,SID0019,MID0016,840,2025/02/26
SDII013600,SID0019,MID0016,826,2025/02/27
SDII013601,SID0019,MID0016,784,2025/02/28
SDII013602,SID0019,MID0016,694,2025/03/01
SDII013603,SID0019,MID0016,694,2025/03/02
SDII013604,SID0019,MID0016,694,2025/03/03
SDII013605,SID0019,MID0016,659,2025/03/04
SDII013606,SID0019,MID0016,630,2025/03/05
SDII013607,SID0019,MID0016,611,2025/03/06
SDII013608,SID0019,MID0016,533,2025/03/07
SDII013609,SID0019,MID0016,533,2025/03/08
SDII013610,SID0019,MID0016,533,2025/03/09
SDII013611,SID0019,MID0016,533,2025/03/10
SDII013612,SID0019,MID0016,506,2025/03/11
SDII013613,SID0019,MID0016,992,2025/03/12
SDII013614,SID0019,MID0016,959,2025/03/13
SDII013615,SID0019,MID0016,934,2025/03/14
SDII013616,SID0019,MID0016,896,2025/03/15
SDII013617,SID0019,MID0016,896,2025/03/16
SDII013618,SID0019,MID0016,896,2025/03/17
SDII013619,SID0019,MID0016,896,2025/03/18
SDII013620,SID0019,MID0016,835,2025/03/19
SDII013621,SID0019,MID0016,831,2025/03/20
SDII013622,SID0019,MID0016,764,2025/03/21
SDII013623,SID0019,MID0016,741,2025/03/22
SDII013624,SID0019,MID0016,741,2025/03/23
SDII013625,SID0019,MID0016,1196,2025/03/24
SDII013626,SID0019,MID0016,1196,2025/03/25
SDII013627,SID0019,MID0016,1196,2025/03/26
SDII013628,SID0019,MID0016,1115,2025/03/27
SDII013629,SID0019,MID0016,1070,2025/03/28
SDII013630,SID0019,MID0016,1052,2025/03/29
SDII013631,SID0019,MID0016,1052,2025/03/30
SDII013632,SID0019,MID0016,1052,2025/03/31
SDII013633,SID0019,MID0016,1030,2025/04/01
SDII013634,SID0019,MID0016,994,2025/04/02
SDII013635,SID0019,MID0016,969,2025/04/03
SDII013636,SID0019,MID0016,929,2025/04/04
SDII013637,SID0019,MID0016,880,2025/04/05
SDII013638,SID0019,MID0016,880,2025/04/06
SDII013639,SID0019,MID0016,880,2025/04/07
SDII013640,SID0019,MID0016,841,2025/04/08
SDII013641,SID0019,MID0016,801,2025/04/09
SDII013642,SID0019,MID0016,749,2025/04/10
SDII013643,SID0019,MID0016,706,2025/04/11
SDII013644,SID0019,MID0016,706,2025/04/12
SDII013645,SID0019,MID0016,706,2025/04/13
SDII013646,SID0019,MID0016,706,2025/04/14
SDII013647,SID0019,MID0016,1216,2025/04/15
SDII013648,SID0019,MID0016,1201,2025/04/16
SDII013649,SID0019,MID0016,1134,2025/04/17
SDII013650,SID0019,MID0016,1093,2025/04/18
SDII013651,SID0019,MID0016,1037,2025/04/19
SDII013652,SID0019,MID0016,1037,2025/04/20
SDII013653,SID0019,MID0016,1037,2025/04/21
SDII013654,SID0019,MID0016,1018,2025/04/22
SDII013655,SID0019,MID0016,971,2025/04/23
SDII013656,SID0019,MID0016,962,2025/04/24
SDII013657,SID0019,MID0016,935,2025/04/25
SDII013658,SID0019,MID0016,878,2025/04/26
SDII013659,SID0019,MID0016,878,2025/04/27
SDII013660,SID0019,MID0016,878,2025/04/28
SDII013661,SID0019,MID0016,878,2025/04/29
SDII013662,SID0019,MID0016,878,2025/04/30
SDII013663,SID0019,MID0016,855,2025/05/01
SDII013664,SID0019,MID0016,744,2025/05/02
SDII013665,SID0019,MID0016,729,2025/05/03
SDII013666,SID0019,MID0016,729,2025/05/04
SDII013667,SID0019,MID0016,729,2025/05/05
SDII013668,SID0019,MID0016,1408,2025/05/06
SDII013669,SID0019,MID0016,1408,2025/05/07
SDII013670,SID0019,MID0016,1408,2025/05/08
SDII013671,SID0019,MID0016,1332,2025/05/09
SDII013672,SID0019,MID0016,1241,2025/05/10
SDII013673,SID0019,MID0016,1241,2025/05/11
SDII013674,SID0019,MID0016,1241,2025/05/12
SDII013675,SID0019,MID0016,1212,2025/05/13
SDII013676,SID0019,MID0016,1186,2025/05/14
SDII013677,SID0019,MID0016,1147,2025/05/15
SDII013678,SID0019,MID0016,1090,2025/05/16
SDII013679,SID0019,MID0016,1090,2025/05/17
SDII013680,SID0019,MID0016,1090,2025/05/18
SDII013681,SID0019,MID0016,1090,2025/05/19
SDII013682,SID0019,MID0016,1090,2025/05/20
SDII013683,SID0019,MID0016,1054,2025/05/21
SDII013684,SID0019,MID0016,992,2025/05/22
SDII013685,SID0019,MID0016,956,2025/05/23
SDII013686,SID0019,MID0016,945,2025/05/24
SDII013687,SID0019,MID0016,945,2025/05/25
SDII013688,SID0019,MID0016,945,2025/05/26
SDII013689,SID0019,MID0016,945,2025/05/27
SDII013690,SID0019,MID0016,945,2025/05/28
SDII013691,SID0019,MID0016,801,2025/05/29
SDII013692,SID0019,MID0016,785,2025/05/30
SDII013693,SID0019,MID0016,785,2025/05/31
SDII013694,SID0019,MID0016,785,2025/06/01
SDII013695,SID0019,MID0016,785,2025/06/02
SDII013696,SID0019,MID0016,785,2025/06/03
SDII013697,SID0019,MID0016,759,2025/06/04
SDII013698,SID0019,MID0016,693,2025/06/05
SDII013699,SID0019,MID0016,668,2025/06/06
SDII013700,SID0019,MID0016,621,2025/06/07
SDII013701,SID0019,MID0016,621,2025/06/08
SDII013702,SID0019,MID0016,1131,2025/06/09
SDII013703,SID0019,MID0016,1131,2025/06/10
SDII013704,SID0019,MID0016,1131,2025/06/11
SDII013705,SID0019,MID0016,1131,2025/06/12
SDII013706,SID0019,MID0016,1041,2025/06/13
SDII013707,SID0019,MID0016,970,2025/06/14
SDII013708,SID0019,MID0016,970,2025/06/15
SDII013709,SID0019,MID0016,970,2025/06/16
SDII013710,SID0019,MID0016,929,2025/06/17
SDII013711,SID0019,MID0016,910,2025/06/18
SDII013712,SID0019,MID0016,864,2025/06/19
SDII013713,SID0019,MID0016,821,2025/06/20
SDII013714,SID0019,MID0016,821,2025/06/21
SDII013715,SID0019,MID0016,821,2025/06/22
SDII013716,SID0019,MID0016,821,2025/06/23
SDII013717,SID0019,MID0016,821,2025/06/24
SDII013718,SID0019,MID0016,760,2025/06/25
SDII013719,SID0019,MID0016,677,2025/06/26
SDII013720,SID0019,MID0016,677,2025/06/27
SDII013721,SID0019,MID0016,677,2025/06/28
SDII013722,SID0019,MID0016,677,2025/06/29
SDII013723,SID0019,MID0016,677,2025/06/30
SDII013724,SID0019,MID0016,677,2025/07/01
SDII013725,SID0019,MID0016,677,2025/07/02
SDII013726,SID0019,MID0016,1143,2025/07/03
SDII013727,SID0019,MID0016,1102,2025/07/04
SDII013728,SID0019,MID0016,1050,2025/07/05
SDII013729,SID0019,MID0016,1050,2025/07/06
SDII013730,SID0019,MID0016,1050,2025/07/07
SDII013731,SID0019,MID0016,994,2025/07/08
SDII013732,SID0019,MID0016,926,2025/07/09
SDII013733,SID0019,MID0016,926,2025/07/10
SDII013734,SID0019,MID0016,926,2025/07/11
SDII013735,SID0019,MID0016,926,2025/07/12
SDII013736,SID0019,MID0016,926,2025/07/13
SDII013737,SID0019,MID0016,926,2025/07/14
SDII013738,SID0019,MID0016,926,2025/07/15
SDII013739,SID0019,MID0016,899,2025/07/16
SDII013740,SID0019,MID0016,872,2025/07/17
SDII013741,SID0019,MID0016,855,2025/07/18
SDII013742,SID0019,MID0016,795,2025/07/19
SDII013743,SID0019,MID0016,795,2025/07/20
SDII013744,SID0019,MID0016,795,2025/07/21
SDII013745,SID0019,MID0016,771,2025/07/22
SDII013746,SID0019,MID0016,742,2025/07/23
SDII013747,SID0019,MID0016,727,2025/07/24
SDII013748,SID0019,MID0016,703,2025/07/25
SDII013749,SID0019,MID0016,667,2025/07/26
SDII013750,SID0019,MID0016,667,2025/07/27
SDII013751,SID0019,MID0016,667,2025/07/28
SDII013752,SID0019,MID0016,635,2025/07/29
SDII013753,SID0019,MID0016,601,2025/07/30
SDII013754,SID0019,MID0016,572,2025/07/31
SDII013755,SID0019,MID0016,547,2025/08/01
SDII013756,SID0019,MID0016,547,2025/08/02
SDII013757,SID0019,MID0016,547,2025/08/03
SDII013758,SID0019,MID0016,547,2025/08/04
SDII013759,SID0019,MID0016,547,2025/08/05
SDII013760,SID0019,MID0016,547,2025/08/06
SDII013761,SID0019,MID0016,547,2025/08/07
SDII013762,SID0019,MID0016,1018,2025/08/08
SDII013763,SID0019,MID0016,925,2025/08/09
SDII013764,SID0019,MID0016,925,2025/08/10
SDII013765,SID0019,MID0016,925,2025/08/11
SDII013766,SID0019,MID0016,925,2025/08/12
SDII013767,SID0019,MID0016,925,2025/08/13
SDII013768,SID0019,MID0016,900,2025/08/14
SDII013769,SID0019,MID0016,843,2025/08/15
SDII013770,SID0019,MID0016,793,2025/08/16
SDII013771,SID0019,MID0016,793,2025/08/17
SDII013772,SID0019,MID0016,793,2025/08/18
SDII013773,SID0019,MID0016,793,2025/08/19
SDII013774,SID0019,MID0016,793,2025/08/20
SDII013775,SID0019,MID0016,793,2025/08/21
SDII013776,SID0019,MID0016,735,2025/08/22
SDII013777,SID0019,MID0016,677,2025/08/23
SDII013778,SID0019,MID0016,677,2025/08/24
SDII013779,SID0019,MID0016,677,2025/08/25
SDII013780,SID0019,MID0016,607,2025/08/26
SDII013781,SID0019,MID0016,596,2025/08/27
SDII013782,SID0019,MID0016,586,2025/08/28
SDII013783,SID0019,MID0016,548,2025/08/29
SDII013784,SID0019,MID0016,544,2025/08/30
SDII013785,SID0019,MID0016,1054,2025/08/31
SDII013786,SID0019,MID0016,1054,2025/09/01
SDII013787,SID0019,MID0016,1046,2025/09/02
SDII013788,SID0019,MID0016,1012,2025/09/03
SDII013789,SID0019,MID0016,985,2025/09/04
SDII013790,SID0019,MID0016,948,2025/09/05
SDII013791,SID0019,MID0016,944,2025/09/06
SDII013792,SID0019,MID0016,944,2025/09/07
SDII013793,SID0019,MID0016,944,2025/09/08
SDII013794,SID0019,MID0016,904,2025/09/09
SDII013795,SID0019,MID0016,895,2025/09/10
SDII013796,SID0019,MID0016,838,2025/09/11
SDII013797,SID0019,MID0016,838,2025/09/12
SDII013798,SID0019,MID0016,838,2025/09/13
SDII013799,SID0019,MID0016,838,2025/09/14
SDII013800,SID0019,MID0016,838,2025/09/15
SDII013801,SID0019,MID0016,827,2025/09/16
SDII013802,SID0019,MID0016,792,2025/09/17
SDII013803,SID0019,MID0016,787,2025/09/18
SDII013804,SID0019,MID0016,747,2025/09/19
SDII013805,SID0019,MID0016,719,2025/09/20
SDII013806,SID0019,MID0016,719,2025/09/21
SDII013807,SID0019,MID0016,719,2025/09/22
SDII013808,SID0019,MID0016,719,2025/09/23
SDII013809,SID0019,MID0016,719,2025/09/24
SDII013810,SID0019,MID0016,700,2025/09/25
SDII013811,SID0019,MID0016,699,2025/09/26
SDII013812,SID0019,MID0016,617,2025/09/27
SDII013813,SID0019,MID0016,617,2025/09/28
SDII013814,SID0019,MID0016,617,2025/09/29
SDII013815,SID0019,MID0016,599,2025/09/30
SDII013816,SID0019,MID0016,556,2025/10/01
SDII013817,SID0019,MID0016,489,2025/10/02
SDII013818,SID0019,MID0016,489,2025/10/03
SDII013819,SID0019,MID0016,489,2025/10/04
SDII013820,SID0019,MID0016,489,2025/10/05
SDII013821,SID0019,MID0016,489,2025/10/06
SDII013822,SID0019,MID0016,829,2025/10/07
SDII013823,SID0019,MID0016,789,2025/10/08
SDII013824,SID0019,MID0016,753,2025/10/09
SDII013825,SID0019,MID0016,724,2025/10/10
SDII013826,SID0019,MID0016,724,2025/10/11
SDII013827,SID0019,MID0016,724,2025/10/12
SDII013828,SID0019,MID0016,724,2025/10/13
SDII013829,SID0019,MID0016,722,2025/10/14
SDII013830,SID0019,MID0016,704,2025/10/15
SDII013831,SID0019,MID0016,639,2025/10/16
SDII013832,SID0019,MID0016,607,2025/10/17
SDII013833,SID0019,MID0016,607,2025/10/18
SDII013834,SID0019,MID0016,607,2025/10/19
SDII013835,SID0019,MID0016,607,2025/10/20
SDII013836,SID0019,MID0016,607,2025/10/21
SDII013837,SID0019,MID0016,607,2025/10/22
SDII013838,SID0019,MID0016,607,2025/10/23
SDII013839,SID0019,MID0016,538,2025/10/24
SDII013840,SID0019,MID0016,483,2025/10/25
SDII013841,SID0019,MID0016,483,2025/10/26
SDII013842,SID0019,MID0016,993,2025/10/27
SDII013843,SID0019,MID0016,958,2025/10/28
SDII013844,SID0019,MID0016,932,2025/10/29
SDII013845,SID0019,MID0016,901,2025/10/30
SDII013846,SID0019,MID0016,867,2025/10/31
SDII013847,SID0019,MID0016,867,2025/11/01
SDII013848,SID0019,MID0016,867,2025/11/02
SDII013849,SID0019,MID0016,867,2025/11/03
SDII013850,SID0019,MID0016,867,2025/11/04
SDII013851,SID0019,MID0016,822,2025/11/05
SDII013852,SID0019,MID0016,741,2025/11/06
SDII013853,SID0019,MID0016,741,2025/11/07
SDII013854,SID0019,MID0016,741,2025/11/08
SDII013855,SID0019,MID0016,741,2025/11/09
SDII013856,SID0019,MID0016,741,2025/11/10
SDII013857,SID0019,MID0016,741,2025/11/11
SDII013858,SID0019,MID0016,708,2025/11/12
SDII013859,SID0019,MID0016,671,2025/11/13
SDII013860,SID0019,MID0016,667,2025/11/14
SDII013861,SID0019,MID0016,633,2025/11/15
SDII013862,SID0019,MID0016,633,2025/11/16
SDII013863,SID0019,MID0016,633,2025/11/17
SDII013864,SID0019,MID0016,576,2025/11/18
SDII013865,SID0019,MID0016,518,2025/11/19
SDII013866,SID0019,MID0016,518,2025/11/20
SDII013867,SID0019,MID0016,518,2025/11/21
SDII013868,SID0019,MID0016,518,2025/11/22
SDII013869,SID0019,MID0016,518,2025/11/23
SDII013870,SID0019,MID0016,518,2025/11/24
SDII013871,SID0019,MID0016,992,2025/11/25
SDII013872,SID0019,MID0016,979,2025/11/26
SDII013873,SID0019,MID0016,948,2025/11/27
SDII013874,SID0019,MID0016,926,2025/11/28
SDII013875,SID0019,MID0016,911,2025/11/29
SDII013876,SID0019,MID0016,911,2025/11/30
SDII013877,SID0019,MID0016,911,2025/12/01
SDII013878,SID0019,MID0016,839,2025/12/02
SDII013879,SID0019,MID0016,775,2025/12/03
SDII013880,SID0019,MID0016,775,2025/12/04
SDII013881,SID0019,MID0016,775,2025/12/05
SDII013882,SID0019,MID0016,775,2025/12/06
SDII013883,SID0019,MID0016,775,2025/12/07
SDII013884,SID0019,MID0016,775,2025/12/08
SDII013885,SID0019,MID0016,710,2025/12/09
SDII013886,SID0019,MID0016,696,2025/12/10
SDII013887,SID0019,MID0016,647,2025/12/11
SDII013888,SID0019,MID0016,637,2025/12/12
SDII013889,SID0019,MID0016,637,2025/12/13
SDII013890,SID0019,MID0016,637,2025/12/14
SDII013891,SID0019,MID0016,637,2025/12/15
SDII013892,SID0019,MID0016,588,2025/12/16
SDII013893,SID0019,MID0016,552,2025/12/17
SDII013894,SID0019,MID0016,505,2025/12/18
SDII013895,SID0019,MID0016,505,2025/12/19
SDII013896,SID0019,MID0016,1015,2025/12/20
SDII013897,SID0019,MID0016,1015,2025/12/21
SDII013898,SID0019,MID0016,1015,2025/12/22
SDII013899,SID0019,MID0016,1015,2025/12/23
SDII013900,SID0019,MID0016,975,2025/12/24
SDII013901,SID0019,MID0016,949,2025/12/25
SDII013902,SID0019,MID0016,909,2025/12/26
SDII013903,SID0019,MID0016,895,2025/12/27
SDII013904,SID0019,MID0016,895,2025/12/28
SDII013905,SID0019,MID0016,895,2025/12/29
SDII013906,SID0019,MID0016,877,2025/12/30
SDII013907,SID0019,MID0016,846,2025/12/31
SDII013908,SID0019,MID0016,815,2026/01/01
SDII013909,SID0020,MID0003,1,2025/01/01
SDII013910,SID0020,MID0003,1,2025/01/02
SDII013911,SID0020,MID0003,1,2025/01/03
SDII013912,SID0020,MID0003,1,2025/01/04
SDII013913,SID0020,MID0003,1,2025/01/05
SDII013914,SID0020,MID0003,1,2025/01/06
SDII013915,SID0020,MID0003,1,2025/01/07
SDII013916,SID0020,MID0003,1,2025/01/08
SDII013917,SID0020,MID0003,1,2025/01/09
SDII013918,SID0020,MID0003,1,2025/01/10
SDII013919,SID0020,MID0003,1,2025/01/11
SDII013920,SID0020,MID0003,1,2025/01/12
SDII013921,SID0020,MID0003,1,2025/01/13
SDII013922,SID0020,MID0003,1,2025/01/14
SDII013923,SID0020,MID0003,123,2025/01/15
SDII013924,SID0020,MID0003,196,2025/01/16
SDII013925,SID0020,MID0003,196,2025/01/17
SDII013926,SID0020,MID0003,196,2025/01/18
SDII013927,SID0020,MID0003,196,2025/01/19
SDII013928,SID0020,MID0003,196,2025/01/20
SDII013929,SID0020,MID0003,196,2025/01/21
SDII013930,SID0020,MID0003,180,2025/01/22
SDII013931,SID0020,MID0003,156,2025/01/23
SDII013932,SID0020,MID0003,100,2025/01/24
SDII013933,SID0020,MID0003,100,2025/01/25
SDII013934,SID0020,MID0003,100,2025/01/26
SDII013935,SID0020,MID0003,100,2025/01/27
SDII013936,SID0020,MID0003,100,2025/01/28
SDII013937,SID0020,MID0003,100,2025/01/29
SDII013938,SID0020,MID0003,100,2025/01/30
SDII013939,SID0020,MID0003,149,2025/01/31
SDII013940,SID0020,MID0003,246,2025/02/01
SDII013941,SID0020,MID0003,246,2025/02/02
SDII013942,SID0020,MID0003,246,2025/02/03
SDII013943,SID0020,MID0003,246,2025/02/04
SDII013944,SID0020,MID0003,246,2025/02/05
SDII013945,SID0020,MID0003,246,2025/02/06
SDII013946,SID0020,MID0003,246,2025/02/07
SDII013947,SID0020,MID0003,246,2025/02/08
SDII013948,SID0020,MID0003,246,2025/02/09
SDII013949,SID0020,MID0003,246,2025/02/10
SDII013950,SID0020,MID0003,246,2025/02/11
SDII013951,SID0020,MID0003,246,2025/02/12
SDII013952,SID0020,MID0003,211,2025/02/13
SDII013953,SID0020,MID0003,151,2025/02/14
SDII013954,SID0020,MID0003,151,2025/02/15
SDII013955,SID0020,MID0003,151,2025/02/16
SDII013956,SID0020,MID0003,151,2025/02/17
SDII013957,SID0020,MID0003,151,2025/02/18
SDII013958,SID0020,MID0003,151,2025/02/19
SDII013959,SID0020,MID0003,151,2025/02/20
SDII013960,SID0020,MID0003,151,2025/02/21
SDII013961,SID0020,MID0003,151,2025/02/22
SDII013962,SID0020,MID0003,151,2025/02/23
SDII013963,SID0020,MID0003,151,2025/02/24
SDII013964,SID0020,MID0003,151,2025/02/25
SDII013965,SID0020,MID0003,151,2025/02/26
SDII013966,SID0020,MID0003,151,2025/02/27
SDII013967,SID0020,MID0003,151,2025/02/28
SDII013968,SID0020,MID0003,151,2025/03/01
SDII013969,SID0020,MID0003,151,2025/03/02
SDII013970,SID0020,MID0003,151,2025/03/03
SDII013971,SID0020,MID0003,151,2025/03/04
SDII013972,SID0020,MID0003,151,2025/03/05
SDII013973,SID0020,MID0003,151,2025/03/06
SDII013974,SID0020,MID0003,151,2025/03/07
SDII013975,SID0020,MID0003,151,2025/03/08
SDII013976,SID0020,MID0003,151,2025/03/09
SDII013977,SID0020,MID0003,151,2025/03/10
SDII013978,SID0020,MID0003,151,2025/03/11
SDII013979,SID0020,MID0003,151,2025/03/12
SDII013980,SID0020,MID0003,151,2025/03/13
SDII013981,SID0020,MID0003,151,2025/03/14
SDII013982,SID0020,MID0003,151,2025/03/15
SDII013983,SID0020,MID0003,151,2025/03/16
SDII013984,SID0020,MID0003,151,2025/03/17
SDII013985,SID0020,MID0003,151,2025/03/18
SDII013986,SID0020,MID0003,151,2025/03/19
SDII013987,SID0020,MID0003,151,2025/03/20
SDII013988,SID0020,MID0003,151,2025/03/21
SDII013989,SID0020,MID0003,94,2025/03/22
SDII013990,SID0020,MID0003,94,2025/03/23
SDII013991,SID0020,MID0003,94,2025/03/24
SDII013992,SID0020,MID0003,64,2025/03/25
SDII013993,SID0020,MID0003,64,2025/03/26
SDII013994,SID0020,MID0003,64,2025/03/27
SDII013995,SID0020,MID0003,64,2025/03/28
SDII013996,SID0020,MID0003,89,2025/03/29
SDII013997,SID0020,MID0003,89,2025/03/30
SDII013998,SID0020,MID0003,162,2025/03/31
SDII013999,SID0020,MID0003,162,2025/04/01
SDII014000,SID0020,MID0003,162,2025/04/02
SDII014001,SID0020,MID0003,162,2025/04/03
SDII014002,SID0020,MID0003,211,2025/04/04
SDII014003,SID0020,MID0003,308,2025/04/05
SDII014004,SID0020,MID0003,308,2025/04/06
SDII014005,SID0020,MID0003,308,2025/04/07
SDII014006,SID0020,MID0003,308,2025/04/08
SDII014007,SID0020,MID0003,308,2025/04/09
SDII014008,SID0020,MID0003,308,2025/04/10
SDII014009,SID0020,MID0003,285,2025/04/11
SDII014010,SID0020,MID0003,263,2025/04/12
SDII014011,SID0020,MID0003,263,2025/04/13
SDII014012,SID0020,MID0003,263,2025/04/14
SDII014013,SID0020,MID0003,253,2025/04/15
SDII014014,SID0020,MID0003,248,2025/04/16
SDII014015,SID0020,MID0003,240,2025/04/17
SDII014016,SID0020,MID0003,205,2025/04/18
SDII014017,SID0020,MID0003,205,2025/04/19
SDII014018,SID0020,MID0003,205,2025/04/20
SDII014019,SID0020,MID0003,205,2025/04/21
SDII014020,SID0020,MID0003,205,2025/04/22
SDII014021,SID0020,MID0003,205,2025/04/23
SDII014022,SID0020,MID0003,205,2025/04/24
SDII014023,SID0020,MID0003,205,2025/04/25
SDII014024,SID0020,MID0003,205,2025/04/26
SDII014025,SID0020,MID0003,205,2025/04/27
SDII014026,SID0020,MID0003,205,2025/04/28
SDII014027,SID0020,MID0003,205,2025/04/29
SDII014028,SID0020,MID0003,205,2025/04/30
SDII014029,SID0020,MID0003,205,2025/05/01
SDII014030,SID0020,MID0003,205,2025/05/02
SDII014031,SID0020,MID0003,205,2025/05/03
SDII014032,SID0020,MID0003,205,2025/05/04
SDII014033,SID0020,MID0003,205,2025/05/05
SDII014034,SID0020,MID0003,205,2025/05/06
SDII014035,SID0020,MID0003,205,2025/05/07
SDII014036,SID0020,MID0003,205,2025/05/08
SDII014037,SID0020,MID0003,205,2025/05/09
SDII014038,SID0020,MID0003,205,2025/05/10
SDII014039,SID0020,MID0003,205,2025/05/11
SDII014040,SID0020,MID0003,205,2025/05/12
SDII014041,SID0020,MID0003,205,2025/05/13
SDII014042,SID0020,MID0003,205,2025/05/14
SDII014043,SID0020,MID0003,205,2025/05/15
SDII014044,SID0020,MID0003,205,2025/05/16
SDII014045,SID0020,MID0003,205,2025/05/17
SDII014046,SID0020,MID0003,205,2025/05/18
SDII014047,SID0020,MID0003,205,2025/05/19
SDII014048,SID0020,MID0003,182,2025/05/20
SDII014049,SID0020,MID0003,170,2025/05/21
SDII014050,SID0020,MID0003,144,2025/05/22
SDII014051,SID0020,MID0003,125,2025/05/23
SDII014052,SID0020,MID0003,119,2025/05/24
SDII014053,SID0020,MID0003,119,2025/05/25
SDII014054,SID0020,MID0003,119,2025/05/26
SDII014055,SID0020,MID0003,114,2025/05/27
SDII014056,SID0020,MID0003,114,2025/05/28
SDII014057,SID0020,MID0003,114,2025/05/29
SDII014058,SID0020,MID0003,114,2025/05/30
SDII014059,SID0020,MID0003,114,2025/05/31
SDII014060,SID0020,MID0003,114,2025/06/01
SDII014061,SID0020,MID0003,114,2025/06/02
SDII014062,SID0020,MID0003,206,2025/06/03
SDII014063,SID0020,MID0003,279,2025/06/04
SDII014064,SID0020,MID0003,279,2025/06/05
SDII014065,SID0020,MID0003,279,2025/06/06
SDII014066,SID0020,MID0003,279,2025/06/07
SDII014067,SID0020,MID0003,279,2025/06/08
SDII014068,SID0020,MID0003,279,2025/06/09
SDII014069,SID0020,MID0003,279,2025/06/10
SDII014070,SID0020,MID0003,279,2025/06/11
SDII014071,SID0020,MID0003,279,2025/06/12
SDII014072,SID0020,MID0003,250,2025/06/13
SDII014073,SID0020,MID0003,229,2025/06/14
SDII014074,SID0020,MID0003,229,2025/06/15
SDII014075,SID0020,MID0003,229,2025/06/16
SDII014076,SID0020,MID0003,216,2025/06/17
SDII014077,SID0020,MID0003,187,2025/06/18
SDII014078,SID0020,MID0003,187,2025/06/19
SDII014079,SID0020,MID0003,187,2025/06/20
SDII014080,SID0020,MID0003,187,2025/06/21
SDII014081,SID0020,MID0003,187,2025/06/22
SDII014082,SID0020,MID0003,187,2025/06/23
SDII014083,SID0020,MID0003,187,2025/06/24
SDII014084,SID0020,MID0003,187,2025/06/25
SDII014085,SID0020,MID0003,187,2025/06/26
SDII014086,SID0020,MID0003,187,2025/06/27
SDII014087,SID0020,MID0003,187,2025/06/28
SDII014088,SID0020,MID0003,187,2025/06/29
SDII014089,SID0020,MID0003,187,2025/06/30
SDII014090,SID0020,MID0003,187,2025/07/01
SDII014091,SID0020,MID0003,187,2025/07/02
SDII014092,SID0020,MID0003,187,2025/07/03
SDII014093,SID0020,MID0003,187,2025/07/04
SDII014094,SID0020,MID0003,187,2025/07/05
SDII014095,SID0020,MID0003,187,2025/07/06
SDII014096,SID0020,MID0003,187,2025/07/07
SDII014097,SID0020,MID0003,187,2025/07/08
SDII014098,SID0020,MID0003,187,2025/07/09
SDII014099,SID0020,MID0003,187,2025/07/10
SDII014100,SID0020,MID0003,187,2025/07/11
SDII014101,SID0020,MID0003,187,2025/07/12
SDII014102,SID0020,MID0003,187,2025/07/13
SDII014103,SID0020,MID0003,187,2025/07/14
SDII014104,SID0020,MID0003,187,2025/07/15
SDII014105,SID0020,MID0003,187,2025/07/16
SDII014106,SID0020,MID0003,187,2025/07/17
SDII014107,SID0020,MID0003,187,2025/07/18
SDII014108,SID0020,MID0003,187,2025/07/19
SDII014109,SID0020,MID0003,187,2025/07/20
SDII014110,SID0020,MID0003,187,2025/07/21
SDII014111,SID0020,MID0003,187,2025/07/22
SDII014112,SID0020,MID0003,167,2025/07/23
SDII014113,SID0020,MID0003,162,2025/07/24
SDII014114,SID0020,MID0003,154,2025/07/25
SDII014115,SID0020,MID0003,136,2025/07/26
SDII014116,SID0020,MID0003,136,2025/07/27
SDII014117,SID0020,MID0003,136,2025/07/28
SDII014118,SID0020,MID0003,116,2025/07/29
SDII014119,SID0020,MID0003,98,2025/07/30
SDII014120,SID0020,MID0003,98,2025/07/31
SDII014121,SID0020,MID0003,98,2025/08/01
SDII014122,SID0020,MID0003,98,2025/08/02
SDII014123,SID0020,MID0003,98,2025/08/03
SDII014124,SID0020,MID0003,98,2025/08/04
SDII014125,SID0020,MID0003,98,2025/08/05
SDII014126,SID0020,MID0003,98,2025/08/06
SDII014127,SID0020,MID0003,98,2025/08/07
SDII014128,SID0020,MID0003,98,2025/08/08
SDII014129,SID0020,MID0003,98,2025/08/09
SDII014130,SID0020,MID0003,244,2025/08/10
SDII014131,SID0020,MID0003,244,2025/08/11
SDII014132,SID0020,MID0003,244,2025/08/12
SDII014133,SID0020,MID0003,244,2025/08/13
SDII014134,SID0020,MID0003,244,2025/08/14
SDII014135,SID0020,MID0003,244,2025/08/15
SDII014136,SID0020,MID0003,235,2025/08/16
SDII014137,SID0020,MID0003,235,2025/08/17
SDII014138,SID0020,MID0003,235,2025/08/18
SDII014139,SID0020,MID0003,222,2025/08/19
SDII014140,SID0020,MID0003,202,2025/08/20
SDII014141,SID0020,MID0003,180,2025/08/21
SDII014142,SID0020,MID0003,162,2025/08/22
SDII014143,SID0020,MID0003,162,2025/08/23
SDII014144,SID0020,MID0003,162,2025/08/24
SDII014145,SID0020,MID0003,162,2025/08/25
SDII014146,SID0020,MID0003,162,2025/08/26
SDII014147,SID0020,MID0003,162,2025/08/27
SDII014148,SID0020,MID0003,162,2025/08/28
SDII014149,SID0020,MID0003,162,2025/08/29
SDII014150,SID0020,MID0003,162,2025/08/30
SDII014151,SID0020,MID0003,162,2025/08/31
SDII014152,SID0020,MID0003,162,2025/09/01
SDII014153,SID0020,MID0003,162,2025/09/02
SDII014154,SID0020,MID0003,162,2025/09/03
SDII014155,SID0020,MID0003,162,2025/09/04
SDII014156,SID0020,MID0003,162,2025/09/05
SDII014157,SID0020,MID0003,162,2025/09/06
SDII014158,SID0020,MID0003,162,2025/09/07
SDII014159,SID0020,MID0003,162,2025/09/08
SDII014160,SID0020,MID0003,162,2025/09/09
SDII014161,SID0020,MID0003,162,2025/09/10
SDII014162,SID0020,MID0003,162,2025/09/11
SDII014163,SID0020,MID0003,162,2025/09/12
SDII014164,SID0020,MID0003,162,2025/09/13
SDII014165,SID0020,MID0003,162,2025/09/14
SDII014166,SID0020,MID0003,162,2025/09/15
SDII014167,SID0020,MID0003,162,2025/09/16
SDII014168,SID0020,MID0003,162,2025/09/17
SDII014169,SID0020,MID0003,162,2025/09/18
SDII014170,SID0020,MID0003,162,2025/09/19
SDII014171,SID0020,MID0003,162,2025/09/20
SDII014172,SID0020,MID0003,162,2025/09/21
SDII014173,SID0020,MID0003,162,2025/09/22
SDII014174,SID0020,MID0003,162,2025/09/23
SDII014175,SID0020,MID0003,162,2025/09/24
SDII014176,SID0020,MID0003,162,2025/09/25
SDII014177,SID0020,MID0003,162,2025/09/26
SDII014178,SID0020,MID0003,162,2025/09/27
SDII014179,SID0020,MID0003,162,2025/09/28
SDII014180,SID0020,MID0003,162,2025/09/29
SDII014181,SID0020,MID0003,100,2025/09/30
SDII014182,SID0020,MID0003,88,2025/10/01
SDII014183,SID0020,MID0003,88,2025/10/02
SDII014184,SID0020,MID0003,88,2025/10/03
SDII014185,SID0020,MID0003,88,2025/10/04
SDII014186,SID0020,MID0003,88,2025/10/05
SDII014187,SID0020,MID0003,161,2025/10/06
SDII014188,SID0020,MID0003,186,2025/10/07
SDII014189,SID0020,MID0003,186,2025/10/08
SDII014190,SID0020,MID0003,186,2025/10/09
SDII014191,SID0020,MID0003,186,2025/10/10
SDII014192,SID0020,MID0003,186,2025/10/11
SDII014193,SID0020,MID0003,186,2025/10/12
SDII014194,SID0020,MID0003,186,2025/10/13
SDII014195,SID0020,MID0003,186,2025/10/14
SDII014196,SID0020,MID0003,186,2025/10/15
SDII014197,SID0020,MID0003,186,2025/10/16
SDII014198,SID0020,MID0003,186,2025/10/17
SDII014199,SID0020,MID0003,164,2025/10/18
SDII014200,SID0020,MID0003,164,2025/10/19
SDII014201,SID0020,MID0003,164,2025/10/20
SDII014202,SID0020,MID0003,157,2025/10/21
SDII014203,SID0020,MID0003,133,2025/10/22
SDII014204,SID0020,MID0003,131,2025/10/23
SDII014205,SID0020,MID0003,119,2025/10/24
SDII014206,SID0020,MID0003,119,2025/10/25
SDII014207,SID0020,MID0003,119,2025/10/26
SDII014208,SID0020,MID0003,119,2025/10/27
SDII014209,SID0020,MID0003,119,2025/10/28
SDII014210,SID0020,MID0003,119,2025/10/29
SDII014211,SID0020,MID0003,119,2025/10/30
SDII014212,SID0020,MID0003,119,2025/10/31
SDII014213,SID0020,MID0003,119,2025/11/01
SDII014214,SID0020,MID0003,119,2025/11/02
SDII014215,SID0020,MID0003,119,2025/11/03
SDII014216,SID0020,MID0003,119,2025/11/04
SDII014217,SID0020,MID0003,119,2025/11/05
SDII014218,SID0020,MID0003,119,2025/11/06
SDII014219,SID0020,MID0003,119,2025/11/07
SDII014220,SID0020,MID0003,119,2025/11/08
SDII014221,SID0020,MID0003,119,2025/11/09
SDII014222,SID0020,MID0003,119,2025/11/10
SDII014223,SID0020,MID0003,119,2025/11/11
SDII014224,SID0020,MID0003,119,2025/11/12
SDII014225,SID0020,MID0003,119,2025/11/13
SDII014226,SID0020,MID0003,119,2025/11/14
SDII014227,SID0020,MID0003,119,2025/11/15
SDII014228,SID0020,MID0003,119,2025/11/16
SDII014229,SID0020,MID0003,119,2025/11/17
SDII014230,SID0020,MID0003,119,2025/11/18
SDII014231,SID0020,MID0003,119,2025/11/19
SDII014232,SID0020,MID0003,119,2025/11/20
SDII014233,SID0020,MID0003,97,2025/11/21
SDII014234,SID0020,MID0003,89,2025/11/22
SDII014235,SID0020,MID0003,89,2025/11/23
SDII014236,SID0020,MID0003,89,2025/11/24
SDII014237,SID0020,MID0003,56,2025/11/25
SDII014238,SID0020,MID0003,56,2025/11/26
SDII014239,SID0020,MID0003,56,2025/11/27
SDII014240,SID0020,MID0003,56,2025/11/28
SDII014241,SID0020,MID0003,56,2025/11/29
SDII014242,SID0020,MID0003,56,2025/11/30
SDII014243,SID0020,MID0003,56,2025/12/01
SDII014244,SID0020,MID0003,56,2025/12/02
SDII014245,SID0020,MID0003,56,2025/12/03
SDII014246,SID0020,MID0003,56,2025/12/04
SDII014247,SID0020,MID0003,56,2025/12/05
SDII014248,SID0020,MID0003,56,2025/12/06
SDII014249,SID0020,MID0003,81,2025/12/07
SDII014250,SID0020,MID0003,106,2025/12/08
SDII014251,SID0020,MID0003,106,2025/12/09
SDII014252,SID0020,MID0003,106,2025/12/10
SDII014253,SID0020,MID0003,106,2025/12/11
SDII014254,SID0020,MID0003,106,2025/12/12
SDII014255,SID0020,MID0003,204,2025/12/13
SDII014256,SID0020,MID0003,204,2025/12/14
SDII014257,SID0020,MID0003,204,2025/12/15
SDII014258,SID0020,MID0003,204,2025/12/16
SDII014259,SID0020,MID0003,204,2025/12/17
SDII014260,SID0020,MID0003,204,2025/12/18
SDII014261,SID0020,MID0003,204,2025/12/19
SDII014262,SID0020,MID0003,204,2025/12/20
SDII014263,SID0020,MID0003,204,2025/12/21
SDII014264,SID0020,MID0003,204,2025/12/22
SDII014265,SID0020,MID0003,204,2025/12/23
SDII014266,SID0020,MID0003,143,2025/12/24
SDII014267,SID0020,MID0003,125,2025/12/25
SDII014268,SID0020,MID0003,118,2025/12/26
SDII014269,SID0020,MID0003,118,2025/12/27
SDII014270,SID0020,MID0003,118,2025/12/28
SDII014271,SID0020,MID0003,118,2025/12/29
SDII014272,SID0020,MID0003,118,2025/12/30
SDII014273,SID0020,MID0003,118,2025/12/31
SDII014274,SID0020,MID0003,118,2026/01/01
SDII014275,SID0020,MID0011,52,2025/01/01
SDII014276,SID0020,MID0011,52,2025/01/02
SDII014277,SID0020,MID0011,52,2025/01/03
SDII014278,SID0020,MID0011,52,2025/01/04
SDII014279,SID0020,MID0011,52,2025/01/05
SDII014280,SID0020,MID0011,52,2025/01/06
SDII014281,SID0020,MID0011,52,2025/01/07
SDII014282,SID0020,MID0011,52,2025/01/08
SDII014283,SID0020,MID0011,44,2025/01/09
SDII014284,SID0020,MID0011,26,2025/01/10
SDII014285,SID0020,MID0011,11,2025/01/11
SDII014286,SID0020,MID0011,11,2025/01/12
SDII014287,SID0020,MID0011,11,2025/01/13
SDII014288,SID0020,MID0011,0,2025/01/14
SDII014289,SID0020,MID0011,0,2025/01/15
SDII014290,SID0020,MID0011,0,2025/01/16
SDII014291,SID0020,MID0011,0,2025/01/17
SDII014292,SID0020,MID0011,0,2025/01/18
SDII014293,SID0020,MID0011,0,2025/01/19
SDII014294,SID0020,MID0011,0,2025/01/20
SDII014295,SID0020,MID0011,0,2025/01/21
SDII014296,SID0020,MID0011,0,2025/01/22
SDII014297,SID0020,MID0011,81,2025/01/23
SDII014298,SID0020,MID0011,81,2025/01/24
SDII014299,SID0020,MID0011,81,2025/01/25
SDII014300,SID0020,MID0011,81,2025/01/26
SDII014301,SID0020,MID0011,81,2025/01/27
SDII014302,SID0020,MID0011,81,2025/01/28
SDII014303,SID0020,MID0011,81,2025/01/29
SDII014304,SID0020,MID0011,81,2025/01/30
SDII014305,SID0020,MID0011,81,2025/01/31
SDII014306,SID0020,MID0011,81,2025/02/01
SDII014307,SID0020,MID0011,81,2025/02/02
SDII014308,SID0020,MID0011,81,2025/02/03
SDII014309,SID0020,MID0011,81,2025/02/04
SDII014310,SID0020,MID0011,81,2025/02/05
SDII014311,SID0020,MID0011,81,2025/02/06
SDII014312,SID0020,MID0011,81,2025/02/07
SDII014313,SID0020,MID0011,142,2025/02/08
SDII014314,SID0020,MID0011,142,2025/02/09
SDII014315,SID0020,MID0011,142,2025/02/10
SDII014316,SID0020,MID0011,142,2025/02/11
SDII014317,SID0020,MID0011,142,2025/02/12
SDII014318,SID0020,MID0011,142,2025/02/13
SDII014319,SID0020,MID0011,142,2025/02/14
SDII014320,SID0020,MID0011,97,2025/02/15
SDII014321,SID0020,MID0011,97,2025/02/16
SDII014322,SID0020,MID0011,97,2025/02/17
SDII014323,SID0020,MID0011,93,2025/02/18
SDII014324,SID0020,MID0011,93,2025/02/19
SDII014325,SID0020,MID0011,93,2025/02/20
SDII014326,SID0020,MID0011,93,2025/02/21
SDII014327,SID0020,MID0011,93,2025/02/22
SDII014328,SID0020,MID0011,93,2025/02/23
SDII014329,SID0020,MID0011,93,2025/02/24
SDII014330,SID0020,MID0011,93,2025/02/25
SDII014331,SID0020,MID0011,93,2025/02/26
SDII014332,SID0020,MID0011,93,2025/02/27
SDII014333,SID0020,MID0011,93,2025/02/28
SDII014334,SID0020,MID0011,93,2025/03/01
SDII014335,SID0020,MID0011,93,2025/03/02
SDII014336,SID0020,MID0011,93,2025/03/03
SDII014337,SID0020,MID0011,93,2025/03/04
SDII014338,SID0020,MID0011,93,2025/03/05
SDII014339,SID0020,MID0011,93,2025/03/06
SDII014340,SID0020,MID0011,93,2025/03/07
SDII014341,SID0020,MID0011,93,2025/03/08
SDII014342,SID0020,MID0011,93,2025/03/09
SDII014343,SID0020,MID0011,134,2025/03/10
SDII014344,SID0020,MID0011,134,2025/03/11
SDII014345,SID0020,MID0011,134,2025/03/12
SDII014346,SID0020,MID0011,134,2025/03/13
SDII014347,SID0020,MID0011,134,2025/03/14
SDII014348,SID0020,MID0011,134,2025/03/15
SDII014349,SID0020,MID0011,134,2025/03/16
SDII014350,SID0020,MID0011,134,2025/03/17
SDII014351,SID0020,MID0011,127,2025/03/18
SDII014352,SID0020,MID0011,111,2025/03/19
SDII014353,SID0020,MID0011,103,2025/03/20
SDII014354,SID0020,MID0011,94,2025/03/21
SDII014355,SID0020,MID0011,90,2025/03/22
SDII014356,SID0020,MID0011,90,2025/03/23
SDII014357,SID0020,MID0011,90,2025/03/24
SDII014358,SID0020,MID0011,90,2025/03/25
SDII014359,SID0020,MID0011,171,2025/03/26
SDII014360,SID0020,MID0011,171,2025/03/27
SDII014361,SID0020,MID0011,171,2025/03/28
SDII014362,SID0020,MID0011,171,2025/03/29
SDII014363,SID0020,MID0011,171,2025/03/30
SDII014364,SID0020,MID0011,171,2025/03/31
SDII014365,SID0020,MID0011,171,2025/04/01
SDII014366,SID0020,MID0011,171,2025/04/02
SDII014367,SID0020,MID0011,162,2025/04/03
SDII014368,SID0020,MID0011,153,2025/04/04
SDII014369,SID0020,MID0011,140,2025/04/05
SDII014370,SID0020,MID0011,140,2025/04/06
SDII014371,SID0020,MID0011,140,2025/04/07
SDII014372,SID0020,MID0011,128,2025/04/08
SDII014373,SID0020,MID0011,124,2025/04/09
SDII014374,SID0020,MID0011,124,2025/04/10
SDII014375,SID0020,MID0011,124,2025/04/11
SDII014376,SID0020,MID0011,124,2025/04/12
SDII014377,SID0020,MID0011,124,2025/04/13
SDII014378,SID0020,MID0011,124,2025/04/14
SDII014379,SID0020,MID0011,124,2025/04/15
SDII014380,SID0020,MID0011,124,2025/04/16
SDII014381,SID0020,MID0011,124,2025/04/17
SDII014382,SID0020,MID0011,124,2025/04/18
SDII014383,SID0020,MID0011,124,2025/04/19
SDII014384,SID0020,MID0011,124,2025/04/20
SDII014385,SID0020,MID0011,124,2025/04/21
SDII014386,SID0020,MID0011,124,2025/04/22
SDII014387,SID0020,MID0011,124,2025/04/23
SDII014388,SID0020,MID0011,124,2025/04/24
SDII014389,SID0020,MID0011,124,2025/04/25
SDII014390,SID0020,MID0011,124,2025/04/26
SDII014391,SID0020,MID0011,124,2025/04/27
SDII014392,SID0020,MID0011,124,2025/04/28
SDII014393,SID0020,MID0011,124,2025/04/29
SDII014394,SID0020,MID0011,124,2025/04/30
SDII014395,SID0020,MID0011,124,2025/05/01
SDII014396,SID0020,MID0011,124,2025/05/02
SDII014397,SID0020,MID0011,124,2025/05/03
SDII014398,SID0020,MID0011,124,2025/05/04
SDII014399,SID0020,MID0011,124,2025/05/05
SDII014400,SID0020,MID0011,124,2025/05/06
SDII014401,SID0020,MID0011,124,2025/05/07
SDII014402,SID0020,MID0011,124,2025/05/08
SDII014403,SID0020,MID0011,124,2025/05/09
SDII014404,SID0020,MID0011,124,2025/05/10
SDII014405,SID0020,MID0011,124,2025/05/11
SDII014406,SID0020,MID0011,124,2025/05/12
SDII014407,SID0020,MID0011,124,2025/05/13
SDII014408,SID0020,MID0011,124,2025/05/14
SDII014409,SID0020,MID0011,124,2025/05/15
SDII014410,SID0020,MID0011,124,2025/05/16
SDII014411,SID0020,MID0011,124,2025/05/17
SDII014412,SID0020,MID0011,124,2025/05/18
SDII014413,SID0020,MID0011,124,2025/05/19
SDII014414,SID0020,MID0011,124,2025/05/20
SDII014415,SID0020,MID0011,124,2025/05/21
SDII014416,SID0020,MID0011,124,2025/05/22
SDII014417,SID0020,MID0011,124,2025/05/23
SDII014418,SID0020,MID0011,124,2025/05/24
SDII014419,SID0020,MID0011,124,2025/05/25
SDII014420,SID0020,MID0011,124,2025/05/26
SDII014421,SID0020,MID0011,196,2025/05/27
SDII014422,SID0020,MID0011,188,2025/05/28
SDII014423,SID0020,MID0011,179,2025/05/29
SDII014424,SID0020,MID0011,154,2025/05/30
SDII014425,SID0020,MID0011,154,2025/05/31
SDII014426,SID0020,MID0011,154,2025/06/01
SDII014427,SID0020,MID0011,154,2025/06/02
SDII014428,SID0020,MID0011,154,2025/06/03
SDII014429,SID0020,MID0011,154,2025/06/04
SDII014430,SID0020,MID0011,148,2025/06/05
SDII014431,SID0020,MID0011,142,2025/06/06
SDII014432,SID0020,MID0011,127,2025/06/07
SDII014433,SID0020,MID0011,127,2025/06/08
SDII014434,SID0020,MID0011,127,2025/06/09
SDII014435,SID0020,MID0011,115,2025/06/10
SDII014436,SID0020,MID0011,115,2025/06/11
SDII014437,SID0020,MID0011,115,2025/06/12
SDII014438,SID0020,MID0011,115,2025/06/13
SDII014439,SID0020,MID0011,115,2025/06/14
SDII014440,SID0020,MID0011,115,2025/06/15
SDII014441,SID0020,MID0011,115,2025/06/16
SDII014442,SID0020,MID0011,115,2025/06/17
SDII014443,SID0020,MID0011,115,2025/06/18
SDII014444,SID0020,MID0011,115,2025/06/19
SDII014445,SID0020,MID0011,115,2025/06/20
SDII014446,SID0020,MID0011,115,2025/06/21
SDII014447,SID0020,MID0011,115,2025/06/22
SDII014448,SID0020,MID0011,115,2025/06/23
SDII014449,SID0020,MID0011,115,2025/06/24
SDII014450,SID0020,MID0011,115,2025/06/25
SDII014451,SID0020,MID0011,115,2025/06/26
SDII014452,SID0020,MID0011,115,2025/06/27
SDII014453,SID0020,MID0011,115,2025/06/28
SDII014454,SID0020,MID0011,196,2025/06/29
SDII014455,SID0020,MID0011,196,2025/06/30
SDII014456,SID0020,MID0011,196,2025/07/01
SDII014457,SID0020,MID0011,196,2025/07/02
SDII014458,SID0020,MID0011,163,2025/07/03
SDII014459,SID0020,MID0011,151,2025/07/04
SDII014460,SID0020,MID0011,151,2025/07/05
SDII014461,SID0020,MID0011,151,2025/07/06
SDII014462,SID0020,MID0011,151,2025/07/07
SDII014463,SID0020,MID0011,151,2025/07/08
SDII014464,SID0020,MID0011,151,2025/07/09
SDII014465,SID0020,MID0011,151,2025/07/10
SDII014466,SID0020,MID0011,151,2025/07/11
SDII014467,SID0020,MID0011,151,2025/07/12
SDII014468,SID0020,MID0011,151,2025/07/13
SDII014469,SID0020,MID0011,151,2025/07/14
SDII014470,SID0020,MID0011,151,2025/07/15
SDII014471,SID0020,MID0011,151,2025/07/16
SDII014472,SID0020,MID0011,151,2025/07/17
SDII014473,SID0020,MID0011,151,2025/07/18
SDII014474,SID0020,MID0011,151,2025/07/19
SDII014475,SID0020,MID0011,151,2025/07/20
SDII014476,SID0020,MID0011,151,2025/07/21
SDII014477,SID0020,MID0011,151,2025/07/22
SDII014478,SID0020,MID0011,151,2025/07/23
SDII014479,SID0020,MID0011,151,2025/07/24
SDII014480,SID0020,MID0011,151,2025/07/25
SDII014481,SID0020,MID0011,151,2025/07/26
SDII014482,SID0020,MID0011,151,2025/07/27
SDII014483,SID0020,MID0011,151,2025/07/28
SDII014484,SID0020,MID0011,151,2025/07/29
SDII014485,SID0020,MID0011,151,2025/07/30
SDII014486,SID0020,MID0011,151,2025/07/31
SDII014487,SID0020,MID0011,151,2025/08/01
SDII014488,SID0020,MID0011,143,2025/08/02
SDII014489,SID0020,MID0011,143,2025/08/03
SDII014490,SID0020,MID0011,143,2025/08/04
SDII014491,SID0020,MID0011,133,2025/08/05
SDII014492,SID0020,MID0011,115,2025/08/06
SDII014493,SID0020,MID0011,115,2025/08/07
SDII014494,SID0020,MID0011,115,2025/08/08
SDII014495,SID0020,MID0011,115,2025/08/09
SDII014496,SID0020,MID0011,115,2025/08/10
SDII014497,SID0020,MID0011,115,2025/08/11
SDII014498,SID0020,MID0011,115,2025/08/12
SDII014499,SID0020,MID0011,115,2025/08/13
SDII014500,SID0020,MID0011,115,2025/08/14
SDII014501,SID0020,MID0011,115,2025/08/15
SDII014502,SID0020,MID0011,115,2025/08/16
SDII014503,SID0020,MID0011,115,2025/08/17
SDII014504,SID0020,MID0011,115,2025/08/18
SDII014505,SID0020,MID0011,115,2025/08/19
SDII014506,SID0020,MID0011,115,2025/08/20
SDII014507,SID0020,MID0011,115,2025/08/21
SDII014508,SID0020,MID0011,115,2025/08/22
SDII014509,SID0020,MID0011,115,2025/08/23
SDII014510,SID0020,MID0011,115,2025/08/24
SDII014511,SID0020,MID0011,115,2025/08/25
SDII014512,SID0020,MID0011,115,2025/08/26
SDII014513,SID0020,MID0011,115,2025/08/27
SDII014514,SID0020,MID0011,115,2025/08/28
SDII014515,SID0020,MID0011,115,2025/08/29
SDII014516,SID0020,MID0011,115,2025/08/30
SDII014517,SID0020,MID0011,115,2025/08/31
SDII014518,SID0020,MID0011,115,2025/09/01
SDII014519,SID0020,MID0011,115,2025/09/02
SDII014520,SID0020,MID0011,115,2025/09/03
SDII014521,SID0020,MID0011,115,2025/09/04
SDII014522,SID0020,MID0011,115,2025/09/05
SDII014523,SID0020,MID0011,115,2025/09/06
SDII014524,SID0020,MID0011,115,2025/09/07
SDII014525,SID0020,MID0011,115,2025/09/08
SDII014526,SID0020,MID0011,115,2025/09/09
SDII014527,SID0020,MID0011,115,2025/09/10
SDII014528,SID0020,MID0011,115,2025/09/11
SDII014529,SID0020,MID0011,115,2025/09/12
SDII014530,SID0020,MID0011,115,2025/09/13
SDII014531,SID0020,MID0011,115,2025/09/14
SDII014532,SID0020,MID0011,115,2025/09/15
SDII014533,SID0020,MID0011,115,2025/09/16
SDII014534,SID0020,MID0011,105,2025/09/17
SDII014535,SID0020,MID0011,98,2025/09/18
SDII014536,SID0020,MID0011,94,2025/09/19
SDII014537,SID0020,MID0011,84,2025/09/20
SDII014538,SID0020,MID0011,84,2025/09/21
SDII014539,SID0020,MID0011,84,2025/09/22
SDII014540,SID0020,MID0011,180,2025/09/23
SDII014541,SID0020,MID0011,180,2025/09/24
SDII014542,SID0020,MID0011,180,2025/09/25
SDII014543,SID0020,MID0011,180,2025/09/26
SDII014544,SID0020,MID0011,180,2025/09/27
SDII014545,SID0020,MID0011,180,2025/09/28
SDII014546,SID0020,MID0011,180,2025/09/29
SDII014547,SID0020,MID0011,180,2025/09/30
SDII014548,SID0020,MID0011,180,2025/10/01
SDII014549,SID0020,MID0011,160,2025/10/02
SDII014550,SID0020,MID0011,142,2025/10/03
SDII014551,SID0020,MID0011,142,2025/10/04
SDII014552,SID0020,MID0011,142,2025/10/05
SDII014553,SID0020,MID0011,142,2025/10/06
SDII014554,SID0020,MID0011,142,2025/10/07
SDII014555,SID0020,MID0011,142,2025/10/08
SDII014556,SID0020,MID0011,142,2025/10/09
SDII014557,SID0020,MID0011,142,2025/10/10
SDII014558,SID0020,MID0011,142,2025/10/11
SDII014559,SID0020,MID0011,142,2025/10/12
SDII014560,SID0020,MID0011,142,2025/10/13
SDII014561,SID0020,MID0011,142,2025/10/14
SDII014562,SID0020,MID0011,142,2025/10/15
SDII014563,SID0020,MID0011,142,2025/10/16
SDII014564,SID0020,MID0011,142,2025/10/17
SDII014565,SID0020,MID0011,142,2025/10/18
SDII014566,SID0020,MID0011,142,2025/10/19
SDII014567,SID0020,MID0011,142,2025/10/20
SDII014568,SID0020,MID0011,142,2025/10/21
SDII014569,SID0020,MID0011,142,2025/10/22
SDII014570,SID0020,MID0011,142,2025/10/23
SDII014571,SID0020,MID0011,142,2025/10/24
SDII014572,SID0020,MID0011,142,2025/10/25
SDII014573,SID0020,MID0011,142,2025/10/26
SDII014574,SID0020,MID0011,142,2025/10/27
SDII014575,SID0020,MID0011,142,2025/10/28
SDII014576,SID0020,MID0011,142,2025/10/29
SDII014577,SID0020,MID0011,142,2025/10/30
SDII014578,SID0020,MID0011,142,2025/10/31
SDII014579,SID0020,MID0011,142,2025/11/01
SDII014580,SID0020,MID0011,142,2025/11/02
SDII014581,SID0020,MID0011,142,2025/11/03
SDII014582,SID0020,MID0011,142,2025/11/04
SDII014583,SID0020,MID0011,142,2025/11/05
SDII014584,SID0020,MID0011,142,2025/11/06
SDII014585,SID0020,MID0011,142,2025/11/07
SDII014586,SID0020,MID0011,142,2025/11/08
SDII014587,SID0020,MID0011,142,2025/11/09
SDII014588,SID0020,MID0011,142,2025/11/10
SDII014589,SID0020,MID0011,134,2025/11/11
SDII014590,SID0020,MID0011,125,2025/11/12
SDII014591,SID0020,MID0011,110,2025/11/13
SDII014592,SID0020,MID0011,108,2025/11/14
SDII014593,SID0020,MID0011,108,2025/11/15
SDII014594,SID0020,MID0011,108,2025/11/16
SDII014595,SID0020,MID0011,108,2025/11/17
SDII014596,SID0020,MID0011,108,2025/11/18
SDII014597,SID0020,MID0011,108,2025/11/19
SDII014598,SID0020,MID0011,108,2025/11/20
SDII014599,SID0020,MID0011,108,2025/11/21
SDII014600,SID0020,MID0011,108,2025/11/22
SDII014601,SID0020,MID0011,108,2025/11/23
SDII014602,SID0020,MID0011,108,2025/11/24
SDII014603,SID0020,MID0011,108,2025/11/25
SDII014604,SID0020,MID0011,108,2025/11/26
SDII014605,SID0020,MID0011,108,2025/11/27
SDII014606,SID0020,MID0011,108,2025/11/28
SDII014607,SID0020,MID0011,108,2025/11/29
SDII014608,SID0020,MID0011,108,2025/11/30
SDII014609,SID0020,MID0011,108,2025/12/01
SDII014610,SID0020,MID0011,108,2025/12/02
SDII014611,SID0020,MID0011,108,2025/12/03
SDII014612,SID0020,MID0011,99,2025/12/04
SDII014613,SID0020,MID0011,90,2025/12/05
SDII014614,SID0020,MID0011,166,2025/12/06
SDII014615,SID0020,MID0011,166,2025/12/07
SDII014616,SID0020,MID0011,166,2025/12/08
SDII014617,SID0020,MID0011,160,2025/12/09
SDII014618,SID0020,MID0011,153,2025/12/10
SDII014619,SID0020,MID0011,142,2025/12/11
SDII014620,SID0020,MID0011,142,2025/12/12
SDII014621,SID0020,MID0011,142,2025/12/13
SDII014622,SID0020,MID0011,142,2025/12/14
SDII014623,SID0020,MID0011,142,2025/12/15
SDII014624,SID0020,MID0011,142,2025/12/16
SDII014625,SID0020,MID0011,142,2025/12/17
SDII014626,SID0020,MID0011,142,2025/12/18
SDII014627,SID0020,MID0011,142,2025/12/19
SDII014628,SID0020,MID0011,142,2025/12/20
SDII014629,SID0020,MID0011,142,2025/12/21
SDII014630,SID0020,MID0011,142,2025/12/22
SDII014631,SID0020,MID0011,142,2025/12/23
SDII014632,SID0020,MID0011,142,2025/12/24
SDII014633,SID0020,MID0011,142,2025/12/25
SDII014634,SID0020,MID0011,142,2025/12/26
SDII014635,SID0020,MID0011,142,2025/12/27
SDII014636,SID0020,MID0011,142,2025/12/28
SDII014637,SID0020,MID0011,142,2025/12/29
SDII014638,SID0020,MID0011,142,2025/12/30
SDII014639,SID0020,MID0011,142,2025/12/31
SDII014640,SID0020,MID0011,142,2026/01/01
SDII014641,SID0020,MID0014,52,2025/01/01
SDII014642,SID0020,MID0014,52,2025/01/02
SDII014643,SID0020,MID0014,52,2025/01/03
SDII014644,SID0020,MID0014,52,2025/01/04
SDII014645,SID0020,MID0014,52,2025/01/05
SDII014646,SID0020,MID0014,52,2025/01/06
SDII014647,SID0020,MID0014,52,2025/01/07
SDII014648,SID0020,MID0014,52,2025/01/08
SDII014649,SID0020,MID0014,52,2025/01/09
SDII014650,SID0020,MID0014,52,2025/01/10
SDII014651,SID0020,MID0014,52,2025/01/11
SDII014652,SID0020,MID0014,52,2025/01/12
SDII014653,SID0020,MID0014,52,2025/01/13
SDII014654,SID0020,MID0014,52,2025/01/14
SDII014655,SID0020,MID0014,52,2025/01/15
SDII014656,SID0020,MID0014,52,2025/01/16
SDII014657,SID0020,MID0014,52,2025/01/17
SDII014658,SID0020,MID0014,52,2025/01/18
SDII014659,SID0020,MID0014,52,2025/01/19
SDII014660,SID0020,MID0014,271,2025/01/20
SDII014661,SID0020,MID0014,271,2025/01/21
SDII014662,SID0020,MID0014,271,2025/01/22
SDII014663,SID0020,MID0014,271,2025/01/23
SDII014664,SID0020,MID0014,245,2025/01/24
SDII014665,SID0020,MID0014,219,2025/01/25
SDII014666,SID0020,MID0014,219,2025/01/26
SDII014667,SID0020,MID0014,219,2025/01/27
SDII014668,SID0020,MID0014,194,2025/01/28
SDII014669,SID0020,MID0014,179,2025/01/29
SDII014670,SID0020,MID0014,170,2025/01/30
SDII014671,SID0020,MID0014,170,2025/01/31
SDII014672,SID0020,MID0014,170,2025/02/01
SDII014673,SID0020,MID0014,170,2025/02/02
SDII014674,SID0020,MID0014,170,2025/02/03
SDII014675,SID0020,MID0014,170,2025/02/04
SDII014676,SID0020,MID0014,170,2025/02/05
SDII014677,SID0020,MID0014,170,2025/02/06
SDII014678,SID0020,MID0014,170,2025/02/07
SDII014679,SID0020,MID0014,170,2025/02/08
SDII014680,SID0020,MID0014,170,2025/02/09
SDII014681,SID0020,MID0014,170,2025/02/10
SDII014682,SID0020,MID0014,170,2025/02/11
SDII014683,SID0020,MID0014,170,2025/02/12
SDII014684,SID0020,MID0014,170,2025/02/13
SDII014685,SID0020,MID0014,170,2025/02/14
SDII014686,SID0020,MID0014,170,2025/02/15
SDII014687,SID0020,MID0014,256,2025/02/16
SDII014688,SID0020,MID0014,256,2025/02/17
SDII014689,SID0020,MID0014,256,2025/02/18
SDII014690,SID0020,MID0014,256,2025/02/19
SDII014691,SID0020,MID0014,256,2025/02/20
SDII014692,SID0020,MID0014,252,2025/02/21
SDII014693,SID0020,MID0014,227,2025/02/22
SDII014694,SID0020,MID0014,227,2025/02/23
SDII014695,SID0020,MID0014,227,2025/02/24
SDII014696,SID0020,MID0014,208,2025/02/25
SDII014697,SID0020,MID0014,199,2025/02/26
SDII014698,SID0020,MID0014,172,2025/02/27
SDII014699,SID0020,MID0014,172,2025/02/28
SDII014700,SID0020,MID0014,172,2025/03/01
SDII014701,SID0020,MID0014,172,2025/03/02
SDII014702,SID0020,MID0014,172,2025/03/03
SDII014703,SID0020,MID0014,172,2025/03/04
SDII014704,SID0020,MID0014,172,2025/03/05
SDII014705,SID0020,MID0014,172,2025/03/06
SDII014706,SID0020,MID0014,172,2025/03/07
SDII014707,SID0020,MID0014,172,2025/03/08
SDII014708,SID0020,MID0014,172,2025/03/09
SDII014709,SID0020,MID0014,318,2025/03/10
SDII014710,SID0020,MID0014,318,2025/03/11
SDII014711,SID0020,MID0014,304,2025/03/12
SDII014712,SID0020,MID0014,300,2025/03/13
SDII014713,SID0020,MID0014,269,2025/03/14
SDII014714,SID0020,MID0014,259,2025/03/15
SDII014715,SID0020,MID0014,259,2025/03/16
SDII014716,SID0020,MID0014,259,2025/03/17
SDII014717,SID0020,MID0014,238,2025/03/18
SDII014718,SID0020,MID0014,234,2025/03/19
SDII014719,SID0020,MID0014,234,2025/03/20
SDII014720,SID0020,MID0014,234,2025/03/21
SDII014721,SID0020,MID0014,234,2025/03/22
SDII014722,SID0020,MID0014,234,2025/03/23
SDII014723,SID0020,MID0014,234,2025/03/24
SDII014724,SID0020,MID0014,234,2025/03/25
SDII014725,SID0020,MID0014,234,2025/03/26
SDII014726,SID0020,MID0014,234,2025/03/27
SDII014727,SID0020,MID0014,234,2025/03/28
SDII014728,SID0020,MID0014,234,2025/03/29
SDII014729,SID0020,MID0014,234,2025/03/30
SDII014730,SID0020,MID0014,234,2025/03/31
SDII014731,SID0020,MID0014,234,2025/04/01
SDII014732,SID0020,MID0014,234,2025/04/02
SDII014733,SID0020,MID0014,234,2025/04/03
SDII014734,SID0020,MID0014,234,2025/04/04
SDII014735,SID0020,MID0014,234,2025/04/05
SDII014736,SID0020,MID0014,234,2025/04/06
SDII014737,SID0020,MID0014,234,2025/04/07
SDII014738,SID0020,MID0014,234,2025/04/08
SDII014739,SID0020,MID0014,234,2025/04/09
SDII014740,SID0020,MID0014,234,2025/04/10
SDII014741,SID0020,MID0014,234,2025/04/11
SDII014742,SID0020,MID0014,234,2025/04/12
SDII014743,SID0020,MID0014,234,2025/04/13
SDII014744,SID0020,MID0014,234,2025/04/14
SDII014745,SID0020,MID0014,234,2025/04/15
SDII014746,SID0020,MID0014,234,2025/04/16
SDII014747,SID0020,MID0014,234,2025/04/17
SDII014748,SID0020,MID0014,234,2025/04/18
SDII014749,SID0020,MID0014,234,2025/04/19
SDII014750,SID0020,MID0014,234,2025/04/20
SDII014751,SID0020,MID0014,234,2025/04/21
SDII014752,SID0020,MID0014,234,2025/04/22
SDII014753,SID0020,MID0014,234,2025/04/23
SDII014754,SID0020,MID0014,234,2025/04/24
SDII014755,SID0020,MID0014,215,2025/04/25
SDII014756,SID0020,MID0014,162,2025/04/26
SDII014757,SID0020,MID0014,162,2025/04/27
SDII014758,SID0020,MID0014,162,2025/04/28
SDII014759,SID0020,MID0014,159,2025/04/29
SDII014760,SID0020,MID0014,159,2025/04/30
SDII014761,SID0020,MID0014,159,2025/05/01
SDII014762,SID0020,MID0014,159,2025/05/02
SDII014763,SID0020,MID0014,159,2025/05/03
SDII014764,SID0020,MID0014,159,2025/05/04
SDII014765,SID0020,MID0014,159,2025/05/05
SDII014766,SID0020,MID0014,159,2025/05/06
SDII014767,SID0020,MID0014,159,2025/05/07
SDII014768,SID0020,MID0014,159,2025/05/08
SDII014769,SID0020,MID0014,159,2025/05/09
SDII014770,SID0020,MID0014,159,2025/05/10
SDII014771,SID0020,MID0014,159,2025/05/11
SDII014772,SID0020,MID0014,159,2025/05/12
SDII014773,SID0020,MID0014,159,2025/05/13
SDII014774,SID0020,MID0014,159,2025/05/14
SDII014775,SID0020,MID0014,159,2025/05/15
SDII014776,SID0020,MID0014,159,2025/05/16
SDII014777,SID0020,MID0014,159,2025/05/17
SDII014778,SID0020,MID0014,159,2025/05/18
SDII014779,SID0020,MID0014,159,2025/05/19
SDII014780,SID0020,MID0014,159,2025/05/20
SDII014781,SID0020,MID0014,159,2025/05/21
SDII014782,SID0020,MID0014,281,2025/05/22
SDII014783,SID0020,MID0014,281,2025/05/23
SDII014784,SID0020,MID0014,281,2025/05/24
SDII014785,SID0020,MID0014,281,2025/05/25
SDII014786,SID0020,MID0014,281,2025/05/26
SDII014787,SID0020,MID0014,275,2025/05/27
SDII014788,SID0020,MID0014,259,2025/05/28
SDII014789,SID0020,MID0014,233,2025/05/29
SDII014790,SID0020,MID0014,208,2025/05/30
SDII014791,SID0020,MID0014,189,2025/05/31
SDII014792,SID0020,MID0014,189,2025/06/01
SDII014793,SID0020,MID0014,189,2025/06/02
SDII014794,SID0020,MID0014,189,2025/06/03
SDII014795,SID0020,MID0014,189,2025/06/04
SDII014796,SID0020,MID0014,189,2025/06/05
SDII014797,SID0020,MID0014,189,2025/06/06
SDII014798,SID0020,MID0014,169,2025/06/07
SDII014799,SID0020,MID0014,169,2025/06/08
SDII014800,SID0020,MID0014,169,2025/06/09
SDII014801,SID0020,MID0014,149,2025/06/10
SDII014802,SID0020,MID0014,136,2025/06/11
SDII014803,SID0020,MID0014,133,2025/06/12
SDII014804,SID0020,MID0014,108,2025/06/13
SDII014805,SID0020,MID0014,104,2025/06/14
SDII014806,SID0020,MID0014,104,2025/06/15
SDII014807,SID0020,MID0014,104,2025/06/16
SDII014808,SID0020,MID0014,250,2025/06/17
SDII014809,SID0020,MID0014,250,2025/06/18
SDII014810,SID0020,MID0014,250,2025/06/19
SDII014811,SID0020,MID0014,250,2025/06/20
SDII014812,SID0020,MID0014,250,2025/06/21
SDII014813,SID0020,MID0014,250,2025/06/22
SDII014814,SID0020,MID0014,250,2025/06/23
SDII014815,SID0020,MID0014,250,2025/06/24
SDII014816,SID0020,MID0014,250,2025/06/25
SDII014817,SID0020,MID0014,250,2025/06/26
SDII014818,SID0020,MID0014,250,2025/06/27
SDII014819,SID0020,MID0014,250,2025/06/28
SDII014820,SID0020,MID0014,250,2025/06/29
SDII014821,SID0020,MID0014,250,2025/06/30
SDII014822,SID0020,MID0014,250,2025/07/01
SDII014823,SID0020,MID0014,250,2025/07/02
SDII014824,SID0020,MID0014,218,2025/07/03
SDII014825,SID0020,MID0014,199,2025/07/04
SDII014826,SID0020,MID0014,189,2025/07/05
SDII014827,SID0020,MID0014,189,2025/07/06
SDII014828,SID0020,MID0014,189,2025/07/07
SDII014829,SID0020,MID0014,162,2025/07/08
SDII014830,SID0020,MID0014,143,2025/07/09
SDII014831,SID0020,MID0014,143,2025/07/10
SDII014832,SID0020,MID0014,143,2025/07/11
SDII014833,SID0020,MID0014,143,2025/07/12
SDII014834,SID0020,MID0014,143,2025/07/13
SDII014835,SID0020,MID0014,143,2025/07/14
SDII014836,SID0020,MID0014,143,2025/07/15
SDII014837,SID0020,MID0014,143,2025/07/16
SDII014838,SID0020,MID0014,143,2025/07/17
SDII014839,SID0020,MID0014,143,2025/07/18
SDII014840,SID0020,MID0014,143,2025/07/19
SDII014841,SID0020,MID0014,143,2025/07/20
SDII014842,SID0020,MID0014,143,2025/07/21
SDII014843,SID0020,MID0014,143,2025/07/22
SDII014844,SID0020,MID0014,143,2025/07/23
SDII014845,SID0020,MID0014,143,2025/07/24
SDII014846,SID0020,MID0014,143,2025/07/25
SDII014847,SID0020,MID0014,143,2025/07/26
SDII014848,SID0020,MID0014,143,2025/07/27
SDII014849,SID0020,MID0014,337,2025/07/28
SDII014850,SID0020,MID0014,337,2025/07/29
SDII014851,SID0020,MID0014,337,2025/07/30
SDII014852,SID0020,MID0014,337,2025/07/31
SDII014853,SID0020,MID0014,337,2025/08/01
SDII014854,SID0020,MID0014,337,2025/08/02
SDII014855,SID0020,MID0014,337,2025/08/03
SDII014856,SID0020,MID0014,337,2025/08/04
SDII014857,SID0020,MID0014,337,2025/08/05
SDII014858,SID0020,MID0014,307,2025/08/06
SDII014859,SID0020,MID0014,220,2025/08/07
SDII014860,SID0020,MID0014,220,2025/08/08
SDII014861,SID0020,MID0014,220,2025/08/09
SDII014862,SID0020,MID0014,220,2025/08/10
SDII014863,SID0020,MID0014,220,2025/08/11
SDII014864,SID0020,MID0014,220,2025/08/12
SDII014865,SID0020,MID0014,220,2025/08/13
SDII014866,SID0020,MID0014,220,2025/08/14
SDII014867,SID0020,MID0014,220,2025/08/15
SDII014868,SID0020,MID0014,220,2025/08/16
SDII014869,SID0020,MID0014,220,2025/08/17
SDII014870,SID0020,MID0014,220,2025/08/18
SDII014871,SID0020,MID0014,220,2025/08/19
SDII014872,SID0020,MID0014,220,2025/08/20
SDII014873,SID0020,MID0014,220,2025/08/21
SDII014874,SID0020,MID0014,220,2025/08/22
SDII014875,SID0020,MID0014,220,2025/08/23
SDII014876,SID0020,MID0014,220,2025/08/24
SDII014877,SID0020,MID0014,220,2025/08/25
SDII014878,SID0020,MID0014,220,2025/08/26
SDII014879,SID0020,MID0014,220,2025/08/27
SDII014880,SID0020,MID0014,220,2025/08/28
SDII014881,SID0020,MID0014,220,2025/08/29
SDII014882,SID0020,MID0014,220,2025/08/30
SDII014883,SID0020,MID0014,220,2025/08/31
SDII014884,SID0020,MID0014,220,2025/09/01
SDII014885,SID0020,MID0014,220,2025/09/02
SDII014886,SID0020,MID0014,220,2025/09/03
SDII014887,SID0020,MID0014,220,2025/09/04
SDII014888,SID0020,MID0014,220,2025/09/05
SDII014889,SID0020,MID0014,220,2025/09/06
SDII014890,SID0020,MID0014,220,2025/09/07
SDII014891,SID0020,MID0014,220,2025/09/08
SDII014892,SID0020,MID0014,220,2025/09/09
SDII014893,SID0020,MID0014,220,2025/09/10
SDII014894,SID0020,MID0014,220,2025/09/11
SDII014895,SID0020,MID0014,220,2025/09/12
SDII014896,SID0020,MID0014,220,2025/09/13
SDII014897,SID0020,MID0014,220,2025/09/14
SDII014898,SID0020,MID0014,220,2025/09/15
SDII014899,SID0020,MID0014,220,2025/09/16
SDII014900,SID0020,MID0014,220,2025/09/17
SDII014901,SID0020,MID0014,220,2025/09/18
SDII014902,SID0020,MID0014,220,2025/09/19
SDII014903,SID0020,MID0014,220,2025/09/20
SDII014904,SID0020,MID0014,220,2025/09/21
SDII014905,SID0020,MID0014,220,2025/09/22
SDII014906,SID0020,MID0014,220,2025/09/23
SDII014907,SID0020,MID0014,220,2025/09/24
SDII014908,SID0020,MID0014,220,2025/09/25
SDII014909,SID0020,MID0014,214,2025/09/26
SDII014910,SID0020,MID0014,116,2025/09/27
SDII014911,SID0020,MID0014,116,2025/09/28
SDII014912,SID0020,MID0014,116,2025/09/29
SDII014913,SID0020,MID0014,116,2025/09/30
SDII014914,SID0020,MID0014,116,2025/10/01
SDII014915,SID0020,MID0014,116,2025/10/02
SDII014916,SID0020,MID0014,116,2025/10/03
SDII014917,SID0020,MID0014,116,2025/10/04
SDII014918,SID0020,MID0014,116,2025/10/05
SDII014919,SID0020,MID0014,116,2025/10/06
SDII014920,SID0020,MID0014,116,2025/10/07
SDII014921,SID0020,MID0014,116,2025/10/08
SDII014922,SID0020,MID0014,116,2025/10/09
SDII014923,SID0020,MID0014,116,2025/10/10
SDII014924,SID0020,MID0014,116,2025/10/11
SDII014925,SID0020,MID0014,116,2025/10/12
SDII014926,SID0020,MID0014,116,2025/10/13
SDII014927,SID0020,MID0014,116,2025/10/14
SDII014928,SID0020,MID0014,116,2025/10/15
SDII014929,SID0020,MID0014,238,2025/10/16
SDII014930,SID0020,MID0014,238,2025/10/17
SDII014931,SID0020,MID0014,238,2025/10/18
SDII014932,SID0020,MID0014,408,2025/10/19
SDII014933,SID0020,MID0014,408,2025/10/20
SDII014934,SID0020,MID0014,408,2025/10/21
SDII014935,SID0020,MID0014,408,2025/10/22
SDII014936,SID0020,MID0014,382,2025/10/23
SDII014937,SID0020,MID0014,373,2025/10/24
SDII014938,SID0020,MID0014,338,2025/10/25
SDII014939,SID0020,MID0014,338,2025/10/26
SDII014940,SID0020,MID0014,338,2025/10/27
SDII014941,SID0020,MID0014,314,2025/10/28
SDII014942,SID0020,MID0014,284,2025/10/29
SDII014943,SID0020,MID0014,284,2025/10/30
SDII014944,SID0020,MID0014,284,2025/10/31
SDII014945,SID0020,MID0014,284,2025/11/01
SDII014946,SID0020,MID0014,284,2025/11/02
SDII014947,SID0020,MID0014,284,2025/11/03
SDII014948,SID0020,MID0014,284,2025/11/04
SDII014949,SID0020,MID0014,284,2025/11/05
SDII014950,SID0020,MID0014,284,2025/11/06
SDII014951,SID0020,MID0014,284,2025/11/07
SDII014952,SID0020,MID0014,284,2025/11/08
SDII014953,SID0020,MID0014,284,2025/11/09
SDII014954,SID0020,MID0014,284,2025/11/10
SDII014955,SID0020,MID0014,284,2025/11/11
SDII014956,SID0020,MID0014,284,2025/11/12
SDII014957,SID0020,MID0014,284,2025/11/13
SDII014958,SID0020,MID0014,284,2025/11/14
SDII014959,SID0020,MID0014,284,2025/11/15
SDII014960,SID0020,MID0014,284,2025/11/16
SDII014961,SID0020,MID0014,284,2025/11/17
SDII014962,SID0020,MID0014,284,2025/11/18
SDII014963,SID0020,MID0014,284,2025/11/19
SDII014964,SID0020,MID0014,284,2025/11/20
SDII014965,SID0020,MID0014,272,2025/11/21
SDII014966,SID0020,MID0014,265,2025/11/22
SDII014967,SID0020,MID0014,265,2025/11/23
SDII014968,SID0020,MID0014,265,2025/11/24
SDII014969,SID0020,MID0014,250,2025/11/25
SDII014970,SID0020,MID0014,224,2025/11/26
SDII014971,SID0020,MID0014,205,2025/11/27
SDII014972,SID0020,MID0014,192,2025/11/28
SDII014973,SID0020,MID0014,192,2025/11/29
SDII014974,SID0020,MID0014,192,2025/11/30
SDII014975,SID0020,MID0014,192,2025/12/01
SDII014976,SID0020,MID0014,192,2025/12/02
SDII014977,SID0020,MID0014,192,2025/12/03
SDII014978,SID0020,MID0014,192,2025/12/04
SDII014979,SID0020,MID0014,192,2025/12/05
SDII014980,SID0020,MID0014,192,2025/12/06
SDII014981,SID0020,MID0014,192,2025/12/07
SDII014982,SID0020,MID0014,192,2025/12/08
SDII014983,SID0020,MID0014,192,2025/12/09
SDII014984,SID0020,MID0014,386,2025/12/10
SDII014985,SID0020,MID0014,386,2025/12/11
SDII014986,SID0020,MID0014,386,2025/12/12
SDII014987,SID0020,MID0014,386,2025/12/13
SDII014988,SID0020,MID0014,386,2025/12/14
SDII014989,SID0020,MID0014,386,2025/12/15
SDII014990,SID0020,MID0014,357,2025/12/16
SDII014991,SID0020,MID0014,327,2025/12/17
SDII014992,SID0020,MID0014,316,2025/12/18
SDII014993,SID0020,MID0014,311,2025/12/19
SDII014994,SID0020,MID0014,284,2025/12/20
SDII014995,SID0020,MID0014,284,2025/12/21
SDII014996,SID0020,MID0014,284,2025/12/22
SDII014997,SID0020,MID0014,284,2025/12/23
SDII014998,SID0020,MID0014,284,2025/12/24
SDII014999,SID0020,MID0014,284,2025/12/25
SDII015000,SID0020,MID0014,284,2025/12/26
SDII015001,SID0020,MID0014,284,2025/12/27
SDII015002,SID0020,MID0014,284,2025/12/28
SDII015003,SID0020,MID0014,284,2025/12/29
SDII015004,SID0020,MID0014,284,2025/12/30
SDII015005,SID0020,MID0014,284,2025/12/31
SDII015006,SID0020,MID0014,284,2026/01/01
SDII015007,SID0020,MID0017,126,2025/01/01
SDII015008,SID0020,MID0017,126,2025/01/02
SDII015009,SID0020,MID0017,126,2025/01/03
SDII015010,SID0020,MID0017,126,2025/01/04
SDII015011,SID0020,MID0017,126,2025/01/05
SDII015012,SID0020,MID0017,126,2025/01/06
SDII015013,SID0020,MID0017,126,2025/01/07
SDII015014,SID0020,MID0017,81,2025/01/08
SDII015015,SID0020,MID0017,61,2025/01/09
SDII015016,SID0020,MID0017,18,2025/01/10
SDII015017,SID0020,MID0017,0,2025/01/11
SDII015018,SID0020,MID0017,0,2025/01/12
SDII015019,SID0020,MID0017,0,2025/01/13
SDII015020,SID0020,MID0017,0,2025/01/14
SDII015021,SID0020,MID0017,0,2025/01/15
SDII015022,SID0020,MID0017,382,2025/01/16
SDII015023,SID0020,MID0017,382,2025/01/17
SDII015024,SID0020,MID0017,382,2025/01/18
SDII015025,SID0020,MID0017,382,2025/01/19
SDII015026,SID0020,MID0017,382,2025/01/20
SDII015027,SID0020,MID0017,382,2025/01/21
SDII015028,SID0020,MID0017,382,2025/01/22
SDII015029,SID0020,MID0017,382,2025/01/23
SDII015030,SID0020,MID0017,382,2025/01/24
SDII015031,SID0020,MID0017,382,2025/01/25
SDII015032,SID0020,MID0017,382,2025/01/26
SDII015033,SID0020,MID0017,382,2025/01/27
SDII015034,SID0020,MID0017,338,2025/01/28
SDII015035,SID0020,MID0017,292,2025/01/29
SDII015036,SID0020,MID0017,496,2025/01/30
SDII015037,SID0020,MID0017,496,2025/01/31
SDII015038,SID0020,MID0017,496,2025/02/01
SDII015039,SID0020,MID0017,496,2025/02/02
SDII015040,SID0020,MID0017,496,2025/02/03
SDII015041,SID0020,MID0017,496,2025/02/04
SDII015042,SID0020,MID0017,496,2025/02/05
SDII015043,SID0020,MID0017,496,2025/02/06
SDII015044,SID0020,MID0017,436,2025/02/07
SDII015045,SID0020,MID0017,389,2025/02/08
SDII015046,SID0020,MID0017,389,2025/02/09
SDII015047,SID0020,MID0017,389,2025/02/10
SDII015048,SID0020,MID0017,389,2025/02/11
SDII015049,SID0020,MID0017,389,2025/02/12
SDII015050,SID0020,MID0017,389,2025/02/13
SDII015051,SID0020,MID0017,389,2025/02/14
SDII015052,SID0020,MID0017,389,2025/02/15
SDII015053,SID0020,MID0017,389,2025/02/16
SDII015054,SID0020,MID0017,389,2025/02/17
SDII015055,SID0020,MID0017,389,2025/02/18
SDII015056,SID0020,MID0017,389,2025/02/19
SDII015057,SID0020,MID0017,389,2025/02/20
SDII015058,SID0020,MID0017,289,2025/02/21
SDII015059,SID0020,MID0017,276,2025/02/22
SDII015060,SID0020,MID0017,276,2025/02/23
SDII015061,SID0020,MID0017,276,2025/02/24
SDII015062,SID0020,MID0017,276,2025/02/25
SDII015063,SID0020,MID0017,276,2025/02/26
SDII015064,SID0020,MID0017,276,2025/02/27
SDII015065,SID0020,MID0017,276,2025/02/28
SDII015066,SID0020,MID0017,276,2025/03/01
SDII015067,SID0020,MID0017,276,2025/03/02
SDII015068,SID0020,MID0017,276,2025/03/03
SDII015069,SID0020,MID0017,276,2025/03/04
SDII015070,SID0020,MID0017,276,2025/03/05
SDII015071,SID0020,MID0017,276,2025/03/06
SDII015072,SID0020,MID0017,276,2025/03/07
SDII015073,SID0020,MID0017,451,2025/03/08
SDII015074,SID0020,MID0017,706,2025/03/09
SDII015075,SID0020,MID0017,706,2025/03/10
SDII015076,SID0020,MID0017,679,2025/03/11
SDII015077,SID0020,MID0017,650,2025/03/12
SDII015078,SID0020,MID0017,616,2025/03/13
SDII015079,SID0020,MID0017,606,2025/03/14
SDII015080,SID0020,MID0017,593,2025/03/15
SDII015081,SID0020,MID0017,593,2025/03/16
SDII015082,SID0020,MID0017,593,2025/03/17
SDII015083,SID0020,MID0017,593,2025/03/18
SDII015084,SID0020,MID0017,535,2025/03/19
SDII015085,SID0020,MID0017,490,2025/03/20
SDII015086,SID0020,MID0017,470,2025/03/21
SDII015087,SID0020,MID0017,470,2025/03/22
SDII015088,SID0020,MID0017,470,2025/03/23
SDII015089,SID0020,MID0017,470,2025/03/24
SDII015090,SID0020,MID0017,470,2025/03/25
SDII015091,SID0020,MID0017,470,2025/03/26
SDII015092,SID0020,MID0017,470,2025/03/27
SDII015093,SID0020,MID0017,470,2025/03/28
SDII015094,SID0020,MID0017,470,2025/03/29
SDII015095,SID0020,MID0017,470,2025/03/30
SDII015096,SID0020,MID0017,470,2025/03/31
SDII015097,SID0020,MID0017,470,2025/04/01
SDII015098,SID0020,MID0017,413,2025/04/02
SDII015099,SID0020,MID0017,360,2025/04/03
SDII015100,SID0020,MID0017,360,2025/04/04
SDII015101,SID0020,MID0017,360,2025/04/05
SDII015102,SID0020,MID0017,360,2025/04/06
SDII015103,SID0020,MID0017,360,2025/04/07
SDII015104,SID0020,MID0017,360,2025/04/08
SDII015105,SID0020,MID0017,360,2025/04/09
SDII015106,SID0020,MID0017,360,2025/04/10
SDII015107,SID0020,MID0017,360,2025/04/11
SDII015108,SID0020,MID0017,360,2025/04/12
SDII015109,SID0020,MID0017,360,2025/04/13
SDII015110,SID0020,MID0017,360,2025/04/14
SDII015111,SID0020,MID0017,360,2025/04/15
SDII015112,SID0020,MID0017,360,2025/04/16
SDII015113,SID0020,MID0017,360,2025/04/17
SDII015114,SID0020,MID0017,360,2025/04/18
SDII015115,SID0020,MID0017,360,2025/04/19
SDII015116,SID0020,MID0017,360,2025/04/20
SDII015117,SID0020,MID0017,360,2025/04/21
SDII015118,SID0020,MID0017,360,2025/04/22
SDII015119,SID0020,MID0017,360,2025/04/23
SDII015120,SID0020,MID0017,360,2025/04/24
SDII015121,SID0020,MID0017,360,2025/04/25
SDII015122,SID0020,MID0017,360,2025/04/26
SDII015123,SID0020,MID0017,360,2025/04/27
SDII015124,SID0020,MID0017,360,2025/04/28
SDII015125,SID0020,MID0017,360,2025/04/29
SDII015126,SID0020,MID0017,336,2025/04/30
SDII015127,SID0020,MID0017,240,2025/05/01
SDII015128,SID0020,MID0017,240,2025/05/02
SDII015129,SID0020,MID0017,240,2025/05/03
SDII015130,SID0020,MID0017,240,2025/05/04
SDII015131,SID0020,MID0017,240,2025/05/05
SDII015132,SID0020,MID0017,240,2025/05/06
SDII015133,SID0020,MID0017,240,2025/05/07
SDII015134,SID0020,MID0017,230,2025/05/08
SDII015135,SID0020,MID0017,188,2025/05/09
SDII015136,SID0020,MID0017,146,2025/05/10
SDII015137,SID0020,MID0017,146,2025/05/11
SDII015138,SID0020,MID0017,382,2025/05/12
SDII015139,SID0020,MID0017,352,2025/05/13
SDII015140,SID0020,MID0017,349,2025/05/14
SDII015141,SID0020,MID0017,349,2025/05/15
SDII015142,SID0020,MID0017,349,2025/05/16
SDII015143,SID0020,MID0017,349,2025/05/17
SDII015144,SID0020,MID0017,349,2025/05/18
SDII015145,SID0020,MID0017,349,2025/05/19
SDII015146,SID0020,MID0017,604,2025/05/20
SDII015147,SID0020,MID0017,577,2025/05/21
SDII015148,SID0020,MID0017,464,2025/05/22
SDII015149,SID0020,MID0017,464,2025/05/23
SDII015150,SID0020,MID0017,464,2025/05/24
SDII015151,SID0020,MID0017,464,2025/05/25
SDII015152,SID0020,MID0017,464,2025/05/26
SDII015153,SID0020,MID0017,464,2025/05/27
SDII015154,SID0020,MID0017,464,2025/05/28
SDII015155,SID0020,MID0017,464,2025/05/29
SDII015156,SID0020,MID0017,464,2025/05/30
SDII015157,SID0020,MID0017,464,2025/05/31
SDII015158,SID0020,MID0017,464,2025/06/01
SDII015159,SID0020,MID0017,464,2025/06/02
SDII015160,SID0020,MID0017,410,2025/06/03
SDII015161,SID0020,MID0017,390,2025/06/04
SDII015162,SID0020,MID0017,360,2025/06/05
SDII015163,SID0020,MID0017,355,2025/06/06
SDII015164,SID0020,MID0017,337,2025/06/07
SDII015165,SID0020,MID0017,337,2025/06/08
SDII015166,SID0020,MID0017,337,2025/06/09
SDII015167,SID0020,MID0017,337,2025/06/10
SDII015168,SID0020,MID0017,337,2025/06/11
SDII015169,SID0020,MID0017,337,2025/06/12
SDII015170,SID0020,MID0017,337,2025/06/13
SDII015171,SID0020,MID0017,337,2025/06/14
SDII015172,SID0020,MID0017,337,2025/06/15
SDII015173,SID0020,MID0017,337,2025/06/16
SDII015174,SID0020,MID0017,337,2025/06/17
SDII015175,SID0020,MID0017,337,2025/06/18
SDII015176,SID0020,MID0017,286,2025/06/19
SDII015177,SID0020,MID0017,280,2025/06/20
SDII015178,SID0020,MID0017,205,2025/06/21
SDII015179,SID0020,MID0017,446,2025/06/22
SDII015180,SID0020,MID0017,446,2025/06/23
SDII015181,SID0020,MID0017,434,2025/06/24
SDII015182,SID0020,MID0017,434,2025/06/25
SDII015183,SID0020,MID0017,434,2025/06/26
SDII015184,SID0020,MID0017,434,2025/06/27
SDII015185,SID0020,MID0017,434,2025/06/28
SDII015186,SID0020,MID0017,434,2025/06/29
SDII015187,SID0020,MID0017,434,2025/06/30
SDII015188,SID0020,MID0017,434,2025/07/01
SDII015189,SID0020,MID0017,385,2025/07/02
SDII015190,SID0020,MID0017,336,2025/07/03
SDII015191,SID0020,MID0017,292,2025/07/04
SDII015192,SID0020,MID0017,287,2025/07/05
SDII015193,SID0020,MID0017,287,2025/07/06
SDII015194,SID0020,MID0017,287,2025/07/07
SDII015195,SID0020,MID0017,287,2025/07/08
SDII015196,SID0020,MID0017,287,2025/07/09
SDII015197,SID0020,MID0017,287,2025/07/10
SDII015198,SID0020,MID0017,287,2025/07/11
SDII015199,SID0020,MID0017,542,2025/07/12
SDII015200,SID0020,MID0017,542,2025/07/13
SDII015201,SID0020,MID0017,542,2025/07/14
SDII015202,SID0020,MID0017,542,2025/07/15
SDII015203,SID0020,MID0017,542,2025/07/16
SDII015204,SID0020,MID0017,542,2025/07/17
SDII015205,SID0020,MID0017,542,2025/07/18
SDII015206,SID0020,MID0017,542,2025/07/19
SDII015207,SID0020,MID0017,542,2025/07/20
SDII015208,SID0020,MID0017,542,2025/07/21
SDII015209,SID0020,MID0017,407,2025/07/22
SDII015210,SID0020,MID0017,351,2025/07/23
SDII015211,SID0020,MID0017,351,2025/07/24
SDII015212,SID0020,MID0017,351,2025/07/25
SDII015213,SID0020,MID0017,351,2025/07/26
SDII015214,SID0020,MID0017,351,2025/07/27
SDII015215,SID0020,MID0017,351,2025/07/28
SDII015216,SID0020,MID0017,351,2025/07/29
SDII015217,SID0020,MID0017,351,2025/07/30
SDII015218,SID0020,MID0017,351,2025/07/31
SDII015219,SID0020,MID0017,351,2025/08/01
SDII015220,SID0020,MID0017,351,2025/08/02
SDII015221,SID0020,MID0017,351,2025/08/03
SDII015222,SID0020,MID0017,351,2025/08/04
SDII015223,SID0020,MID0017,320,2025/08/05
SDII015224,SID0020,MID0017,218,2025/08/06
SDII015225,SID0020,MID0017,189,2025/08/07
SDII015226,SID0020,MID0017,189,2025/08/08
SDII015227,SID0020,MID0017,508,2025/08/09
SDII015228,SID0020,MID0017,508,2025/08/10
SDII015229,SID0020,MID0017,508,2025/08/11
SDII015230,SID0020,MID0017,508,2025/08/12
SDII015231,SID0020,MID0017,508,2025/08/13
SDII015232,SID0020,MID0017,508,2025/08/14
SDII015233,SID0020,MID0017,508,2025/08/15
SDII015234,SID0020,MID0017,508,2025/08/16
SDII015235,SID0020,MID0017,508,2025/08/17
SDII015236,SID0020,MID0017,508,2025/08/18
SDII015237,SID0020,MID0017,508,2025/08/19
SDII015238,SID0020,MID0017,508,2025/08/20
SDII015239,SID0020,MID0017,508,2025/08/21
SDII015240,SID0020,MID0017,472,2025/08/22
SDII015241,SID0020,MID0017,340,2025/08/23
SDII015242,SID0020,MID0017,340,2025/08/24
SDII015243,SID0020,MID0017,340,2025/08/25
SDII015244,SID0020,MID0017,340,2025/08/26
SDII015245,SID0020,MID0017,340,2025/08/27
SDII015246,SID0020,MID0017,340,2025/08/28
SDII015247,SID0020,MID0017,340,2025/08/29
SDII015248,SID0020,MID0017,340,2025/08/30
SDII015249,SID0020,MID0017,340,2025/08/31
SDII015250,SID0020,MID0017,340,2025/09/01
SDII015251,SID0020,MID0017,340,2025/09/02
SDII015252,SID0020,MID0017,340,2025/09/03
SDII015253,SID0020,MID0017,340,2025/09/04
SDII015254,SID0020,MID0017,340,2025/09/05
SDII015255,SID0020,MID0017,290,2025/09/06
SDII015256,SID0020,MID0017,290,2025/09/07
SDII015257,SID0020,MID0017,290,2025/09/08
SDII015258,SID0020,MID0017,243,2025/09/09
SDII015259,SID0020,MID0017,210,2025/09/10
SDII015260,SID0020,MID0017,438,2025/09/11
SDII015261,SID0020,MID0017,438,2025/09/12
SDII015262,SID0020,MID0017,438,2025/09/13
SDII015263,SID0020,MID0017,438,2025/09/14
SDII015264,SID0020,MID0017,438,2025/09/15
SDII015265,SID0020,MID0017,438,2025/09/16
SDII015266,SID0020,MID0017,438,2025/09/17
SDII015267,SID0020,MID0017,438,2025/09/18
SDII015268,SID0020,MID0017,438,2025/09/19
SDII015269,SID0020,MID0017,438,2025/09/20
SDII015270,SID0020,MID0017,438,2025/09/21
SDII015271,SID0020,MID0017,438,2025/09/22
SDII015272,SID0020,MID0017,438,2025/09/23
SDII015273,SID0020,MID0017,438,2025/09/24
SDII015274,SID0020,MID0017,438,2025/09/25
SDII015275,SID0020,MID0017,438,2025/09/26
SDII015276,SID0020,MID0017,611,2025/09/27
SDII015277,SID0020,MID0017,611,2025/09/28
SDII015278,SID0020,MID0017,611,2025/09/29
SDII015279,SID0020,MID0017,530,2025/09/30
SDII015280,SID0020,MID0017,530,2025/10/01
SDII015281,SID0020,MID0017,530,2025/10/02
SDII015282,SID0020,MID0017,490,2025/10/03
SDII015283,SID0020,MID0017,472,2025/10/04
SDII015284,SID0020,MID0017,472,2025/10/05
SDII015285,SID0020,MID0017,472,2025/10/06
SDII015286,SID0020,MID0017,433,2025/10/07
SDII015287,SID0020,MID0017,416,2025/10/08
SDII015288,SID0020,MID0017,369,2025/10/09
SDII015289,SID0020,MID0017,369,2025/10/10
SDII015290,SID0020,MID0017,369,2025/10/11
SDII015291,SID0020,MID0017,369,2025/10/12
SDII015292,SID0020,MID0017,369,2025/10/13
SDII015293,SID0020,MID0017,369,2025/10/14
SDII015294,SID0020,MID0017,688,2025/10/15
SDII015295,SID0020,MID0017,688,2025/10/16
SDII015296,SID0020,MID0017,688,2025/10/17
SDII015297,SID0020,MID0017,688,2025/10/18
SDII015298,SID0020,MID0017,688,2025/10/19
SDII015299,SID0020,MID0017,688,2025/10/20
SDII015300,SID0020,MID0017,688,2025/10/21
SDII015301,SID0020,MID0017,616,2025/10/22
SDII015302,SID0020,MID0017,609,2025/10/23
SDII015303,SID0020,MID0017,484,2025/10/24
SDII015304,SID0020,MID0017,484,2025/10/25
SDII015305,SID0020,MID0017,484,2025/10/26
SDII015306,SID0020,MID0017,484,2025/10/27
SDII015307,SID0020,MID0017,484,2025/10/28
SDII015308,SID0020,MID0017,484,2025/10/29
SDII015309,SID0020,MID0017,484,2025/10/30
SDII015310,SID0020,MID0017,484,2025/10/31
SDII015311,SID0020,MID0017,484,2025/11/01
SDII015312,SID0020,MID0017,484,2025/11/02
SDII015313,SID0020,MID0017,484,2025/11/03
SDII015314,SID0020,MID0017,484,2025/11/04
SDII015315,SID0020,MID0017,484,2025/11/05
SDII015316,SID0020,MID0017,484,2025/11/06
SDII015317,SID0020,MID0017,484,2025/11/07
SDII015318,SID0020,MID0017,484,2025/11/08
SDII015319,SID0020,MID0017,484,2025/11/09
SDII015320,SID0020,MID0017,484,2025/11/10
SDII015321,SID0020,MID0017,424,2025/11/11
SDII015322,SID0020,MID0017,742,2025/11/12
SDII015323,SID0020,MID0017,729,2025/11/13
SDII015324,SID0020,MID0017,726,2025/11/14
SDII015325,SID0020,MID0017,663,2025/11/15
SDII015326,SID0020,MID0017,663,2025/11/16
SDII015327,SID0020,MID0017,663,2025/11/17
SDII015328,SID0020,MID0017,663,2025/11/18
SDII015329,SID0020,MID0017,663,2025/11/19
SDII015330,SID0020,MID0017,627,2025/11/20
SDII015331,SID0020,MID0017,577,2025/11/21
SDII015332,SID0020,MID0017,521,2025/11/22
SDII015333,SID0020,MID0017,521,2025/11/23
SDII015334,SID0020,MID0017,521,2025/11/24
SDII015335,SID0020,MID0017,521,2025/11/25
SDII015336,SID0020,MID0017,521,2025/11/26
SDII015337,SID0020,MID0017,521,2025/11/27
SDII015338,SID0020,MID0017,521,2025/11/28
SDII015339,SID0020,MID0017,521,2025/11/29
SDII015340,SID0020,MID0017,521,2025/11/30
SDII015341,SID0020,MID0017,521,2025/12/01
SDII015342,SID0020,MID0017,521,2025/12/02
SDII015343,SID0020,MID0017,521,2025/12/03
SDII015344,SID0020,MID0017,521,2025/12/04
SDII015345,SID0020,MID0017,521,2025/12/05
SDII015346,SID0020,MID0017,521,2025/12/06
SDII015347,SID0020,MID0017,521,2025/12/07
SDII015348,SID0020,MID0017,521,2025/12/08
SDII015349,SID0020,MID0017,521,2025/12/09
SDII015350,SID0020,MID0017,521,2025/12/10
SDII015351,SID0020,MID0017,445,2025/12/11
SDII015352,SID0020,MID0017,419,2025/12/12
SDII015353,SID0020,MID0017,368,2025/12/13
SDII015354,SID0020,MID0017,368,2025/12/14
SDII015355,SID0020,MID0017,368,2025/12/15
SDII015356,SID0020,MID0017,368,2025/12/16
SDII015357,SID0020,MID0017,326,2025/12/17
SDII015358,SID0020,MID0017,229,2025/12/18
SDII015359,SID0020,MID0017,212,2025/12/19
SDII015360,SID0020,MID0017,212,2025/12/20
SDII015361,SID0020,MID0017,212,2025/12/21
SDII015362,SID0020,MID0017,212,2025/12/22
SDII015363,SID0020,MID0017,212,2025/12/23
SDII015364,SID0020,MID0017,212,2025/12/24
SDII015365,SID0020,MID0017,467,2025/12/25
SDII015366,SID0020,MID0017,467,2025/12/26
SDII015367,SID0020,MID0017,467,2025/12/27
SDII015368,SID0020,MID0017,467,2025/12/28
SDII015369,SID0020,MID0017,467,2025/12/29
SDII015370,SID0020,MID0017,467,2025/12/30
SDII015371,SID0020,MID0017,467,2025/12/31
SDII015372,SID0020,MID0017,467,2026/01/01
SDII015373,SID0021,MID0001,321,2025/01/01
SDII015374,SID0021,MID0001,316,2025/01/02
SDII015375,SID0021,MID0001,295,2025/01/03
SDII015376,SID0021,MID0001,265,2025/01/04
SDII015377,SID0021,MID0001,265,2025/01/05
SDII015378,SID0021,MID0001,265,2025/01/06
SDII015379,SID0021,MID0001,255,2025/01/07
SDII015380,SID0021,MID0001,206,2025/01/08
SDII015381,SID0021,MID0001,190,2025/01/09
SDII015382,SID0021,MID0001,176,2025/01/10
SDII015383,SID0021,MID0001,176,2025/01/11
SDII015384,SID0021,MID0001,176,2025/01/12
SDII015385,SID0021,MID0001,176,2025/01/13
SDII015386,SID0021,MID0001,176,2025/01/14
SDII015387,SID0021,MID0001,119,2025/01/15
SDII015388,SID0021,MID0001,111,2025/01/16
SDII015389,SID0021,MID0001,96,2025/01/17
SDII015390,SID0021,MID0001,88,2025/01/18
SDII015391,SID0021,MID0001,88,2025/01/19
SDII015392,SID0021,MID0001,88,2025/01/20
SDII015393,SID0021,MID0001,44,2025/01/21
SDII015394,SID0021,MID0001,32,2025/01/22
SDII015395,SID0021,MID0001,23,2025/01/23
SDII015396,SID0021,MID0001,0,2025/01/24
SDII015397,SID0021,MID0001,693,2025/01/25
SDII015398,SID0021,MID0001,693,2025/01/26
SDII015399,SID0021,MID0001,693,2025/01/27
SDII015400,SID0021,MID0001,686,2025/01/28
SDII015401,SID0021,MID0001,654,2025/01/29
SDII015402,SID0021,MID0001,622,2025/01/30
SDII015403,SID0021,MID0001,607,2025/01/31
SDII015404,SID0021,MID0001,607,2025/02/01
SDII015405,SID0021,MID0001,607,2025/02/02
SDII015406,SID0021,MID0001,607,2025/02/03
SDII015407,SID0021,MID0001,607,2025/02/04
SDII015408,SID0021,MID0001,607,2025/02/05
SDII015409,SID0021,MID0001,554,2025/02/06
SDII015410,SID0021,MID0001,547,2025/02/07
SDII015411,SID0021,MID0001,513,2025/02/08
SDII015412,SID0021,MID0001,513,2025/02/09
SDII015413,SID0021,MID0001,909,2025/02/10
SDII015414,SID0021,MID0001,909,2025/02/11
SDII015415,SID0021,MID0001,873,2025/02/12
SDII015416,SID0021,MID0001,821,2025/02/13
SDII015417,SID0021,MID0001,808,2025/02/14
SDII015418,SID0021,MID0001,808,2025/02/15
SDII015419,SID0021,MID0001,808,2025/02/16
SDII015420,SID0021,MID0001,808,2025/02/17
SDII015421,SID0021,MID0001,746,2025/02/18
SDII015422,SID0021,MID0001,717,2025/02/19
SDII015423,SID0021,MID0001,717,2025/02/20
SDII015424,SID0021,MID0001,717,2025/02/21
SDII015425,SID0021,MID0001,717,2025/02/22
SDII015426,SID0021,MID0001,717,2025/02/23
SDII015427,SID0021,MID0001,717,2025/02/24
SDII015428,SID0021,MID0001,717,2025/02/25
SDII015429,SID0021,MID0001,717,2025/02/26
SDII015430,SID0021,MID0001,662,2025/02/27
SDII015431,SID0021,MID0001,610,2025/02/28
SDII015432,SID0021,MID0001,610,2025/03/01
SDII015433,SID0021,MID0001,610,2025/03/02
SDII015434,SID0021,MID0001,610,2025/03/03
SDII015435,SID0021,MID0001,610,2025/03/04
SDII015436,SID0021,MID0001,587,2025/03/05
SDII015437,SID0021,MID0001,521,2025/03/06
SDII015438,SID0021,MID0001,503,2025/03/07
SDII015439,SID0021,MID0001,503,2025/03/08
SDII015440,SID0021,MID0001,503,2025/03/09
SDII015441,SID0021,MID0001,503,2025/03/10
SDII015442,SID0021,MID0001,476,2025/03/11
SDII015443,SID0021,MID0001,445,2025/03/12
SDII015444,SID0021,MID0001,414,2025/03/13
SDII015445,SID0021,MID0001,401,2025/03/14
SDII015446,SID0021,MID0001,401,2025/03/15
SDII015447,SID0021,MID0001,401,2025/03/16
SDII015448,SID0021,MID0001,896,2025/03/17
SDII015449,SID0021,MID0001,896,2025/03/18
SDII015450,SID0021,MID0001,857,2025/03/19
SDII015451,SID0021,MID0001,848,2025/03/20
SDII015452,SID0021,MID0001,840,2025/03/21
SDII015453,SID0021,MID0001,793,2025/03/22
SDII015454,SID0021,MID0001,793,2025/03/23
SDII015455,SID0021,MID0001,793,2025/03/24
SDII015456,SID0021,MID0001,793,2025/03/25
SDII015457,SID0021,MID0001,793,2025/03/26
SDII015458,SID0021,MID0001,793,2025/03/27
SDII015459,SID0021,MID0001,736,2025/03/28
SDII015460,SID0021,MID0001,693,2025/03/29
SDII015461,SID0021,MID0001,693,2025/03/30
SDII015462,SID0021,MID0001,693,2025/03/31
SDII015463,SID0021,MID0001,693,2025/04/01
SDII015464,SID0021,MID0001,651,2025/04/02
SDII015465,SID0021,MID0001,610,2025/04/03
SDII015466,SID0021,MID0001,590,2025/04/04
SDII015467,SID0021,MID0001,590,2025/04/05
SDII015468,SID0021,MID0001,590,2025/04/06
SDII015469,SID0021,MID0001,590,2025/04/07
SDII015470,SID0021,MID0001,523,2025/04/08
SDII015471,SID0021,MID0001,960,2025/04/09
SDII015472,SID0021,MID0001,960,2025/04/10
SDII015473,SID0021,MID0001,960,2025/04/11
SDII015474,SID0021,MID0001,960,2025/04/12
SDII015475,SID0021,MID0001,960,2025/04/13
SDII015476,SID0021,MID0001,960,2025/04/14
SDII015477,SID0021,MID0001,899,2025/04/15
SDII015478,SID0021,MID0001,884,2025/04/16
SDII015479,SID0021,MID0001,847,2025/04/17
SDII015480,SID0021,MID0001,842,2025/04/18
SDII015481,SID0021,MID0001,834,2025/04/19
SDII015482,SID0021,MID0001,834,2025/04/20
SDII015483,SID0021,MID0001,834,2025/04/21
SDII015484,SID0021,MID0001,834,2025/04/22
SDII015485,SID0021,MID0001,834,2025/04/23
SDII015486,SID0021,MID0001,834,2025/04/24
SDII015487,SID0021,MID0001,787,2025/04/25
SDII015488,SID0021,MID0001,732,2025/04/26
SDII015489,SID0021,MID0001,732,2025/04/27
SDII015490,SID0021,MID0001,732,2025/04/28
SDII015491,SID0021,MID0001,696,2025/04/29
SDII015492,SID0021,MID0001,693,2025/04/30
SDII015493,SID0021,MID0001,664,2025/05/01
SDII015494,SID0021,MID0001,630,2025/05/02
SDII015495,SID0021,MID0001,627,2025/05/03
SDII015496,SID0021,MID0001,627,2025/05/04
SDII015497,SID0021,MID0001,627,2025/05/05
SDII015498,SID0021,MID0001,627,2025/05/06
SDII015499,SID0021,MID0001,627,2025/05/07
SDII015500,SID0021,MID0001,627,2025/05/08
SDII015501,SID0021,MID0001,599,2025/05/09
SDII015502,SID0021,MID0001,511,2025/05/10
SDII015503,SID0021,MID0001,511,2025/05/11
SDII015504,SID0021,MID0001,511,2025/05/12
SDII015505,SID0021,MID0001,511,2025/05/13
SDII015506,SID0021,MID0001,881,2025/05/14
SDII015507,SID0021,MID0001,792,2025/05/15
SDII015508,SID0021,MID0001,792,2025/05/16
SDII015509,SID0021,MID0001,792,2025/05/17
SDII015510,SID0021,MID0001,792,2025/05/18
SDII015511,SID0021,MID0001,792,2025/05/19
SDII015512,SID0021,MID0001,730,2025/05/20
SDII015513,SID0021,MID0001,717,2025/05/21
SDII015514,SID0021,MID0001,700,2025/05/22
SDII015515,SID0021,MID0001,672,2025/05/23
SDII015516,SID0021,MID0001,672,2025/05/24
SDII015517,SID0021,MID0001,672,2025/05/25
SDII015518,SID0021,MID0001,672,2025/05/26
SDII015519,SID0021,MID0001,616,2025/05/27
SDII015520,SID0021,MID0001,561,2025/05/28
SDII015521,SID0021,MID0001,559,2025/05/29
SDII015522,SID0021,MID0001,559,2025/05/30
SDII015523,SID0021,MID0001,559,2025/05/31
SDII015524,SID0021,MID0001,559,2025/06/01
SDII015525,SID0021,MID0001,559,2025/06/02
SDII015526,SID0021,MID0001,537,2025/06/03
SDII015527,SID0021,MID0001,509,2025/06/04
SDII015528,SID0021,MID0001,472,2025/06/05
SDII015529,SID0021,MID0001,941,2025/06/06
SDII015530,SID0021,MID0001,924,2025/06/07
SDII015531,SID0021,MID0001,924,2025/06/08
SDII015532,SID0021,MID0001,924,2025/06/09
SDII015533,SID0021,MID0001,924,2025/06/10
SDII015534,SID0021,MID0001,924,2025/06/11
SDII015535,SID0021,MID0001,924,2025/06/12
SDII015536,SID0021,MID0001,860,2025/06/13
SDII015537,SID0021,MID0001,798,2025/06/14
SDII015538,SID0021,MID0001,798,2025/06/15
SDII015539,SID0021,MID0001,798,2025/06/16
SDII015540,SID0021,MID0001,777,2025/06/17
SDII015541,SID0021,MID0001,752,2025/06/18
SDII015542,SID0021,MID0001,744,2025/06/19
SDII015543,SID0021,MID0001,664,2025/06/20
SDII015544,SID0021,MID0001,664,2025/06/21
SDII015545,SID0021,MID0001,664,2025/06/22
SDII015546,SID0021,MID0001,664,2025/06/23
SDII015547,SID0021,MID0001,664,2025/06/24
SDII015548,SID0021,MID0001,1106,2025/06/25
SDII015549,SID0021,MID0001,1090,2025/06/26
SDII015550,SID0021,MID0001,1034,2025/06/27
SDII015551,SID0021,MID0001,1034,2025/06/28
SDII015552,SID0021,MID0001,1034,2025/06/29
SDII015553,SID0021,MID0001,1034,2025/06/30
SDII015554,SID0021,MID0001,1034,2025/07/01
SDII015555,SID0021,MID0001,898,2025/07/02
SDII015556,SID0021,MID0001,888,2025/07/03
SDII015557,SID0021,MID0001,888,2025/07/04
SDII015558,SID0021,MID0001,888,2025/07/05
SDII015559,SID0021,MID0001,888,2025/07/06
SDII015560,SID0021,MID0001,888,2025/07/07
SDII015561,SID0021,MID0001,843,2025/07/08
SDII015562,SID0021,MID0001,806,2025/07/09
SDII015563,SID0021,MID0001,748,2025/07/10
SDII015564,SID0021,MID0001,747,2025/07/11
SDII015565,SID0021,MID0001,747,2025/07/12
SDII015566,SID0021,MID0001,747,2025/07/13
SDII015567,SID0021,MID0001,747,2025/07/14
SDII015568,SID0021,MID0001,723,2025/07/15
SDII015569,SID0021,MID0001,668,2025/07/16
SDII015570,SID0021,MID0001,620,2025/07/17
SDII015571,SID0021,MID0001,1115,2025/07/18
SDII015572,SID0021,MID0001,1115,2025/07/19
SDII015573,SID0021,MID0001,1115,2025/07/20
SDII015574,SID0021,MID0001,1115,2025/07/21
SDII015575,SID0021,MID0001,1036,2025/07/22
SDII015576,SID0021,MID0001,968,2025/07/23
SDII015577,SID0021,MID0001,968,2025/07/24
SDII015578,SID0021,MID0001,968,2025/07/25
SDII015579,SID0021,MID0001,968,2025/07/26
SDII015580,SID0021,MID0001,968,2025/07/27
SDII015581,SID0021,MID0001,968,2025/07/28
SDII015582,SID0021,MID0001,866,2025/07/29
SDII015583,SID0021,MID0001,829,2025/07/30
SDII015584,SID0021,MID0001,829,2025/07/31
SDII015585,SID0021,MID0001,829,2025/08/01
SDII015586,SID0021,MID0001,829,2025/08/02
SDII015587,SID0021,MID0001,829,2025/08/03
SDII015588,SID0021,MID0001,829,2025/08/04
SDII015589,SID0021,MID0001,815,2025/08/05
SDII015590,SID0021,MID0001,795,2025/08/06
SDII015591,SID0021,MID0001,741,2025/08/07
SDII015592,SID0021,MID0001,704,2025/08/08
SDII015593,SID0021,MID0001,704,2025/08/09
SDII015594,SID0021,MID0001,704,2025/08/10
SDII015595,SID0021,MID0001,704,2025/08/11
SDII015596,SID0021,MID0001,704,2025/08/12
SDII015597,SID0021,MID0001,638,2025/08/13
SDII015598,SID0021,MID0001,626,2025/08/14
SDII015599,SID0021,MID0001,610,2025/08/15
SDII015600,SID0021,MID0001,560,2025/08/16
SDII015601,SID0021,MID0001,1055,2025/08/17
SDII015602,SID0021,MID0001,1055,2025/08/18
SDII015603,SID0021,MID0001,1055,2025/08/19
SDII015604,SID0021,MID0001,1024,2025/08/20
SDII015605,SID0021,MID0001,974,2025/08/21
SDII015606,SID0021,MID0001,938,2025/08/22
SDII015607,SID0021,MID0001,916,2025/08/23
SDII015608,SID0021,MID0001,916,2025/08/24
SDII015609,SID0021,MID0001,916,2025/08/25
SDII015610,SID0021,MID0001,886,2025/08/26
SDII015611,SID0021,MID0001,863,2025/08/27
SDII015612,SID0021,MID0001,828,2025/08/28
SDII015613,SID0021,MID0001,794,2025/08/29
SDII015614,SID0021,MID0001,787,2025/08/30
SDII015615,SID0021,MID0001,787,2025/08/31
SDII015616,SID0021,MID0001,787,2025/09/01
SDII015617,SID0021,MID0001,760,2025/09/02
SDII015618,SID0021,MID0001,736,2025/09/03
SDII015619,SID0021,MID0001,729,2025/09/04
SDII015620,SID0021,MID0001,687,2025/09/05
SDII015621,SID0021,MID0001,663,2025/09/06
SDII015622,SID0021,MID0001,663,2025/09/07
SDII015623,SID0021,MID0001,663,2025/09/08
SDII015624,SID0021,MID0001,1050,2025/09/09
SDII015625,SID0021,MID0001,991,2025/09/10
SDII015626,SID0021,MID0001,949,2025/09/11
SDII015627,SID0021,MID0001,925,2025/09/12
SDII015628,SID0021,MID0001,925,2025/09/13
SDII015629,SID0021,MID0001,925,2025/09/14
SDII015630,SID0021,MID0001,925,2025/09/15
SDII015631,SID0021,MID0001,925,2025/09/16
SDII015632,SID0021,MID0001,883,2025/09/17
SDII015633,SID0021,MID0001,865,2025/09/18
SDII015634,SID0021,MID0001,823,2025/09/19
SDII015635,SID0021,MID0001,784,2025/09/20
SDII015636,SID0021,MID0001,784,2025/09/21
SDII015637,SID0021,MID0001,784,2025/09/22
SDII015638,SID0021,MID0001,784,2025/09/23
SDII015639,SID0021,MID0001,784,2025/09/24
SDII015640,SID0021,MID0001,673,2025/09/25
SDII015641,SID0021,MID0001,643,2025/09/26
SDII015642,SID0021,MID0001,638,2025/09/27
SDII015643,SID0021,MID0001,638,2025/09/28
SDII015644,SID0021,MID0001,638,2025/09/29
SDII015645,SID0021,MID0001,627,2025/09/30
SDII015646,SID0021,MID0001,595,2025/10/01
SDII015647,SID0021,MID0001,567,2025/10/02
SDII015648,SID0021,MID0001,530,2025/10/03
SDII015649,SID0021,MID0001,508,2025/10/04
SDII015650,SID0021,MID0001,508,2025/10/05
SDII015651,SID0021,MID0001,1102,2025/10/06
SDII015652,SID0021,MID0001,1102,2025/10/07
SDII015653,SID0021,MID0001,1060,2025/10/08
SDII015654,SID0021,MID0001,1022,2025/10/09
SDII015655,SID0021,MID0001,1003,2025/10/10
SDII015656,SID0021,MID0001,979,2025/10/11
SDII015657,SID0021,MID0001,979,2025/10/12
SDII015658,SID0021,MID0001,979,2025/10/13
SDII015659,SID0021,MID0001,880,2025/10/14
SDII015660,SID0021,MID0001,852,2025/10/15
SDII015661,SID0021,MID0001,852,2025/10/16
SDII015662,SID0021,MID0001,852,2025/10/17
SDII015663,SID0021,MID0001,852,2025/10/18
SDII015664,SID0021,MID0001,852,2025/10/19
SDII015665,SID0021,MID0001,852,2025/10/20
SDII015666,SID0021,MID0001,852,2025/10/21
SDII015667,SID0021,MID0001,794,2025/10/22
SDII015668,SID0021,MID0001,734,2025/10/23
SDII015669,SID0021,MID0001,725,2025/10/24
SDII015670,SID0021,MID0001,725,2025/10/25
SDII015671,SID0021,MID0001,725,2025/10/26
SDII015672,SID0021,MID0001,725,2025/10/27
SDII015673,SID0021,MID0001,606,2025/10/28
SDII015674,SID0021,MID0001,594,2025/10/29
SDII015675,SID0021,MID0001,594,2025/10/30
SDII015676,SID0021,MID0001,594,2025/10/31
SDII015677,SID0021,MID0001,594,2025/11/01
SDII015678,SID0021,MID0001,594,2025/11/02
SDII015679,SID0021,MID0001,594,2025/11/03
SDII015680,SID0021,MID0001,1139,2025/11/04
SDII015681,SID0021,MID0001,1070,2025/11/05
SDII015682,SID0021,MID0001,1026,2025/11/06
SDII015683,SID0021,MID0001,1018,2025/11/07
SDII015684,SID0021,MID0001,1018,2025/11/08
SDII015685,SID0021,MID0001,1018,2025/11/09
SDII015686,SID0021,MID0001,1018,2025/11/10
SDII015687,SID0021,MID0001,1018,2025/11/11
SDII015688,SID0021,MID0001,911,2025/11/12
SDII015689,SID0021,MID0001,899,2025/11/13
SDII015690,SID0021,MID0001,899,2025/11/14
SDII015691,SID0021,MID0001,899,2025/11/15
SDII015692,SID0021,MID0001,899,2025/11/16
SDII015693,SID0021,MID0001,899,2025/11/17
SDII015694,SID0021,MID0001,888,2025/11/18
SDII015695,SID0021,MID0001,863,2025/11/19
SDII015696,SID0021,MID0001,832,2025/11/20
SDII015697,SID0021,MID0001,827,2025/11/21
SDII015698,SID0021,MID0001,793,2025/11/22
SDII015699,SID0021,MID0001,793,2025/11/23
SDII015700,SID0021,MID0001,793,2025/11/24
SDII015701,SID0021,MID0001,793,2025/11/25
SDII015702,SID0021,MID0001,793,2025/11/26
SDII015703,SID0021,MID0001,742,2025/11/27
SDII015704,SID0021,MID0001,677,2025/11/28
SDII015705,SID0021,MID0001,677,2025/11/29
SDII015706,SID0021,MID0001,677,2025/11/30
SDII015707,SID0021,MID0001,677,2025/12/01
SDII015708,SID0021,MID0001,669,2025/12/02
SDII015709,SID0021,MID0001,655,2025/12/03
SDII015710,SID0021,MID0001,635,2025/12/04
SDII015711,SID0021,MID0001,603,2025/12/05
SDII015712,SID0021,MID0001,574,2025/12/06
SDII015713,SID0021,MID0001,574,2025/12/07
SDII015714,SID0021,MID0001,574,2025/12/08
SDII015715,SID0021,MID0001,574,2025/12/09
SDII015716,SID0021,MID0001,574,2025/12/10
SDII015717,SID0021,MID0001,574,2025/12/11
SDII015718,SID0021,MID0001,488,2025/12/12
SDII015719,SID0021,MID0001,468,2025/12/13
SDII015720,SID0021,MID0001,468,2025/12/14
SDII015721,SID0021,MID0001,864,2025/12/15
SDII015722,SID0021,MID0001,852,2025/12/16
SDII015723,SID0021,MID0001,831,2025/12/17
SDII015724,SID0021,MID0001,817,2025/12/18
SDII015725,SID0021,MID0001,787,2025/12/19
SDII015726,SID0021,MID0001,768,2025/12/20
SDII015727,SID0021,MID0001,768,2025/12/21
SDII015728,SID0021,MID0001,768,2025/12/22
SDII015729,SID0021,MID0001,754,2025/12/23
SDII015730,SID0021,MID0001,726,2025/12/24
SDII015731,SID0021,MID0001,714,2025/12/25
SDII015732,SID0021,MID0001,701,2025/12/26
SDII015733,SID0021,MID0001,675,2025/12/27
SDII015734,SID0021,MID0001,675,2025/12/28
SDII015735,SID0021,MID0001,675,2025/12/29
SDII015736,SID0021,MID0001,659,2025/12/30
SDII015737,SID0021,MID0001,627,2025/12/31
SDII015738,SID0021,MID0001,608,2026/01/01
SDII015739,SID0021,MID0004,247,2025/01/01
SDII015740,SID0021,MID0004,217,2025/01/02
SDII015741,SID0021,MID0004,211,2025/01/03
SDII015742,SID0021,MID0004,162,2025/01/04
SDII015743,SID0021,MID0004,162,2025/01/05
SDII015744,SID0021,MID0004,516,2025/01/06
SDII015745,SID0021,MID0004,451,2025/01/07
SDII015746,SID0021,MID0004,383,2025/01/08
SDII015747,SID0021,MID0004,370,2025/01/09
SDII015748,SID0021,MID0004,354,2025/01/10
SDII015749,SID0021,MID0004,342,2025/01/11
SDII015750,SID0021,MID0004,519,2025/01/12
SDII015751,SID0021,MID0004,519,2025/01/13
SDII015752,SID0021,MID0004,519,2025/01/14
SDII015753,SID0021,MID0004,519,2025/01/15
SDII015754,SID0021,MID0004,483,2025/01/16
SDII015755,SID0021,MID0004,425,2025/01/17
SDII015756,SID0021,MID0004,349,2025/01/18
SDII015757,SID0021,MID0004,349,2025/01/19
SDII015758,SID0021,MID0004,349,2025/01/20
SDII015759,SID0021,MID0004,526,2025/01/21
SDII015760,SID0021,MID0004,447,2025/01/22
SDII015761,SID0021,MID0004,389,2025/01/23
SDII015762,SID0021,MID0004,362,2025/01/24
SDII015763,SID0021,MID0004,362,2025/01/25
SDII015764,SID0021,MID0004,362,2025/01/26
SDII015765,SID0021,MID0004,362,2025/01/27
SDII015766,SID0021,MID0004,362,2025/01/28
SDII015767,SID0021,MID0004,307,2025/01/29
SDII015768,SID0021,MID0004,241,2025/01/30
SDII015769,SID0021,MID0004,232,2025/01/31
SDII015770,SID0021,MID0004,193,2025/02/01
SDII015771,SID0021,MID0004,193,2025/02/02
SDII015772,SID0021,MID0004,547,2025/02/03
SDII015773,SID0021,MID0004,487,2025/02/04
SDII015774,SID0021,MID0004,481,2025/02/05
SDII015775,SID0021,MID0004,461,2025/02/06
SDII015776,SID0021,MID0004,441,2025/02/07
SDII015777,SID0021,MID0004,398,2025/02/08
SDII015778,SID0021,MID0004,398,2025/02/09
SDII015779,SID0021,MID0004,398,2025/02/10
SDII015780,SID0021,MID0004,297,2025/02/11
SDII015781,SID0021,MID0004,240,2025/02/12
SDII015782,SID0021,MID0004,240,2025/02/13
SDII015783,SID0021,MID0004,240,2025/02/14
SDII015784,SID0021,MID0004,240,2025/02/15
SDII015785,SID0021,MID0004,240,2025/02/16
SDII015786,SID0021,MID0004,240,2025/02/17
SDII015787,SID0021,MID0004,183,2025/02/18
SDII015788,SID0021,MID0004,138,2025/02/19
SDII015789,SID0021,MID0004,134,2025/02/20
SDII015790,SID0021,MID0004,280,2025/02/21
SDII015791,SID0021,MID0004,280,2025/02/22
SDII015792,SID0021,MID0004,280,2025/02/23
SDII015793,SID0021,MID0004,280,2025/02/24
SDII015794,SID0021,MID0004,415,2025/02/25
SDII015795,SID0021,MID0004,409,2025/02/26
SDII015796,SID0021,MID0004,361,2025/02/27
SDII015797,SID0021,MID0004,323,2025/02/28
SDII015798,SID0021,MID0004,323,2025/03/01
SDII015799,SID0021,MID0004,323,2025/03/02
SDII015800,SID0021,MID0004,323,2025/03/03
SDII015801,SID0021,MID0004,323,2025/03/04
SDII015802,SID0021,MID0004,323,2025/03/05
SDII015803,SID0021,MID0004,267,2025/03/06
SDII015804,SID0021,MID0004,238,2025/03/07
SDII015805,SID0021,MID0004,186,2025/03/08
SDII015806,SID0021,MID0004,186,2025/03/09
SDII015807,SID0021,MID0004,186,2025/03/10
SDII015808,SID0021,MID0004,186,2025/03/11
SDII015809,SID0021,MID0004,289,2025/03/12
SDII015810,SID0021,MID0004,220,2025/03/13
SDII015811,SID0021,MID0004,220,2025/03/14
SDII015812,SID0021,MID0004,220,2025/03/15
SDII015813,SID0021,MID0004,220,2025/03/16
SDII015814,SID0021,MID0004,220,2025/03/17
SDII015815,SID0021,MID0004,220,2025/03/18
SDII015816,SID0021,MID0004,161,2025/03/19
SDII015817,SID0021,MID0004,118,2025/03/20
SDII015818,SID0021,MID0004,86,2025/03/21
SDII015819,SID0021,MID0004,263,2025/03/22
SDII015820,SID0021,MID0004,263,2025/03/23
SDII015821,SID0021,MID0004,263,2025/03/24
SDII015822,SID0021,MID0004,251,2025/03/25
SDII015823,SID0021,MID0004,390,2025/03/26
SDII015824,SID0021,MID0004,296,2025/03/27
SDII015825,SID0021,MID0004,296,2025/03/28
SDII015826,SID0021,MID0004,296,2025/03/29
SDII015827,SID0021,MID0004,296,2025/03/30
SDII015828,SID0021,MID0004,296,2025/03/31
SDII015829,SID0021,MID0004,473,2025/04/01
SDII015830,SID0021,MID0004,452,2025/04/02
SDII015831,SID0021,MID0004,372,2025/04/03
SDII015832,SID0021,MID0004,365,2025/04/04
SDII015833,SID0021,MID0004,338,2025/04/05
SDII015834,SID0021,MID0004,338,2025/04/06
SDII015835,SID0021,MID0004,338,2025/04/07
SDII015836,SID0021,MID0004,338,2025/04/08
SDII015837,SID0021,MID0004,267,2025/04/09
SDII015838,SID0021,MID0004,265,2025/04/10
SDII015839,SID0021,MID0004,238,2025/04/11
SDII015840,SID0021,MID0004,195,2025/04/12
SDII015841,SID0021,MID0004,195,2025/04/13
SDII015842,SID0021,MID0004,372,2025/04/14
SDII015843,SID0021,MID0004,325,2025/04/15
SDII015844,SID0021,MID0004,295,2025/04/16
SDII015845,SID0021,MID0004,273,2025/04/17
SDII015846,SID0021,MID0004,222,2025/04/18
SDII015847,SID0021,MID0004,222,2025/04/19
SDII015848,SID0021,MID0004,222,2025/04/20
SDII015849,SID0021,MID0004,222,2025/04/21
SDII015850,SID0021,MID0004,222,2025/04/22
SDII015851,SID0021,MID0004,399,2025/04/23
SDII015852,SID0021,MID0004,357,2025/04/24
SDII015853,SID0021,MID0004,276,2025/04/25
SDII015854,SID0021,MID0004,276,2025/04/26
SDII015855,SID0021,MID0004,276,2025/04/27
SDII015856,SID0021,MID0004,276,2025/04/28
SDII015857,SID0021,MID0004,261,2025/04/29
SDII015858,SID0021,MID0004,406,2025/04/30
SDII015859,SID0021,MID0004,326,2025/05/01
SDII015860,SID0021,MID0004,326,2025/05/02
SDII015861,SID0021,MID0004,326,2025/05/03
SDII015862,SID0021,MID0004,326,2025/05/04
SDII015863,SID0021,MID0004,326,2025/05/05
SDII015864,SID0021,MID0004,326,2025/05/06
SDII015865,SID0021,MID0004,326,2025/05/07
SDII015866,SID0021,MID0004,326,2025/05/08
SDII015867,SID0021,MID0004,237,2025/05/09
SDII015868,SID0021,MID0004,175,2025/05/10
SDII015869,SID0021,MID0004,175,2025/05/11
SDII015870,SID0021,MID0004,175,2025/05/12
SDII015871,SID0021,MID0004,309,2025/05/13
SDII015872,SID0021,MID0004,252,2025/05/14
SDII015873,SID0021,MID0004,220,2025/05/15
SDII015874,SID0021,MID0004,219,2025/05/16
SDII015875,SID0021,MID0004,219,2025/05/17
SDII015876,SID0021,MID0004,396,2025/05/18
SDII015877,SID0021,MID0004,396,2025/05/19
SDII015878,SID0021,MID0004,367,2025/05/20
SDII015879,SID0021,MID0004,347,2025/05/21
SDII015880,SID0021,MID0004,310,2025/05/22
SDII015881,SID0021,MID0004,262,2025/05/23
SDII015882,SID0021,MID0004,259,2025/05/24
SDII015883,SID0021,MID0004,436,2025/05/25
SDII015884,SID0021,MID0004,436,2025/05/26
SDII015885,SID0021,MID0004,436,2025/05/27
SDII015886,SID0021,MID0004,428,2025/05/28
SDII015887,SID0021,MID0004,357,2025/05/29
SDII015888,SID0021,MID0004,342,2025/05/30
SDII015889,SID0021,MID0004,301,2025/05/31
SDII015890,SID0021,MID0004,301,2025/06/01
SDII015891,SID0021,MID0004,301,2025/06/02
SDII015892,SID0021,MID0004,301,2025/06/03
SDII015893,SID0021,MID0004,441,2025/06/04
SDII015894,SID0021,MID0004,366,2025/06/05
SDII015895,SID0021,MID0004,296,2025/06/06
SDII015896,SID0021,MID0004,296,2025/06/07
SDII015897,SID0021,MID0004,296,2025/06/08
SDII015898,SID0021,MID0004,296,2025/06/09
SDII015899,SID0021,MID0004,249,2025/06/10
SDII015900,SID0021,MID0004,243,2025/06/11
SDII015901,SID0021,MID0004,542,2025/06/12
SDII015902,SID0021,MID0004,501,2025/06/13
SDII015903,SID0021,MID0004,462,2025/06/14
SDII015904,SID0021,MID0004,462,2025/06/15
SDII015905,SID0021,MID0004,462,2025/06/16
SDII015906,SID0021,MID0004,462,2025/06/17
SDII015907,SID0021,MID0004,462,2025/06/18
SDII015908,SID0021,MID0004,462,2025/06/19
SDII015909,SID0021,MID0004,361,2025/06/20
SDII015910,SID0021,MID0004,298,2025/06/21
SDII015911,SID0021,MID0004,298,2025/06/22
SDII015912,SID0021,MID0004,298,2025/06/23
SDII015913,SID0021,MID0004,225,2025/06/24
SDII015914,SID0021,MID0004,541,2025/06/25
SDII015915,SID0021,MID0004,470,2025/06/26
SDII015916,SID0021,MID0004,470,2025/06/27
SDII015917,SID0021,MID0004,470,2025/06/28
SDII015918,SID0021,MID0004,470,2025/06/29
SDII015919,SID0021,MID0004,470,2025/06/30
SDII015920,SID0021,MID0004,470,2025/07/01
SDII015921,SID0021,MID0004,406,2025/07/02
SDII015922,SID0021,MID0004,399,2025/07/03
SDII015923,SID0021,MID0004,323,2025/07/04
SDII015924,SID0021,MID0004,323,2025/07/05
SDII015925,SID0021,MID0004,323,2025/07/06
SDII015926,SID0021,MID0004,323,2025/07/07
SDII015927,SID0021,MID0004,595,2025/07/08
SDII015928,SID0021,MID0004,579,2025/07/09
SDII015929,SID0021,MID0004,543,2025/07/10
SDII015930,SID0021,MID0004,484,2025/07/11
SDII015931,SID0021,MID0004,484,2025/07/12
SDII015932,SID0021,MID0004,484,2025/07/13
SDII015933,SID0021,MID0004,484,2025/07/14
SDII015934,SID0021,MID0004,484,2025/07/15
SDII015935,SID0021,MID0004,484,2025/07/16
SDII015936,SID0021,MID0004,406,2025/07/17
SDII015937,SID0021,MID0004,386,2025/07/18
SDII015938,SID0021,MID0004,318,2025/07/19
SDII015939,SID0021,MID0004,318,2025/07/20
SDII015940,SID0021,MID0004,318,2025/07/21
SDII015941,SID0021,MID0004,257,2025/07/22
SDII015942,SID0021,MID0004,233,2025/07/23
SDII015943,SID0021,MID0004,229,2025/07/24
SDII015944,SID0021,MID0004,570,2025/07/25
SDII015945,SID0021,MID0004,516,2025/07/26
SDII015946,SID0021,MID0004,516,2025/07/27
SDII015947,SID0021,MID0004,516,2025/07/28
SDII015948,SID0021,MID0004,431,2025/07/29
SDII015949,SID0021,MID0004,325,2025/07/30
SDII015950,SID0021,MID0004,325,2025/07/31
SDII015951,SID0021,MID0004,325,2025/08/01
SDII015952,SID0021,MID0004,325,2025/08/02
SDII015953,SID0021,MID0004,325,2025/08/03
SDII015954,SID0021,MID0004,325,2025/08/04
SDII015955,SID0021,MID0004,325,2025/08/05
SDII015956,SID0021,MID0004,308,2025/08/06
SDII015957,SID0021,MID0004,260,2025/08/07
SDII015958,SID0021,MID0004,167,2025/08/08
SDII015959,SID0021,MID0004,492,2025/08/09
SDII015960,SID0021,MID0004,492,2025/08/10
SDII015961,SID0021,MID0004,492,2025/08/11
SDII015962,SID0021,MID0004,474,2025/08/12
SDII015963,SID0021,MID0004,454,2025/08/13
SDII015964,SID0021,MID0004,389,2025/08/14
SDII015965,SID0021,MID0004,330,2025/08/15
SDII015966,SID0021,MID0004,287,2025/08/16
SDII015967,SID0021,MID0004,287,2025/08/17
SDII015968,SID0021,MID0004,287,2025/08/18
SDII015969,SID0021,MID0004,287,2025/08/19
SDII015970,SID0021,MID0004,464,2025/08/20
SDII015971,SID0021,MID0004,543,2025/08/21
SDII015972,SID0021,MID0004,496,2025/08/22
SDII015973,SID0021,MID0004,432,2025/08/23
SDII015974,SID0021,MID0004,432,2025/08/24
SDII015975,SID0021,MID0004,432,2025/08/25
SDII015976,SID0021,MID0004,390,2025/08/26
SDII015977,SID0021,MID0004,360,2025/08/27
SDII015978,SID0021,MID0004,504,2025/08/28
SDII015979,SID0021,MID0004,440,2025/08/29
SDII015980,SID0021,MID0004,424,2025/08/30
SDII015981,SID0021,MID0004,424,2025/08/31
SDII015982,SID0021,MID0004,424,2025/09/01
SDII015983,SID0021,MID0004,424,2025/09/02
SDII015984,SID0021,MID0004,424,2025/09/03
SDII015985,SID0021,MID0004,296,2025/09/04
SDII015986,SID0021,MID0004,567,2025/09/05
SDII015987,SID0021,MID0004,567,2025/09/06
SDII015988,SID0021,MID0004,567,2025/09/07
SDII015989,SID0021,MID0004,567,2025/09/08
SDII015990,SID0021,MID0004,559,2025/09/09
SDII015991,SID0021,MID0004,492,2025/09/10
SDII015992,SID0021,MID0004,428,2025/09/11
SDII015993,SID0021,MID0004,353,2025/09/12
SDII015994,SID0021,MID0004,353,2025/09/13
SDII015995,SID0021,MID0004,353,2025/09/14
SDII015996,SID0021,MID0004,353,2025/09/15
SDII015997,SID0021,MID0004,652,2025/09/16
SDII015998,SID0021,MID0004,637,2025/09/17
SDII015999,SID0021,MID0004,587,2025/09/18
SDII016000,SID0021,MID0004,515,2025/09/19
SDII016001,SID0021,MID0004,515,2025/09/20
SDII016002,SID0021,MID0004,515,2025/09/21
SDII016003,SID0021,MID0004,515,2025/09/22
SDII016004,SID0021,MID0004,463,2025/09/23
SDII016005,SID0021,MID0004,397,2025/09/24
SDII016006,SID0021,MID0004,333,2025/09/25
SDII016007,SID0021,MID0004,318,2025/09/26
SDII016008,SID0021,MID0004,316,2025/09/27
SDII016009,SID0021,MID0004,316,2025/09/28
SDII016010,SID0021,MID0004,316,2025/09/29
SDII016011,SID0021,MID0004,316,2025/09/30
SDII016012,SID0021,MID0004,281,2025/10/01
SDII016013,SID0021,MID0004,213,2025/10/02
SDII016014,SID0021,MID0004,168,2025/10/03
SDII016015,SID0021,MID0004,298,2025/10/04
SDII016016,SID0021,MID0004,298,2025/10/05
SDII016017,SID0021,MID0004,298,2025/10/06
SDII016018,SID0021,MID0004,191,2025/10/07
SDII016019,SID0021,MID0004,107,2025/10/08
SDII016020,SID0021,MID0004,107,2025/10/09
SDII016021,SID0021,MID0004,107,2025/10/10
SDII016022,SID0021,MID0004,264,2025/10/11
SDII016023,SID0021,MID0004,264,2025/10/12
SDII016024,SID0021,MID0004,264,2025/10/13
SDII016025,SID0021,MID0004,203,2025/10/14
SDII016026,SID0021,MID0004,144,2025/10/15
SDII016027,SID0021,MID0004,69,2025/10/16
SDII016028,SID0021,MID0004,423,2025/10/17
SDII016029,SID0021,MID0004,423,2025/10/18
SDII016030,SID0021,MID0004,423,2025/10/19
SDII016031,SID0021,MID0004,423,2025/10/20
SDII016032,SID0021,MID0004,423,2025/10/21
SDII016033,SID0021,MID0004,406,2025/10/22
SDII016034,SID0021,MID0004,527,2025/10/23
SDII016035,SID0021,MID0004,480,2025/10/24
SDII016036,SID0021,MID0004,419,2025/10/25
SDII016037,SID0021,MID0004,419,2025/10/26
SDII016038,SID0021,MID0004,419,2025/10/27
SDII016039,SID0021,MID0004,419,2025/10/28
SDII016040,SID0021,MID0004,387,2025/10/29
SDII016041,SID0021,MID0004,331,2025/10/30
SDII016042,SID0021,MID0004,276,2025/10/31
SDII016043,SID0021,MID0004,219,2025/11/01
SDII016044,SID0021,MID0004,396,2025/11/02
SDII016045,SID0021,MID0004,396,2025/11/03
SDII016046,SID0021,MID0004,533,2025/11/04
SDII016047,SID0021,MID0004,450,2025/11/05
SDII016048,SID0021,MID0004,438,2025/11/06
SDII016049,SID0021,MID0004,406,2025/11/07
SDII016050,SID0021,MID0004,385,2025/11/08
SDII016051,SID0021,MID0004,385,2025/11/09
SDII016052,SID0021,MID0004,385,2025/11/10
SDII016053,SID0021,MID0004,309,2025/11/11
SDII016054,SID0021,MID0004,216,2025/11/12
SDII016055,SID0021,MID0004,216,2025/11/13
SDII016056,SID0021,MID0004,393,2025/11/14
SDII016057,SID0021,MID0004,393,2025/11/15
SDII016058,SID0021,MID0004,393,2025/11/16
SDII016059,SID0021,MID0004,393,2025/11/17
SDII016060,SID0021,MID0004,301,2025/11/18
SDII016061,SID0021,MID0004,196,2025/11/19
SDII016062,SID0021,MID0004,373,2025/11/20
SDII016063,SID0021,MID0004,373,2025/11/21
SDII016064,SID0021,MID0004,373,2025/11/22
SDII016065,SID0021,MID0004,373,2025/11/23
SDII016066,SID0021,MID0004,373,2025/11/24
SDII016067,SID0021,MID0004,373,2025/11/25
SDII016068,SID0021,MID0004,373,2025/11/26
SDII016069,SID0021,MID0004,323,2025/11/27
SDII016070,SID0021,MID0004,249,2025/11/28
SDII016071,SID0021,MID0004,360,2025/11/29
SDII016072,SID0021,MID0004,360,2025/11/30
SDII016073,SID0021,MID0004,360,2025/12/01
SDII016074,SID0021,MID0004,360,2025/12/02
SDII016075,SID0021,MID0004,360,2025/12/03
SDII016076,SID0021,MID0004,243,2025/12/04
SDII016077,SID0021,MID0004,224,2025/12/05
SDII016078,SID0021,MID0004,525,2025/12/06
SDII016079,SID0021,MID0004,525,2025/12/07
SDII016080,SID0021,MID0004,525,2025/12/08
SDII016081,SID0021,MID0004,525,2025/12/09
SDII016082,SID0021,MID0004,476,2025/12/10
SDII016083,SID0021,MID0004,423,2025/12/11
SDII016084,SID0021,MID0004,398,2025/12/12
SDII016085,SID0021,MID0004,348,2025/12/13
SDII016086,SID0021,MID0004,348,2025/12/14
SDII016087,SID0021,MID0004,348,2025/12/15
SDII016088,SID0021,MID0004,333,2025/12/16
SDII016089,SID0021,MID0004,274,2025/12/17
SDII016090,SID0021,MID0004,444,2025/12/18
SDII016091,SID0021,MID0004,430,2025/12/19
SDII016092,SID0021,MID0004,363,2025/12/20
SDII016093,SID0021,MID0004,363,2025/12/21
SDII016094,SID0021,MID0004,540,2025/12/22
SDII016095,SID0021,MID0004,540,2025/12/23
SDII016096,SID0021,MID0004,540,2025/12/24
SDII016097,SID0021,MID0004,540,2025/12/25
SDII016098,SID0021,MID0004,407,2025/12/26
SDII016099,SID0021,MID0004,363,2025/12/27
SDII016100,SID0021,MID0004,363,2025/12/28
SDII016101,SID0021,MID0004,717,2025/12/29
SDII016102,SID0021,MID0004,611,2025/12/30
SDII016103,SID0021,MID0004,606,2025/12/31
SDII016104,SID0021,MID0004,606,2026/01/01
SDII016105,SID0021,MID0005,140,2025/01/01
SDII016106,SID0021,MID0005,140,2025/01/02
SDII016107,SID0021,MID0005,140,2025/01/03
SDII016108,SID0021,MID0005,140,2025/01/04
SDII016109,SID0021,MID0005,140,2025/01/05
SDII016110,SID0021,MID0005,140,2025/01/06
SDII016111,SID0021,MID0005,140,2025/01/07
SDII016112,SID0021,MID0005,96,2025/01/08
SDII016113,SID0021,MID0005,69,2025/01/09
SDII016114,SID0021,MID0005,37,2025/01/10
SDII016115,SID0021,MID0005,21,2025/01/11
SDII016116,SID0021,MID0005,21,2025/01/12
SDII016117,SID0021,MID0005,21,2025/01/13
SDII016118,SID0021,MID0005,55,2025/01/14
SDII016119,SID0021,MID0005,328,2025/01/15
SDII016120,SID0021,MID0005,328,2025/01/16
SDII016121,SID0021,MID0005,328,2025/01/17
SDII016122,SID0021,MID0005,328,2025/01/18
SDII016123,SID0021,MID0005,328,2025/01/19
SDII016124,SID0021,MID0005,328,2025/01/20
SDII016125,SID0021,MID0005,328,2025/01/21
SDII016126,SID0021,MID0005,581,2025/01/22
SDII016127,SID0021,MID0005,581,2025/01/23
SDII016128,SID0021,MID0005,581,2025/01/24
SDII016129,SID0021,MID0005,636,2025/01/25
SDII016130,SID0021,MID0005,636,2025/01/26
SDII016131,SID0021,MID0005,636,2025/01/27
SDII016132,SID0021,MID0005,615,2025/01/28
SDII016133,SID0021,MID0005,601,2025/01/29
SDII016134,SID0021,MID0005,554,2025/01/30
SDII016135,SID0021,MID0005,517,2025/01/31
SDII016136,SID0021,MID0005,470,2025/02/01
SDII016137,SID0021,MID0005,470,2025/02/02
SDII016138,SID0021,MID0005,470,2025/02/03
SDII016139,SID0021,MID0005,470,2025/02/04
SDII016140,SID0021,MID0005,418,2025/02/05
SDII016141,SID0021,MID0005,381,2025/02/06
SDII016142,SID0021,MID0005,370,2025/02/07
SDII016143,SID0021,MID0005,354,2025/02/08
SDII016144,SID0021,MID0005,354,2025/02/09
SDII016145,SID0021,MID0005,354,2025/02/10
SDII016146,SID0021,MID0005,350,2025/02/11
SDII016147,SID0021,MID0005,350,2025/02/12
SDII016148,SID0021,MID0005,350,2025/02/13
SDII016149,SID0021,MID0005,350,2025/02/14
SDII016150,SID0021,MID0005,350,2025/02/15
SDII016151,SID0021,MID0005,350,2025/02/16
SDII016152,SID0021,MID0005,350,2025/02/17
SDII016153,SID0021,MID0005,346,2025/02/18
SDII016154,SID0021,MID0005,300,2025/02/19
SDII016155,SID0021,MID0005,275,2025/02/20
SDII016156,SID0021,MID0005,233,2025/02/21
SDII016157,SID0021,MID0005,233,2025/02/22
SDII016158,SID0021,MID0005,233,2025/02/23
SDII016159,SID0021,MID0005,233,2025/02/24
SDII016160,SID0021,MID0005,233,2025/02/25
SDII016161,SID0021,MID0005,233,2025/02/26
SDII016162,SID0021,MID0005,233,2025/02/27
SDII016163,SID0021,MID0005,233,2025/02/28
SDII016164,SID0021,MID0005,233,2025/03/01
SDII016165,SID0021,MID0005,233,2025/03/02
SDII016166,SID0021,MID0005,233,2025/03/03
SDII016167,SID0021,MID0005,233,2025/03/04
SDII016168,SID0021,MID0005,204,2025/03/05
SDII016169,SID0021,MID0005,172,2025/03/06
SDII016170,SID0021,MID0005,164,2025/03/07
SDII016171,SID0021,MID0005,131,2025/03/08
SDII016172,SID0021,MID0005,131,2025/03/09
SDII016173,SID0021,MID0005,131,2025/03/10
SDII016174,SID0021,MID0005,241,2025/03/11
SDII016175,SID0021,MID0005,241,2025/03/12
SDII016176,SID0021,MID0005,296,2025/03/13
SDII016177,SID0021,MID0005,296,2025/03/14
SDII016178,SID0021,MID0005,296,2025/03/15
SDII016179,SID0021,MID0005,296,2025/03/16
SDII016180,SID0021,MID0005,296,2025/03/17
SDII016181,SID0021,MID0005,296,2025/03/18
SDII016182,SID0021,MID0005,351,2025/03/19
SDII016183,SID0021,MID0005,351,2025/03/20
SDII016184,SID0021,MID0005,351,2025/03/21
SDII016185,SID0021,MID0005,351,2025/03/22
SDII016186,SID0021,MID0005,461,2025/03/23
SDII016187,SID0021,MID0005,461,2025/03/24
SDII016188,SID0021,MID0005,461,2025/03/25
SDII016189,SID0021,MID0005,444,2025/03/26
SDII016190,SID0021,MID0005,397,2025/03/27
SDII016191,SID0021,MID0005,362,2025/03/28
SDII016192,SID0021,MID0005,343,2025/03/29
SDII016193,SID0021,MID0005,343,2025/03/30
SDII016194,SID0021,MID0005,343,2025/03/31
SDII016195,SID0021,MID0005,343,2025/04/01
SDII016196,SID0021,MID0005,343,2025/04/02
SDII016197,SID0021,MID0005,343,2025/04/03
SDII016198,SID0021,MID0005,279,2025/04/04
SDII016199,SID0021,MID0005,235,2025/04/05
SDII016200,SID0021,MID0005,235,2025/04/06
SDII016201,SID0021,MID0005,235,2025/04/07
SDII016202,SID0021,MID0005,227,2025/04/08
SDII016203,SID0021,MID0005,282,2025/04/09
SDII016204,SID0021,MID0005,282,2025/04/10
SDII016205,SID0021,MID0005,282,2025/04/11
SDII016206,SID0021,MID0005,282,2025/04/12
SDII016207,SID0021,MID0005,446,2025/04/13
SDII016208,SID0021,MID0005,446,2025/04/14
SDII016209,SID0021,MID0005,446,2025/04/15
SDII016210,SID0021,MID0005,446,2025/04/16
SDII016211,SID0021,MID0005,446,2025/04/17
SDII016212,SID0021,MID0005,397,2025/04/18
SDII016213,SID0021,MID0005,358,2025/04/19
SDII016214,SID0021,MID0005,358,2025/04/20
SDII016215,SID0021,MID0005,358,2025/04/21
SDII016216,SID0021,MID0005,353,2025/04/22
SDII016217,SID0021,MID0005,346,2025/04/23
SDII016218,SID0021,MID0005,346,2025/04/24
SDII016219,SID0021,MID0005,346,2025/04/25
SDII016220,SID0021,MID0005,346,2025/04/26
SDII016221,SID0021,MID0005,346,2025/04/27
SDII016222,SID0021,MID0005,346,2025/04/28
SDII016223,SID0021,MID0005,346,2025/04/29
SDII016224,SID0021,MID0005,346,2025/04/30
SDII016225,SID0021,MID0005,346,2025/05/01
SDII016226,SID0021,MID0005,346,2025/05/02
SDII016227,SID0021,MID0005,346,2025/05/03
SDII016228,SID0021,MID0005,346,2025/05/04
SDII016229,SID0021,MID0005,346,2025/05/05
SDII016230,SID0021,MID0005,346,2025/05/06
SDII016231,SID0021,MID0005,317,2025/05/07
SDII016232,SID0021,MID0005,301,2025/05/08
SDII016233,SID0021,MID0005,278,2025/05/09
SDII016234,SID0021,MID0005,254,2025/05/10
SDII016235,SID0021,MID0005,254,2025/05/11
SDII016236,SID0021,MID0005,254,2025/05/12
SDII016237,SID0021,MID0005,236,2025/05/13
SDII016238,SID0021,MID0005,236,2025/05/14
SDII016239,SID0021,MID0005,236,2025/05/15
SDII016240,SID0021,MID0005,236,2025/05/16
SDII016241,SID0021,MID0005,236,2025/05/17
SDII016242,SID0021,MID0005,236,2025/05/18
SDII016243,SID0021,MID0005,236,2025/05/19
SDII016244,SID0021,MID0005,236,2025/05/20
SDII016245,SID0021,MID0005,236,2025/05/21
SDII016246,SID0021,MID0005,182,2025/05/22
SDII016247,SID0021,MID0005,131,2025/05/23
SDII016248,SID0021,MID0005,131,2025/05/24
SDII016249,SID0021,MID0005,131,2025/05/25
SDII016250,SID0021,MID0005,131,2025/05/26
SDII016251,SID0021,MID0005,131,2025/05/27
SDII016252,SID0021,MID0005,131,2025/05/28
SDII016253,SID0021,MID0005,186,2025/05/29
SDII016254,SID0021,MID0005,186,2025/05/30
SDII016255,SID0021,MID0005,350,2025/05/31
SDII016256,SID0021,MID0005,350,2025/06/01
SDII016257,SID0021,MID0005,350,2025/06/02
SDII016258,SID0021,MID0005,350,2025/06/03
SDII016259,SID0021,MID0005,350,2025/06/04
SDII016260,SID0021,MID0005,350,2025/06/05
SDII016261,SID0021,MID0005,336,2025/06/06
SDII016262,SID0021,MID0005,322,2025/06/07
SDII016263,SID0021,MID0005,322,2025/06/08
SDII016264,SID0021,MID0005,322,2025/06/09
SDII016265,SID0021,MID0005,306,2025/06/10
SDII016266,SID0021,MID0005,258,2025/06/11
SDII016267,SID0021,MID0005,258,2025/06/12
SDII016268,SID0021,MID0005,258,2025/06/13
SDII016269,SID0021,MID0005,258,2025/06/14
SDII016270,SID0021,MID0005,258,2025/06/15
SDII016271,SID0021,MID0005,258,2025/06/16
SDII016272,SID0021,MID0005,258,2025/06/17
SDII016273,SID0021,MID0005,258,2025/06/18
SDII016274,SID0021,MID0005,258,2025/06/19
SDII016275,SID0021,MID0005,258,2025/06/20
SDII016276,SID0021,MID0005,242,2025/06/21
SDII016277,SID0021,MID0005,242,2025/06/22
SDII016278,SID0021,MID0005,242,2025/06/23
SDII016279,SID0021,MID0005,205,2025/06/24
SDII016280,SID0021,MID0005,157,2025/06/25
SDII016281,SID0021,MID0005,157,2025/06/26
SDII016282,SID0021,MID0005,157,2025/06/27
SDII016283,SID0021,MID0005,157,2025/06/28
SDII016284,SID0021,MID0005,212,2025/06/29
SDII016285,SID0021,MID0005,212,2025/06/30
SDII016286,SID0021,MID0005,322,2025/07/01
SDII016287,SID0021,MID0005,322,2025/07/02
SDII016288,SID0021,MID0005,322,2025/07/03
SDII016289,SID0021,MID0005,322,2025/07/04
SDII016290,SID0021,MID0005,322,2025/07/05
SDII016291,SID0021,MID0005,322,2025/07/06
SDII016292,SID0021,MID0005,322,2025/07/07
SDII016293,SID0021,MID0005,541,2025/07/08
SDII016294,SID0021,MID0005,541,2025/07/09
SDII016295,SID0021,MID0005,541,2025/07/10
SDII016296,SID0021,MID0005,596,2025/07/11
SDII016297,SID0021,MID0005,596,2025/07/12
SDII016298,SID0021,MID0005,596,2025/07/13
SDII016299,SID0021,MID0005,596,2025/07/14
SDII016300,SID0021,MID0005,582,2025/07/15
SDII016301,SID0021,MID0005,473,2025/07/16
SDII016302,SID0021,MID0005,473,2025/07/17
SDII016303,SID0021,MID0005,473,2025/07/18
SDII016304,SID0021,MID0005,473,2025/07/19
SDII016305,SID0021,MID0005,473,2025/07/20
SDII016306,SID0021,MID0005,473,2025/07/21
SDII016307,SID0021,MID0005,473,2025/07/22
SDII016308,SID0021,MID0005,410,2025/07/23
SDII016309,SID0021,MID0005,340,2025/07/24
SDII016310,SID0021,MID0005,340,2025/07/25
SDII016311,SID0021,MID0005,340,2025/07/26
SDII016312,SID0021,MID0005,340,2025/07/27
SDII016313,SID0021,MID0005,340,2025/07/28
SDII016314,SID0021,MID0005,340,2025/07/29
SDII016315,SID0021,MID0005,340,2025/07/30
SDII016316,SID0021,MID0005,395,2025/07/31
SDII016317,SID0021,MID0005,395,2025/08/01
SDII016318,SID0021,MID0005,395,2025/08/02
SDII016319,SID0021,MID0005,559,2025/08/03
SDII016320,SID0021,MID0005,559,2025/08/04
SDII016321,SID0021,MID0005,559,2025/08/05
SDII016322,SID0021,MID0005,555,2025/08/06
SDII016323,SID0021,MID0005,546,2025/08/07
SDII016324,SID0021,MID0005,526,2025/08/08
SDII016325,SID0021,MID0005,461,2025/08/09
SDII016326,SID0021,MID0005,461,2025/08/10
SDII016327,SID0021,MID0005,461,2025/08/11
SDII016328,SID0021,MID0005,440,2025/08/12
SDII016329,SID0021,MID0005,440,2025/08/13
SDII016330,SID0021,MID0005,440,2025/08/14
SDII016331,SID0021,MID0005,440,2025/08/15
SDII016332,SID0021,MID0005,440,2025/08/16
SDII016333,SID0021,MID0005,440,2025/08/17
SDII016334,SID0021,MID0005,440,2025/08/18
SDII016335,SID0021,MID0005,440,2025/08/19
SDII016336,SID0021,MID0005,440,2025/08/20
SDII016337,SID0021,MID0005,440,2025/08/21
SDII016338,SID0021,MID0005,440,2025/08/22
SDII016339,SID0021,MID0005,440,2025/08/23
SDII016340,SID0021,MID0005,440,2025/08/24
SDII016341,SID0021,MID0005,440,2025/08/25
SDII016342,SID0021,MID0005,440,2025/08/26
SDII016343,SID0021,MID0005,440,2025/08/27
SDII016344,SID0021,MID0005,428,2025/08/28
SDII016345,SID0021,MID0005,367,2025/08/29
SDII016346,SID0021,MID0005,312,2025/08/30
SDII016347,SID0021,MID0005,312,2025/08/31
SDII016348,SID0021,MID0005,312,2025/09/01
SDII016349,SID0021,MID0005,312,2025/09/02
SDII016350,SID0021,MID0005,312,2025/09/03
SDII016351,SID0021,MID0005,312,2025/09/04
SDII016352,SID0021,MID0005,312,2025/09/05
SDII016353,SID0021,MID0005,312,2025/09/06
SDII016354,SID0021,MID0005,312,2025/09/07
SDII016355,SID0021,MID0005,312,2025/09/08
SDII016356,SID0021,MID0005,312,2025/09/09
SDII016357,SID0021,MID0005,285,2025/09/10
SDII016358,SID0021,MID0005,274,2025/09/11
SDII016359,SID0021,MID0005,322,2025/09/12
SDII016360,SID0021,MID0005,372,2025/09/13
SDII016361,SID0021,MID0005,372,2025/09/14
SDII016362,SID0021,MID0005,372,2025/09/15
SDII016363,SID0021,MID0005,372,2025/09/16
SDII016364,SID0021,MID0005,372,2025/09/17
SDII016365,SID0021,MID0005,372,2025/09/18
SDII016366,SID0021,MID0005,372,2025/09/19
SDII016367,SID0021,MID0005,372,2025/09/20
SDII016368,SID0021,MID0005,372,2025/09/21
SDII016369,SID0021,MID0005,372,2025/09/22
SDII016370,SID0021,MID0005,531,2025/09/23
SDII016371,SID0021,MID0005,454,2025/09/24
SDII016372,SID0021,MID0005,509,2025/09/25
SDII016373,SID0021,MID0005,509,2025/09/26
SDII016374,SID0021,MID0005,509,2025/09/27
SDII016375,SID0021,MID0005,509,2025/09/28
SDII016376,SID0021,MID0005,509,2025/09/29
SDII016377,SID0021,MID0005,509,2025/09/30
SDII016378,SID0021,MID0005,509,2025/10/01
SDII016379,SID0021,MID0005,509,2025/10/02
SDII016380,SID0021,MID0005,502,2025/10/03
SDII016381,SID0021,MID0005,465,2025/10/04
SDII016382,SID0021,MID0005,465,2025/10/05
SDII016383,SID0021,MID0005,465,2025/10/06
SDII016384,SID0021,MID0005,460,2025/10/07
SDII016385,SID0021,MID0005,383,2025/10/08
SDII016386,SID0021,MID0005,377,2025/10/09
SDII016387,SID0021,MID0005,377,2025/10/10
SDII016388,SID0021,MID0005,377,2025/10/11
SDII016389,SID0021,MID0005,377,2025/10/12
SDII016390,SID0021,MID0005,377,2025/10/13
SDII016391,SID0021,MID0005,377,2025/10/14
SDII016392,SID0021,MID0005,377,2025/10/15
SDII016393,SID0021,MID0005,377,2025/10/16
SDII016394,SID0021,MID0005,377,2025/10/17
SDII016395,SID0021,MID0005,377,2025/10/18
SDII016396,SID0021,MID0005,377,2025/10/19
SDII016397,SID0021,MID0005,377,2025/10/20
SDII016398,SID0021,MID0005,377,2025/10/21
SDII016399,SID0021,MID0005,377,2025/10/22
SDII016400,SID0021,MID0005,377,2025/10/23
SDII016401,SID0021,MID0005,377,2025/10/24
SDII016402,SID0021,MID0005,377,2025/10/25
SDII016403,SID0021,MID0005,596,2025/10/26
SDII016404,SID0021,MID0005,596,2025/10/27
SDII016405,SID0021,MID0005,596,2025/10/28
SDII016406,SID0021,MID0005,565,2025/10/29
SDII016407,SID0021,MID0005,427,2025/10/30
SDII016408,SID0021,MID0005,427,2025/10/31
SDII016409,SID0021,MID0005,427,2025/11/01
SDII016410,SID0021,MID0005,427,2025/11/02
SDII016411,SID0021,MID0005,427,2025/11/03
SDII016412,SID0021,MID0005,426,2025/11/04
SDII016413,SID0021,MID0005,394,2025/11/05
SDII016414,SID0021,MID0005,363,2025/11/06
SDII016415,SID0021,MID0005,333,2025/11/07
SDII016416,SID0021,MID0005,303,2025/11/08
SDII016417,SID0021,MID0005,303,2025/11/09
SDII016418,SID0021,MID0005,303,2025/11/10
SDII016419,SID0021,MID0005,303,2025/11/11
SDII016420,SID0021,MID0005,303,2025/11/12
SDII016421,SID0021,MID0005,303,2025/11/13
SDII016422,SID0021,MID0005,358,2025/11/14
SDII016423,SID0021,MID0005,358,2025/11/15
SDII016424,SID0021,MID0005,577,2025/11/16
SDII016425,SID0021,MID0005,577,2025/11/17
SDII016426,SID0021,MID0005,577,2025/11/18
SDII016427,SID0021,MID0005,577,2025/11/19
SDII016428,SID0021,MID0005,550,2025/11/20
SDII016429,SID0021,MID0005,545,2025/11/21
SDII016430,SID0021,MID0005,513,2025/11/22
SDII016431,SID0021,MID0005,513,2025/11/23
SDII016432,SID0021,MID0005,513,2025/11/24
SDII016433,SID0021,MID0005,490,2025/11/25
SDII016434,SID0021,MID0005,456,2025/11/26
SDII016435,SID0021,MID0005,456,2025/11/27
SDII016436,SID0021,MID0005,456,2025/11/28
SDII016437,SID0021,MID0005,456,2025/11/29
SDII016438,SID0021,MID0005,456,2025/11/30
SDII016439,SID0021,MID0005,456,2025/12/01
SDII016440,SID0021,MID0005,456,2025/12/02
SDII016441,SID0021,MID0005,456,2025/12/03
SDII016442,SID0021,MID0005,456,2025/12/04
SDII016443,SID0021,MID0005,456,2025/12/05
SDII016444,SID0021,MID0005,456,2025/12/06
SDII016445,SID0021,MID0005,456,2025/12/07
SDII016446,SID0021,MID0005,456,2025/12/08
SDII016447,SID0021,MID0005,456,2025/12/09
SDII016448,SID0021,MID0005,456,2025/12/10
SDII016449,SID0021,MID0005,456,2025/12/11
SDII016450,SID0021,MID0005,427,2025/12/12
SDII016451,SID0021,MID0005,314,2025/12/13
SDII016452,SID0021,MID0005,314,2025/12/14
SDII016453,SID0021,MID0005,314,2025/12/15
SDII016454,SID0021,MID0005,314,2025/12/16
SDII016455,SID0021,MID0005,278,2025/12/17
SDII016456,SID0021,MID0005,220,2025/12/18
SDII016457,SID0021,MID0005,167,2025/12/19
SDII016458,SID0021,MID0005,167,2025/12/20
SDII016459,SID0021,MID0005,167,2025/12/21
SDII016460,SID0021,MID0005,167,2025/12/22
SDII016461,SID0021,MID0005,167,2025/12/23
SDII016462,SID0021,MID0005,331,2025/12/24
SDII016463,SID0021,MID0005,331,2025/12/25
SDII016464,SID0021,MID0005,331,2025/12/26
SDII016465,SID0021,MID0005,381,2025/12/27
SDII016466,SID0021,MID0005,381,2025/12/28
SDII016467,SID0021,MID0005,381,2025/12/29
SDII016468,SID0021,MID0005,381,2025/12/30
SDII016469,SID0021,MID0005,381,2025/12/31
SDII016470,SID0021,MID0005,381,2026/01/01
SDII016471,SID0021,MID0018,75,2025/01/01
SDII016472,SID0021,MID0018,75,2025/01/02
SDII016473,SID0021,MID0018,75,2025/01/03
SDII016474,SID0021,MID0018,75,2025/01/04
SDII016475,SID0021,MID0018,75,2025/01/05
SDII016476,SID0021,MID0018,75,2025/01/06
SDII016477,SID0021,MID0018,75,2025/01/07
SDII016478,SID0021,MID0018,75,2025/01/08
SDII016479,SID0021,MID0018,75,2025/01/09
SDII016480,SID0021,MID0018,46,2025/01/10
SDII016481,SID0021,MID0018,17,2025/01/11
SDII016482,SID0021,MID0018,17,2025/01/12
SDII016483,SID0021,MID0018,17,2025/01/13
SDII016484,SID0021,MID0018,0,2025/01/14
SDII016485,SID0021,MID0018,0,2025/01/15
SDII016486,SID0021,MID0018,0,2025/01/16
SDII016487,SID0021,MID0018,122,2025/01/17
SDII016488,SID0021,MID0018,122,2025/01/18
SDII016489,SID0021,MID0018,122,2025/01/19
SDII016490,SID0021,MID0018,122,2025/01/20
SDII016491,SID0021,MID0018,122,2025/01/21
SDII016492,SID0021,MID0018,122,2025/01/22
SDII016493,SID0021,MID0018,98,2025/01/23
SDII016494,SID0021,MID0018,95,2025/01/24
SDII016495,SID0021,MID0018,74,2025/01/25
SDII016496,SID0021,MID0018,74,2025/01/26
SDII016497,SID0021,MID0018,74,2025/01/27
SDII016498,SID0021,MID0018,52,2025/01/28
SDII016499,SID0021,MID0018,52,2025/01/29
SDII016500,SID0021,MID0018,52,2025/01/30
SDII016501,SID0021,MID0018,143,2025/01/31
SDII016502,SID0021,MID0018,143,2025/02/01
SDII016503,SID0021,MID0018,143,2025/02/02
SDII016504,SID0021,MID0018,143,2025/02/03
SDII016505,SID0021,MID0018,143,2025/02/04
SDII016506,SID0021,MID0018,143,2025/02/05
SDII016507,SID0021,MID0018,143,2025/02/06
SDII016508,SID0021,MID0018,143,2025/02/07
SDII016509,SID0021,MID0018,143,2025/02/08
SDII016510,SID0021,MID0018,143,2025/02/09
SDII016511,SID0021,MID0018,143,2025/02/10
SDII016512,SID0021,MID0018,124,2025/02/11
SDII016513,SID0021,MID0018,110,2025/02/12
SDII016514,SID0021,MID0018,104,2025/02/13
SDII016515,SID0021,MID0018,83,2025/02/14
SDII016516,SID0021,MID0018,83,2025/02/15
SDII016517,SID0021,MID0018,83,2025/02/16
SDII016518,SID0021,MID0018,83,2025/02/17
SDII016519,SID0021,MID0018,52,2025/02/18
SDII016520,SID0021,MID0018,32,2025/02/19
SDII016521,SID0021,MID0018,25,2025/02/20
SDII016522,SID0021,MID0018,25,2025/02/21
SDII016523,SID0021,MID0018,116,2025/02/22
SDII016524,SID0021,MID0018,116,2025/02/23
SDII016525,SID0021,MID0018,116,2025/02/24
SDII016526,SID0021,MID0018,116,2025/02/25
SDII016527,SID0021,MID0018,116,2025/02/26
SDII016528,SID0021,MID0018,116,2025/02/27
SDII016529,SID0021,MID0018,116,2025/02/28
SDII016530,SID0021,MID0018,116,2025/03/01
SDII016531,SID0021,MID0018,116,2025/03/02
SDII016532,SID0021,MID0018,116,2025/03/03
SDII016533,SID0021,MID0018,116,2025/03/04
SDII016534,SID0021,MID0018,116,2025/03/05
SDII016535,SID0021,MID0018,116,2025/03/06
SDII016536,SID0021,MID0018,116,2025/03/07
SDII016537,SID0021,MID0018,102,2025/03/08
SDII016538,SID0021,MID0018,102,2025/03/09
SDII016539,SID0021,MID0018,102,2025/03/10
SDII016540,SID0021,MID0018,82,2025/03/11
SDII016541,SID0021,MID0018,71,2025/03/12
SDII016542,SID0021,MID0018,63,2025/03/13
SDII016543,SID0021,MID0018,63,2025/03/14
SDII016544,SID0021,MID0018,63,2025/03/15
SDII016545,SID0021,MID0018,63,2025/03/16
SDII016546,SID0021,MID0018,63,2025/03/17
SDII016547,SID0021,MID0018,63,2025/03/18
SDII016548,SID0021,MID0018,63,2025/03/19
SDII016549,SID0021,MID0018,124,2025/03/20
SDII016550,SID0021,MID0018,124,2025/03/21
SDII016551,SID0021,MID0018,124,2025/03/22
SDII016552,SID0021,MID0018,124,2025/03/23
SDII016553,SID0021,MID0018,124,2025/03/24
SDII016554,SID0021,MID0018,215,2025/03/25
SDII016555,SID0021,MID0018,215,2025/03/26
SDII016556,SID0021,MID0018,215,2025/03/27
SDII016557,SID0021,MID0018,168,2025/03/28
SDII016558,SID0021,MID0018,157,2025/03/29
SDII016559,SID0021,MID0018,157,2025/03/30
SDII016560,SID0021,MID0018,157,2025/03/31
SDII016561,SID0021,MID0018,157,2025/04/01
SDII016562,SID0021,MID0018,157,2025/04/02
SDII016563,SID0021,MID0018,157,2025/04/03
SDII016564,SID0021,MID0018,157,2025/04/04
SDII016565,SID0021,MID0018,148,2025/04/05
SDII016566,SID0021,MID0018,148,2025/04/06
SDII016567,SID0021,MID0018,148,2025/04/07
SDII016568,SID0021,MID0018,131,2025/04/08
SDII016569,SID0021,MID0018,126,2025/04/09
SDII016570,SID0021,MID0018,117,2025/04/10
SDII016571,SID0021,MID0018,102,2025/04/11
SDII016572,SID0021,MID0018,102,2025/04/12
SDII016573,SID0021,MID0018,102,2025/04/13
SDII016574,SID0021,MID0018,102,2025/04/14
SDII016575,SID0021,MID0018,102,2025/04/15
SDII016576,SID0021,MID0018,102,2025/04/16
SDII016577,SID0021,MID0018,102,2025/04/17
SDII016578,SID0021,MID0018,102,2025/04/18
SDII016579,SID0021,MID0018,76,2025/04/19
SDII016580,SID0021,MID0018,76,2025/04/20
SDII016581,SID0021,MID0018,76,2025/04/21
SDII016582,SID0021,MID0018,66,2025/04/22
SDII016583,SID0021,MID0018,48,2025/04/23
SDII016584,SID0021,MID0018,48,2025/04/24
SDII016585,SID0021,MID0018,48,2025/04/25
SDII016586,SID0021,MID0018,48,2025/04/26
SDII016587,SID0021,MID0018,109,2025/04/27
SDII016588,SID0021,MID0018,109,2025/04/28
SDII016589,SID0021,MID0018,109,2025/04/29
SDII016590,SID0021,MID0018,109,2025/04/30
SDII016591,SID0021,MID0018,109,2025/05/01
SDII016592,SID0021,MID0018,109,2025/05/02
SDII016593,SID0021,MID0018,109,2025/05/03
SDII016594,SID0021,MID0018,109,2025/05/04
SDII016595,SID0021,MID0018,109,2025/05/05
SDII016596,SID0021,MID0018,109,2025/05/06
SDII016597,SID0021,MID0018,109,2025/05/07
SDII016598,SID0021,MID0018,109,2025/05/08
SDII016599,SID0021,MID0018,109,2025/05/09
SDII016600,SID0021,MID0018,109,2025/05/10
SDII016601,SID0021,MID0018,109,2025/05/11
SDII016602,SID0021,MID0018,109,2025/05/12
SDII016603,SID0021,MID0018,109,2025/05/13
SDII016604,SID0021,MID0018,82,2025/05/14
SDII016605,SID0021,MID0018,57,2025/05/15
SDII016606,SID0021,MID0018,57,2025/05/16
SDII016607,SID0021,MID0018,57,2025/05/17
SDII016608,SID0021,MID0018,148,2025/05/18
SDII016609,SID0021,MID0018,148,2025/05/19
SDII016610,SID0021,MID0018,148,2025/05/20
SDII016611,SID0021,MID0018,148,2025/05/21
SDII016612,SID0021,MID0018,148,2025/05/22
SDII016613,SID0021,MID0018,148,2025/05/23
SDII016614,SID0021,MID0018,145,2025/05/24
SDII016615,SID0021,MID0018,145,2025/05/25
SDII016616,SID0021,MID0018,145,2025/05/26
SDII016617,SID0021,MID0018,102,2025/05/27
SDII016618,SID0021,MID0018,102,2025/05/28
SDII016619,SID0021,MID0018,102,2025/05/29
SDII016620,SID0021,MID0018,102,2025/05/30
SDII016621,SID0021,MID0018,102,2025/05/31
SDII016622,SID0021,MID0018,102,2025/06/01
SDII016623,SID0021,MID0018,102,2025/06/02
SDII016624,SID0021,MID0018,92,2025/06/03
SDII016625,SID0021,MID0018,86,2025/06/04
SDII016626,SID0021,MID0018,79,2025/06/05
SDII016627,SID0021,MID0018,67,2025/06/06
SDII016628,SID0021,MID0018,56,2025/06/07
SDII016629,SID0021,MID0018,56,2025/06/08
SDII016630,SID0021,MID0018,56,2025/06/09
SDII016631,SID0021,MID0018,117,2025/06/10
SDII016632,SID0021,MID0018,117,2025/06/11
SDII016633,SID0021,MID0018,117,2025/06/12
SDII016634,SID0021,MID0018,117,2025/06/13
SDII016635,SID0021,MID0018,117,2025/06/14
SDII016636,SID0021,MID0018,117,2025/06/15
SDII016637,SID0021,MID0018,117,2025/06/16
SDII016638,SID0021,MID0018,117,2025/06/17
SDII016639,SID0021,MID0018,117,2025/06/18
SDII016640,SID0021,MID0018,117,2025/06/19
SDII016641,SID0021,MID0018,117,2025/06/20
SDII016642,SID0021,MID0018,117,2025/06/21
SDII016643,SID0021,MID0018,117,2025/06/22
SDII016644,SID0021,MID0018,117,2025/06/23
SDII016645,SID0021,MID0018,98,2025/06/24
SDII016646,SID0021,MID0018,92,2025/06/25
SDII016647,SID0021,MID0018,84,2025/06/26
SDII016648,SID0021,MID0018,70,2025/06/27
SDII016649,SID0021,MID0018,70,2025/06/28
SDII016650,SID0021,MID0018,70,2025/06/29
SDII016651,SID0021,MID0018,70,2025/06/30
SDII016652,SID0021,MID0018,70,2025/07/01
SDII016653,SID0021,MID0018,70,2025/07/02
SDII016654,SID0021,MID0018,156,2025/07/03
SDII016655,SID0021,MID0018,156,2025/07/04
SDII016656,SID0021,MID0018,156,2025/07/05
SDII016657,SID0021,MID0018,156,2025/07/06
SDII016658,SID0021,MID0018,156,2025/07/07
SDII016659,SID0021,MID0018,156,2025/07/08
SDII016660,SID0021,MID0018,156,2025/07/09
SDII016661,SID0021,MID0018,156,2025/07/10
SDII016662,SID0021,MID0018,150,2025/07/11
SDII016663,SID0021,MID0018,134,2025/07/12
SDII016664,SID0021,MID0018,134,2025/07/13
SDII016665,SID0021,MID0018,134,2025/07/14
SDII016666,SID0021,MID0018,109,2025/07/15
SDII016667,SID0021,MID0018,109,2025/07/16
SDII016668,SID0021,MID0018,109,2025/07/17
SDII016669,SID0021,MID0018,109,2025/07/18
SDII016670,SID0021,MID0018,95,2025/07/19
SDII016671,SID0021,MID0018,95,2025/07/20
SDII016672,SID0021,MID0018,95,2025/07/21
SDII016673,SID0021,MID0018,80,2025/07/22
SDII016674,SID0021,MID0018,67,2025/07/23
SDII016675,SID0021,MID0018,48,2025/07/24
SDII016676,SID0021,MID0018,48,2025/07/25
SDII016677,SID0021,MID0018,139,2025/07/26
SDII016678,SID0021,MID0018,139,2025/07/27
SDII016679,SID0021,MID0018,139,2025/07/28
SDII016680,SID0021,MID0018,139,2025/07/29
SDII016681,SID0021,MID0018,139,2025/07/30
SDII016682,SID0021,MID0018,139,2025/07/31
SDII016683,SID0021,MID0018,139,2025/08/01
SDII016684,SID0021,MID0018,139,2025/08/02
SDII016685,SID0021,MID0018,139,2025/08/03
SDII016686,SID0021,MID0018,139,2025/08/04
SDII016687,SID0021,MID0018,134,2025/08/05
SDII016688,SID0021,MID0018,129,2025/08/06
SDII016689,SID0021,MID0018,119,2025/08/07
SDII016690,SID0021,MID0018,102,2025/08/08
SDII016691,SID0021,MID0018,80,2025/08/09
SDII016692,SID0021,MID0018,80,2025/08/10
SDII016693,SID0021,MID0018,80,2025/08/11
SDII016694,SID0021,MID0018,80,2025/08/12
SDII016695,SID0021,MID0018,80,2025/08/13
SDII016696,SID0021,MID0018,80,2025/08/14
SDII016697,SID0021,MID0018,80,2025/08/15
SDII016698,SID0021,MID0018,80,2025/08/16
SDII016699,SID0021,MID0018,80,2025/08/17
SDII016700,SID0021,MID0018,80,2025/08/18
SDII016701,SID0021,MID0018,69,2025/08/19
SDII016702,SID0021,MID0018,63,2025/08/20
SDII016703,SID0021,MID0018,52,2025/08/21
SDII016704,SID0021,MID0018,100,2025/08/22
SDII016705,SID0021,MID0018,88,2025/08/23
SDII016706,SID0021,MID0018,88,2025/08/24
SDII016707,SID0021,MID0018,88,2025/08/25
SDII016708,SID0021,MID0018,88,2025/08/26
SDII016709,SID0021,MID0018,88,2025/08/27
SDII016710,SID0021,MID0018,88,2025/08/28
SDII016711,SID0021,MID0018,149,2025/08/29
SDII016712,SID0021,MID0018,149,2025/08/30
SDII016713,SID0021,MID0018,149,2025/08/31
SDII016714,SID0021,MID0018,149,2025/09/01
SDII016715,SID0021,MID0018,149,2025/09/02
SDII016716,SID0021,MID0018,149,2025/09/03
SDII016717,SID0021,MID0018,149,2025/09/04
SDII016718,SID0021,MID0018,149,2025/09/05
SDII016719,SID0021,MID0018,149,2025/09/06
SDII016720,SID0021,MID0018,149,2025/09/07
SDII016721,SID0021,MID0018,149,2025/09/08
SDII016722,SID0021,MID0018,149,2025/09/09
SDII016723,SID0021,MID0018,133,2025/09/10
SDII016724,SID0021,MID0018,116,2025/09/11
SDII016725,SID0021,MID0018,94,2025/09/12
SDII016726,SID0021,MID0018,83,2025/09/13
SDII016727,SID0021,MID0018,83,2025/09/14
SDII016728,SID0021,MID0018,83,2025/09/15
SDII016729,SID0021,MID0018,81,2025/09/16
SDII016730,SID0021,MID0018,81,2025/09/17
SDII016731,SID0021,MID0018,81,2025/09/18
SDII016732,SID0021,MID0018,81,2025/09/19
SDII016733,SID0021,MID0018,81,2025/09/20
SDII016734,SID0021,MID0018,81,2025/09/21
SDII016735,SID0021,MID0018,142,2025/09/22
SDII016736,SID0021,MID0018,142,2025/09/23
SDII016737,SID0021,MID0018,142,2025/09/24
SDII016738,SID0021,MID0018,128,2025/09/25
SDII016739,SID0021,MID0018,127,2025/09/26
SDII016740,SID0021,MID0018,87,2025/09/27
SDII016741,SID0021,MID0018,87,2025/09/28
SDII016742,SID0021,MID0018,87,2025/09/29
SDII016743,SID0021,MID0018,80,2025/09/30
SDII016744,SID0021,MID0018,80,2025/10/01
SDII016745,SID0021,MID0018,80,2025/10/02
SDII016746,SID0021,MID0018,80,2025/10/03
SDII016747,SID0021,MID0018,80,2025/10/04
SDII016748,SID0021,MID0018,80,2025/10/05
SDII016749,SID0021,MID0018,80,2025/10/06
SDII016750,SID0021,MID0018,141,2025/10/07
SDII016751,SID0021,MID0018,141,2025/10/08
SDII016752,SID0021,MID0018,141,2025/10/09
SDII016753,SID0021,MID0018,141,2025/10/10
SDII016754,SID0021,MID0018,141,2025/10/11
SDII016755,SID0021,MID0018,141,2025/10/12
SDII016756,SID0021,MID0018,141,2025/10/13
SDII016757,SID0021,MID0018,112,2025/10/14
SDII016758,SID0021,MID0018,95,2025/10/15
SDII016759,SID0021,MID0018,82,2025/10/16
SDII016760,SID0021,MID0018,82,2025/10/17
SDII016761,SID0021,MID0018,82,2025/10/18
SDII016762,SID0021,MID0018,82,2025/10/19
SDII016763,SID0021,MID0018,82,2025/10/20
SDII016764,SID0021,MID0018,82,2025/10/21
SDII016765,SID0021,MID0018,82,2025/10/22
SDII016766,SID0021,MID0018,82,2025/10/23
SDII016767,SID0021,MID0018,63,2025/10/24
SDII016768,SID0021,MID0018,57,2025/10/25
SDII016769,SID0021,MID0018,57,2025/10/26
SDII016770,SID0021,MID0018,57,2025/10/27
SDII016771,SID0021,MID0018,138,2025/10/28
SDII016772,SID0021,MID0018,138,2025/10/29
SDII016773,SID0021,MID0018,138,2025/10/30
SDII016774,SID0021,MID0018,138,2025/10/31
SDII016775,SID0021,MID0018,138,2025/11/01
SDII016776,SID0021,MID0018,138,2025/11/02
SDII016777,SID0021,MID0018,138,2025/11/03
SDII016778,SID0021,MID0018,138,2025/11/04
SDII016779,SID0021,MID0018,138,2025/11/05
SDII016780,SID0021,MID0018,229,2025/11/06
SDII016781,SID0021,MID0018,229,2025/11/07
SDII016782,SID0021,MID0018,229,2025/11/08
SDII016783,SID0021,MID0018,229,2025/11/09
SDII016784,SID0021,MID0018,229,2025/11/10
SDII016785,SID0021,MID0018,210,2025/11/11
SDII016786,SID0021,MID0018,201,2025/11/12
SDII016787,SID0021,MID0018,197,2025/11/13
SDII016788,SID0021,MID0018,169,2025/11/14
SDII016789,SID0021,MID0018,169,2025/11/15
SDII016790,SID0021,MID0018,169,2025/11/16
SDII016791,SID0021,MID0018,169,2025/11/17
SDII016792,SID0021,MID0018,169,2025/11/18
SDII016793,SID0021,MID0018,169,2025/11/19
SDII016794,SID0021,MID0018,169,2025/11/20
SDII016795,SID0021,MID0018,169,2025/11/21
SDII016796,SID0021,MID0018,154,2025/11/22
SDII016797,SID0021,MID0018,154,2025/11/23
SDII016798,SID0021,MID0018,154,2025/11/24
SDII016799,SID0021,MID0018,108,2025/11/25
SDII016800,SID0021,MID0018,108,2025/11/26
SDII016801,SID0021,MID0018,108,2025/11/27
SDII016802,SID0021,MID0018,108,2025/11/28
SDII016803,SID0021,MID0018,108,2025/11/29
SDII016804,SID0021,MID0018,108,2025/11/30
SDII016805,SID0021,MID0018,199,2025/12/01
SDII016806,SID0021,MID0018,172,2025/12/02
SDII016807,SID0021,MID0018,145,2025/12/03
SDII016808,SID0021,MID0018,121,2025/12/04
SDII016809,SID0021,MID0018,121,2025/12/05
SDII016810,SID0021,MID0018,121,2025/12/06
SDII016811,SID0021,MID0018,121,2025/12/07
SDII016812,SID0021,MID0018,121,2025/12/08
SDII016813,SID0021,MID0018,121,2025/12/09
SDII016814,SID0021,MID0018,121,2025/12/10
SDII016815,SID0021,MID0018,121,2025/12/11
SDII016816,SID0021,MID0018,121,2025/12/12
SDII016817,SID0021,MID0018,121,2025/12/13
SDII016818,SID0021,MID0018,121,2025/12/14
SDII016819,SID0021,MID0018,121,2025/12/15
SDII016820,SID0021,MID0018,121,2025/12/16
SDII016821,SID0021,MID0018,121,2025/12/17
SDII016822,SID0021,MID0018,121,2025/12/18
SDII016823,SID0021,MID0018,121,2025/12/19
SDII016824,SID0021,MID0018,99,2025/12/20
SDII016825,SID0021,MID0018,99,2025/12/21
SDII016826,SID0021,MID0018,99,2025/12/22
SDII016827,SID0021,MID0018,84,2025/12/23
SDII016828,SID0021,MID0018,70,2025/12/24
SDII016829,SID0021,MID0018,138,2025/12/25
SDII016830,SID0021,MID0018,138,2025/12/26
SDII016831,SID0021,MID0018,138,2025/12/27
SDII016832,SID0021,MID0018,138,2025/12/28
SDII016833,SID0021,MID0018,138,2025/12/29
SDII016834,SID0021,MID0018,138,2025/12/30
SDII016835,SID0021,MID0018,138,2025/12/31
SDII016836,SID0021,MID0018,138,2026/01/01
