Supplier_Material_Flow_Event_ID,Supplier_ID,Material_ID,Event_Date,Event_Type,Quantity_Change,Source_Type,Source_ID
SMFEID0001,SID0002,MID0001,2025/01/01,production_consumption,-16,production_run,PRUN_SID0002_MID0001_001
SMFEID0002,SID0002,MID0020,2025/01/01,production_consumption,-2,production_run,PRUN_SID0002_MID0020_001
SMFEID0003,SID0002,MID0025,2025/01/01,production_consumption,-4,production_run,PRUN_SID0002_MID0025_001
SMFEID0004,SID0004,MID0020,2025/01/01,production_consumption,-18,production_run,PRUN_SID0004_MID0020_001
SMFEID0005,SID0006,MID0010,2025/01/01,production_consumption,-18,production_run,PRUN_SID0006_MID0010_001
SMFEID0006,SID0006,MID0020,2025/01/01,production_consumption,-66,production_run,PRUN_SID0006_MID0020_001
SMFEID0007,SID0007,MID0017,2025/01/01,production_consumption,-26,production_run,PRUN_SID0007_MID0017_001
SMFEID0008,SID0011,MID0001,2025/01/01,production_consumption,-10,production_run,PRUN_SID0011_MID0001_001
SMFEID0009,SID0011,MID0007,2025/01/01,production_consumption,-13,production_run,PRUN_SID0011_MID0007_001
SMFEID0010,SID0011,MID0020,2025/01/01,production_consumption,-222,production_run,PRUN_SID0011_MID0020_001
SMFEID0011,SID0011,MID0025,2025/01/01,production_consumption,-19,production_run,PRUN_SID0011_MID0025_001
SMFEID0012,SID0013,MID0016,2025/01/01,production_consumption,-34,production_run,PRUN_SID0013_MID0016_001
SMFEID0013,SID0015,MID0007,2025/01/01,production_consumption,-82,production_run,PRUN_SID0015_MID0007_001
SMFEID0014,SID0018,MID0004,2025/01/01,production_consumption,-34,production_run,PRUN_SID0018_MID0004_001
SMFEID0015,SID0018,MID0007,2025/01/01,production_consumption,-1,production_run,PRUN_SID0018_MID0007_001
SMFEID0016,SID0018,MID0020,2025/01/01,production_consumption,-69,production_run,PRUN_SID0018_MID0020_001
SMFEID0017,SID0019,MID0010,2025/01/01,production_consumption,-17,production_run,PRUN_SID0019_MID0010_001
SMFEID0018,SID0019,MID0016,2025/01/01,production_consumption,-43,production_run,PRUN_SID0019_MID0016_001
SMFEID0019,SID0021,MID0001,2025/01/01,production_consumption,-5,production_run,PRUN_SID0021_MID0001_001
SMFEID0020,SID0021,MID0004,2025/01/01,production_consumption,-30,production_run,PRUN_SID0021_MID0004_001
SMFEID0021,SID0002,MID0001,2025/01/02,production_consumption,-24,production_run,PRUN_SID0002_MID0001_001
SMFEID0022,SID0002,MID0020,2025/01/02,production_consumption,-33,production_run,PRUN_SID0002_MID0020_001
SMFEID0023,SID0002,MID0025,2025/01/02,production_consumption,-19,production_run,PRUN_SID0002_MID0025_001
SMFEID0024,SID0004,MID0007,2025/01/02,production_consumption,-18,production_run,PRUN_SID0004_MID0007_001
SMFEID0025,SID0004,MID0020,2025/01/02,production_consumption,-50,production_run,PRUN_SID0004_MID0020_001
SMFEID0026,SID0006,MID0010,2025/01/02,production_consumption,-40,production_run,PRUN_SID0006_MID0010_001
SMFEID0027,SID0006,MID0020,2025/01/02,production_consumption,-59,production_run,PRUN_SID0006_MID0020_001
SMFEID0028,SID0007,MID0017,2025/01/02,production_consumption,-220,production_run,PRUN_SID0007_MID0017_001
SMFEID0029,SID0007,MID0020,2025/01/02,production_consumption,-19,production_run,PRUN_SID0007_MID0020_001
SMFEID0030,SID0011,MID0001,2025/01/02,production_consumption,-15,production_run,PRUN_SID0011_MID0001_001
SMFEID0031,SID0011,MID0007,2025/01/02,production_consumption,-52,production_run,PRUN_SID0011_MID0007_001
SMFEID0032,SID0011,MID0008,2025/01/02,production_consumption,-76,production_run,PRUN_SID0011_MID0008_001
SMFEID0033,SID0011,MID0020,2025/01/02,production_consumption,-51,production_run,PRUN_SID0011_MID0020_001
SMFEID0034,SID0011,MID0025,2025/01/02,production_consumption,-14,production_run,PRUN_SID0011_MID0025_001
SMFEID0035,SID0013,MID0016,2025/01/02,production_consumption,-74,production_run,PRUN_SID0013_MID0016_001
SMFEID0036,SID0013,MID0020,2025/01/02,production_consumption,-36,production_run,PRUN_SID0013_MID0020_001
SMFEID0037,SID0015,MID0007,2025/01/02,production_consumption,-120,production_run,PRUN_SID0015_MID0007_001
SMFEID0038,SID0015,MID0020,2025/01/02,production_consumption,-237,production_run,PRUN_SID0015_MID0020_001
SMFEID0039,SID0018,MID0004,2025/01/02,production_consumption,-97,production_run,PRUN_SID0018_MID0004_001
SMFEID0040,SID0018,MID0007,2025/01/02,production_consumption,-48,production_run,PRUN_SID0018_MID0007_001
SMFEID0041,SID0018,MID0008,2025/01/02,production_consumption,-33,production_run,PRUN_SID0018_MID0008_001
SMFEID0042,SID0018,MID0020,2025/01/02,production_consumption,-73,production_run,PRUN_SID0018_MID0020_001
SMFEID0043,SID0018,MID0021,2025/01/02,production_consumption,-17,production_run,PRUN_SID0018_MID0021_001
SMFEID0044,SID0019,MID0010,2025/01/02,production_consumption,-35,production_run,PRUN_SID0019_MID0010_001
SMFEID0045,SID0019,MID0016,2025/01/02,production_consumption,-33,production_run,PRUN_SID0019_MID0016_001
SMFEID0046,SID0021,MID0001,2025/01/02,production_consumption,-21,production_run,PRUN_SID0021_MID0001_001
SMFEID0047,SID0021,MID0004,2025/01/02,production_consumption,-6,production_run,PRUN_SID0021_MID0004_001
SMFEID0048,SID0002,MID0001,2025/01/03,production_consumption,-6,production_run,PRUN_SID0002_MID0001_001
SMFEID0049,SID0002,MID0020,2025/01/03,production_consumption,-104,production_run,PRUN_SID0002_MID0020_001
SMFEID0050,SID0002,MID0025,2025/01/03,production_consumption,-21,production_run,PRUN_SID0002_MID0025_001
SMFEID0051,SID0004,MID0007,2025/01/03,production_consumption,-84,production_run,PRUN_SID0004_MID0007_001
SMFEID0052,SID0007,MID0017,2025/01/03,production_consumption,-26,production_run,PRUN_SID0007_MID0017_001
SMFEID0053,SID0007,MID0020,2025/01/03,production_consumption,-163,production_run,PRUN_SID0007_MID0020_001
SMFEID0054,SID0011,MID0001,2025/01/03,production_consumption,-22,production_run,PRUN_SID0011_MID0001_001
SMFEID0055,SID0011,MID0007,2025/01/03,production_consumption,-23,production_run,PRUN_SID0011_MID0007_001
SMFEID0056,SID0011,MID0008,2025/01/03,production_consumption,-76,production_run,PRUN_SID0011_MID0008_001
SMFEID0057,SID0013,MID0020,2025/01/03,production_consumption,-131,production_run,PRUN_SID0013_MID0020_001
SMFEID0058,SID0015,MID0007,2025/01/03,production_consumption,-99,production_run,PRUN_SID0015_MID0007_001
SMFEID0059,SID0015,MID0020,2025/01/03,production_consumption,-23,production_run,PRUN_SID0015_MID0020_001
SMFEID0060,SID0017,MID0018,2025/01/03,production_consumption,-6,production_run,PRUN_SID0017_MID0018_001
SMFEID0061,SID0018,MID0004,2025/01/03,production_consumption,-32,production_run,PRUN_SID0018_MID0004_001
SMFEID0062,SID0018,MID0007,2025/01/03,production_consumption,-12,production_run,PRUN_SID0018_MID0007_001
SMFEID0063,SID0018,MID0008,2025/01/03,production_consumption,-26,production_run,PRUN_SID0018_MID0008_001
SMFEID0064,SID0018,MID0020,2025/01/03,production_consumption,-32,production_run,PRUN_SID0018_MID0020_001
SMFEID0065,SID0018,MID0021,2025/01/03,production_consumption,-25,production_run,PRUN_SID0018_MID0021_001
SMFEID0066,SID0021,MID0001,2025/01/03,production_consumption,-30,production_run,PRUN_SID0021_MID0001_001
SMFEID0067,SID0021,MID0004,2025/01/03,production_consumption,-49,production_run,PRUN_SID0021_MID0004_001
SMFEID0068,SID0006,MID0010,2025/01/04,external_receipt,172,order,OID0001
SMFEID0069,SID0006,MID0010,2025/01/05,external_receipt,172,order,OID0002
SMFEID0070,SID0019,MID0015,2025/01/05,external_receipt,142,order,OID0003
SMFEID0071,SID0021,MID0004,2025/01/05,external_receipt,354,order,OID0004
SMFEID0072,SID0002,MID0001,2025/01/06,production_consumption,-28,production_run,PRUN_SID0002_MID0001_002
SMFEID0073,SID0002,MID0025,2025/01/06,production_consumption,-24,production_run,PRUN_SID0002_MID0025_002
SMFEID0074,SID0004,MID0020,2025/01/06,production_consumption,-27,production_run,PRUN_SID0004_MID0020_002
SMFEID0075,SID0006,MID0010,2025/01/06,production_consumption,-7,production_run,PRUN_SID0006_MID0010_002
SMFEID0076,SID0007,MID0020,2025/01/06,production_consumption,-45,production_run,PRUN_SID0007_MID0020_002
SMFEID0077,SID0008,MID0012,2025/01/06,production_consumption,-5,production_run,PRUN_SID0008_MID0012_001
SMFEID0078,SID0011,MID0007,2025/01/06,production_consumption,-21,production_run,PRUN_SID0011_MID0007_002
SMFEID0079,SID0011,MID0008,2025/01/06,production_consumption,-68,production_run,PRUN_SID0011_MID0008_002
SMFEID0080,SID0011,MID0020,2025/01/06,production_consumption,-236,production_run,PRUN_SID0011_MID0020_002
SMFEID0081,SID0011,MID0025,2025/01/06,production_consumption,-24,production_run,PRUN_SID0011_MID0025_002
SMFEID0082,SID0013,MID0020,2025/01/06,external_receipt,728,order,OID0005
SMFEID0083,SID0013,MID0020,2025/01/06,production_consumption,-45,production_run,PRUN_SID0013_MID0020_002
SMFEID0084,SID0015,MID0025,2025/01/06,production_consumption,-20,production_run,PRUN_SID0015_MID0025_001
SMFEID0085,SID0017,MID0018,2025/01/06,production_consumption,-7,production_run,PRUN_SID0017_MID0018_001
SMFEID0086,SID0018,MID0004,2025/01/06,production_consumption,-22,production_run,PRUN_SID0018_MID0004_002
SMFEID0087,SID0018,MID0007,2025/01/06,production_consumption,-22,production_run,PRUN_SID0018_MID0007_002
SMFEID0088,SID0018,MID0008,2025/01/06,production_consumption,-33,production_run,PRUN_SID0018_MID0008_001
SMFEID0089,SID0018,MID0021,2025/01/06,production_consumption,-17,production_run,PRUN_SID0018_MID0021_001
SMFEID0090,SID0019,MID0016,2025/01/06,production_consumption,-31,production_run,PRUN_SID0019_MID0016_002
SMFEID0091,SID0021,MID0001,2025/01/06,production_consumption,-10,production_run,PRUN_SID0021_MID0001_002
SMFEID0092,SID0021,MID0004,2025/01/06,production_consumption,-65,production_run,PRUN_SID0021_MID0004_002
SMFEID0093,SID0002,MID0001,2025/01/07,production_consumption,-36,production_run,PRUN_SID0002_MID0001_002
SMFEID0094,SID0002,MID0025,2025/01/07,production_consumption,-28,production_run,PRUN_SID0002_MID0025_002
SMFEID0095,SID0004,MID0020,2025/01/07,production_consumption,-51,production_run,PRUN_SID0004_MID0020_002
SMFEID0096,SID0006,MID0010,2025/01/07,production_consumption,-17,production_run,PRUN_SID0006_MID0010_002
SMFEID0097,SID0007,MID0020,2025/01/07,production_consumption,-129,production_run,PRUN_SID0007_MID0020_002
SMFEID0098,SID0008,MID0012,2025/01/07,production_consumption,-7,production_run,PRUN_SID0008_MID0012_001
SMFEID0099,SID0008,MID0022,2025/01/07,production_consumption,-19,production_run,PRUN_SID0008_MID0022_001
SMFEID0100,SID0011,MID0001,2025/01/07,production_consumption,-48,production_run,PRUN_SID0011_MID0001_002
SMFEID0101,SID0011,MID0007,2025/01/07,production_consumption,-38,production_run,PRUN_SID0011_MID0007_002
SMFEID0102,SID0011,MID0008,2025/01/07,production_consumption,-58,production_run,PRUN_SID0011_MID0008_002
SMFEID0103,SID0011,MID0020,2025/01/07,external_receipt,1625,order,OID0006
SMFEID0104,SID0011,MID0020,2025/01/07,production_consumption,-52,production_run,PRUN_SID0011_MID0020_002
SMFEID0105,SID0011,MID0025,2025/01/07,production_consumption,-7,production_run,PRUN_SID0011_MID0025_002
SMFEID0106,SID0013,MID0016,2025/01/07,production_consumption,-47,production_run,PRUN_SID0013_MID0016_002
SMFEID0107,SID0013,MID0020,2025/01/07,production_consumption,-77,production_run,PRUN_SID0013_MID0020_002
SMFEID0108,SID0015,MID0025,2025/01/07,production_consumption,-32,production_run,PRUN_SID0015_MID0025_001
SMFEID0109,SID0017,MID0018,2025/01/07,production_consumption,-2,production_run,PRUN_SID0017_MID0018_001
SMFEID0110,SID0018,MID0004,2025/01/07,production_consumption,-52,production_run,PRUN_SID0018_MID0004_002
SMFEID0111,SID0018,MID0007,2025/01/07,production_consumption,-21,production_run,PRUN_SID0018_MID0007_002
SMFEID0112,SID0018,MID0008,2025/01/07,production_consumption,-29,production_run,PRUN_SID0018_MID0008_001
SMFEID0113,SID0018,MID0021,2025/01/07,production_consumption,-24,production_run,PRUN_SID0018_MID0021_001
SMFEID0114,SID0019,MID0010,2025/01/07,production_consumption,-46,production_run,PRUN_SID0019_MID0010_002
SMFEID0115,SID0019,MID0016,2025/01/07,production_consumption,-8,production_run,PRUN_SID0019_MID0016_002
SMFEID0116,SID0020,MID0017,2025/01/07,production_consumption,-45,production_run,PRUN_SID0020_MID0017_001
SMFEID0117,SID0021,MID0001,2025/01/07,production_consumption,-49,production_run,PRUN_SID0021_MID0001_002
SMFEID0118,SID0021,MID0004,2025/01/07,production_consumption,-68,production_run,PRUN_SID0021_MID0004_002
SMFEID0119,SID0021,MID0005,2025/01/07,production_consumption,-44,production_run,PRUN_SID0021_MID0005_001
SMFEID0120,SID0002,MID0025,2025/01/08,production_consumption,-27,production_run,PRUN_SID0002_MID0025_002
SMFEID0121,SID0004,MID0020,2025/01/08,production_consumption,-29,production_run,PRUN_SID0004_MID0020_002
SMFEID0122,SID0006,MID0010,2025/01/08,production_consumption,-18,production_run,PRUN_SID0006_MID0010_002
SMFEID0123,SID0007,MID0020,2025/01/08,production_consumption,-49,production_run,PRUN_SID0007_MID0020_002
SMFEID0124,SID0008,MID0012,2025/01/08,production_consumption,-4,production_run,PRUN_SID0008_MID0012_001
SMFEID0125,SID0008,MID0022,2025/01/08,production_consumption,-39,production_run,PRUN_SID0008_MID0022_001
SMFEID0126,SID0008,MID0023,2025/01/08,production_consumption,-10,production_run,PRUN_SID0008_MID0023_001
SMFEID0127,SID0011,MID0001,2025/01/08,production_consumption,-31,production_run,PRUN_SID0011_MID0001_002
SMFEID0128,SID0011,MID0007,2025/01/08,production_consumption,-57,production_run,PRUN_SID0011_MID0007_002
SMFEID0129,SID0011,MID0008,2025/01/08,production_consumption,-43,production_run,PRUN_SID0011_MID0008_002
SMFEID0130,SID0011,MID0020,2025/01/08,production_consumption,-132,production_run,PRUN_SID0011_MID0020_002
SMFEID0131,SID0011,MID0025,2025/01/08,external_receipt,273,order,OID0007
SMFEID0132,SID0011,MID0025,2025/01/08,production_consumption,-19,production_run,PRUN_SID0011_MID0025_002
SMFEID0133,SID0013,MID0016,2025/01/08,production_consumption,-57,production_run,PRUN_SID0013_MID0016_002
SMFEID0134,SID0013,MID0020,2025/01/08,production_consumption,-49,production_run,PRUN_SID0013_MID0020_002
SMFEID0135,SID0015,MID0007,2025/01/08,production_consumption,-233,production_run,PRUN_SID0015_MID0007_002
SMFEID0136,SID0015,MID0025,2025/01/08,production_consumption,-31,production_run,PRUN_SID0015_MID0025_001
SMFEID0137,SID0017,MID0018,2025/01/08,production_consumption,-5,production_run,PRUN_SID0017_MID0018_001
SMFEID0138,SID0018,MID0002,2025/01/08,production_consumption,-1,production_run,PRUN_SID0018_MID0002_001
SMFEID0139,SID0018,MID0004,2025/01/08,production_consumption,-96,production_run,PRUN_SID0018_MID0004_002
SMFEID0140,SID0018,MID0007,2025/01/08,production_consumption,-15,production_run,PRUN_SID0018_MID0007_002
SMFEID0141,SID0018,MID0020,2025/01/08,production_consumption,-151,production_run,PRUN_SID0018_MID0020_002
SMFEID0142,SID0019,MID0010,2025/01/08,production_consumption,-51,production_run,PRUN_SID0019_MID0010_002
SMFEID0143,SID0019,MID0013,2025/01/08,external_receipt,142,order,OID0008
SMFEID0144,SID0019,MID0013,2025/01/08,production_consumption,-43,production_run,PRUN_SID0019_MID0013_001
SMFEID0145,SID0019,MID0016,2025/01/08,production_consumption,-41,production_run,PRUN_SID0019_MID0016_002
SMFEID0146,SID0020,MID0011,2025/01/08,production_consumption,-8,production_run,PRUN_SID0020_MID0011_001
SMFEID0147,SID0020,MID0017,2025/01/08,production_consumption,-20,production_run,PRUN_SID0020_MID0017_001
SMFEID0148,SID0021,MID0001,2025/01/08,production_consumption,-16,production_run,PRUN_SID0021_MID0001_002
SMFEID0149,SID0021,MID0004,2025/01/08,production_consumption,-13,production_run,PRUN_SID0021_MID0004_002
SMFEID0150,SID0021,MID0005,2025/01/08,production_consumption,-27,production_run,PRUN_SID0021_MID0005_001
SMFEID0151,SID0004,MID0007,2025/01/09,production_consumption,-109,production_run,PRUN_SID0004_MID0007_002
SMFEID0152,SID0006,MID0010,2025/01/09,production_consumption,-68,production_run,PRUN_SID0006_MID0010_002
SMFEID0153,SID0006,MID0020,2025/01/09,production_consumption,-207,production_run,PRUN_SID0006_MID0020_002
SMFEID0154,SID0007,MID0017,2025/01/09,production_consumption,-8,production_run,PRUN_SID0007_MID0017_002
SMFEID0155,SID0007,MID0020,2025/01/09,production_consumption,-119,production_run,PRUN_SID0007_MID0020_002
SMFEID0156,SID0008,MID0012,2025/01/09,production_consumption,-4,production_run,PRUN_SID0008_MID0012_001
SMFEID0157,SID0008,MID0023,2025/01/09,production_consumption,-9,production_run,PRUN_SID0008_MID0023_001
SMFEID0158,SID0011,MID0001,2025/01/09,external_receipt,219,order,OID0009
SMFEID0159,SID0011,MID0007,2025/01/09,production_consumption,-26,production_run,PRUN_SID0011_MID0007_002
SMFEID0160,SID0011,MID0008,2025/01/09,production_consumption,-45,production_run,PRUN_SID0011_MID0008_002
SMFEID0161,SID0011,MID0025,2025/01/09,production_consumption,-6,production_run,PRUN_SID0011_MID0025_002
SMFEID0162,SID0013,MID0016,2025/01/09,production_consumption,-39,production_run,PRUN_SID0013_MID0016_002
SMFEID0163,SID0013,MID0020,2025/01/09,production_consumption,-18,production_run,PRUN_SID0013_MID0020_002
SMFEID0164,SID0015,MID0007,2025/01/09,production_consumption,-118,production_run,PRUN_SID0015_MID0007_002
SMFEID0165,SID0015,MID0020,2025/01/09,production_consumption,-195,production_run,PRUN_SID0015_MID0020_002
SMFEID0166,SID0017,MID0001,2025/01/09,production_consumption,-13,production_run,PRUN_SID0017_MID0001_001
SMFEID0167,SID0017,MID0018,2025/01/09,production_consumption,-11,production_run,PRUN_SID0017_MID0018_001
SMFEID0168,SID0018,MID0002,2025/01/09,production_consumption,-11,production_run,PRUN_SID0018_MID0002_001
SMFEID0169,SID0018,MID0004,2025/01/09,production_consumption,-47,production_run,PRUN_SID0018_MID0004_002
SMFEID0170,SID0018,MID0007,2025/01/09,production_consumption,-33,production_run,PRUN_SID0018_MID0007_002
SMFEID0171,SID0018,MID0020,2025/01/09,production_consumption,-139,production_run,PRUN_SID0018_MID0020_002
SMFEID0172,SID0019,MID0013,2025/01/09,production_consumption,-2,production_run,PRUN_SID0019_MID0013_001
SMFEID0173,SID0019,MID0015,2025/01/09,production_consumption,-2,production_run,PRUN_SID0019_MID0015_001
SMFEID0174,SID0019,MID0016,2025/01/09,production_consumption,-29,production_run,PRUN_SID0019_MID0016_002
SMFEID0175,SID0020,MID0011,2025/01/09,production_consumption,-18,production_run,PRUN_SID0020_MID0011_001
SMFEID0176,SID0020,MID0017,2025/01/09,production_consumption,-43,production_run,PRUN_SID0020_MID0017_001
SMFEID0177,SID0021,MID0001,2025/01/09,production_consumption,-14,production_run,PRUN_SID0021_MID0001_002
SMFEID0178,SID0021,MID0004,2025/01/09,production_consumption,-16,production_run,PRUN_SID0021_MID0004_002
SMFEID0179,SID0021,MID0005,2025/01/09,production_consumption,-32,production_run,PRUN_SID0021_MID0005_001
SMFEID0180,SID0021,MID0018,2025/01/09,production_consumption,-29,production_run,PRUN_SID0021_MID0018_001
SMFEID0181,SID0004,MID0007,2025/01/10,production_consumption,-68,production_run,PRUN_SID0004_MID0007_002
SMFEID0182,SID0006,MID0020,2025/01/10,production_consumption,-22,production_run,PRUN_SID0006_MID0020_002
SMFEID0183,SID0007,MID0017,2025/01/10,production_consumption,-462,production_run,PRUN_SID0007_MID0017_002
SMFEID0184,SID0008,MID0012,2025/01/10,production_consumption,-3,production_run,PRUN_SID0008_MID0012_001
SMFEID0185,SID0008,MID0023,2025/01/10,production_consumption,-14,production_run,PRUN_SID0008_MID0023_001
SMFEID0186,SID0008,MID0024,2025/01/10,production_consumption,-40,production_run,PRUN_SID0008_MID0024_001
SMFEID0187,SID0011,MID0008,2025/01/10,production_consumption,-15,production_run,PRUN_SID0011_MID0008_002
SMFEID0188,SID0013,MID0016,2025/01/10,production_consumption,-60,production_run,PRUN_SID0013_MID0016_002
SMFEID0189,SID0013,MID0020,2025/01/10,production_consumption,-79,production_run,PRUN_SID0013_MID0020_002
SMFEID0190,SID0015,MID0007,2025/01/10,production_consumption,-169,production_run,PRUN_SID0015_MID0007_002
SMFEID0191,SID0015,MID0020,2025/01/10,production_consumption,-196,production_run,PRUN_SID0015_MID0020_002
SMFEID0192,SID0017,MID0001,2025/01/10,production_consumption,-15,production_run,PRUN_SID0017_MID0001_001
SMFEID0193,SID0017,MID0004,2025/01/10,production_consumption,-32,production_run,PRUN_SID0017_MID0004_001
SMFEID0194,SID0017,MID0018,2025/01/10,production_consumption,-10,production_run,PRUN_SID0017_MID0018_001
SMFEID0195,SID0018,MID0002,2025/01/10,production_consumption,-12,production_run,PRUN_SID0018_MID0002_001
SMFEID0196,SID0018,MID0004,2025/01/10,production_consumption,-41,production_run,PRUN_SID0018_MID0004_002
SMFEID0197,SID0018,MID0020,2025/01/10,production_consumption,-33,production_run,PRUN_SID0018_MID0020_002
SMFEID0198,SID0019,MID0013,2025/01/10,production_consumption,-33,production_run,PRUN_SID0019_MID0013_001
SMFEID0199,SID0019,MID0015,2025/01/10,production_consumption,-16,production_run,PRUN_SID0019_MID0015_001
SMFEID0200,SID0019,MID0016,2025/01/10,production_consumption,-29,production_run,PRUN_SID0019_MID0016_002
SMFEID0201,SID0020,MID0011,2025/01/10,production_consumption,-15,production_run,PRUN_SID0020_MID0011_001
SMFEID0202,SID0020,MID0017,2025/01/10,production_consumption,-18,production_run,PRUN_SID0020_MID0017_001
SMFEID0203,SID0021,MID0004,2025/01/10,production_consumption,-12,production_run,PRUN_SID0021_MID0004_002
SMFEID0204,SID0021,MID0005,2025/01/10,production_consumption,-16,production_run,PRUN_SID0021_MID0005_001
SMFEID0205,SID0021,MID0018,2025/01/10,production_consumption,-29,production_run,PRUN_SID0021_MID0018_001
SMFEID0206,SID0002,MID0025,2025/01/11,external_receipt,364,order,OID0010
SMFEID0207,SID0004,MID0020,2025/01/11,external_receipt,324,order,OID0011
SMFEID0208,SID0007,MID0017,2025/01/11,external_receipt,1794,order,OID0012
SMFEID0209,SID0013,MID0016,2025/01/11,external_receipt,546,order,OID0013
SMFEID0210,SID0018,MID0007,2025/01/11,external_receipt,228,order,OID0014
SMFEID0211,SID0021,MID0004,2025/01/11,external_receipt,177,order,OID0051
SMFEID0212,SID0002,MID0001,2025/01/12,external_receipt,334,order,OID0015
SMFEID0213,SID0008,MID0022,2025/01/12,external_receipt,41,order,OID0016
SMFEID0214,SID0011,MID0007,2025/01/12,external_receipt,534,order,OID0017
SMFEID0215,SID0013,MID0016,2025/01/12,external_receipt,364,order,OID0018
SMFEID0216,SID0018,MID0008,2025/01/12,external_receipt,219,order,OID0019
SMFEID0217,SID0002,MID0001,2025/01/13,production_consumption,-22,production_run,PRUN_SID0002_MID0001_003
SMFEID0218,SID0004,MID0020,2025/01/13,production_consumption,-59,production_run,PRUN_SID0004_MID0020_003
SMFEID0219,SID0006,MID0010,2025/01/13,production_consumption,-20,production_run,PRUN_SID0006_MID0010_003
SMFEID0220,SID0006,MID0020,2025/01/13,external_receipt,940,order,OID0020
SMFEID0221,SID0007,MID0020,2025/01/13,external_receipt,1261,order,OID0021
SMFEID0222,SID0007,MID0020,2025/01/13,production_consumption,-87,production_run,PRUN_SID0007_MID0020_003
SMFEID0223,SID0008,MID0012,2025/01/13,production_consumption,-7,production_run,PRUN_SID0008_MID0012_001
SMFEID0224,SID0008,MID0023,2025/01/13,production_consumption,-3,production_run,PRUN_SID0008_MID0023_001
SMFEID0225,SID0008,MID0024,2025/01/13,production_consumption,-14,production_run,PRUN_SID0008_MID0024_001
SMFEID0226,SID0011,MID0001,2025/01/13,production_consumption,-18,production_run,PRUN_SID0011_MID0001_003
SMFEID0227,SID0011,MID0007,2025/01/13,production_consumption,-5,production_run,PRUN_SID0011_MID0007_003
SMFEID0228,SID0011,MID0020,2025/01/13,production_consumption,-172,production_run,PRUN_SID0011_MID0020_003
SMFEID0229,SID0011,MID0025,2025/01/13,production_consumption,-21,production_run,PRUN_SID0011_MID0025_003
SMFEID0230,SID0013,MID0020,2025/01/13,production_consumption,-34,production_run,PRUN_SID0013_MID0020_003
SMFEID0231,SID0015,MID0007,2025/01/13,production_consumption,-94,production_run,PRUN_SID0015_MID0007_003
SMFEID0232,SID0017,MID0001,2025/01/13,production_consumption,-23,production_run,PRUN_SID0017_MID0001_001
SMFEID0233,SID0017,MID0004,2025/01/13,production_consumption,-35,production_run,PRUN_SID0017_MID0004_001
SMFEID0234,SID0018,MID0002,2025/01/13,production_consumption,-8,production_run,PRUN_SID0018_MID0002_001
SMFEID0235,SID0018,MID0004,2025/01/13,production_consumption,-67,production_run,PRUN_SID0018_MID0004_003
SMFEID0236,SID0018,MID0007,2025/01/13,production_consumption,-9,production_run,PRUN_SID0018_MID0007_003
SMFEID0237,SID0019,MID0013,2025/01/13,production_consumption,-25,production_run,PRUN_SID0019_MID0013_001
SMFEID0238,SID0019,MID0015,2025/01/13,production_consumption,-36,production_run,PRUN_SID0019_MID0015_001
SMFEID0239,SID0020,MID0011,2025/01/13,production_consumption,-11,production_run,PRUN_SID0020_MID0011_001
SMFEID0240,SID0021,MID0005,2025/01/13,external_receipt,55,order,OID0022
SMFEID0241,SID0021,MID0005,2025/01/13,production_consumption,-21,production_run,PRUN_SID0021_MID0005_001
SMFEID0242,SID0021,MID0018,2025/01/13,production_consumption,-17,production_run,PRUN_SID0021_MID0018_001
SMFEID0243,SID0002,MID0001,2025/01/14,production_consumption,-7,production_run,PRUN_SID0002_MID0001_003
SMFEID0244,SID0004,MID0007,2025/01/14,production_consumption,-25,production_run,PRUN_SID0004_MID0007_003
SMFEID0245,SID0004,MID0020,2025/01/14,production_consumption,-3,production_run,PRUN_SID0004_MID0020_003
SMFEID0246,SID0006,MID0010,2025/01/14,production_consumption,-31,production_run,PRUN_SID0006_MID0010_003
SMFEID0247,SID0007,MID0017,2025/01/14,production_consumption,-133,production_run,PRUN_SID0007_MID0017_003
SMFEID0248,SID0007,MID0020,2025/01/14,production_consumption,-53,production_run,PRUN_SID0007_MID0020_003
SMFEID0249,SID0008,MID0024,2025/01/14,external_receipt,55,order,OID0023
SMFEID0250,SID0011,MID0001,2025/01/14,production_consumption,-16,production_run,PRUN_SID0011_MID0001_003
SMFEID0251,SID0011,MID0007,2025/01/14,production_consumption,-33,production_run,PRUN_SID0011_MID0007_003
SMFEID0252,SID0011,MID0020,2025/01/14,production_consumption,-52,production_run,PRUN_SID0011_MID0020_003
SMFEID0253,SID0011,MID0025,2025/01/14,production_consumption,-24,production_run,PRUN_SID0011_MID0025_003
SMFEID0254,SID0013,MID0020,2025/01/14,production_consumption,-58,production_run,PRUN_SID0013_MID0020_003
SMFEID0255,SID0015,MID0007,2025/01/14,production_consumption,-137,production_run,PRUN_SID0015_MID0007_003
SMFEID0256,SID0017,MID0001,2025/01/14,production_consumption,-11,production_run,PRUN_SID0017_MID0001_001
SMFEID0257,SID0017,MID0004,2025/01/14,production_consumption,-8,production_run,PRUN_SID0017_MID0004_001
SMFEID0258,SID0018,MID0002,2025/01/14,production_consumption,-8,production_run,PRUN_SID0018_MID0002_001
SMFEID0259,SID0018,MID0004,2025/01/14,production_consumption,-96,production_run,PRUN_SID0018_MID0004_003
SMFEID0260,SID0018,MID0007,2025/01/14,production_consumption,-29,production_run,PRUN_SID0018_MID0007_003
SMFEID0261,SID0018,MID0020,2025/01/14,production_consumption,-83,production_run,PRUN_SID0018_MID0020_003
SMFEID0262,SID0019,MID0015,2025/01/14,production_consumption,-15,production_run,PRUN_SID0019_MID0015_001
SMFEID0263,SID0019,MID0016,2025/01/14,production_consumption,-45,production_run,PRUN_SID0019_MID0016_003
SMFEID0264,SID0020,MID0003,2025/01/14,external_receipt,122,order,OID0024
SMFEID0265,SID0021,MID0001,2025/01/14,production_consumption,-57,production_run,PRUN_SID0021_MID0001_003
SMFEID0266,SID0021,MID0005,2025/01/14,external_receipt,273,order,OID0025
SMFEID0267,SID0002,MID0001,2025/01/15,production_consumption,-15,production_run,PRUN_SID0002_MID0001_003
SMFEID0268,SID0002,MID0025,2025/01/15,production_consumption,-24,production_run,PRUN_SID0002_MID0025_003
SMFEID0269,SID0004,MID0007,2025/01/15,external_receipt,1016,order,OID0026
SMFEID0270,SID0004,MID0007,2025/01/15,production_consumption,-69,production_run,PRUN_SID0004_MID0007_003
SMFEID0271,SID0004,MID0020,2025/01/15,production_consumption,-8,production_run,PRUN_SID0004_MID0020_003
SMFEID0272,SID0006,MID0010,2025/01/15,production_consumption,-20,production_run,PRUN_SID0006_MID0010_003
SMFEID0273,SID0006,MID0020,2025/01/15,production_consumption,-139,production_run,PRUN_SID0006_MID0020_003
SMFEID0274,SID0007,MID0017,2025/01/15,production_consumption,-222,production_run,PRUN_SID0007_MID0017_003
SMFEID0275,SID0007,MID0020,2025/01/15,production_consumption,-41,production_run,PRUN_SID0007_MID0020_003
SMFEID0276,SID0011,MID0001,2025/01/15,production_consumption,-17,production_run,PRUN_SID0011_MID0001_003
SMFEID0277,SID0011,MID0007,2025/01/15,production_consumption,-60,production_run,PRUN_SID0011_MID0007_003
SMFEID0278,SID0011,MID0008,2025/01/15,production_consumption,-104,production_run,PRUN_SID0011_MID0008_003
SMFEID0279,SID0011,MID0020,2025/01/15,production_consumption,-122,production_run,PRUN_SID0011_MID0020_003
SMFEID0280,SID0011,MID0025,2025/01/15,production_consumption,-19,production_run,PRUN_SID0011_MID0025_003
SMFEID0281,SID0013,MID0020,2025/01/15,production_consumption,-80,production_run,PRUN_SID0013_MID0020_003
SMFEID0282,SID0015,MID0007,2025/01/15,production_consumption,-37,production_run,PRUN_SID0015_MID0007_003
SMFEID0283,SID0015,MID0020,2025/01/15,production_consumption,-158,production_run,PRUN_SID0015_MID0020_003
SMFEID0284,SID0017,MID0001,2025/01/15,production_consumption,-13,production_run,PRUN_SID0017_MID0001_001
SMFEID0285,SID0017,MID0004,2025/01/15,production_consumption,-20,production_run,PRUN_SID0017_MID0004_001
SMFEID0286,SID0018,MID0002,2025/01/15,production_consumption,-11,production_run,PRUN_SID0018_MID0002_001
SMFEID0287,SID0018,MID0004,2025/01/15,production_consumption,-65,production_run,PRUN_SID0018_MID0004_003
SMFEID0288,SID0018,MID0007,2025/01/15,external_receipt,152,order,OID0027
SMFEID0289,SID0018,MID0007,2025/01/15,production_consumption,-13,production_run,PRUN_SID0018_MID0007_003
SMFEID0290,SID0018,MID0020,2025/01/15,production_consumption,-10,production_run,PRUN_SID0018_MID0020_003
SMFEID0291,SID0019,MID0015,2025/01/15,production_consumption,-10,production_run,PRUN_SID0019_MID0015_001
SMFEID0292,SID0019,MID0016,2025/01/15,production_consumption,-37,production_run,PRUN_SID0019_MID0016_003
SMFEID0293,SID0020,MID0003,2025/01/15,external_receipt,73,order,OID0028
SMFEID0294,SID0020,MID0017,2025/01/15,external_receipt,382,order,OID0029
SMFEID0295,SID0021,MID0001,2025/01/15,production_consumption,-8,production_run,PRUN_SID0021_MID0001_003
SMFEID0296,SID0021,MID0004,2025/01/15,production_consumption,-36,production_run,PRUN_SID0021_MID0004_003
SMFEID0297,SID0002,MID0001,2025/01/16,production_consumption,-24,production_run,PRUN_SID0002_MID0001_003
SMFEID0298,SID0002,MID0020,2025/01/16,external_receipt,361,order,OID0030
SMFEID0299,SID0002,MID0025,2025/01/16,production_consumption,-13,production_run,PRUN_SID0002_MID0025_003
SMFEID0300,SID0004,MID0007,2025/01/16,production_consumption,-60,production_run,PRUN_SID0004_MID0007_003
SMFEID0301,SID0004,MID0020,2025/01/16,production_consumption,-24,production_run,PRUN_SID0004_MID0020_003
SMFEID0302,SID0006,MID0010,2025/01/16,production_consumption,-23,production_run,PRUN_SID0006_MID0010_003
SMFEID0303,SID0006,MID0020,2025/01/16,production_consumption,-88,production_run,PRUN_SID0006_MID0020_003
SMFEID0304,SID0007,MID0017,2025/01/16,production_consumption,-9,production_run,PRUN_SID0007_MID0017_003
SMFEID0305,SID0007,MID0020,2025/01/16,production_consumption,-97,production_run,PRUN_SID0007_MID0020_003
SMFEID0306,SID0011,MID0001,2025/01/16,production_consumption,-12,production_run,PRUN_SID0011_MID0001_003
SMFEID0307,SID0011,MID0007,2025/01/16,production_consumption,-39,production_run,PRUN_SID0011_MID0007_003
SMFEID0308,SID0011,MID0008,2025/01/16,production_consumption,-167,production_run,PRUN_SID0011_MID0008_003
SMFEID0309,SID0011,MID0020,2025/01/16,production_consumption,-32,production_run,PRUN_SID0011_MID0020_003
SMFEID0310,SID0013,MID0016,2025/01/16,production_consumption,-44,production_run,PRUN_SID0013_MID0016_003
SMFEID0311,SID0013,MID0020,2025/01/16,production_consumption,-54,production_run,PRUN_SID0013_MID0020_003
SMFEID0312,SID0015,MID0007,2025/01/16,production_consumption,-149,production_run,PRUN_SID0015_MID0007_003
SMFEID0313,SID0015,MID0020,2025/01/16,production_consumption,-144,production_run,PRUN_SID0015_MID0020_003
SMFEID0314,SID0017,MID0005,2025/01/16,production_consumption,-11,production_run,PRUN_SID0017_MID0005_001
SMFEID0315,SID0018,MID0004,2025/01/16,production_consumption,-73,production_run,PRUN_SID0018_MID0004_003
SMFEID0316,SID0018,MID0007,2025/01/16,production_consumption,-19,production_run,PRUN_SID0018_MID0007_003
SMFEID0317,SID0018,MID0020,2025/01/16,production_consumption,-102,production_run,PRUN_SID0018_MID0020_003
SMFEID0318,SID0019,MID0010,2025/01/16,production_consumption,-35,production_run,PRUN_SID0019_MID0010_003
SMFEID0319,SID0019,MID0015,2025/01/16,external_receipt,61,order,OID0058
SMFEID0320,SID0019,MID0016,2025/01/16,production_consumption,-29,production_run,PRUN_SID0019_MID0016_003
SMFEID0321,SID0021,MID0001,2025/01/16,production_consumption,-15,production_run,PRUN_SID0021_MID0001_003
SMFEID0322,SID0021,MID0004,2025/01/16,production_consumption,-58,production_run,PRUN_SID0021_MID0004_003
SMFEID0323,SID0021,MID0018,2025/01/16,external_receipt,122,order,OID0031
SMFEID0324,SID0002,MID0001,2025/01/17,production_consumption,-8,production_run,PRUN_SID0002_MID0001_003
SMFEID0325,SID0002,MID0025,2025/01/17,production_consumption,-33,production_run,PRUN_SID0002_MID0025_003
SMFEID0326,SID0006,MID0010,2025/01/17,production_consumption,-12,production_run,PRUN_SID0006_MID0010_003
SMFEID0327,SID0007,MID0017,2025/01/17,production_consumption,-176,production_run,PRUN_SID0007_MID0017_003
SMFEID0328,SID0007,MID0020,2025/01/17,production_consumption,-71,production_run,PRUN_SID0007_MID0020_003
SMFEID0329,SID0008,MID0022,2025/01/17,external_receipt,142,order,OID0032
SMFEID0330,SID0008,MID0023,2025/01/17,external_receipt,73,order,OID0033
SMFEID0331,SID0011,MID0001,2025/01/17,production_consumption,-11,production_run,PRUN_SID0011_MID0001_003
SMFEID0332,SID0011,MID0008,2025/01/17,production_consumption,-2,production_run,PRUN_SID0011_MID0008_003
SMFEID0333,SID0011,MID0020,2025/01/17,production_consumption,-38,production_run,PRUN_SID0011_MID0020_003
SMFEID0334,SID0013,MID0016,2025/01/17,production_consumption,-163,production_run,PRUN_SID0013_MID0016_003
SMFEID0335,SID0013,MID0020,2025/01/17,production_consumption,-11,production_run,PRUN_SID0013_MID0020_003
SMFEID0336,SID0015,MID0007,2025/01/17,production_consumption,-141,production_run,PRUN_SID0015_MID0007_003
SMFEID0337,SID0015,MID0020,2025/01/17,production_consumption,-85,production_run,PRUN_SID0015_MID0020_003
SMFEID0338,SID0015,MID0025,2025/01/17,external_receipt,291,order,OID0034
SMFEID0339,SID0017,MID0005,2025/01/17,production_consumption,-14,production_run,PRUN_SID0017_MID0005_001
SMFEID0340,SID0018,MID0007,2025/01/17,production_consumption,-23,production_run,PRUN_SID0018_MID0007_003
SMFEID0341,SID0018,MID0020,2025/01/17,production_consumption,-142,production_run,PRUN_SID0018_MID0020_003
SMFEID0342,SID0019,MID0010,2025/01/17,production_consumption,-67,production_run,PRUN_SID0019_MID0010_003
SMFEID0343,SID0019,MID0016,2025/01/17,production_consumption,-35,production_run,PRUN_SID0019_MID0016_003
SMFEID0344,SID0021,MID0001,2025/01/17,production_consumption,-8,production_run,PRUN_SID0021_MID0001_003
SMFEID0345,SID0021,MID0004,2025/01/17,production_consumption,-76,production_run,PRUN_SID0021_MID0004_003
SMFEID0346,SID0007,MID0017,2025/01/18,external_receipt,897,order,OID0059
SMFEID0347,SID0011,MID0008,2025/01/18,external_receipt,1152,order,OID0035
SMFEID0348,SID0013,MID0020,2025/01/18,external_receipt,364,order,OID0060
SMFEID0349,SID0018,MID0002,2025/01/18,external_receipt,101,order,OID0036
SMFEID0350,SID0004,MID0020,2025/01/19,external_receipt,162,order,OID0061
SMFEID0351,SID0017,MID0001,2025/01/19,external_receipt,228,order,OID0037
SMFEID0352,SID0017,MID0004,2025/01/19,external_receipt,485,order,OID0038
SMFEID0353,SID0019,MID0010,2025/01/19,external_receipt,495,order,OID0039
SMFEID0354,SID0019,MID0015,2025/01/19,external_receipt,61,order,OID0062
SMFEID0355,SID0020,MID0014,2025/01/19,external_receipt,219,order,OID0040
SMFEID0356,SID0002,MID0001,2025/01/20,production_consumption,-26,production_run,PRUN_SID0002_MID0001_004
SMFEID0357,SID0004,MID0007,2025/01/20,production_consumption,-15,production_run,PRUN_SID0004_MID0007_004
SMFEID0358,SID0004,MID0020,2025/01/20,production_consumption,-23,production_run,PRUN_SID0004_MID0020_004
SMFEID0359,SID0006,MID0010,2025/01/20,production_consumption,-31,production_run,PRUN_SID0006_MID0010_004
SMFEID0360,SID0007,MID0020,2025/01/20,production_consumption,-55,production_run,PRUN_SID0007_MID0020_004
SMFEID0361,SID0011,MID0008,2025/01/20,production_consumption,-6,production_run,PRUN_SID0011_MID0008_004
SMFEID0362,SID0013,MID0016,2025/01/20,production_consumption,-21,production_run,PRUN_SID0013_MID0016_004
SMFEID0363,SID0015,MID0007,2025/01/20,production_consumption,-210,production_run,PRUN_SID0015_MID0007_004
SMFEID0364,SID0015,MID0020,2025/01/20,production_consumption,-114,production_run,PRUN_SID0015_MID0020_004
SMFEID0365,SID0017,MID0005,2025/01/20,production_consumption,-4,production_run,PRUN_SID0017_MID0005_001
SMFEID0366,SID0018,MID0007,2025/01/20,production_consumption,-43,production_run,PRUN_SID0018_MID0007_004
SMFEID0367,SID0019,MID0010,2025/01/20,production_consumption,-12,production_run,PRUN_SID0019_MID0010_004
SMFEID0368,SID0019,MID0013,2025/01/20,external_receipt,71,order,OID0063
SMFEID0369,SID0019,MID0016,2025/01/20,production_consumption,-37,production_run,PRUN_SID0019_MID0016_004
SMFEID0370,SID0021,MID0001,2025/01/20,production_consumption,-44,production_run,PRUN_SID0021_MID0001_004
SMFEID0371,SID0021,MID0004,2025/01/20,external_receipt,177,order,OID0076
SMFEID0372,SID0002,MID0001,2025/01/21,production_consumption,-10,production_run,PRUN_SID0002_MID0001_004
SMFEID0373,SID0002,MID0025,2025/01/21,production_consumption,-3,production_run,PRUN_SID0002_MID0025_004
SMFEID0374,SID0004,MID0007,2025/01/21,production_consumption,-56,production_run,PRUN_SID0004_MID0007_004
SMFEID0375,SID0004,MID0020,2025/01/21,production_consumption,-74,production_run,PRUN_SID0004_MID0020_004
SMFEID0376,SID0006,MID0010,2025/01/21,production_consumption,-23,production_run,PRUN_SID0006_MID0010_004
SMFEID0377,SID0006,MID0020,2025/01/21,production_consumption,-58,production_run,PRUN_SID0006_MID0020_004
SMFEID0378,SID0007,MID0017,2025/01/21,production_consumption,-146,production_run,PRUN_SID0007_MID0017_004
SMFEID0379,SID0007,MID0020,2025/01/21,external_receipt,608,order,OID0055
SMFEID0380,SID0007,MID0020,2025/01/21,production_consumption,-109,production_run,PRUN_SID0007_MID0020_004
SMFEID0381,SID0008,MID0012,2025/01/21,external_receipt,26,order,OID0041
SMFEID0382,SID0011,MID0001,2025/01/21,production_consumption,-37,production_run,PRUN_SID0011_MID0001_004
SMFEID0383,SID0011,MID0007,2025/01/21,production_consumption,-130,production_run,PRUN_SID0011_MID0007_004
SMFEID0384,SID0011,MID0008,2025/01/21,production_consumption,-95,production_run,PRUN_SID0011_MID0008_004
SMFEID0385,SID0013,MID0016,2025/01/21,production_consumption,-54,production_run,PRUN_SID0013_MID0016_004
SMFEID0386,SID0015,MID0007,2025/01/21,production_consumption,-266,production_run,PRUN_SID0015_MID0007_004
SMFEID0387,SID0015,MID0020,2025/01/21,production_consumption,-342,production_run,PRUN_SID0015_MID0020_004
SMFEID0388,SID0017,MID0005,2025/01/21,production_consumption,-14,production_run,PRUN_SID0017_MID0005_001
SMFEID0389,SID0018,MID0004,2025/01/21,external_receipt,2037,order,OID0042
SMFEID0390,SID0018,MID0007,2025/01/21,production_consumption,-42,production_run,PRUN_SID0018_MID0007_004
SMFEID0391,SID0019,MID0010,2025/01/21,production_consumption,-27,production_run,PRUN_SID0019_MID0010_004
SMFEID0392,SID0019,MID0016,2025/01/21,production_consumption,-8,production_run,PRUN_SID0019_MID0016_004
SMFEID0393,SID0020,MID0003,2025/01/21,production_consumption,-16,production_run,PRUN_SID0020_MID0003_001
SMFEID0394,SID0021,MID0001,2025/01/21,production_consumption,-12,production_run,PRUN_SID0021_MID0001_004
SMFEID0395,SID0021,MID0004,2025/01/21,production_consumption,-79,production_run,PRUN_SID0021_MID0004_004
SMFEID0396,SID0021,MID0005,2025/01/21,external_receipt,253,order,OID0052
SMFEID0397,SID0002,MID0001,2025/01/22,production_consumption,-32,production_run,PRUN_SID0002_MID0001_004
SMFEID0398,SID0002,MID0020,2025/01/22,production_consumption,-5,production_run,PRUN_SID0002_MID0020_002
SMFEID0399,SID0002,MID0025,2025/01/22,production_consumption,-31,production_run,PRUN_SID0002_MID0025_004
SMFEID0400,SID0004,MID0007,2025/01/22,production_consumption,-46,production_run,PRUN_SID0004_MID0007_004
SMFEID0401,SID0006,MID0010,2025/01/22,external_receipt,172,order,OID0066
SMFEID0402,SID0006,MID0010,2025/01/22,production_consumption,-10,production_run,PRUN_SID0006_MID0010_004
SMFEID0403,SID0006,MID0020,2025/01/22,production_consumption,-53,production_run,PRUN_SID0006_MID0020_004
SMFEID0404,SID0007,MID0017,2025/01/22,production_consumption,-259,production_run,PRUN_SID0007_MID0017_004
SMFEID0405,SID0007,MID0020,2025/01/22,production_consumption,-131,production_run,PRUN_SID0007_MID0020_004
SMFEID0406,SID0011,MID0001,2025/01/22,production_consumption,-38,production_run,PRUN_SID0011_MID0001_004
SMFEID0407,SID0011,MID0007,2025/01/22,production_consumption,-11,production_run,PRUN_SID0011_MID0007_004
SMFEID0408,SID0011,MID0008,2025/01/22,production_consumption,-25,production_run,PRUN_SID0011_MID0008_004
SMFEID0409,SID0011,MID0020,2025/01/22,production_consumption,-125,production_run,PRUN_SID0011_MID0020_004
SMFEID0410,SID0011,MID0025,2025/01/22,production_consumption,-9,production_run,PRUN_SID0011_MID0025_004
SMFEID0411,SID0013,MID0016,2025/01/22,production_consumption,-34,production_run,PRUN_SID0013_MID0016_004
SMFEID0412,SID0013,MID0020,2025/01/22,production_consumption,-40,production_run,PRUN_SID0013_MID0020_004
SMFEID0413,SID0015,MID0007,2025/01/22,production_consumption,-62,production_run,PRUN_SID0015_MID0007_004
SMFEID0414,SID0015,MID0020,2025/01/22,external_receipt,2505,order,OID0043
SMFEID0415,SID0017,MID0005,2025/01/22,production_consumption,-7,production_run,PRUN_SID0017_MID0005_001
SMFEID0416,SID0018,MID0004,2025/01/22,production_consumption,-108,production_run,PRUN_SID0018_MID0004_004
SMFEID0417,SID0018,MID0020,2025/01/22,external_receipt,2222,order,OID0044
SMFEID0418,SID0018,MID0020,2025/01/22,production_consumption,-80,production_run,PRUN_SID0018_MID0020_004
SMFEID0419,SID0019,MID0010,2025/01/22,production_consumption,-25,production_run,PRUN_SID0019_MID0010_004
SMFEID0420,SID0019,MID0016,2025/01/22,production_consumption,-39,production_run,PRUN_SID0019_MID0016_004
SMFEID0421,SID0020,MID0003,2025/01/22,production_consumption,-24,production_run,PRUN_SID0020_MID0003_001
SMFEID0422,SID0020,MID0011,2025/01/22,external_receipt,81,order,OID0045
SMFEID0423,SID0021,MID0001,2025/01/22,production_consumption,-9,production_run,PRUN_SID0021_MID0001_004
SMFEID0424,SID0021,MID0004,2025/01/22,production_consumption,-58,production_run,PRUN_SID0021_MID0004_004
SMFEID0425,SID0021,MID0018,2025/01/22,production_consumption,-24,production_run,PRUN_SID0021_MID0018_002
SMFEID0426,SID0002,MID0020,2025/01/23,production_consumption,-10,production_run,PRUN_SID0002_MID0020_002
SMFEID0427,SID0002,MID0025,2025/01/23,production_consumption,-12,production_run,PRUN_SID0002_MID0025_004
SMFEID0428,SID0004,MID0007,2025/01/23,production_consumption,-72,production_run,PRUN_SID0004_MID0007_004
SMFEID0429,SID0006,MID0010,2025/01/23,production_consumption,-14,production_run,PRUN_SID0006_MID0010_004
SMFEID0430,SID0006,MID0020,2025/01/23,production_consumption,-66,production_run,PRUN_SID0006_MID0020_004
SMFEID0431,SID0007,MID0017,2025/01/23,production_consumption,-51,production_run,PRUN_SID0007_MID0017_004
SMFEID0432,SID0007,MID0020,2025/01/23,production_consumption,-65,production_run,PRUN_SID0007_MID0020_004
SMFEID0433,SID0011,MID0001,2025/01/23,external_receipt,110,order,OID0064
SMFEID0434,SID0011,MID0008,2025/01/23,production_consumption,-71,production_run,PRUN_SID0011_MID0008_004
SMFEID0435,SID0011,MID0020,2025/01/23,production_consumption,-362,production_run,PRUN_SID0011_MID0020_004
SMFEID0436,SID0011,MID0025,2025/01/23,production_consumption,-49,production_run,PRUN_SID0011_MID0025_004
SMFEID0437,SID0013,MID0016,2025/01/23,production_consumption,-17,production_run,PRUN_SID0013_MID0016_004
SMFEID0438,SID0013,MID0020,2025/01/23,production_consumption,-185,production_run,PRUN_SID0013_MID0020_004
SMFEID0439,SID0015,MID0007,2025/01/23,external_receipt,4582,order,OID0046
SMFEID0440,SID0017,MID0005,2025/01/23,production_consumption,-10,production_run,PRUN_SID0017_MID0005_001
SMFEID0441,SID0018,MID0004,2025/01/23,production_consumption,-59,production_run,PRUN_SID0018_MID0004_004
SMFEID0442,SID0018,MID0020,2025/01/23,production_consumption,-263,production_run,PRUN_SID0018_MID0020_004
SMFEID0443,SID0018,MID0021,2025/01/23,production_consumption,-26,production_run,PRUN_SID0018_MID0021_002
SMFEID0444,SID0019,MID0010,2025/01/23,production_consumption,-29,production_run,PRUN_SID0019_MID0010_004
SMFEID0445,SID0019,MID0013,2025/01/23,production_consumption,-34,production_run,PRUN_SID0019_MID0013_002
SMFEID0446,SID0019,MID0016,2025/01/23,external_receipt,1019,order,OID0047
SMFEID0447,SID0019,MID0016,2025/01/23,production_consumption,-9,production_run,PRUN_SID0019_MID0016_004
SMFEID0448,SID0020,MID0003,2025/01/23,production_consumption,-56,production_run,PRUN_SID0020_MID0003_001
SMFEID0449,SID0020,MID0014,2025/01/23,production_consumption,-26,production_run,PRUN_SID0020_MID0014_001
SMFEID0450,SID0021,MID0001,2025/01/23,production_consumption,-23,production_run,PRUN_SID0021_MID0001_004
SMFEID0451,SID0021,MID0004,2025/01/23,production_consumption,-27,production_run,PRUN_SID0021_MID0004_004
SMFEID0452,SID0021,MID0018,2025/01/23,production_consumption,-3,production_run,PRUN_SID0021_MID0018_002
SMFEID0453,SID0002,MID0020,2025/01/24,production_consumption,-33,production_run,PRUN_SID0002_MID0020_002
SMFEID0454,SID0002,MID0025,2025/01/24,production_consumption,-32,production_run,PRUN_SID0002_MID0025_004
SMFEID0455,SID0006,MID0010,2025/01/24,production_consumption,-30,production_run,PRUN_SID0006_MID0010_004
SMFEID0456,SID0006,MID0020,2025/01/24,production_consumption,-38,production_run,PRUN_SID0006_MID0020_004
SMFEID0457,SID0007,MID0017,2025/01/24,production_consumption,-53,production_run,PRUN_SID0007_MID0017_004
SMFEID0458,SID0007,MID0020,2025/01/24,production_consumption,-3,production_run,PRUN_SID0007_MID0020_004
SMFEID0459,SID0011,MID0008,2025/01/24,production_consumption,-49,production_run,PRUN_SID0011_MID0008_004
SMFEID0460,SID0013,MID0016,2025/01/24,production_consumption,-60,production_run,PRUN_SID0013_MID0016_004
SMFEID0461,SID0013,MID0020,2025/01/24,production_consumption,-43,production_run,PRUN_SID0013_MID0020_004
SMFEID0462,SID0017,MID0018,2025/01/24,external_receipt,97,order,OID0048
SMFEID0463,SID0018,MID0004,2025/01/24,production_consumption,-87,production_run,PRUN_SID0018_MID0004_004
SMFEID0464,SID0018,MID0008,2025/01/24,production_consumption,-10,production_run,PRUN_SID0018_MID0008_002
SMFEID0465,SID0018,MID0021,2025/01/24,production_consumption,-27,production_run,PRUN_SID0018_MID0021_002
SMFEID0466,SID0019,MID0013,2025/01/24,production_consumption,-34,production_run,PRUN_SID0019_MID0013_002
SMFEID0467,SID0019,MID0016,2025/01/24,production_consumption,-53,production_run,PRUN_SID0019_MID0016_004
SMFEID0468,SID0020,MID0014,2025/01/24,production_consumption,-26,production_run,PRUN_SID0020_MID0014_001
SMFEID0469,SID0021,MID0001,2025/01/24,external_receipt,693,order,OID0049
SMFEID0470,SID0021,MID0005,2025/01/24,external_receipt,55,order,OID0053
SMFEID0471,SID0021,MID0018,2025/01/24,production_consumption,-21,production_run,PRUN_SID0021_MID0018_002
SMFEID0472,SID0011,MID0007,2025/01/25,external_receipt,330,order,OID0065
SMFEID0473,SID0011,MID0020,2025/01/25,external_receipt,746,order,OID0072
SMFEID0474,SID0018,MID0002,2025/01/25,external_receipt,122,order,OID0054
SMFEID0475,SID0018,MID0007,2025/01/25,external_receipt,76,order,OID0073
SMFEID0476,SID0018,MID0021,2025/01/25,external_receipt,382,order,OID0050
SMFEID0477,SID0007,MID0017,2025/01/26,external_receipt,897,order,OID0089
SMFEID0478,SID0002,MID0020,2025/01/27,production_consumption,-57,production_run,PRUN_SID0002_MID0020_002
SMFEID0479,SID0002,MID0025,2025/01/27,production_consumption,-41,production_run,PRUN_SID0002_MID0025_005
SMFEID0480,SID0004,MID0020,2025/01/27,production_consumption,-35,production_run,PRUN_SID0004_MID0020_005
SMFEID0481,SID0006,MID0010,2025/01/27,production_consumption,-22,production_run,PRUN_SID0006_MID0010_005
SMFEID0482,SID0007,MID0017,2025/01/27,production_consumption,-147,production_run,PRUN_SID0007_MID0017_005
SMFEID0483,SID0007,MID0020,2025/01/27,production_consumption,-4,production_run,PRUN_SID0007_MID0020_005
SMFEID0484,SID0008,MID0022,2025/01/27,production_consumption,-5,production_run,PRUN_SID0008_MID0022_002
SMFEID0485,SID0011,MID0001,2025/01/27,production_consumption,-44,production_run,PRUN_SID0011_MID0001_005
SMFEID0486,SID0011,MID0007,2025/01/27,production_consumption,-25,production_run,PRUN_SID0011_MID0007_005
SMFEID0487,SID0011,MID0008,2025/01/27,external_receipt,691,order,OID0067
SMFEID0488,SID0011,MID0008,2025/01/27,production_consumption,-75,production_run,PRUN_SID0011_MID0008_005
SMFEID0489,SID0011,MID0020,2025/01/27,production_consumption,-12,production_run,PRUN_SID0011_MID0020_005
SMFEID0490,SID0013,MID0020,2025/01/27,production_consumption,-42,production_run,PRUN_SID0013_MID0020_005
SMFEID0491,SID0015,MID0020,2025/01/27,production_consumption,-107,production_run,PRUN_SID0015_MID0020_005
SMFEID0492,SID0017,MID0004,2025/01/27,production_consumption,-70,production_run,PRUN_SID0017_MID0004_002
SMFEID0493,SID0018,MID0007,2025/01/27,production_consumption,-46,production_run,PRUN_SID0018_MID0007_005
SMFEID0494,SID0018,MID0008,2025/01/27,production_consumption,-18,production_run,PRUN_SID0018_MID0008_002
SMFEID0495,SID0018,MID0020,2025/01/27,production_consumption,-34,production_run,PRUN_SID0018_MID0020_005
SMFEID0496,SID0018,MID0021,2025/01/27,production_consumption,-27,production_run,PRUN_SID0018_MID0021_002
SMFEID0497,SID0019,MID0010,2025/01/27,production_consumption,-4,production_run,PRUN_SID0019_MID0010_005
SMFEID0498,SID0019,MID0013,2025/01/27,production_consumption,-18,production_run,PRUN_SID0019_MID0013_002
SMFEID0499,SID0019,MID0015,2025/01/27,production_consumption,-10,production_run,PRUN_SID0019_MID0015_002
SMFEID0500,SID0020,MID0014,2025/01/27,production_consumption,-25,production_run,PRUN_SID0020_MID0014_001
SMFEID0501,SID0020,MID0017,2025/01/27,production_consumption,-44,production_run,PRUN_SID0020_MID0017_002
SMFEID0502,SID0021,MID0001,2025/01/27,production_consumption,-7,production_run,PRUN_SID0021_MID0001_005
SMFEID0503,SID0021,MID0005,2025/01/27,production_consumption,-21,production_run,PRUN_SID0021_MID0005_002
SMFEID0504,SID0021,MID0018,2025/01/27,production_consumption,-22,production_run,PRUN_SID0021_MID0018_002
SMFEID0505,SID0002,MID0001,2025/01/28,production_consumption,-13,production_run,PRUN_SID0002_MID0001_005
SMFEID0506,SID0002,MID0020,2025/01/28,production_consumption,-58,production_run,PRUN_SID0002_MID0020_002
SMFEID0507,SID0002,MID0025,2025/01/28,production_consumption,-10,production_run,PRUN_SID0002_MID0025_005
SMFEID0508,SID0004,MID0007,2025/01/28,production_consumption,-80,production_run,PRUN_SID0004_MID0007_005
SMFEID0509,SID0004,MID0020,2025/01/28,production_consumption,-35,production_run,PRUN_SID0004_MID0020_005
SMFEID0510,SID0006,MID0010,2025/01/28,production_consumption,-42,production_run,PRUN_SID0006_MID0010_005
SMFEID0511,SID0007,MID0017,2025/01/28,production_consumption,-88,production_run,PRUN_SID0007_MID0017_005
SMFEID0512,SID0007,MID0020,2025/01/28,external_receipt,631,order,OID0084
SMFEID0513,SID0007,MID0020,2025/01/28,production_consumption,-38,production_run,PRUN_SID0007_MID0020_005
SMFEID0514,SID0008,MID0012,2025/01/28,external_receipt,21,order,OID0056
SMFEID0515,SID0008,MID0022,2025/01/28,production_consumption,-29,production_run,PRUN_SID0008_MID0022_002
SMFEID0516,SID0011,MID0001,2025/01/28,external_receipt,110,order,OID0090
SMFEID0517,SID0011,MID0001,2025/01/28,production_consumption,-31,production_run,PRUN_SID0011_MID0001_005
SMFEID0518,SID0011,MID0007,2025/01/28,production_consumption,-72,production_run,PRUN_SID0011_MID0007_005
SMFEID0519,SID0011,MID0008,2025/01/28,production_consumption,-72,production_run,PRUN_SID0011_MID0008_005
SMFEID0520,SID0011,MID0020,2025/01/28,production_consumption,-16,production_run,PRUN_SID0011_MID0020_005
SMFEID0521,SID0011,MID0025,2025/01/28,production_consumption,-7,production_run,PRUN_SID0011_MID0025_005
SMFEID0522,SID0013,MID0016,2025/01/28,production_consumption,-63,production_run,PRUN_SID0013_MID0016_005
SMFEID0523,SID0013,MID0020,2025/01/28,production_consumption,-64,production_run,PRUN_SID0013_MID0020_005
SMFEID0524,SID0015,MID0007,2025/01/28,production_consumption,-263,production_run,PRUN_SID0015_MID0007_005
SMFEID0525,SID0015,MID0020,2025/01/28,production_consumption,-32,production_run,PRUN_SID0015_MID0020_005
SMFEID0526,SID0017,MID0001,2025/01/28,production_consumption,-14,production_run,PRUN_SID0017_MID0001_002
SMFEID0527,SID0017,MID0004,2025/01/28,production_consumption,-48,production_run,PRUN_SID0017_MID0004_002
SMFEID0528,SID0018,MID0004,2025/01/28,production_consumption,-47,production_run,PRUN_SID0018_MID0004_005
SMFEID0529,SID0018,MID0007,2025/01/28,production_consumption,-28,production_run,PRUN_SID0018_MID0007_005
SMFEID0530,SID0018,MID0008,2025/01/28,production_consumption,-30,production_run,PRUN_SID0018_MID0008_002
SMFEID0531,SID0018,MID0020,2025/01/28,production_consumption,-58,production_run,PRUN_SID0018_MID0020_005
SMFEID0532,SID0018,MID0021,2025/01/28,production_consumption,-18,production_run,PRUN_SID0018_MID0021_002
SMFEID0533,SID0019,MID0010,2025/01/28,production_consumption,-6,production_run,PRUN_SID0019_MID0010_005
SMFEID0534,SID0019,MID0013,2025/01/28,production_consumption,-14,production_run,PRUN_SID0019_MID0013_002
SMFEID0535,SID0019,MID0015,2025/01/28,production_consumption,-14,production_run,PRUN_SID0019_MID0015_002
SMFEID0536,SID0019,MID0016,2025/01/28,production_consumption,-36,production_run,PRUN_SID0019_MID0016_005
SMFEID0537,SID0020,MID0014,2025/01/28,production_consumption,-15,production_run,PRUN_SID0020_MID0014_001
SMFEID0538,SID0020,MID0017,2025/01/28,production_consumption,-46,production_run,PRUN_SID0020_MID0017_002
SMFEID0539,SID0021,MID0001,2025/01/28,production_consumption,-32,production_run,PRUN_SID0021_MID0001_005
SMFEID0540,SID0021,MID0004,2025/01/28,production_consumption,-55,production_run,PRUN_SID0021_MID0004_005
SMFEID0541,SID0021,MID0005,2025/01/28,production_consumption,-14,production_run,PRUN_SID0021_MID0005_002
SMFEID0542,SID0002,MID0001,2025/01/29,production_consumption,-53,production_run,PRUN_SID0002_MID0001_005
SMFEID0543,SID0002,MID0025,2025/01/29,production_consumption,-3,production_run,PRUN_SID0002_MID0025_005
SMFEID0544,SID0004,MID0007,2025/01/29,production_consumption,-32,production_run,PRUN_SID0004_MID0007_005
SMFEID0545,SID0004,MID0020,2025/01/29,production_consumption,-24,production_run,PRUN_SID0004_MID0020_005
SMFEID0546,SID0006,MID0010,2025/01/29,production_consumption,-49,production_run,PRUN_SID0006_MID0010_005
SMFEID0547,SID0006,MID0020,2025/01/29,production_consumption,-54,production_run,PRUN_SID0006_MID0020_005
SMFEID0548,SID0007,MID0017,2025/01/29,production_consumption,-97,production_run,PRUN_SID0007_MID0017_005
SMFEID0549,SID0007,MID0020,2025/01/29,production_consumption,-191,production_run,PRUN_SID0007_MID0020_005
SMFEID0550,SID0008,MID0022,2025/01/29,production_consumption,-10,production_run,PRUN_SID0008_MID0022_002
SMFEID0551,SID0011,MID0007,2025/01/29,production_consumption,-52,production_run,PRUN_SID0011_MID0007_005
SMFEID0552,SID0011,MID0008,2025/01/29,production_consumption,-37,production_run,PRUN_SID0011_MID0008_005
SMFEID0553,SID0011,MID0020,2025/01/29,production_consumption,-182,production_run,PRUN_SID0011_MID0020_005
SMFEID0554,SID0011,MID0025,2025/01/29,production_consumption,-49,production_run,PRUN_SID0011_MID0025_005
SMFEID0555,SID0013,MID0016,2025/01/29,production_consumption,-81,production_run,PRUN_SID0013_MID0016_005
SMFEID0556,SID0013,MID0020,2025/01/29,external_receipt,364,order,OID0091
SMFEID0557,SID0013,MID0020,2025/01/29,production_consumption,-137,production_run,PRUN_SID0013_MID0020_005
SMFEID0558,SID0015,MID0007,2025/01/29,production_consumption,-329,production_run,PRUN_SID0015_MID0007_005
SMFEID0559,SID0015,MID0020,2025/01/29,production_consumption,-124,production_run,PRUN_SID0015_MID0020_005
SMFEID0560,SID0015,MID0025,2025/01/29,production_consumption,-86,production_run,PRUN_SID0015_MID0025_002
SMFEID0561,SID0017,MID0001,2025/01/29,production_consumption,-12,production_run,PRUN_SID0017_MID0001_002
SMFEID0562,SID0018,MID0004,2025/01/29,production_consumption,-72,production_run,PRUN_SID0018_MID0004_005
SMFEID0563,SID0018,MID0007,2025/01/29,production_consumption,-30,production_run,PRUN_SID0018_MID0007_005
SMFEID0564,SID0018,MID0008,2025/01/29,production_consumption,-36,production_run,PRUN_SID0018_MID0008_002
SMFEID0565,SID0018,MID0020,2025/01/29,production_consumption,-107,production_run,PRUN_SID0018_MID0020_005
SMFEID0566,SID0019,MID0010,2025/01/29,production_consumption,-26,production_run,PRUN_SID0019_MID0010_005
SMFEID0567,SID0019,MID0013,2025/01/29,production_consumption,-6,production_run,PRUN_SID0019_MID0013_002
SMFEID0568,SID0019,MID0015,2025/01/29,production_consumption,-18,production_run,PRUN_SID0019_MID0015_002
SMFEID0569,SID0019,MID0016,2025/01/29,production_consumption,-42,production_run,PRUN_SID0019_MID0016_005
SMFEID0570,SID0020,MID0014,2025/01/29,production_consumption,-9,production_run,PRUN_SID0020_MID0014_001
SMFEID0571,SID0020,MID0017,2025/01/29,external_receipt,255,order,OID0057
SMFEID0572,SID0020,MID0017,2025/01/29,production_consumption,-51,production_run,PRUN_SID0020_MID0017_002
SMFEID0573,SID0021,MID0001,2025/01/29,production_consumption,-32,production_run,PRUN_SID0021_MID0001_005
SMFEID0574,SID0021,MID0004,2025/01/29,production_consumption,-66,production_run,PRUN_SID0021_MID0004_005
SMFEID0575,SID0021,MID0005,2025/01/29,production_consumption,-47,production_run,PRUN_SID0021_MID0005_002
SMFEID0576,SID0002,MID0025,2025/01/30,production_consumption,-17,production_run,PRUN_SID0002_MID0025_005
SMFEID0577,SID0004,MID0007,2025/01/30,production_consumption,-23,production_run,PRUN_SID0004_MID0007_005
SMFEID0578,SID0004,MID0020,2025/01/30,production_consumption,-8,production_run,PRUN_SID0004_MID0020_005
SMFEID0579,SID0006,MID0020,2025/01/30,production_consumption,-66,production_run,PRUN_SID0006_MID0020_005
SMFEID0580,SID0007,MID0017,2025/01/30,production_consumption,-81,production_run,PRUN_SID0007_MID0017_005
SMFEID0581,SID0007,MID0020,2025/01/30,production_consumption,-80,production_run,PRUN_SID0007_MID0020_005
SMFEID0582,SID0008,MID0022,2025/01/30,production_consumption,-28,production_run,PRUN_SID0008_MID0022_002
SMFEID0583,SID0011,MID0008,2025/01/30,production_consumption,-56,production_run,PRUN_SID0011_MID0008_005
SMFEID0584,SID0011,MID0020,2025/01/30,production_consumption,-204,production_run,PRUN_SID0011_MID0020_005
SMFEID0585,SID0011,MID0025,2025/01/30,external_receipt,91,order,OID0085
SMFEID0586,SID0013,MID0016,2025/01/30,production_consumption,-44,production_run,PRUN_SID0013_MID0016_005
SMFEID0587,SID0015,MID0020,2025/01/30,production_consumption,-92,production_run,PRUN_SID0015_MID0020_005
SMFEID0588,SID0015,MID0025,2025/01/30,production_consumption,-6,production_run,PRUN_SID0015_MID0025_002
SMFEID0589,SID0017,MID0001,2025/01/30,production_consumption,-22,production_run,PRUN_SID0017_MID0001_002
SMFEID0590,SID0018,MID0004,2025/01/30,production_consumption,-150,production_run,PRUN_SID0018_MID0004_005
SMFEID0591,SID0018,MID0008,2025/01/30,production_consumption,-37,production_run,PRUN_SID0018_MID0008_002
SMFEID0592,SID0018,MID0020,2025/01/30,production_consumption,-120,production_run,PRUN_SID0018_MID0020_005
SMFEID0593,SID0019,MID0010,2025/01/30,production_consumption,-34,production_run,PRUN_SID0019_MID0010_005
SMFEID0594,SID0019,MID0013,2025/01/30,external_receipt,142,order,OID0098
SMFEID0595,SID0019,MID0015,2025/01/30,production_consumption,-14,production_run,PRUN_SID0019_MID0015_002
SMFEID0596,SID0019,MID0016,2025/01/30,production_consumption,-37,production_run,PRUN_SID0019_MID0016_005
SMFEID0597,SID0020,MID0003,2025/01/30,external_receipt,49,order,OID0068
SMFEID0598,SID0021,MID0001,2025/01/30,production_consumption,-15,production_run,PRUN_SID0021_MID0001_005
SMFEID0599,SID0021,MID0004,2025/01/30,production_consumption,-9,production_run,PRUN_SID0021_MID0004_005
SMFEID0600,SID0021,MID0005,2025/01/30,production_consumption,-37,production_run,PRUN_SID0021_MID0005_002
SMFEID0601,SID0021,MID0018,2025/01/30,external_receipt,91,order,OID0069
SMFEID0602,SID0002,MID0025,2025/01/31,production_consumption,-4,production_run,PRUN_SID0002_MID0025_005
SMFEID0603,SID0004,MID0007,2025/01/31,production_consumption,-24,production_run,PRUN_SID0004_MID0007_005
SMFEID0604,SID0004,MID0020,2025/01/31,external_receipt,152,order,OID0086
SMFEID0605,SID0006,MID0020,2025/01/31,external_receipt,627,order,OID0070
SMFEID0606,SID0006,MID0020,2025/01/31,production_consumption,-121,production_run,PRUN_SID0006_MID0020_005
SMFEID0607,SID0007,MID0017,2025/01/31,production_consumption,-135,production_run,PRUN_SID0007_MID0017_005
SMFEID0608,SID0011,MID0008,2025/01/31,production_consumption,-1,production_run,PRUN_SID0011_MID0008_005
SMFEID0609,SID0013,MID0016,2025/01/31,external_receipt,330,order,OID0077
SMFEID0610,SID0013,MID0016,2025/01/31,external_receipt,182,order,OID0078
SMFEID0611,SID0013,MID0016,2025/01/31,production_consumption,-13,production_run,PRUN_SID0013_MID0016_005
SMFEID0612,SID0015,MID0020,2025/01/31,production_consumption,-64,production_run,PRUN_SID0015_MID0020_005
SMFEID0613,SID0017,MID0001,2025/01/31,production_consumption,-33,production_run,PRUN_SID0017_MID0001_002
SMFEID0614,SID0018,MID0004,2025/01/31,production_consumption,-8,production_run,PRUN_SID0018_MID0004_005
SMFEID0615,SID0018,MID0007,2025/01/31,external_receipt,140,order,OID0074
SMFEID0616,SID0019,MID0010,2025/01/31,production_consumption,-22,production_run,PRUN_SID0019_MID0010_005
SMFEID0617,SID0019,MID0015,2025/01/31,production_consumption,-36,production_run,PRUN_SID0019_MID0015_002
SMFEID0618,SID0019,MID0016,2025/01/31,production_consumption,-28,production_run,PRUN_SID0019_MID0016_005
SMFEID0619,SID0020,MID0003,2025/01/31,external_receipt,97,order,OID0071
SMFEID0620,SID0021,MID0004,2025/01/31,production_consumption,-39,production_run,PRUN_SID0021_MID0004_005
SMFEID0621,SID0021,MID0005,2025/01/31,production_consumption,-47,production_run,PRUN_SID0021_MID0005_002
SMFEID0622,SID0002,MID0001,2025/02/01,external_receipt,223,order,OID0081
SMFEID0623,SID0002,MID0025,2025/02/01,external_receipt,182,order,OID0079
SMFEID0624,SID0019,MID0015,2025/02/01,external_receipt,61,order,OID0102
SMFEID0625,SID0013,MID0020,2025/02/02,external_receipt,364,order,OID0108
SMFEID0626,SID0021,MID0004,2025/02/02,external_receipt,354,order,OID0106
SMFEID0627,SID0002,MID0025,2025/02/03,production_consumption,-7,production_run,PRUN_SID0002_MID0025_006
SMFEID0628,SID0004,MID0007,2025/02/03,production_consumption,-38,production_run,PRUN_SID0004_MID0007_006
SMFEID0629,SID0006,MID0010,2025/02/03,production_consumption,-1,production_run,PRUN_SID0006_MID0010_006
SMFEID0630,SID0007,MID0017,2025/02/03,production_consumption,-60,production_run,PRUN_SID0007_MID0017_006
SMFEID0631,SID0007,MID0020,2025/02/03,production_consumption,-114,production_run,PRUN_SID0007_MID0020_006
SMFEID0632,SID0011,MID0007,2025/02/03,production_consumption,-87,production_run,PRUN_SID0011_MID0007_006
SMFEID0633,SID0011,MID0025,2025/02/03,production_consumption,-6,production_run,PRUN_SID0011_MID0025_006
SMFEID0634,SID0013,MID0016,2025/02/03,production_consumption,-10,production_run,PRUN_SID0013_MID0016_006
SMFEID0635,SID0013,MID0020,2025/02/03,production_consumption,-60,production_run,PRUN_SID0013_MID0020_006
SMFEID0636,SID0015,MID0007,2025/02/03,production_consumption,-80,production_run,PRUN_SID0015_MID0007_006
SMFEID0637,SID0018,MID0004,2025/02/03,production_consumption,-59,production_run,PRUN_SID0018_MID0004_006
SMFEID0638,SID0018,MID0007,2025/02/03,production_consumption,-16,production_run,PRUN_SID0018_MID0007_006
SMFEID0639,SID0018,MID0008,2025/02/03,external_receipt,146,order,OID0099
SMFEID0640,SID0018,MID0020,2025/02/03,production_consumption,-120,production_run,PRUN_SID0018_MID0020_006
SMFEID0641,SID0019,MID0016,2025/02/03,production_consumption,-8,production_run,PRUN_SID0019_MID0016_006
SMFEID0642,SID0021,MID0004,2025/02/03,production_consumption,-60,production_run,PRUN_SID0021_MID0004_006
SMFEID0643,SID0002,MID0020,2025/02/04,external_receipt,177,order,OID0100
SMFEID0644,SID0002,MID0025,2025/02/04,production_consumption,-49,production_run,PRUN_SID0002_MID0025_006
SMFEID0645,SID0004,MID0007,2025/02/04,production_consumption,-13,production_run,PRUN_SID0004_MID0007_006
SMFEID0646,SID0006,MID0010,2025/02/04,production_consumption,-34,production_run,PRUN_SID0006_MID0010_006
SMFEID0647,SID0006,MID0020,2025/02/04,production_consumption,-85,production_run,PRUN_SID0006_MID0020_006
SMFEID0648,SID0007,MID0017,2025/02/04,production_consumption,-169,production_run,PRUN_SID0007_MID0017_006
SMFEID0649,SID0007,MID0020,2025/02/04,production_consumption,-92,production_run,PRUN_SID0007_MID0020_006
SMFEID0650,SID0011,MID0001,2025/02/04,production_consumption,-3,production_run,PRUN_SID0011_MID0001_006
SMFEID0651,SID0011,MID0007,2025/02/04,production_consumption,-43,production_run,PRUN_SID0011_MID0007_006
SMFEID0652,SID0011,MID0008,2025/02/04,production_consumption,-16,production_run,PRUN_SID0011_MID0008_006
SMFEID0653,SID0011,MID0020,2025/02/04,production_consumption,-107,production_run,PRUN_SID0011_MID0020_006
SMFEID0654,SID0011,MID0025,2025/02/04,production_consumption,-15,production_run,PRUN_SID0011_MID0025_006
SMFEID0655,SID0013,MID0016,2025/02/04,production_consumption,-65,production_run,PRUN_SID0013_MID0016_006
SMFEID0656,SID0013,MID0020,2025/02/04,production_consumption,-99,production_run,PRUN_SID0013_MID0020_006
SMFEID0657,SID0015,MID0007,2025/02/04,production_consumption,-162,production_run,PRUN_SID0015_MID0007_006
SMFEID0658,SID0015,MID0020,2025/02/04,production_consumption,-104,production_run,PRUN_SID0015_MID0020_006
SMFEID0659,SID0017,MID0004,2025/02/04,production_consumption,-27,production_run,PRUN_SID0017_MID0004_003
SMFEID0660,SID0018,MID0002,2025/02/04,production_consumption,-19,production_run,PRUN_SID0018_MID0002_002
SMFEID0661,SID0018,MID0004,2025/02/04,production_consumption,-41,production_run,PRUN_SID0018_MID0004_006
SMFEID0662,SID0018,MID0007,2025/02/04,production_consumption,-13,production_run,PRUN_SID0018_MID0007_006
SMFEID0663,SID0018,MID0020,2025/02/04,production_consumption,-29,production_run,PRUN_SID0018_MID0020_006
SMFEID0664,SID0019,MID0010,2025/02/04,external_receipt,297,order,OID0080
SMFEID0665,SID0019,MID0010,2025/02/04,production_consumption,-24,production_run,PRUN_SID0019_MID0010_006
SMFEID0666,SID0019,MID0016,2025/02/04,production_consumption,-37,production_run,PRUN_SID0019_MID0016_006
SMFEID0667,SID0021,MID0004,2025/02/04,production_consumption,-6,production_run,PRUN_SID0021_MID0004_006
SMFEID0668,SID0021,MID0005,2025/02/04,production_consumption,-52,production_run,PRUN_SID0021_MID0005_003
SMFEID0669,SID0002,MID0001,2025/02/05,production_consumption,-48,production_run,PRUN_SID0002_MID0001_006
SMFEID0670,SID0002,MID0025,2025/02/05,production_consumption,-33,production_run,PRUN_SID0002_MID0025_006
SMFEID0671,SID0004,MID0007,2025/02/05,production_consumption,-28,production_run,PRUN_SID0004_MID0007_006
SMFEID0672,SID0004,MID0020,2025/02/05,production_consumption,-95,production_run,PRUN_SID0004_MID0020_006
SMFEID0673,SID0006,MID0010,2025/02/05,external_receipt,172,order,OID0103
SMFEID0674,SID0006,MID0010,2025/02/05,production_consumption,-32,production_run,PRUN_SID0006_MID0010_006
SMFEID0675,SID0006,MID0020,2025/02/05,production_consumption,-46,production_run,PRUN_SID0006_MID0020_006
SMFEID0676,SID0007,MID0017,2025/02/05,production_consumption,-33,production_run,PRUN_SID0007_MID0017_006
SMFEID0677,SID0007,MID0020,2025/02/05,production_consumption,-100,production_run,PRUN_SID0007_MID0020_006
SMFEID0678,SID0008,MID0022,2025/02/05,production_consumption,-14,production_run,PRUN_SID0008_MID0022_003
SMFEID0679,SID0011,MID0001,2025/02/05,production_consumption,-11,production_run,PRUN_SID0011_MID0001_006
SMFEID0680,SID0011,MID0008,2025/02/05,production_consumption,-225,production_run,PRUN_SID0011_MID0008_006
SMFEID0681,SID0011,MID0020,2025/02/05,production_consumption,-176,production_run,PRUN_SID0011_MID0020_006
SMFEID0682,SID0011,MID0025,2025/02/05,production_consumption,-14,production_run,PRUN_SID0011_MID0025_006
SMFEID0683,SID0013,MID0016,2025/02/05,production_consumption,-44,production_run,PRUN_SID0013_MID0016_006
SMFEID0684,SID0013,MID0020,2025/02/05,production_consumption,-100,production_run,PRUN_SID0013_MID0020_006
SMFEID0685,SID0015,MID0007,2025/02/05,production_consumption,-69,production_run,PRUN_SID0015_MID0007_006
SMFEID0686,SID0015,MID0020,2025/02/05,production_consumption,-197,production_run,PRUN_SID0015_MID0020_006
SMFEID0687,SID0017,MID0004,2025/02/05,production_consumption,-22,production_run,PRUN_SID0017_MID0004_003
SMFEID0688,SID0018,MID0002,2025/02/05,production_consumption,-29,production_run,PRUN_SID0018_MID0002_002
SMFEID0689,SID0018,MID0004,2025/02/05,production_consumption,-166,production_run,PRUN_SID0018_MID0004_006
SMFEID0690,SID0018,MID0007,2025/02/05,production_consumption,-12,production_run,PRUN_SID0018_MID0007_006
SMFEID0691,SID0018,MID0020,2025/02/05,production_consumption,-12,production_run,PRUN_SID0018_MID0020_006
SMFEID0692,SID0019,MID0010,2025/02/05,production_consumption,-85,production_run,PRUN_SID0019_MID0010_006
SMFEID0693,SID0019,MID0016,2025/02/05,production_consumption,-63,production_run,PRUN_SID0019_MID0016_006
SMFEID0694,SID0021,MID0001,2025/02/05,production_consumption,-53,production_run,PRUN_SID0021_MID0001_006
SMFEID0695,SID0021,MID0004,2025/02/05,production_consumption,-20,production_run,PRUN_SID0021_MID0004_006
SMFEID0696,SID0021,MID0005,2025/02/05,production_consumption,-37,production_run,PRUN_SID0021_MID0005_003
SMFEID0697,SID0002,MID0001,2025/02/06,production_consumption,-14,production_run,PRUN_SID0002_MID0001_006
SMFEID0698,SID0002,MID0025,2025/02/06,production_consumption,-1,production_run,PRUN_SID0002_MID0025_006
SMFEID0699,SID0004,MID0007,2025/02/06,production_consumption,-19,production_run,PRUN_SID0004_MID0007_006
SMFEID0700,SID0004,MID0020,2025/02/06,production_consumption,-14,production_run,PRUN_SID0004_MID0020_006
SMFEID0701,SID0006,MID0010,2025/02/06,production_consumption,-10,production_run,PRUN_SID0006_MID0010_006
SMFEID0702,SID0006,MID0020,2025/02/06,production_consumption,-90,production_run,PRUN_SID0006_MID0020_006
SMFEID0703,SID0007,MID0017,2025/02/06,production_consumption,-66,production_run,PRUN_SID0007_MID0017_006
SMFEID0704,SID0007,MID0020,2025/02/06,production_consumption,-36,production_run,PRUN_SID0007_MID0020_006
SMFEID0705,SID0008,MID0022,2025/02/06,external_receipt,74,order,OID0092
SMFEID0706,SID0008,MID0022,2025/02/06,production_consumption,-11,production_run,PRUN_SID0008_MID0022_003
SMFEID0707,SID0008,MID0024,2025/02/06,external_receipt,55,order,OID0093
SMFEID0708,SID0011,MID0001,2025/02/06,production_consumption,-28,production_run,PRUN_SID0011_MID0001_006
SMFEID0709,SID0011,MID0007,2025/02/06,external_receipt,356,order,OID0104
SMFEID0710,SID0011,MID0020,2025/02/06,production_consumption,-83,production_run,PRUN_SID0011_MID0020_006
SMFEID0711,SID0011,MID0025,2025/02/06,external_receipt,91,order,OID0109
SMFEID0712,SID0011,MID0025,2025/02/06,production_consumption,-17,production_run,PRUN_SID0011_MID0025_006
SMFEID0713,SID0013,MID0016,2025/02/06,production_consumption,-13,production_run,PRUN_SID0013_MID0016_006
SMFEID0714,SID0013,MID0020,2025/02/06,production_consumption,-49,production_run,PRUN_SID0013_MID0020_006
SMFEID0715,SID0015,MID0007,2025/02/06,production_consumption,-238,production_run,PRUN_SID0015_MID0007_006
SMFEID0716,SID0015,MID0020,2025/02/06,production_consumption,-32,production_run,PRUN_SID0015_MID0020_006
SMFEID0717,SID0015,MID0025,2025/02/06,external_receipt,146,order,OID0094
SMFEID0718,SID0017,MID0004,2025/02/06,production_consumption,-35,production_run,PRUN_SID0017_MID0004_003
SMFEID0719,SID0018,MID0004,2025/02/06,production_consumption,-24,production_run,PRUN_SID0018_MID0004_006
SMFEID0720,SID0018,MID0007,2025/02/06,production_consumption,-22,production_run,PRUN_SID0018_MID0007_006
SMFEID0721,SID0018,MID0020,2025/02/06,production_consumption,-72,production_run,PRUN_SID0018_MID0020_006
SMFEID0722,SID0019,MID0015,2025/02/06,production_consumption,-16,production_run,PRUN_SID0019_MID0015_003
SMFEID0723,SID0019,MID0016,2025/02/06,production_consumption,-26,production_run,PRUN_SID0019_MID0016_006
SMFEID0724,SID0020,MID0017,2025/02/06,production_consumption,-60,production_run,PRUN_SID0020_MID0017_003
SMFEID0725,SID0021,MID0001,2025/02/06,production_consumption,-7,production_run,PRUN_SID0021_MID0001_006
SMFEID0726,SID0021,MID0004,2025/02/06,production_consumption,-20,production_run,PRUN_SID0021_MID0004_006
SMFEID0727,SID0021,MID0005,2025/02/06,production_consumption,-11,production_run,PRUN_SID0021_MID0005_003
SMFEID0728,SID0002,MID0001,2025/02/07,production_consumption,-13,production_run,PRUN_SID0002_MID0001_006
SMFEID0729,SID0004,MID0007,2025/02/07,external_receipt,526,order,OID0087
SMFEID0730,SID0004,MID0007,2025/02/07,production_consumption,-45,production_run,PRUN_SID0004_MID0007_006
SMFEID0731,SID0006,MID0010,2025/02/07,production_consumption,-44,production_run,PRUN_SID0006_MID0010_006
SMFEID0732,SID0006,MID0020,2025/02/07,production_consumption,-52,production_run,PRUN_SID0006_MID0020_006
SMFEID0733,SID0007,MID0017,2025/02/07,production_consumption,-141,production_run,PRUN_SID0007_MID0017_006
SMFEID0734,SID0007,MID0020,2025/02/07,production_consumption,-56,production_run,PRUN_SID0007_MID0020_006
SMFEID0735,SID0008,MID0022,2025/02/07,external_receipt,21,order,OID0095
SMFEID0736,SID0008,MID0022,2025/02/07,production_consumption,-15,production_run,PRUN_SID0008_MID0022_003
SMFEID0737,SID0011,MID0001,2025/02/07,production_consumption,-29,production_run,PRUN_SID0011_MID0001_006
SMFEID0738,SID0011,MID0020,2025/02/07,production_consumption,-75,production_run,PRUN_SID0011_MID0020_006
SMFEID0739,SID0011,MID0025,2025/02/07,production_consumption,-15,production_run,PRUN_SID0011_MID0025_006
SMFEID0740,SID0013,MID0016,2025/02/07,production_consumption,-24,production_run,PRUN_SID0013_MID0016_006
SMFEID0741,SID0015,MID0007,2025/02/07,production_consumption,-27,production_run,PRUN_SID0015_MID0007_006
SMFEID0742,SID0015,MID0020,2025/02/07,production_consumption,-99,production_run,PRUN_SID0015_MID0020_006
SMFEID0743,SID0015,MID0025,2025/02/07,production_consumption,-12,production_run,PRUN_SID0015_MID0025_003
SMFEID0744,SID0018,MID0004,2025/02/07,production_consumption,-29,production_run,PRUN_SID0018_MID0004_006
SMFEID0745,SID0018,MID0007,2025/02/07,production_consumption,-19,production_run,PRUN_SID0018_MID0007_006
SMFEID0746,SID0018,MID0008,2025/02/07,production_consumption,-29,production_run,PRUN_SID0018_MID0008_003
SMFEID0747,SID0018,MID0020,2025/02/07,production_consumption,-129,production_run,PRUN_SID0018_MID0020_006
SMFEID0748,SID0019,MID0015,2025/02/07,production_consumption,-20,production_run,PRUN_SID0019_MID0015_003
SMFEID0749,SID0019,MID0016,2025/02/07,external_receipt,510,order,OID0082
SMFEID0750,SID0019,MID0016,2025/02/07,production_consumption,-28,production_run,PRUN_SID0019_MID0016_006
SMFEID0751,SID0020,MID0011,2025/02/07,external_receipt,61,order,OID0075
SMFEID0752,SID0020,MID0017,2025/02/07,production_consumption,-47,production_run,PRUN_SID0020_MID0017_003
SMFEID0753,SID0021,MID0001,2025/02/07,production_consumption,-34,production_run,PRUN_SID0021_MID0001_006
SMFEID0754,SID0021,MID0004,2025/02/07,production_consumption,-43,production_run,PRUN_SID0021_MID0004_006
SMFEID0755,SID0021,MID0005,2025/02/07,production_consumption,-16,production_run,PRUN_SID0021_MID0005_003
SMFEID0756,SID0006,MID0010,2025/02/08,external_receipt,172,order,OID0121
SMFEID0757,SID0011,MID0020,2025/02/09,external_receipt,813,order,OID0110
SMFEID0758,SID0021,MID0001,2025/02/09,external_receipt,396,order,OID0083
SMFEID0759,SID0002,MID0001,2025/02/10,production_consumption,-20,production_run,PRUN_SID0002_MID0001_007
SMFEID0760,SID0004,MID0007,2025/02/10,production_consumption,-64,production_run,PRUN_SID0004_MID0007_007
SMFEID0761,SID0004,MID0020,2025/02/10,external_receipt,243,order,OID0122
SMFEID0762,SID0006,MID0010,2025/02/10,production_consumption,-36,production_run,PRUN_SID0006_MID0010_007
SMFEID0763,SID0006,MID0020,2025/02/10,production_consumption,-138,production_run,PRUN_SID0006_MID0020_007
SMFEID0764,SID0008,MID0022,2025/02/10,production_consumption,-23,production_run,PRUN_SID0008_MID0022_003
SMFEID0765,SID0011,MID0001,2025/02/10,production_consumption,-36,production_run,PRUN_SID0011_MID0001_007
SMFEID0766,SID0011,MID0007,2025/02/10,production_consumption,-29,production_run,PRUN_SID0011_MID0007_007
SMFEID0767,SID0013,MID0020,2025/02/10,production_consumption,-6,production_run,PRUN_SID0013_MID0020_007
SMFEID0768,SID0015,MID0007,2025/02/10,production_consumption,-216,production_run,PRUN_SID0015_MID0007_007
SMFEID0769,SID0015,MID0020,2025/02/10,production_consumption,-107,production_run,PRUN_SID0015_MID0020_007
SMFEID0770,SID0015,MID0025,2025/02/10,production_consumption,-16,production_run,PRUN_SID0015_MID0025_003
SMFEID0771,SID0017,MID0001,2025/02/10,external_receipt,182,order,OID0101
SMFEID0772,SID0018,MID0004,2025/02/10,production_consumption,-252,production_run,PRUN_SID0018_MID0004_007
SMFEID0773,SID0018,MID0008,2025/02/10,production_consumption,-80,production_run,PRUN_SID0018_MID0008_003
SMFEID0774,SID0019,MID0013,2025/02/10,production_consumption,-42,production_run,PRUN_SID0019_MID0013_003
SMFEID0775,SID0019,MID0015,2025/02/10,production_consumption,-9,production_run,PRUN_SID0019_MID0015_003
SMFEID0776,SID0019,MID0016,2025/02/10,production_consumption,-33,production_run,PRUN_SID0019_MID0016_007
SMFEID0777,SID0021,MID0004,2025/02/10,production_consumption,-101,production_run,PRUN_SID0021_MID0004_007
SMFEID0778,SID0021,MID0005,2025/02/10,production_consumption,-4,production_run,PRUN_SID0021_MID0005_003
SMFEID0779,SID0021,MID0018,2025/02/10,production_consumption,-19,production_run,PRUN_SID0021_MID0018_003
SMFEID0780,SID0002,MID0001,2025/02/11,production_consumption,-23,production_run,PRUN_SID0002_MID0001_007
SMFEID0781,SID0002,MID0020,2025/02/11,production_consumption,-92,production_run,PRUN_SID0002_MID0020_003
SMFEID0782,SID0004,MID0007,2025/02/11,production_consumption,-5,production_run,PRUN_SID0004_MID0007_007
SMFEID0783,SID0004,MID0020,2025/02/11,production_consumption,-36,production_run,PRUN_SID0004_MID0020_007
SMFEID0784,SID0006,MID0010,2025/02/11,production_consumption,-16,production_run,PRUN_SID0006_MID0010_007
SMFEID0785,SID0006,MID0020,2025/02/11,production_consumption,-85,production_run,PRUN_SID0006_MID0020_007
SMFEID0786,SID0007,MID0017,2025/02/11,external_receipt,897,order,OID0123
SMFEID0787,SID0007,MID0017,2025/02/11,production_consumption,-244,production_run,PRUN_SID0007_MID0017_007
SMFEID0788,SID0011,MID0001,2025/02/11,external_receipt,100,order,OID0124
SMFEID0789,SID0011,MID0001,2025/02/11,production_consumption,-5,production_run,PRUN_SID0011_MID0001_007
SMFEID0790,SID0011,MID0007,2025/02/11,production_consumption,-32,production_run,PRUN_SID0011_MID0007_007
SMFEID0791,SID0011,MID0008,2025/02/11,production_consumption,-23,production_run,PRUN_SID0011_MID0008_007
SMFEID0792,SID0011,MID0025,2025/02/11,production_consumption,-15,production_run,PRUN_SID0011_MID0025_007
SMFEID0793,SID0013,MID0016,2025/02/11,production_consumption,-73,production_run,PRUN_SID0013_MID0016_007
SMFEID0794,SID0013,MID0017,2025/02/11,external_receipt,97,order,OID0112
SMFEID0795,SID0013,MID0020,2025/02/11,production_consumption,-99,production_run,PRUN_SID0013_MID0020_007
SMFEID0796,SID0015,MID0007,2025/02/11,production_consumption,-64,production_run,PRUN_SID0015_MID0007_007
SMFEID0797,SID0015,MID0020,2025/02/11,production_consumption,-118,production_run,PRUN_SID0015_MID0020_007
SMFEID0798,SID0015,MID0025,2025/02/11,production_consumption,-20,production_run,PRUN_SID0015_MID0025_003
SMFEID0799,SID0017,MID0001,2025/02/11,production_consumption,-30,production_run,PRUN_SID0017_MID0001_003
SMFEID0800,SID0018,MID0004,2025/02/11,production_consumption,-39,production_run,PRUN_SID0018_MID0004_007
SMFEID0801,SID0018,MID0007,2025/02/11,production_consumption,-4,production_run,PRUN_SID0018_MID0007_007
SMFEID0802,SID0018,MID0021,2025/02/11,production_consumption,-47,production_run,PRUN_SID0018_MID0021_003
SMFEID0803,SID0019,MID0010,2025/02/11,production_consumption,-45,production_run,PRUN_SID0019_MID0010_007
SMFEID0804,SID0019,MID0013,2025/02/11,production_consumption,-7,production_run,PRUN_SID0019_MID0013_003
SMFEID0805,SID0019,MID0015,2025/02/11,production_consumption,-13,production_run,PRUN_SID0019_MID0015_003
SMFEID0806,SID0019,MID0016,2025/02/11,production_consumption,-75,production_run,PRUN_SID0019_MID0016_007
SMFEID0807,SID0021,MID0001,2025/02/11,production_consumption,-36,production_run,PRUN_SID0021_MID0001_007
SMFEID0808,SID0021,MID0004,2025/02/11,production_consumption,-57,production_run,PRUN_SID0021_MID0004_007
SMFEID0809,SID0021,MID0018,2025/02/11,production_consumption,-14,production_run,PRUN_SID0021_MID0018_003
SMFEID0810,SID0002,MID0001,2025/02/12,production_consumption,-17,production_run,PRUN_SID0002_MID0001_007
SMFEID0811,SID0002,MID0020,2025/02/12,production_consumption,-42,production_run,PRUN_SID0002_MID0020_003
SMFEID0812,SID0004,MID0007,2025/02/12,production_consumption,-13,production_run,PRUN_SID0004_MID0007_007
SMFEID0813,SID0004,MID0020,2025/02/12,production_consumption,-77,production_run,PRUN_SID0004_MID0020_007
SMFEID0814,SID0006,MID0010,2025/02/12,production_consumption,-44,production_run,PRUN_SID0006_MID0010_007
SMFEID0815,SID0007,MID0017,2025/02/12,production_consumption,-308,production_run,PRUN_SID0007_MID0017_007
SMFEID0816,SID0007,MID0020,2025/02/12,production_consumption,-221,production_run,PRUN_SID0007_MID0020_007
SMFEID0817,SID0011,MID0001,2025/02/12,production_consumption,-13,production_run,PRUN_SID0011_MID0001_007
SMFEID0818,SID0011,MID0007,2025/02/12,production_consumption,-28,production_run,PRUN_SID0011_MID0007_007
SMFEID0819,SID0011,MID0008,2025/02/12,production_consumption,-64,production_run,PRUN_SID0011_MID0008_007
SMFEID0820,SID0011,MID0025,2025/02/12,production_consumption,-8,production_run,PRUN_SID0011_MID0025_007
SMFEID0821,SID0013,MID0016,2025/02/12,production_consumption,-80,production_run,PRUN_SID0013_MID0016_007
SMFEID0822,SID0013,MID0020,2025/02/12,production_consumption,-18,production_run,PRUN_SID0013_MID0020_007
SMFEID0823,SID0015,MID0007,2025/02/12,production_consumption,-25,production_run,PRUN_SID0015_MID0007_007
SMFEID0824,SID0015,MID0020,2025/02/12,external_receipt,1879,order,OID0088
SMFEID0825,SID0015,MID0020,2025/02/12,production_consumption,-100,production_run,PRUN_SID0015_MID0020_007
SMFEID0826,SID0015,MID0025,2025/02/12,production_consumption,-20,production_run,PRUN_SID0015_MID0025_003
SMFEID0827,SID0017,MID0001,2025/02/12,production_consumption,-27,production_run,PRUN_SID0017_MID0001_003
SMFEID0828,SID0017,MID0005,2025/02/12,production_consumption,-17,production_run,PRUN_SID0017_MID0005_002
SMFEID0829,SID0017,MID0018,2025/02/12,production_consumption,-7,production_run,PRUN_SID0017_MID0018_002
SMFEID0830,SID0018,MID0004,2025/02/12,production_consumption,-38,production_run,PRUN_SID0018_MID0004_007
SMFEID0831,SID0018,MID0007,2025/02/12,external_receipt,76,order,OID0113
SMFEID0832,SID0018,MID0007,2025/02/12,production_consumption,-8,production_run,PRUN_SID0018_MID0007_007
SMFEID0833,SID0018,MID0020,2025/02/12,production_consumption,-48,production_run,PRUN_SID0018_MID0020_007
SMFEID0834,SID0018,MID0021,2025/02/12,production_consumption,-44,production_run,PRUN_SID0018_MID0021_003
SMFEID0835,SID0019,MID0010,2025/02/12,production_consumption,-63,production_run,PRUN_SID0019_MID0010_007
SMFEID0836,SID0019,MID0013,2025/02/12,production_consumption,-15,production_run,PRUN_SID0019_MID0013_003
SMFEID0837,SID0019,MID0015,2025/02/12,production_consumption,-15,production_run,PRUN_SID0019_MID0015_003
SMFEID0838,SID0019,MID0016,2025/02/12,production_consumption,-58,production_run,PRUN_SID0019_MID0016_007
SMFEID0839,SID0020,MID0003,2025/02/12,production_consumption,-35,production_run,PRUN_SID0020_MID0003_002
SMFEID0840,SID0021,MID0001,2025/02/12,production_consumption,-52,production_run,PRUN_SID0021_MID0001_007
SMFEID0841,SID0021,MID0018,2025/02/12,production_consumption,-6,production_run,PRUN_SID0021_MID0018_003
SMFEID0842,SID0002,MID0001,2025/02/13,production_consumption,-20,production_run,PRUN_SID0002_MID0001_007
SMFEID0843,SID0002,MID0025,2025/02/13,production_consumption,-28,production_run,PRUN_SID0002_MID0025_007
SMFEID0844,SID0004,MID0007,2025/02/13,production_consumption,-67,production_run,PRUN_SID0004_MID0007_007
SMFEID0845,SID0006,MID0010,2025/02/13,production_consumption,-18,production_run,PRUN_SID0006_MID0010_007
SMFEID0846,SID0007,MID0020,2025/02/13,production_consumption,-105,production_run,PRUN_SID0007_MID0020_007
SMFEID0847,SID0011,MID0001,2025/02/13,production_consumption,-28,production_run,PRUN_SID0011_MID0001_007
SMFEID0848,SID0011,MID0007,2025/02/13,production_consumption,-6,production_run,PRUN_SID0011_MID0007_007
SMFEID0849,SID0011,MID0008,2025/02/13,production_consumption,-65,production_run,PRUN_SID0011_MID0008_007
SMFEID0850,SID0011,MID0020,2025/02/13,production_consumption,-236,production_run,PRUN_SID0011_MID0020_007
SMFEID0851,SID0011,MID0025,2025/02/13,production_consumption,-4,production_run,PRUN_SID0011_MID0025_007
SMFEID0852,SID0013,MID0020,2025/02/13,production_consumption,-88,production_run,PRUN_SID0013_MID0020_007
SMFEID0853,SID0015,MID0007,2025/02/13,production_consumption,-133,production_run,PRUN_SID0015_MID0007_007
SMFEID0854,SID0015,MID0020,2025/02/13,production_consumption,-59,production_run,PRUN_SID0015_MID0020_007
SMFEID0855,SID0015,MID0025,2025/02/13,production_consumption,-1,production_run,PRUN_SID0015_MID0025_003
SMFEID0856,SID0017,MID0001,2025/02/13,production_consumption,-10,production_run,PRUN_SID0017_MID0001_003
SMFEID0857,SID0017,MID0005,2025/02/13,production_consumption,-26,production_run,PRUN_SID0017_MID0005_002
SMFEID0858,SID0017,MID0018,2025/02/13,production_consumption,-6,production_run,PRUN_SID0017_MID0018_002
SMFEID0859,SID0018,MID0004,2025/02/13,external_receipt,1273,order,OID0096
SMFEID0860,SID0018,MID0007,2025/02/13,production_consumption,-32,production_run,PRUN_SID0018_MID0007_007
SMFEID0861,SID0018,MID0020,2025/02/13,production_consumption,-230,production_run,PRUN_SID0018_MID0020_007
SMFEID0862,SID0019,MID0010,2025/02/13,production_consumption,-6,production_run,PRUN_SID0019_MID0010_007
SMFEID0863,SID0019,MID0013,2025/02/13,production_consumption,-38,production_run,PRUN_SID0019_MID0013_003
SMFEID0864,SID0019,MID0015,2025/02/13,external_receipt,91,order,OID0131
SMFEID0865,SID0020,MID0003,2025/02/13,production_consumption,-60,production_run,PRUN_SID0020_MID0003_002
SMFEID0866,SID0021,MID0001,2025/02/13,production_consumption,-13,production_run,PRUN_SID0021_MID0001_007
SMFEID0867,SID0021,MID0018,2025/02/13,production_consumption,-21,production_run,PRUN_SID0021_MID0018_003
SMFEID0868,SID0002,MID0001,2025/02/14,production_consumption,-2,production_run,PRUN_SID0002_MID0001_007
SMFEID0869,SID0002,MID0025,2025/02/14,production_consumption,-63,production_run,PRUN_SID0002_MID0025_007
SMFEID0870,SID0006,MID0010,2025/02/14,production_consumption,-12,production_run,PRUN_SID0006_MID0010_007
SMFEID0871,SID0011,MID0007,2025/02/14,production_consumption,-33,production_run,PRUN_SID0011_MID0007_007
SMFEID0872,SID0011,MID0008,2025/02/14,production_consumption,-138,production_run,PRUN_SID0011_MID0008_007
SMFEID0873,SID0011,MID0020,2025/02/14,production_consumption,-149,production_run,PRUN_SID0011_MID0020_007
SMFEID0874,SID0011,MID0025,2025/02/14,production_consumption,-30,production_run,PRUN_SID0011_MID0025_007
SMFEID0875,SID0013,MID0020,2025/02/14,production_consumption,-42,production_run,PRUN_SID0013_MID0020_007
SMFEID0876,SID0015,MID0007,2025/02/14,production_consumption,-170,production_run,PRUN_SID0015_MID0007_007
SMFEID0877,SID0017,MID0005,2025/02/14,production_consumption,-3,production_run,PRUN_SID0017_MID0005_002
SMFEID0878,SID0017,MID0018,2025/02/14,production_consumption,-11,production_run,PRUN_SID0017_MID0018_002
SMFEID0879,SID0018,MID0007,2025/02/14,production_consumption,-46,production_run,PRUN_SID0018_MID0007_007
SMFEID0880,SID0018,MID0020,2025/02/14,external_receipt,1010,order,OID0097
SMFEID0881,SID0018,MID0020,2025/02/14,production_consumption,-79,production_run,PRUN_SID0018_MID0020_007
SMFEID0882,SID0020,MID0011,2025/02/14,production_consumption,-45,production_run,PRUN_SID0020_MID0011_002
SMFEID0883,SID0006,MID0020,2025/02/15,external_receipt,627,order,OID0115
SMFEID0884,SID0007,MID0020,2025/02/15,external_receipt,631,order,OID0125
SMFEID0885,SID0018,MID0008,2025/02/15,external_receipt,146,order,OID0126
SMFEID0886,SID0020,MID0014,2025/02/15,external_receipt,86,order,OID0107
SMFEID0887,SID0008,MID0022,2025/02/16,external_receipt,21,order,OID0127
SMFEID0888,SID0011,MID0008,2025/02/16,external_receipt,620,order,OID0116
SMFEID0889,SID0002,MID0001,2025/02/17,production_consumption,-16,production_run,PRUN_SID0002_MID0001_008
SMFEID0890,SID0002,MID0025,2025/02/17,production_consumption,-27,production_run,PRUN_SID0002_MID0025_008
SMFEID0891,SID0004,MID0007,2025/02/17,production_consumption,-164,production_run,PRUN_SID0004_MID0007_008
SMFEID0892,SID0004,MID0020,2025/02/17,production_consumption,-3,production_run,PRUN_SID0004_MID0020_008
SMFEID0893,SID0006,MID0010,2025/02/17,production_consumption,-20,production_run,PRUN_SID0006_MID0010_008
SMFEID0894,SID0006,MID0020,2025/02/17,production_consumption,-67,production_run,PRUN_SID0006_MID0020_008
SMFEID0895,SID0007,MID0020,2025/02/17,production_consumption,-122,production_run,PRUN_SID0007_MID0020_008
SMFEID0896,SID0008,MID0024,2025/02/17,production_consumption,-4,production_run,PRUN_SID0008_MID0024_002
SMFEID0897,SID0011,MID0001,2025/02/17,external_receipt,110,order,OID0142
SMFEID0898,SID0011,MID0001,2025/02/17,production_consumption,-7,production_run,PRUN_SID0011_MID0001_008
SMFEID0899,SID0011,MID0008,2025/02/17,production_consumption,-112,production_run,PRUN_SID0011_MID0008_008
SMFEID0900,SID0011,MID0020,2025/02/17,production_consumption,-416,production_run,PRUN_SID0011_MID0020_008
SMFEID0901,SID0011,MID0025,2025/02/17,external_receipt,91,order,OID0139
SMFEID0902,SID0011,MID0025,2025/02/17,production_consumption,-5,production_run,PRUN_SID0011_MID0025_008
SMFEID0903,SID0013,MID0016,2025/02/17,production_consumption,-36,production_run,PRUN_SID0013_MID0016_008
SMFEID0904,SID0013,MID0020,2025/02/17,external_receipt,364,order,OID0134
SMFEID0905,SID0013,MID0020,2025/02/17,production_consumption,-77,production_run,PRUN_SID0013_MID0020_008
SMFEID0906,SID0015,MID0007,2025/02/17,production_consumption,-3,production_run,PRUN_SID0015_MID0007_008
SMFEID0907,SID0015,MID0020,2025/02/17,production_consumption,-65,production_run,PRUN_SID0015_MID0020_008
SMFEID0908,SID0017,MID0005,2025/02/17,production_consumption,-9,production_run,PRUN_SID0017_MID0005_002
SMFEID0909,SID0017,MID0018,2025/02/17,production_consumption,-10,production_run,PRUN_SID0017_MID0018_002
SMFEID0910,SID0018,MID0004,2025/02/17,production_consumption,-125,production_run,PRUN_SID0018_MID0004_008
SMFEID0911,SID0019,MID0010,2025/02/17,external_receipt,283,order,OID0117
SMFEID0912,SID0019,MID0010,2025/02/17,production_consumption,-28,production_run,PRUN_SID0019_MID0010_008
SMFEID0913,SID0019,MID0013,2025/02/17,external_receipt,142,order,OID0128
SMFEID0914,SID0019,MID0015,2025/02/17,production_consumption,-15,production_run,PRUN_SID0019_MID0015_004
SMFEID0915,SID0019,MID0016,2025/02/17,production_consumption,-61,production_run,PRUN_SID0019_MID0016_008
SMFEID0916,SID0020,MID0011,2025/02/17,production_consumption,-4,production_run,PRUN_SID0020_MID0011_002
SMFEID0917,SID0021,MID0001,2025/02/17,production_consumption,-62,production_run,PRUN_SID0021_MID0001_008
SMFEID0918,SID0021,MID0004,2025/02/17,production_consumption,-57,production_run,PRUN_SID0021_MID0004_008
SMFEID0919,SID0021,MID0005,2025/02/17,production_consumption,-4,production_run,PRUN_SID0021_MID0005_004
SMFEID0920,SID0021,MID0018,2025/02/17,production_consumption,-31,production_run,PRUN_SID0021_MID0018_004
SMFEID0921,SID0002,MID0001,2025/02/18,production_consumption,-51,production_run,PRUN_SID0002_MID0001_008
SMFEID0922,SID0002,MID0025,2025/02/18,external_receipt,243,order,OID0118
SMFEID0923,SID0002,MID0025,2025/02/18,production_consumption,-23,production_run,PRUN_SID0002_MID0025_008
SMFEID0924,SID0004,MID0007,2025/02/18,production_consumption,-3,production_run,PRUN_SID0004_MID0007_008
SMFEID0925,SID0004,MID0020,2025/02/18,production_consumption,-12,production_run,PRUN_SID0004_MID0020_008
SMFEID0926,SID0006,MID0010,2025/02/18,production_consumption,-13,production_run,PRUN_SID0006_MID0010_008
SMFEID0927,SID0006,MID0020,2025/02/18,production_consumption,-28,production_run,PRUN_SID0006_MID0020_008
SMFEID0928,SID0007,MID0017,2025/02/18,production_consumption,-24,production_run,PRUN_SID0007_MID0017_008
SMFEID0929,SID0007,MID0020,2025/02/18,production_consumption,-208,production_run,PRUN_SID0007_MID0020_008
SMFEID0930,SID0008,MID0022,2025/02/18,external_receipt,81,order,OID0129
SMFEID0931,SID0008,MID0024,2025/02/18,production_consumption,-4,production_run,PRUN_SID0008_MID0024_002
SMFEID0932,SID0011,MID0001,2025/02/18,production_consumption,-11,production_run,PRUN_SID0011_MID0001_008
SMFEID0933,SID0011,MID0007,2025/02/18,production_consumption,-40,production_run,PRUN_SID0011_MID0007_008
SMFEID0934,SID0011,MID0008,2025/02/18,production_consumption,-178,production_run,PRUN_SID0011_MID0008_008
SMFEID0935,SID0011,MID0020,2025/02/18,external_receipt,813,order,OID0145
SMFEID0936,SID0011,MID0020,2025/02/18,production_consumption,-35,production_run,PRUN_SID0011_MID0020_008
SMFEID0937,SID0011,MID0025,2025/02/18,production_consumption,-20,production_run,PRUN_SID0011_MID0025_008
SMFEID0938,SID0013,MID0016,2025/02/18,production_consumption,-54,production_run,PRUN_SID0013_MID0016_008
SMFEID0939,SID0013,MID0020,2025/02/18,production_consumption,-71,production_run,PRUN_SID0013_MID0020_008
SMFEID0940,SID0015,MID0007,2025/02/18,production_consumption,-100,production_run,PRUN_SID0015_MID0007_008
SMFEID0941,SID0015,MID0020,2025/02/18,production_consumption,-95,production_run,PRUN_SID0015_MID0020_008
SMFEID0942,SID0017,MID0005,2025/02/18,production_consumption,-4,production_run,PRUN_SID0017_MID0005_002
SMFEID0943,SID0017,MID0018,2025/02/18,production_consumption,-1,production_run,PRUN_SID0017_MID0018_002
SMFEID0944,SID0018,MID0004,2025/02/18,production_consumption,-57,production_run,PRUN_SID0018_MID0004_008
SMFEID0945,SID0018,MID0007,2025/02/18,external_receipt,76,order,OID0114
SMFEID0946,SID0018,MID0020,2025/02/18,production_consumption,-86,production_run,PRUN_SID0018_MID0020_008
SMFEID0947,SID0019,MID0010,2025/02/18,production_consumption,-85,production_run,PRUN_SID0019_MID0010_008
SMFEID0948,SID0019,MID0015,2025/02/18,production_consumption,-8,production_run,PRUN_SID0019_MID0015_004
SMFEID0949,SID0019,MID0016,2025/02/18,production_consumption,-54,production_run,PRUN_SID0019_MID0016_008
SMFEID0950,SID0021,MID0001,2025/02/18,production_consumption,-29,production_run,PRUN_SID0021_MID0001_008
SMFEID0951,SID0021,MID0004,2025/02/18,production_consumption,-45,production_run,PRUN_SID0021_MID0004_008
SMFEID0952,SID0021,MID0005,2025/02/18,production_consumption,-46,production_run,PRUN_SID0021_MID0005_004
SMFEID0953,SID0021,MID0018,2025/02/18,production_consumption,-20,production_run,PRUN_SID0021_MID0018_004
SMFEID0954,SID0002,MID0001,2025/02/19,production_consumption,-11,production_run,PRUN_SID0002_MID0001_008
SMFEID0955,SID0002,MID0025,2025/02/19,production_consumption,-18,production_run,PRUN_SID0002_MID0025_008
SMFEID0956,SID0004,MID0020,2025/02/19,production_consumption,-17,production_run,PRUN_SID0004_MID0020_008
SMFEID0957,SID0006,MID0010,2025/02/19,production_consumption,-23,production_run,PRUN_SID0006_MID0010_008
SMFEID0958,SID0006,MID0020,2025/02/19,production_consumption,-48,production_run,PRUN_SID0006_MID0020_008
SMFEID0959,SID0007,MID0017,2025/02/19,production_consumption,-297,production_run,PRUN_SID0007_MID0017_008
SMFEID0960,SID0008,MID0012,2025/02/19,external_receipt,66,order,OID0119
SMFEID0961,SID0008,MID0022,2025/02/19,production_consumption,-9,production_run,PRUN_SID0008_MID0022_004
SMFEID0962,SID0008,MID0024,2025/02/19,production_consumption,-19,production_run,PRUN_SID0008_MID0024_002
SMFEID0963,SID0011,MID0001,2025/02/19,production_consumption,-13,production_run,PRUN_SID0011_MID0001_008
SMFEID0964,SID0011,MID0007,2025/02/19,production_consumption,-31,production_run,PRUN_SID0011_MID0007_008
SMFEID0965,SID0011,MID0025,2025/02/19,production_consumption,-14,production_run,PRUN_SID0011_MID0025_008
SMFEID0966,SID0013,MID0016,2025/02/19,production_consumption,-34,production_run,PRUN_SID0013_MID0016_008
SMFEID0967,SID0013,MID0020,2025/02/19,production_consumption,-61,production_run,PRUN_SID0013_MID0020_008
SMFEID0968,SID0015,MID0007,2025/02/19,production_consumption,-33,production_run,PRUN_SID0015_MID0007_008
SMFEID0969,SID0015,MID0020,2025/02/19,production_consumption,-67,production_run,PRUN_SID0015_MID0020_008
SMFEID0970,SID0015,MID0025,2025/02/19,production_consumption,-6,production_run,PRUN_SID0015_MID0025_004
SMFEID0971,SID0017,MID0001,2025/02/19,production_consumption,-14,production_run,PRUN_SID0017_MID0001_004
SMFEID0972,SID0018,MID0004,2025/02/19,production_consumption,-124,production_run,PRUN_SID0018_MID0004_008
SMFEID0973,SID0018,MID0020,2025/02/19,production_consumption,-131,production_run,PRUN_SID0018_MID0020_008
SMFEID0974,SID0019,MID0015,2025/02/19,production_consumption,-13,production_run,PRUN_SID0019_MID0015_004
SMFEID0975,SID0019,MID0016,2025/02/19,production_consumption,-41,production_run,PRUN_SID0019_MID0016_008
SMFEID0976,SID0021,MID0004,2025/02/19,production_consumption,-4,production_run,PRUN_SID0021_MID0004_008
SMFEID0977,SID0021,MID0005,2025/02/19,production_consumption,-25,production_run,PRUN_SID0021_MID0005_004
SMFEID0978,SID0021,MID0018,2025/02/19,production_consumption,-7,production_run,PRUN_SID0021_MID0018_004
SMFEID0979,SID0002,MID0025,2025/02/20,production_consumption,-11,production_run,PRUN_SID0002_MID0025_008
SMFEID0980,SID0004,MID0020,2025/02/20,production_consumption,-37,production_run,PRUN_SID0004_MID0020_008
SMFEID0981,SID0006,MID0010,2025/02/20,production_consumption,-23,production_run,PRUN_SID0006_MID0010_008
SMFEID0982,SID0006,MID0020,2025/02/20,production_consumption,-64,production_run,PRUN_SID0006_MID0020_008
SMFEID0983,SID0007,MID0017,2025/02/20,production_consumption,-177,production_run,PRUN_SID0007_MID0017_008
SMFEID0984,SID0008,MID0012,2025/02/20,production_consumption,-2,production_run,PRUN_SID0008_MID0012_002
SMFEID0985,SID0008,MID0022,2025/02/20,production_consumption,-11,production_run,PRUN_SID0008_MID0022_004
SMFEID0986,SID0008,MID0024,2025/02/20,production_consumption,-20,production_run,PRUN_SID0008_MID0024_002
SMFEID0987,SID0011,MID0001,2025/02/20,production_consumption,-17,production_run,PRUN_SID0011_MID0001_008
SMFEID0988,SID0011,MID0007,2025/02/20,production_consumption,-43,production_run,PRUN_SID0011_MID0007_008
SMFEID0989,SID0011,MID0025,2025/02/20,production_consumption,-20,production_run,PRUN_SID0011_MID0025_008
SMFEID0990,SID0013,MID0016,2025/02/20,production_consumption,-28,production_run,PRUN_SID0013_MID0016_008
SMFEID0991,SID0013,MID0020,2025/02/20,production_consumption,-51,production_run,PRUN_SID0013_MID0020_008
SMFEID0992,SID0015,MID0007,2025/02/20,production_consumption,-152,production_run,PRUN_SID0015_MID0007_008
SMFEID0993,SID0015,MID0020,2025/02/20,production_consumption,-64,production_run,PRUN_SID0015_MID0020_008
SMFEID0994,SID0015,MID0025,2025/02/20,production_consumption,-21,production_run,PRUN_SID0015_MID0025_004
SMFEID0995,SID0017,MID0001,2025/02/20,production_consumption,-10,production_run,PRUN_SID0017_MID0001_004
SMFEID0996,SID0017,MID0004,2025/02/20,production_consumption,-24,production_run,PRUN_SID0017_MID0004_004
SMFEID0997,SID0018,MID0004,2025/02/20,production_consumption,-1,production_run,PRUN_SID0018_MID0004_008
SMFEID0998,SID0018,MID0007,2025/02/20,production_consumption,-59,production_run,PRUN_SID0018_MID0007_008
SMFEID0999,SID0018,MID0008,2025/02/20,production_consumption,-29,production_run,PRUN_SID0018_MID0008_004
SMFEID1000,SID0018,MID0020,2025/02/20,production_consumption,-9,production_run,PRUN_SID0018_MID0020_008
SMFEID1001,SID0019,MID0013,2025/02/20,production_consumption,-9,production_run,PRUN_SID0019_MID0013_004
SMFEID1002,SID0019,MID0015,2025/02/20,production_consumption,-25,production_run,PRUN_SID0019_MID0015_004
SMFEID1003,SID0020,MID0014,2025/02/20,production_consumption,-4,production_run,PRUN_SID0020_MID0014_002
SMFEID1004,SID0020,MID0017,2025/02/20,production_consumption,-100,production_run,PRUN_SID0020_MID0017_004
SMFEID1005,SID0021,MID0004,2025/02/20,external_receipt,177,order,OID0135
SMFEID1006,SID0021,MID0004,2025/02/20,production_consumption,-31,production_run,PRUN_SID0021_MID0004_008
SMFEID1007,SID0021,MID0005,2025/02/20,production_consumption,-42,production_run,PRUN_SID0021_MID0005_004
SMFEID1008,SID0002,MID0001,2025/02/21,external_receipt,223,order,OID0130
SMFEID1009,SID0002,MID0020,2025/02/21,production_consumption,-52,production_run,PRUN_SID0002_MID0020_004
SMFEID1010,SID0004,MID0020,2025/02/21,production_consumption,-26,production_run,PRUN_SID0004_MID0020_008
SMFEID1011,SID0006,MID0010,2025/02/21,production_consumption,-24,production_run,PRUN_SID0006_MID0010_008
SMFEID1012,SID0006,MID0020,2025/02/21,production_consumption,-27,production_run,PRUN_SID0006_MID0020_008
SMFEID1013,SID0007,MID0017,2025/02/21,production_consumption,-15,production_run,PRUN_SID0007_MID0017_008
SMFEID1014,SID0008,MID0012,2025/02/21,production_consumption,-3,production_run,PRUN_SID0008_MID0012_002
SMFEID1015,SID0008,MID0022,2025/02/21,production_consumption,-11,production_run,PRUN_SID0008_MID0022_004
SMFEID1016,SID0008,MID0023,2025/02/21,production_consumption,-3,production_run,PRUN_SID0008_MID0023_002
SMFEID1017,SID0011,MID0001,2025/02/21,production_consumption,-21,production_run,PRUN_SID0011_MID0001_008
SMFEID1018,SID0011,MID0007,2025/02/21,production_consumption,-32,production_run,PRUN_SID0011_MID0007_008
SMFEID1019,SID0013,MID0016,2025/02/21,external_receipt,182,order,OID0140
SMFEID1020,SID0013,MID0016,2025/02/21,production_consumption,-3,production_run,PRUN_SID0013_MID0016_008
SMFEID1021,SID0015,MID0007,2025/02/21,production_consumption,-222,production_run,PRUN_SID0015_MID0007_008
SMFEID1022,SID0015,MID0020,2025/02/21,production_consumption,-115,production_run,PRUN_SID0015_MID0020_008
SMFEID1023,SID0015,MID0025,2025/02/21,production_consumption,-16,production_run,PRUN_SID0015_MID0025_004
SMFEID1024,SID0017,MID0001,2025/02/21,production_consumption,-18,production_run,PRUN_SID0017_MID0001_004
SMFEID1025,SID0017,MID0004,2025/02/21,external_receipt,243,order,OID0105
SMFEID1026,SID0017,MID0004,2025/02/21,production_consumption,-3,production_run,PRUN_SID0017_MID0004_004
SMFEID1027,SID0018,MID0007,2025/02/21,production_consumption,-28,production_run,PRUN_SID0018_MID0007_008
SMFEID1028,SID0018,MID0008,2025/02/21,production_consumption,-3,production_run,PRUN_SID0018_MID0008_004
SMFEID1029,SID0018,MID0020,2025/02/21,production_consumption,-82,production_run,PRUN_SID0018_MID0020_008
SMFEID1030,SID0019,MID0013,2025/02/21,production_consumption,-12,production_run,PRUN_SID0019_MID0013_004
SMFEID1031,SID0019,MID0015,2025/02/21,production_consumption,-19,production_run,PRUN_SID0019_MID0015_004
SMFEID1032,SID0020,MID0014,2025/02/21,production_consumption,-25,production_run,PRUN_SID0020_MID0014_002
SMFEID1033,SID0020,MID0017,2025/02/21,production_consumption,-13,production_run,PRUN_SID0020_MID0017_004
SMFEID1034,SID0021,MID0018,2025/02/21,external_receipt,91,order,OID0132
SMFEID1035,SID0015,MID0007,2025/02/22,external_receipt,2291,order,OID0111
SMFEID1036,SID0002,MID0020,2025/02/23,external_receipt,200,order,OID0133
SMFEID1037,SID0006,MID0010,2025/02/23,external_receipt,172,order,OID0149
SMFEID1038,SID0018,MID0007,2025/02/23,external_receipt,76,order,OID0146
SMFEID1039,SID0018,MID0007,2025/02/23,external_receipt,152,order,OID0147
SMFEID1040,SID0002,MID0020,2025/02/24,production_consumption,-81,production_run,PRUN_SID0002_MID0020_004
SMFEID1041,SID0002,MID0025,2025/02/24,production_consumption,-15,production_run,PRUN_SID0002_MID0025_009
SMFEID1042,SID0004,MID0007,2025/02/24,production_consumption,-50,production_run,PRUN_SID0004_MID0007_009
SMFEID1043,SID0006,MID0010,2025/02/24,production_consumption,-13,production_run,PRUN_SID0006_MID0010_009
SMFEID1044,SID0006,MID0020,2025/02/24,production_consumption,-40,production_run,PRUN_SID0006_MID0020_009
SMFEID1045,SID0008,MID0012,2025/02/24,external_receipt,51,order,OID0136
SMFEID1046,SID0008,MID0012,2025/02/24,production_consumption,-1,production_run,PRUN_SID0008_MID0012_002
SMFEID1047,SID0008,MID0022,2025/02/24,production_consumption,-13,production_run,PRUN_SID0008_MID0022_004
SMFEID1048,SID0008,MID0023,2025/02/24,production_consumption,-1,production_run,PRUN_SID0008_MID0023_002
SMFEID1049,SID0011,MID0001,2025/02/24,production_consumption,-31,production_run,PRUN_SID0011_MID0001_009
SMFEID1050,SID0011,MID0007,2025/02/24,production_consumption,-48,production_run,PRUN_SID0011_MID0007_009
SMFEID1051,SID0011,MID0020,2025/02/24,production_consumption,-61,production_run,PRUN_SID0011_MID0020_009
SMFEID1052,SID0013,MID0016,2025/02/24,external_receipt,182,order,OID0141
SMFEID1053,SID0013,MID0020,2025/02/24,external_receipt,344,order,OID0150
SMFEID1054,SID0013,MID0020,2025/02/24,production_consumption,-38,production_run,PRUN_SID0013_MID0020_009
SMFEID1055,SID0015,MID0007,2025/02/24,production_consumption,-152,production_run,PRUN_SID0015_MID0007_009
SMFEID1056,SID0015,MID0025,2025/02/24,production_consumption,-25,production_run,PRUN_SID0015_MID0025_004
SMFEID1057,SID0017,MID0001,2025/02/24,production_consumption,-28,production_run,PRUN_SID0017_MID0001_004
SMFEID1058,SID0017,MID0004,2025/02/24,production_consumption,-60,production_run,PRUN_SID0017_MID0004_004
SMFEID1059,SID0018,MID0007,2025/02/24,production_consumption,-20,production_run,PRUN_SID0018_MID0007_009
SMFEID1060,SID0018,MID0008,2025/02/24,production_consumption,-31,production_run,PRUN_SID0018_MID0008_004
SMFEID1061,SID0019,MID0010,2025/02/24,production_consumption,-23,production_run,PRUN_SID0019_MID0010_009
SMFEID1062,SID0019,MID0013,2025/02/24,production_consumption,-37,production_run,PRUN_SID0019_MID0013_004
SMFEID1063,SID0020,MID0014,2025/02/24,production_consumption,-19,production_run,PRUN_SID0020_MID0014_002
SMFEID1064,SID0021,MID0004,2025/02/24,external_receipt,171,order,OID0155
SMFEID1065,SID0021,MID0004,2025/02/24,production_consumption,-36,production_run,PRUN_SID0021_MID0004_009
SMFEID1066,SID0002,MID0025,2025/02/25,production_consumption,-14,production_run,PRUN_SID0002_MID0025_009
SMFEID1067,SID0004,MID0007,2025/02/25,production_consumption,-46,production_run,PRUN_SID0004_MID0007_009
SMFEID1068,SID0004,MID0020,2025/02/25,production_consumption,-22,production_run,PRUN_SID0004_MID0020_009
SMFEID1069,SID0006,MID0010,2025/02/25,production_consumption,-35,production_run,PRUN_SID0006_MID0010_009
SMFEID1070,SID0006,MID0020,2025/02/25,production_consumption,-113,production_run,PRUN_SID0006_MID0020_009
SMFEID1071,SID0007,MID0017,2025/02/25,production_consumption,-465,production_run,PRUN_SID0007_MID0017_009
SMFEID1072,SID0007,MID0020,2025/02/25,production_consumption,-188,production_run,PRUN_SID0007_MID0020_009
SMFEID1073,SID0008,MID0012,2025/02/25,production_consumption,-10,production_run,PRUN_SID0008_MID0012_002
SMFEID1074,SID0008,MID0022,2025/02/25,production_consumption,-13,production_run,PRUN_SID0008_MID0022_004
SMFEID1075,SID0008,MID0023,2025/02/25,production_consumption,-7,production_run,PRUN_SID0008_MID0023_002
SMFEID1076,SID0008,MID0024,2025/02/25,external_receipt,91,order,OID0137
SMFEID1077,SID0011,MID0001,2025/02/25,production_consumption,-24,production_run,PRUN_SID0011_MID0001_009
SMFEID1078,SID0011,MID0007,2025/02/25,production_consumption,-84,production_run,PRUN_SID0011_MID0007_009
SMFEID1079,SID0011,MID0008,2025/02/25,external_receipt,691,order,OID0143
SMFEID1080,SID0011,MID0008,2025/02/25,production_consumption,-57,production_run,PRUN_SID0011_MID0008_009
SMFEID1081,SID0011,MID0020,2025/02/25,production_consumption,-107,production_run,PRUN_SID0011_MID0020_009
SMFEID1082,SID0013,MID0020,2025/02/25,production_consumption,-50,production_run,PRUN_SID0013_MID0020_009
SMFEID1083,SID0015,MID0007,2025/02/25,production_consumption,-90,production_run,PRUN_SID0015_MID0007_009
SMFEID1084,SID0017,MID0001,2025/02/25,production_consumption,-5,production_run,PRUN_SID0017_MID0001_004
SMFEID1085,SID0018,MID0004,2025/02/25,production_consumption,-92,production_run,PRUN_SID0018_MID0004_009
SMFEID1086,SID0018,MID0007,2025/02/25,production_consumption,-12,production_run,PRUN_SID0018_MID0007_009
SMFEID1087,SID0018,MID0008,2025/02/25,production_consumption,-28,production_run,PRUN_SID0018_MID0008_004
SMFEID1088,SID0018,MID0020,2025/02/25,production_consumption,-86,production_run,PRUN_SID0018_MID0020_009
SMFEID1089,SID0018,MID0021,2025/02/25,external_receipt,319,order,OID0120
SMFEID1090,SID0019,MID0010,2025/02/25,production_consumption,-83,production_run,PRUN_SID0019_MID0010_009
SMFEID1091,SID0019,MID0013,2025/02/25,production_consumption,-41,production_run,PRUN_SID0019_MID0013_004
SMFEID1092,SID0020,MID0014,2025/02/25,production_consumption,-9,production_run,PRUN_SID0020_MID0014_002
SMFEID1093,SID0021,MID0004,2025/02/25,production_consumption,-6,production_run,PRUN_SID0021_MID0004_009
SMFEID1094,SID0002,MID0001,2025/02/26,production_consumption,-10,production_run,PRUN_SID0002_MID0001_009
SMFEID1095,SID0002,MID0025,2025/02/26,production_consumption,-18,production_run,PRUN_SID0002_MID0025_009
SMFEID1096,SID0004,MID0007,2025/02/26,production_consumption,-40,production_run,PRUN_SID0004_MID0007_009
SMFEID1097,SID0004,MID0020,2025/02/26,production_consumption,-29,production_run,PRUN_SID0004_MID0020_009
SMFEID1098,SID0006,MID0010,2025/02/26,production_consumption,-15,production_run,PRUN_SID0006_MID0010_009
SMFEID1099,SID0006,MID0020,2025/02/26,production_consumption,-66,production_run,PRUN_SID0006_MID0020_009
SMFEID1100,SID0007,MID0017,2025/02/26,production_consumption,-116,production_run,PRUN_SID0007_MID0017_009
SMFEID1101,SID0007,MID0020,2025/02/26,production_consumption,-164,production_run,PRUN_SID0007_MID0020_009
SMFEID1102,SID0008,MID0012,2025/02/26,production_consumption,-7,production_run,PRUN_SID0008_MID0012_002
SMFEID1103,SID0008,MID0023,2025/02/26,production_consumption,-10,production_run,PRUN_SID0008_MID0023_002
SMFEID1104,SID0011,MID0001,2025/02/26,production_consumption,-6,production_run,PRUN_SID0011_MID0001_009
SMFEID1105,SID0011,MID0008,2025/02/26,production_consumption,-140,production_run,PRUN_SID0011_MID0008_009
SMFEID1106,SID0011,MID0020,2025/02/26,production_consumption,-89,production_run,PRUN_SID0011_MID0020_009
SMFEID1107,SID0013,MID0016,2025/02/26,production_consumption,-101,production_run,PRUN_SID0013_MID0016_009
SMFEID1108,SID0013,MID0020,2025/02/26,production_consumption,-64,production_run,PRUN_SID0013_MID0020_009
SMFEID1109,SID0015,MID0007,2025/02/26,production_consumption,-80,production_run,PRUN_SID0015_MID0007_009
SMFEID1110,SID0018,MID0004,2025/02/26,production_consumption,-144,production_run,PRUN_SID0018_MID0004_009
SMFEID1111,SID0018,MID0007,2025/02/26,production_consumption,-8,production_run,PRUN_SID0018_MID0007_009
SMFEID1112,SID0018,MID0008,2025/02/26,production_consumption,-19,production_run,PRUN_SID0018_MID0008_004
SMFEID1113,SID0018,MID0020,2025/02/26,production_consumption,-117,production_run,PRUN_SID0018_MID0020_009
SMFEID1114,SID0018,MID0021,2025/02/26,production_consumption,-23,production_run,PRUN_SID0018_MID0021_004
SMFEID1115,SID0019,MID0013,2025/02/26,production_consumption,-8,production_run,PRUN_SID0019_MID0013_004
SMFEID1116,SID0019,MID0016,2025/02/26,production_consumption,-14,production_run,PRUN_SID0019_MID0016_009
SMFEID1117,SID0020,MID0014,2025/02/26,production_consumption,-27,production_run,PRUN_SID0020_MID0014_002
SMFEID1118,SID0021,MID0001,2025/02/26,production_consumption,-55,production_run,PRUN_SID0021_MID0001_009
SMFEID1119,SID0021,MID0004,2025/02/26,production_consumption,-48,production_run,PRUN_SID0021_MID0004_009
SMFEID1120,SID0002,MID0001,2025/02/27,production_consumption,-75,production_run,PRUN_SID0002_MID0001_009
SMFEID1121,SID0002,MID0025,2025/02/27,production_consumption,-15,production_run,PRUN_SID0002_MID0025_009
SMFEID1122,SID0004,MID0007,2025/02/27,production_consumption,-31,production_run,PRUN_SID0004_MID0007_009
SMFEID1123,SID0004,MID0020,2025/02/27,production_consumption,-27,production_run,PRUN_SID0004_MID0020_009
SMFEID1124,SID0006,MID0010,2025/02/27,production_consumption,-26,production_run,PRUN_SID0006_MID0010_009
SMFEID1125,SID0006,MID0020,2025/02/27,production_consumption,-58,production_run,PRUN_SID0006_MID0020_009
SMFEID1126,SID0008,MID0012,2025/02/27,production_consumption,-7,production_run,PRUN_SID0008_MID0012_002
SMFEID1127,SID0008,MID0023,2025/02/27,production_consumption,-9,production_run,PRUN_SID0008_MID0023_002
SMFEID1128,SID0011,MID0001,2025/02/27,production_consumption,-23,production_run,PRUN_SID0011_MID0001_009
SMFEID1129,SID0011,MID0008,2025/02/27,production_consumption,-6,production_run,PRUN_SID0011_MID0008_009
SMFEID1130,SID0011,MID0020,2025/02/27,production_consumption,-40,production_run,PRUN_SID0011_MID0020_009
SMFEID1131,SID0011,MID0025,2025/02/27,external_receipt,91,order,OID0156
SMFEID1132,SID0011,MID0025,2025/02/27,production_consumption,-36,production_run,PRUN_SID0011_MID0025_009
SMFEID1133,SID0013,MID0016,2025/02/27,production_consumption,-91,production_run,PRUN_SID0013_MID0016_009
SMFEID1134,SID0013,MID0020,2025/02/27,production_consumption,-60,production_run,PRUN_SID0013_MID0020_009
SMFEID1135,SID0015,MID0007,2025/02/27,production_consumption,-247,production_run,PRUN_SID0015_MID0007_009
SMFEID1136,SID0015,MID0020,2025/02/27,production_consumption,-319,production_run,PRUN_SID0015_MID0020_009
SMFEID1137,SID0018,MID0004,2025/02/27,production_consumption,-13,production_run,PRUN_SID0018_MID0004_009
SMFEID1138,SID0018,MID0007,2025/02/27,production_consumption,-29,production_run,PRUN_SID0018_MID0007_009
SMFEID1139,SID0018,MID0020,2025/02/27,production_consumption,-148,production_run,PRUN_SID0018_MID0020_009
SMFEID1140,SID0018,MID0021,2025/02/27,production_consumption,-34,production_run,PRUN_SID0018_MID0021_004
SMFEID1141,SID0019,MID0016,2025/02/27,production_consumption,-42,production_run,PRUN_SID0019_MID0016_009
SMFEID1142,SID0021,MID0001,2025/02/27,production_consumption,-52,production_run,PRUN_SID0021_MID0001_009
SMFEID1143,SID0021,MID0004,2025/02/27,production_consumption,-38,production_run,PRUN_SID0021_MID0004_009
SMFEID1144,SID0002,MID0025,2025/02/28,production_consumption,-14,production_run,PRUN_SID0002_MID0025_009
SMFEID1145,SID0004,MID0020,2025/02/28,production_consumption,-26,production_run,PRUN_SID0004_MID0020_009
SMFEID1146,SID0006,MID0010,2025/02/28,production_consumption,-33,production_run,PRUN_SID0006_MID0010_009
SMFEID1147,SID0007,MID0020,2025/02/28,external_receipt,631,order,OID0151
SMFEID1148,SID0011,MID0007,2025/02/28,external_receipt,340,order,OID0157
SMFEID1149,SID0011,MID0008,2025/02/28,production_consumption,-85,production_run,PRUN_SID0011_MID0008_009
SMFEID1150,SID0011,MID0020,2025/02/28,production_consumption,-123,production_run,PRUN_SID0011_MID0020_009
SMFEID1151,SID0011,MID0025,2025/02/28,production_consumption,-31,production_run,PRUN_SID0011_MID0025_009
SMFEID1152,SID0013,MID0017,2025/02/28,production_consumption,-41,production_run,PRUN_SID0013_MID0017_001
SMFEID1153,SID0013,MID0020,2025/02/28,production_consumption,-39,production_run,PRUN_SID0013_MID0020_009
SMFEID1154,SID0015,MID0007,2025/02/28,production_consumption,-9,production_run,PRUN_SID0015_MID0007_009
SMFEID1155,SID0015,MID0020,2025/02/28,production_consumption,-86,production_run,PRUN_SID0015_MID0020_009
SMFEID1156,SID0018,MID0004,2025/02/28,production_consumption,-71,production_run,PRUN_SID0018_MID0004_009
SMFEID1157,SID0018,MID0007,2025/02/28,production_consumption,-27,production_run,PRUN_SID0018_MID0007_009
SMFEID1158,SID0018,MID0021,2025/02/28,production_consumption,-24,production_run,PRUN_SID0018_MID0021_004
SMFEID1159,SID0019,MID0016,2025/02/28,production_consumption,-90,production_run,PRUN_SID0019_MID0016_009
SMFEID1160,SID0004,MID0020,2025/03/01,external_receipt,162,order,OID0162
SMFEID1161,SID0007,MID0017,2025/03/01,external_receipt,1346,order,OID0159
SMFEID1162,SID0011,MID0001,2025/03/01,external_receipt,110,order,OID0164
SMFEID1163,SID0006,MID0020,2025/03/02,external_receipt,627,order,OID0160
SMFEID1164,SID0011,MID0020,2025/03/02,external_receipt,813,order,OID0166
SMFEID1165,SID0017,MID0018,2025/03/02,external_receipt,49,order,OID0144
SMFEID1166,SID0019,MID0013,2025/03/02,external_receipt,142,order,OID0165
SMFEID1167,SID0002,MID0001,2025/03/03,production_consumption,-6,production_run,PRUN_SID0002_MID0001_010
SMFEID1168,SID0002,MID0025,2025/03/03,production_consumption,-5,production_run,PRUN_SID0002_MID0025_010
SMFEID1169,SID0004,MID0020,2025/03/03,production_consumption,-26,production_run,PRUN_SID0004_MID0020_010
SMFEID1170,SID0006,MID0010,2025/03/03,external_receipt,172,order,OID0172
SMFEID1171,SID0006,MID0010,2025/03/03,production_consumption,-19,production_run,PRUN_SID0006_MID0010_010
SMFEID1172,SID0011,MID0007,2025/03/03,production_consumption,-55,production_run,PRUN_SID0011_MID0007_010
SMFEID1173,SID0011,MID0020,2025/03/03,production_consumption,-126,production_run,PRUN_SID0011_MID0020_010
SMFEID1174,SID0013,MID0016,2025/03/03,production_consumption,-35,production_run,PRUN_SID0013_MID0016_010
SMFEID1175,SID0015,MID0020,2025/03/03,production_consumption,-52,production_run,PRUN_SID0015_MID0020_010
SMFEID1176,SID0017,MID0004,2025/03/03,production_consumption,-37,production_run,PRUN_SID0017_MID0004_005
SMFEID1177,SID0017,MID0005,2025/03/03,production_consumption,-10,production_run,PRUN_SID0017_MID0005_003
SMFEID1178,SID0018,MID0004,2025/03/03,production_consumption,-117,production_run,PRUN_SID0018_MID0004_010
SMFEID1179,SID0018,MID0020,2025/03/03,external_receipt,1010,order,OID0138
SMFEID1180,SID0018,MID0020,2025/03/03,production_consumption,-215,production_run,PRUN_SID0018_MID0020_010
SMFEID1181,SID0019,MID0016,2025/03/03,production_consumption,-35,production_run,PRUN_SID0019_MID0016_010
SMFEID1182,SID0002,MID0001,2025/03/04,production_consumption,-26,production_run,PRUN_SID0002_MID0001_010
SMFEID1183,SID0002,MID0025,2025/03/04,production_consumption,-9,production_run,PRUN_SID0002_MID0025_010
SMFEID1184,SID0004,MID0007,2025/03/04,external_receipt,526,order,OID0152
SMFEID1185,SID0004,MID0020,2025/03/04,production_consumption,-38,production_run,PRUN_SID0004_MID0020_010
SMFEID1186,SID0006,MID0010,2025/03/04,production_consumption,-69,production_run,PRUN_SID0006_MID0010_010
SMFEID1187,SID0007,MID0017,2025/03/04,production_consumption,-105,production_run,PRUN_SID0007_MID0017_010
SMFEID1188,SID0008,MID0022,2025/03/04,production_consumption,-20,production_run,PRUN_SID0008_MID0022_005
SMFEID1189,SID0011,MID0001,2025/03/04,production_consumption,-11,production_run,PRUN_SID0011_MID0001_010
SMFEID1190,SID0011,MID0007,2025/03/04,production_consumption,-29,production_run,PRUN_SID0011_MID0007_010
SMFEID1191,SID0011,MID0008,2025/03/04,production_consumption,-26,production_run,PRUN_SID0011_MID0008_010
SMFEID1192,SID0011,MID0020,2025/03/04,production_consumption,-153,production_run,PRUN_SID0011_MID0020_010
SMFEID1193,SID0013,MID0016,2025/03/04,production_consumption,-117,production_run,PRUN_SID0013_MID0016_010
SMFEID1194,SID0015,MID0007,2025/03/04,production_consumption,-65,production_run,PRUN_SID0015_MID0007_010
SMFEID1195,SID0015,MID0020,2025/03/04,production_consumption,-112,production_run,PRUN_SID0015_MID0020_010
SMFEID1196,SID0017,MID0001,2025/03/04,production_consumption,-47,production_run,PRUN_SID0017_MID0001_005
SMFEID1197,SID0017,MID0004,2025/03/04,production_consumption,-39,production_run,PRUN_SID0017_MID0004_005
SMFEID1198,SID0017,MID0005,2025/03/04,production_consumption,-4,production_run,PRUN_SID0017_MID0005_003
SMFEID1199,SID0018,MID0004,2025/03/04,production_consumption,-94,production_run,PRUN_SID0018_MID0004_010
SMFEID1200,SID0018,MID0007,2025/03/04,production_consumption,-25,production_run,PRUN_SID0018_MID0007_010
SMFEID1201,SID0018,MID0020,2025/03/04,production_consumption,-15,production_run,PRUN_SID0018_MID0020_010
SMFEID1202,SID0018,MID0021,2025/03/04,production_consumption,-35,production_run,PRUN_SID0018_MID0021_005
SMFEID1203,SID0019,MID0010,2025/03/04,production_consumption,-43,production_run,PRUN_SID0019_MID0010_010
SMFEID1204,SID0019,MID0013,2025/03/04,production_consumption,-12,production_run,PRUN_SID0019_MID0013_005
SMFEID1205,SID0019,MID0016,2025/03/04,production_consumption,-29,production_run,PRUN_SID0019_MID0016_010
SMFEID1206,SID0021,MID0001,2025/03/04,production_consumption,-23,production_run,PRUN_SID0021_MID0001_010
SMFEID1207,SID0021,MID0005,2025/03/04,production_consumption,-29,production_run,PRUN_SID0021_MID0005_005
SMFEID1208,SID0002,MID0001,2025/03/05,production_consumption,-17,production_run,PRUN_SID0002_MID0001_010
SMFEID1209,SID0002,MID0025,2025/03/05,production_consumption,-21,production_run,PRUN_SID0002_MID0025_010
SMFEID1210,SID0004,MID0007,2025/03/05,production_consumption,-59,production_run,PRUN_SID0004_MID0007_010
SMFEID1211,SID0004,MID0020,2025/03/05,production_consumption,-23,production_run,PRUN_SID0004_MID0020_010
SMFEID1212,SID0006,MID0010,2025/03/05,production_consumption,-41,production_run,PRUN_SID0006_MID0010_010
SMFEID1213,SID0006,MID0020,2025/03/05,production_consumption,-127,production_run,PRUN_SID0006_MID0020_010
SMFEID1214,SID0007,MID0017,2025/03/05,production_consumption,-214,production_run,PRUN_SID0007_MID0017_010
SMFEID1215,SID0007,MID0020,2025/03/05,production_consumption,-158,production_run,PRUN_SID0007_MID0020_010
SMFEID1216,SID0008,MID0012,2025/03/05,production_consumption,-3,production_run,PRUN_SID0008_MID0012_003
SMFEID1217,SID0008,MID0022,2025/03/05,production_consumption,-3,production_run,PRUN_SID0008_MID0022_005
SMFEID1218,SID0011,MID0001,2025/03/05,production_consumption,-25,production_run,PRUN_SID0011_MID0001_010
SMFEID1219,SID0011,MID0007,2025/03/05,production_consumption,-16,production_run,PRUN_SID0011_MID0007_010
SMFEID1220,SID0011,MID0008,2025/03/05,production_consumption,-115,production_run,PRUN_SID0011_MID0008_010
SMFEID1221,SID0011,MID0020,2025/03/05,production_consumption,-144,production_run,PRUN_SID0011_MID0020_010
SMFEID1222,SID0011,MID0025,2025/03/05,production_consumption,-29,production_run,PRUN_SID0011_MID0025_010
SMFEID1223,SID0015,MID0007,2025/03/05,production_consumption,-148,production_run,PRUN_SID0015_MID0007_010
SMFEID1224,SID0015,MID0020,2025/03/05,production_consumption,-89,production_run,PRUN_SID0015_MID0020_010
SMFEID1225,SID0017,MID0001,2025/03/05,production_consumption,-14,production_run,PRUN_SID0017_MID0001_005
SMFEID1226,SID0017,MID0005,2025/03/05,production_consumption,-16,production_run,PRUN_SID0017_MID0005_003
SMFEID1227,SID0018,MID0004,2025/03/05,production_consumption,-28,production_run,PRUN_SID0018_MID0004_010
SMFEID1228,SID0018,MID0007,2025/03/05,production_consumption,-41,production_run,PRUN_SID0018_MID0007_010
SMFEID1229,SID0018,MID0008,2025/03/05,production_consumption,-1,production_run,PRUN_SID0018_MID0008_005
SMFEID1230,SID0018,MID0020,2025/03/05,production_consumption,-2,production_run,PRUN_SID0018_MID0020_010
SMFEID1231,SID0018,MID0021,2025/03/05,production_consumption,-55,production_run,PRUN_SID0018_MID0021_005
SMFEID1232,SID0019,MID0010,2025/03/05,production_consumption,-36,production_run,PRUN_SID0019_MID0010_010
SMFEID1233,SID0019,MID0013,2025/03/05,production_consumption,-14,production_run,PRUN_SID0019_MID0013_005
SMFEID1234,SID0019,MID0015,2025/03/05,production_consumption,-17,production_run,PRUN_SID0019_MID0015_005
SMFEID1235,SID0019,MID0016,2025/03/05,production_consumption,-19,production_run,PRUN_SID0019_MID0016_010
SMFEID1236,SID0021,MID0001,2025/03/05,production_consumption,-66,production_run,PRUN_SID0021_MID0001_010
SMFEID1237,SID0021,MID0004,2025/03/05,production_consumption,-56,production_run,PRUN_SID0021_MID0004_010
SMFEID1238,SID0021,MID0005,2025/03/05,production_consumption,-32,production_run,PRUN_SID0021_MID0005_005
SMFEID1239,SID0002,MID0001,2025/03/06,production_consumption,-23,production_run,PRUN_SID0002_MID0001_010
SMFEID1240,SID0002,MID0025,2025/03/06,production_consumption,-21,production_run,PRUN_SID0002_MID0025_010
SMFEID1241,SID0004,MID0007,2025/03/06,production_consumption,-35,production_run,PRUN_SID0004_MID0007_010
SMFEID1242,SID0004,MID0020,2025/03/06,production_consumption,-1,production_run,PRUN_SID0004_MID0020_010
SMFEID1243,SID0006,MID0020,2025/03/06,production_consumption,-134,production_run,PRUN_SID0006_MID0020_010
SMFEID1244,SID0007,MID0017,2025/03/06,production_consumption,-191,production_run,PRUN_SID0007_MID0017_010
SMFEID1245,SID0007,MID0020,2025/03/06,external_receipt,631,order,OID0173
SMFEID1246,SID0007,MID0020,2025/03/06,production_consumption,-157,production_run,PRUN_SID0007_MID0020_010
SMFEID1247,SID0008,MID0012,2025/03/06,production_consumption,-4,production_run,PRUN_SID0008_MID0012_003
SMFEID1248,SID0008,MID0022,2025/03/06,production_consumption,-27,production_run,PRUN_SID0008_MID0022_005
SMFEID1249,SID0011,MID0001,2025/03/06,production_consumption,-16,production_run,PRUN_SID0011_MID0001_010
SMFEID1250,SID0011,MID0007,2025/03/06,production_consumption,-23,production_run,PRUN_SID0011_MID0007_010
SMFEID1251,SID0011,MID0008,2025/03/06,production_consumption,-179,production_run,PRUN_SID0011_MID0008_010
SMFEID1252,SID0011,MID0020,2025/03/06,production_consumption,-20,production_run,PRUN_SID0011_MID0020_010
SMFEID1253,SID0011,MID0025,2025/03/06,external_receipt,91,order,OID0182
SMFEID1254,SID0011,MID0025,2025/03/06,production_consumption,-42,production_run,PRUN_SID0011_MID0025_010
SMFEID1255,SID0013,MID0020,2025/03/06,production_consumption,-114,production_run,PRUN_SID0013_MID0020_010
SMFEID1256,SID0015,MID0007,2025/03/06,production_consumption,-182,production_run,PRUN_SID0015_MID0007_010
SMFEID1257,SID0015,MID0020,2025/03/06,production_consumption,-7,production_run,PRUN_SID0015_MID0020_010
SMFEID1258,SID0017,MID0005,2025/03/06,production_consumption,-14,production_run,PRUN_SID0017_MID0005_003
SMFEID1259,SID0018,MID0004,2025/03/06,production_consumption,-32,production_run,PRUN_SID0018_MID0004_010
SMFEID1260,SID0018,MID0007,2025/03/06,production_consumption,-17,production_run,PRUN_SID0018_MID0007_010
SMFEID1261,SID0018,MID0008,2025/03/06,production_consumption,-70,production_run,PRUN_SID0018_MID0008_005
SMFEID1262,SID0018,MID0020,2025/03/06,production_consumption,-62,production_run,PRUN_SID0018_MID0020_010
SMFEID1263,SID0018,MID0021,2025/03/06,production_consumption,-2,production_run,PRUN_SID0018_MID0021_005
SMFEID1264,SID0019,MID0010,2025/03/06,production_consumption,-32,production_run,PRUN_SID0019_MID0010_010
SMFEID1265,SID0019,MID0013,2025/03/06,production_consumption,-82,production_run,PRUN_SID0019_MID0013_005
SMFEID1266,SID0019,MID0015,2025/03/06,external_receipt,61,order,OID0183
SMFEID1267,SID0019,MID0015,2025/03/06,production_consumption,-31,production_run,PRUN_SID0019_MID0015_005
SMFEID1268,SID0019,MID0016,2025/03/06,production_consumption,-78,production_run,PRUN_SID0019_MID0016_010
SMFEID1269,SID0021,MID0001,2025/03/06,production_consumption,-18,production_run,PRUN_SID0021_MID0001_010
SMFEID1270,SID0021,MID0004,2025/03/06,production_consumption,-29,production_run,PRUN_SID0021_MID0004_010
SMFEID1271,SID0021,MID0005,2025/03/06,production_consumption,-8,production_run,PRUN_SID0021_MID0005_005
SMFEID1272,SID0002,MID0001,2025/03/07,production_consumption,-4,production_run,PRUN_SID0002_MID0001_010
SMFEID1273,SID0002,MID0025,2025/03/07,production_consumption,-19,production_run,PRUN_SID0002_MID0025_010
SMFEID1274,SID0004,MID0007,2025/03/07,production_consumption,-32,production_run,PRUN_SID0004_MID0007_010
SMFEID1275,SID0007,MID0020,2025/03/07,production_consumption,-59,production_run,PRUN_SID0007_MID0020_010
SMFEID1276,SID0008,MID0012,2025/03/07,production_consumption,-5,production_run,PRUN_SID0008_MID0012_003
SMFEID1277,SID0008,MID0022,2025/03/07,production_consumption,-15,production_run,PRUN_SID0008_MID0022_005
SMFEID1278,SID0011,MID0001,2025/03/07,production_consumption,-27,production_run,PRUN_SID0011_MID0001_010
SMFEID1279,SID0011,MID0007,2025/03/07,production_consumption,-16,production_run,PRUN_SID0011_MID0007_010
SMFEID1280,SID0013,MID0020,2025/03/07,external_receipt,364,order,OID0174
SMFEID1281,SID0013,MID0020,2025/03/07,production_consumption,-177,production_run,PRUN_SID0013_MID0020_010
SMFEID1282,SID0015,MID0007,2025/03/07,production_consumption,-145,production_run,PRUN_SID0015_MID0007_010
SMFEID1283,SID0015,MID0020,2025/03/07,production_consumption,-102,production_run,PRUN_SID0015_MID0020_010
SMFEID1284,SID0017,MID0005,2025/03/07,production_consumption,-18,production_run,PRUN_SID0017_MID0005_003
SMFEID1285,SID0018,MID0004,2025/03/07,production_consumption,-26,production_run,PRUN_SID0018_MID0004_010
SMFEID1286,SID0018,MID0008,2025/03/07,external_receipt,146,order,OID0167
SMFEID1287,SID0018,MID0008,2025/03/07,production_consumption,-39,production_run,PRUN_SID0018_MID0008_005
SMFEID1288,SID0018,MID0020,2025/03/07,production_consumption,-43,production_run,PRUN_SID0018_MID0020_010
SMFEID1289,SID0019,MID0015,2025/03/07,production_consumption,-22,production_run,PRUN_SID0019_MID0015_005
SMFEID1290,SID0020,MID0017,2025/03/07,external_receipt,175,order,OID0153
SMFEID1291,SID0021,MID0004,2025/03/07,production_consumption,-52,production_run,PRUN_SID0021_MID0004_010
SMFEID1292,SID0021,MID0005,2025/03/07,production_consumption,-33,production_run,PRUN_SID0021_MID0005_005
SMFEID1293,SID0021,MID0018,2025/03/07,production_consumption,-14,production_run,PRUN_SID0021_MID0018_005
SMFEID1294,SID0019,MID0010,2025/03/08,external_receipt,297,order,OID0168
SMFEID1295,SID0020,MID0017,2025/03/08,external_receipt,255,order,OID0163
SMFEID1296,SID0002,MID0025,2025/03/09,external_receipt,182,order,OID0169
SMFEID1297,SID0020,MID0011,2025/03/09,external_receipt,41,order,OID0158
SMFEID1298,SID0020,MID0014,2025/03/09,external_receipt,146,order,OID0148
SMFEID1299,SID0002,MID0001,2025/03/10,production_consumption,-24,production_run,PRUN_SID0002_MID0001_011
SMFEID1300,SID0002,MID0020,2025/03/10,production_consumption,-67,production_run,PRUN_SID0002_MID0020_005
SMFEID1301,SID0002,MID0025,2025/03/10,production_consumption,-33,production_run,PRUN_SID0002_MID0025_011
SMFEID1302,SID0004,MID0020,2025/03/10,production_consumption,-38,production_run,PRUN_SID0004_MID0020_011
SMFEID1303,SID0006,MID0020,2025/03/10,production_consumption,-68,production_run,PRUN_SID0006_MID0020_011
SMFEID1304,SID0007,MID0020,2025/03/10,production_consumption,-99,production_run,PRUN_SID0007_MID0020_011
SMFEID1305,SID0008,MID0012,2025/03/10,production_consumption,-10,production_run,PRUN_SID0008_MID0012_003
SMFEID1306,SID0008,MID0024,2025/03/10,production_consumption,-30,production_run,PRUN_SID0008_MID0024_003
SMFEID1307,SID0011,MID0001,2025/03/10,production_consumption,-17,production_run,PRUN_SID0011_MID0001_011
SMFEID1308,SID0011,MID0007,2025/03/10,production_consumption,-78,production_run,PRUN_SID0011_MID0007_011
SMFEID1309,SID0011,MID0008,2025/03/10,production_consumption,-222,production_run,PRUN_SID0011_MID0008_011
SMFEID1310,SID0013,MID0016,2025/03/10,production_consumption,-31,production_run,PRUN_SID0013_MID0016_011
SMFEID1311,SID0013,MID0020,2025/03/10,production_consumption,-67,production_run,PRUN_SID0013_MID0020_011
SMFEID1312,SID0015,MID0007,2025/03/10,production_consumption,-194,production_run,PRUN_SID0015_MID0007_011
SMFEID1313,SID0015,MID0025,2025/03/10,production_consumption,-21,production_run,PRUN_SID0015_MID0025_005
SMFEID1314,SID0018,MID0004,2025/03/10,production_consumption,-18,production_run,PRUN_SID0018_MID0004_011
SMFEID1315,SID0018,MID0007,2025/03/10,production_consumption,-8,production_run,PRUN_SID0018_MID0007_011
SMFEID1316,SID0018,MID0020,2025/03/10,production_consumption,-85,production_run,PRUN_SID0018_MID0020_011
SMFEID1317,SID0019,MID0016,2025/03/10,production_consumption,-27,production_run,PRUN_SID0019_MID0016_011
SMFEID1318,SID0020,MID0017,2025/03/10,production_consumption,-27,production_run,PRUN_SID0020_MID0017_005
SMFEID1319,SID0021,MID0001,2025/03/10,production_consumption,-27,production_run,PRUN_SID0021_MID0001_011
SMFEID1320,SID0021,MID0005,2025/03/10,external_receipt,110,order,OID0175
SMFEID1321,SID0021,MID0018,2025/03/10,production_consumption,-20,production_run,PRUN_SID0021_MID0018_005
SMFEID1322,SID0002,MID0001,2025/03/11,production_consumption,-12,production_run,PRUN_SID0002_MID0001_011
SMFEID1323,SID0002,MID0020,2025/03/11,production_consumption,-34,production_run,PRUN_SID0002_MID0020_005
SMFEID1324,SID0002,MID0025,2025/03/11,production_consumption,-14,production_run,PRUN_SID0002_MID0025_011
SMFEID1325,SID0004,MID0020,2025/03/11,production_consumption,-12,production_run,PRUN_SID0004_MID0020_011
SMFEID1326,SID0006,MID0020,2025/03/11,production_consumption,-84,production_run,PRUN_SID0006_MID0020_011
SMFEID1327,SID0007,MID0017,2025/03/11,production_consumption,-223,production_run,PRUN_SID0007_MID0017_011
SMFEID1328,SID0007,MID0020,2025/03/11,production_consumption,-62,production_run,PRUN_SID0007_MID0020_011
SMFEID1329,SID0008,MID0012,2025/03/11,production_consumption,-10,production_run,PRUN_SID0008_MID0012_003
SMFEID1330,SID0008,MID0024,2025/03/11,production_consumption,-30,production_run,PRUN_SID0008_MID0024_003
SMFEID1331,SID0011,MID0001,2025/03/11,external_receipt,110,order,OID0187
SMFEID1332,SID0011,MID0001,2025/03/11,production_consumption,-17,production_run,PRUN_SID0011_MID0001_011
SMFEID1333,SID0011,MID0007,2025/03/11,production_consumption,-56,production_run,PRUN_SID0011_MID0007_011
SMFEID1334,SID0011,MID0008,2025/03/11,production_consumption,-10,production_run,PRUN_SID0011_MID0008_011
SMFEID1335,SID0011,MID0025,2025/03/11,production_consumption,-5,production_run,PRUN_SID0011_MID0025_011
SMFEID1336,SID0013,MID0016,2025/03/11,external_receipt,172,order,OID0176
SMFEID1337,SID0013,MID0016,2025/03/11,production_consumption,-24,production_run,PRUN_SID0013_MID0016_011
SMFEID1338,SID0013,MID0020,2025/03/11,external_receipt,364,order,OID0198
SMFEID1339,SID0013,MID0020,2025/03/11,production_consumption,-27,production_run,PRUN_SID0013_MID0020_011
SMFEID1340,SID0015,MID0007,2025/03/11,production_consumption,-80,production_run,PRUN_SID0015_MID0007_011
SMFEID1341,SID0015,MID0020,2025/03/11,production_consumption,-74,production_run,PRUN_SID0015_MID0020_011
SMFEID1342,SID0015,MID0025,2025/03/11,production_consumption,-5,production_run,PRUN_SID0015_MID0025_005
SMFEID1343,SID0018,MID0004,2025/03/11,production_consumption,-72,production_run,PRUN_SID0018_MID0004_011
SMFEID1344,SID0018,MID0007,2025/03/11,production_consumption,-10,production_run,PRUN_SID0018_MID0007_011
SMFEID1345,SID0018,MID0020,2025/03/11,production_consumption,-183,production_run,PRUN_SID0018_MID0020_011
SMFEID1346,SID0019,MID0010,2025/03/11,production_consumption,-4,production_run,PRUN_SID0019_MID0010_011
SMFEID1347,SID0019,MID0016,2025/03/11,external_receipt,510,order,OID0154
SMFEID1348,SID0019,MID0016,2025/03/11,production_consumption,-24,production_run,PRUN_SID0019_MID0016_011
SMFEID1349,SID0020,MID0014,2025/03/11,production_consumption,-14,production_run,PRUN_SID0020_MID0014_003
SMFEID1350,SID0020,MID0017,2025/03/11,production_consumption,-29,production_run,PRUN_SID0020_MID0017_005
SMFEID1351,SID0021,MID0001,2025/03/11,production_consumption,-31,production_run,PRUN_SID0021_MID0001_011
SMFEID1352,SID0021,MID0004,2025/03/11,external_receipt,177,order,OID0188
SMFEID1353,SID0021,MID0004,2025/03/11,production_consumption,-74,production_run,PRUN_SID0021_MID0004_011
SMFEID1354,SID0021,MID0018,2025/03/11,production_consumption,-11,production_run,PRUN_SID0021_MID0018_005
SMFEID1355,SID0002,MID0001,2025/03/12,production_consumption,-26,production_run,PRUN_SID0002_MID0001_011
SMFEID1356,SID0002,MID0025,2025/03/12,production_consumption,-47,production_run,PRUN_SID0002_MID0025_011
SMFEID1357,SID0004,MID0007,2025/03/12,production_consumption,-84,production_run,PRUN_SID0004_MID0007_011
SMFEID1358,SID0004,MID0020,2025/03/12,external_receipt,162,order,OID0190
SMFEID1359,SID0004,MID0020,2025/03/12,production_consumption,-37,production_run,PRUN_SID0004_MID0020_011
SMFEID1360,SID0006,MID0010,2025/03/12,production_consumption,-65,production_run,PRUN_SID0006_MID0010_011
SMFEID1361,SID0006,MID0020,2025/03/12,production_consumption,-132,production_run,PRUN_SID0006_MID0020_011
SMFEID1362,SID0007,MID0017,2025/03/12,production_consumption,-123,production_run,PRUN_SID0007_MID0017_011
SMFEID1363,SID0007,MID0020,2025/03/12,production_consumption,-127,production_run,PRUN_SID0007_MID0020_011
SMFEID1364,SID0011,MID0001,2025/03/12,production_consumption,-12,production_run,PRUN_SID0011_MID0001_011
SMFEID1365,SID0011,MID0008,2025/03/12,production_consumption,-58,production_run,PRUN_SID0011_MID0008_011
SMFEID1366,SID0011,MID0025,2025/03/12,production_consumption,-24,production_run,PRUN_SID0011_MID0025_011
SMFEID1367,SID0013,MID0016,2025/03/12,external_receipt,364,order,OID0177
SMFEID1368,SID0013,MID0016,2025/03/12,production_consumption,-2,production_run,PRUN_SID0013_MID0016_011
SMFEID1369,SID0013,MID0020,2025/03/12,production_consumption,-65,production_run,PRUN_SID0013_MID0020_011
SMFEID1370,SID0015,MID0007,2025/03/12,production_consumption,-39,production_run,PRUN_SID0015_MID0007_011
SMFEID1371,SID0015,MID0020,2025/03/12,production_consumption,-123,production_run,PRUN_SID0015_MID0020_011
SMFEID1372,SID0015,MID0025,2025/03/12,production_consumption,-21,production_run,PRUN_SID0015_MID0025_005
SMFEID1373,SID0018,MID0004,2025/03/12,external_receipt,1019,order,OID0161
SMFEID1374,SID0018,MID0004,2025/03/12,production_consumption,-117,production_run,PRUN_SID0018_MID0004_011
SMFEID1375,SID0018,MID0007,2025/03/12,production_consumption,-17,production_run,PRUN_SID0018_MID0007_011
SMFEID1376,SID0018,MID0020,2025/03/12,production_consumption,-14,production_run,PRUN_SID0018_MID0020_011
SMFEID1377,SID0019,MID0010,2025/03/12,production_consumption,-43,production_run,PRUN_SID0019_MID0010_011
SMFEID1378,SID0019,MID0016,2025/03/12,production_consumption,-33,production_run,PRUN_SID0019_MID0016_011
SMFEID1379,SID0020,MID0014,2025/03/12,production_consumption,-4,production_run,PRUN_SID0020_MID0014_003
SMFEID1380,SID0020,MID0017,2025/03/12,production_consumption,-34,production_run,PRUN_SID0020_MID0017_005
SMFEID1381,SID0021,MID0001,2025/03/12,production_consumption,-31,production_run,PRUN_SID0021_MID0001_011
SMFEID1382,SID0021,MID0004,2025/03/12,production_consumption,-69,production_run,PRUN_SID0021_MID0004_011
SMFEID1383,SID0021,MID0005,2025/03/12,external_receipt,55,order,OID0178
SMFEID1384,SID0021,MID0018,2025/03/12,production_consumption,-8,production_run,PRUN_SID0021_MID0018_005
SMFEID1385,SID0002,MID0001,2025/03/13,external_receipt,223,order,OID0179
SMFEID1386,SID0002,MID0001,2025/03/13,production_consumption,-27,production_run,PRUN_SID0002_MID0001_011
SMFEID1387,SID0004,MID0007,2025/03/13,production_consumption,-66,production_run,PRUN_SID0004_MID0007_011
SMFEID1388,SID0004,MID0020,2025/03/13,production_consumption,-20,production_run,PRUN_SID0004_MID0020_011
SMFEID1389,SID0006,MID0010,2025/03/13,external_receipt,172,order,OID0191
SMFEID1390,SID0006,MID0010,2025/03/13,production_consumption,-49,production_run,PRUN_SID0006_MID0010_011
SMFEID1391,SID0007,MID0017,2025/03/13,production_consumption,-25,production_run,PRUN_SID0007_MID0017_011
SMFEID1392,SID0007,MID0020,2025/03/13,production_consumption,-98,production_run,PRUN_SID0007_MID0020_011
SMFEID1393,SID0011,MID0001,2025/03/13,production_consumption,-15,production_run,PRUN_SID0011_MID0001_011
SMFEID1394,SID0011,MID0020,2025/03/13,production_consumption,-192,production_run,PRUN_SID0011_MID0020_011
SMFEID1395,SID0011,MID0025,2025/03/13,production_consumption,-14,production_run,PRUN_SID0011_MID0025_011
SMFEID1396,SID0013,MID0016,2025/03/13,production_consumption,-63,production_run,PRUN_SID0013_MID0016_011
SMFEID1397,SID0013,MID0020,2025/03/13,production_consumption,-80,production_run,PRUN_SID0013_MID0020_011
SMFEID1398,SID0015,MID0007,2025/03/13,production_consumption,-149,production_run,PRUN_SID0015_MID0007_011
SMFEID1399,SID0015,MID0020,2025/03/13,production_consumption,-170,production_run,PRUN_SID0015_MID0020_011
SMFEID1400,SID0015,MID0025,2025/03/13,external_receipt,146,order,OID0170
SMFEID1401,SID0015,MID0025,2025/03/13,production_consumption,-20,production_run,PRUN_SID0015_MID0025_005
SMFEID1402,SID0018,MID0004,2025/03/13,production_consumption,-47,production_run,PRUN_SID0018_MID0004_011
SMFEID1403,SID0018,MID0007,2025/03/13,production_consumption,-31,production_run,PRUN_SID0018_MID0007_011
SMFEID1404,SID0018,MID0020,2025/03/13,production_consumption,-108,production_run,PRUN_SID0018_MID0020_011
SMFEID1405,SID0019,MID0010,2025/03/13,production_consumption,-44,production_run,PRUN_SID0019_MID0010_011
SMFEID1406,SID0019,MID0016,2025/03/13,production_consumption,-25,production_run,PRUN_SID0019_MID0016_011
SMFEID1407,SID0020,MID0014,2025/03/13,production_consumption,-31,production_run,PRUN_SID0020_MID0014_003
SMFEID1408,SID0020,MID0017,2025/03/13,production_consumption,-10,production_run,PRUN_SID0020_MID0017_005
SMFEID1409,SID0021,MID0001,2025/03/13,production_consumption,-13,production_run,PRUN_SID0021_MID0001_011
SMFEID1410,SID0007,MID0017,2025/03/14,external_receipt,864,order,OID0192
SMFEID1411,SID0007,MID0017,2025/03/14,production_consumption,-87,production_run,PRUN_SID0007_MID0017_011
SMFEID1412,SID0008,MID0023,2025/03/14,external_receipt,55,order,OID0180
SMFEID1413,SID0011,MID0001,2025/03/14,production_consumption,-18,production_run,PRUN_SID0011_MID0001_011
SMFEID1414,SID0011,MID0020,2025/03/14,production_consumption,-175,production_run,PRUN_SID0011_MID0020_011
SMFEID1415,SID0011,MID0025,2025/03/14,production_consumption,-17,production_run,PRUN_SID0011_MID0025_011
SMFEID1416,SID0013,MID0016,2025/03/14,production_consumption,-22,production_run,PRUN_SID0013_MID0016_011
SMFEID1417,SID0013,MID0020,2025/03/14,production_consumption,-78,production_run,PRUN_SID0013_MID0020_011
SMFEID1418,SID0015,MID0007,2025/03/14,production_consumption,-165,production_run,PRUN_SID0015_MID0007_011
SMFEID1419,SID0017,MID0001,2025/03/14,external_receipt,137,order,OID0171
SMFEID1420,SID0018,MID0004,2025/03/14,production_consumption,-97,production_run,PRUN_SID0018_MID0004_011
SMFEID1421,SID0018,MID0007,2025/03/14,production_consumption,-16,production_run,PRUN_SID0018_MID0007_011
SMFEID1422,SID0019,MID0010,2025/03/14,production_consumption,-11,production_run,PRUN_SID0019_MID0010_011
SMFEID1423,SID0019,MID0016,2025/03/14,production_consumption,-38,production_run,PRUN_SID0019_MID0016_011
SMFEID1424,SID0020,MID0014,2025/03/14,production_consumption,-10,production_run,PRUN_SID0020_MID0014_003
SMFEID1425,SID0020,MID0017,2025/03/14,production_consumption,-13,production_run,PRUN_SID0020_MID0017_005
SMFEID1426,SID0011,MID0007,2025/03/15,external_receipt,178,order,OID0193
SMFEID1427,SID0013,MID0017,2025/03/15,external_receipt,41,order,OID0186
SMFEID1428,SID0019,MID0015,2025/03/15,external_receipt,61,order,OID0205
SMFEID1429,SID0011,MID0008,2025/03/16,external_receipt,922,order,OID0189
SMFEID1430,SID0011,MID0025,2025/03/16,external_receipt,182,order,OID0216
SMFEID1431,SID0018,MID0007,2025/03/16,external_receipt,152,order,OID0194
SMFEID1432,SID0021,MID0001,2025/03/16,external_receipt,495,order,OID0181
SMFEID1433,SID0002,MID0001,2025/03/17,production_consumption,-25,production_run,PRUN_SID0002_MID0001_012
SMFEID1434,SID0004,MID0007,2025/03/17,production_consumption,-14,production_run,PRUN_SID0004_MID0007_012
SMFEID1435,SID0004,MID0020,2025/03/17,production_consumption,-8,production_run,PRUN_SID0004_MID0020_012
SMFEID1436,SID0007,MID0017,2025/03/17,production_consumption,-140,production_run,PRUN_SID0007_MID0017_012
SMFEID1437,SID0008,MID0022,2025/03/17,production_consumption,-46,production_run,PRUN_SID0008_MID0022_006
SMFEID1438,SID0011,MID0007,2025/03/17,production_consumption,-36,production_run,PRUN_SID0011_MID0007_012
SMFEID1439,SID0011,MID0008,2025/03/17,production_consumption,-66,production_run,PRUN_SID0011_MID0008_012
SMFEID1440,SID0011,MID0020,2025/03/17,production_consumption,-34,production_run,PRUN_SID0011_MID0020_012
SMFEID1441,SID0013,MID0016,2025/03/17,production_consumption,-52,production_run,PRUN_SID0013_MID0016_012
SMFEID1442,SID0015,MID0007,2025/03/17,production_consumption,-116,production_run,PRUN_SID0015_MID0007_012
SMFEID1443,SID0015,MID0020,2025/03/17,production_consumption,-199,production_run,PRUN_SID0015_MID0020_012
SMFEID1444,SID0018,MID0004,2025/03/17,production_consumption,-107,production_run,PRUN_SID0018_MID0004_012
SMFEID1445,SID0018,MID0007,2025/03/17,production_consumption,-16,production_run,PRUN_SID0018_MID0007_012
SMFEID1446,SID0018,MID0020,2025/03/17,production_consumption,-26,production_run,PRUN_SID0018_MID0020_012
SMFEID1447,SID0019,MID0010,2025/03/17,production_consumption,-4,production_run,PRUN_SID0019_MID0010_012
SMFEID1448,SID0020,MID0011,2025/03/17,production_consumption,-7,production_run,PRUN_SID0020_MID0011_003
SMFEID1449,SID0020,MID0014,2025/03/17,production_consumption,-21,production_run,PRUN_SID0020_MID0014_003
SMFEID1450,SID0002,MID0001,2025/03/18,production_consumption,-28,production_run,PRUN_SID0002_MID0001_012
SMFEID1451,SID0004,MID0007,2025/03/18,production_consumption,-53,production_run,PRUN_SID0004_MID0007_012
SMFEID1452,SID0004,MID0020,2025/03/18,production_consumption,-39,production_run,PRUN_SID0004_MID0020_012
SMFEID1453,SID0006,MID0010,2025/03/18,production_consumption,-52,production_run,PRUN_SID0006_MID0010_012
SMFEID1454,SID0006,MID0020,2025/03/18,production_consumption,-21,production_run,PRUN_SID0006_MID0020_012
SMFEID1455,SID0007,MID0017,2025/03/18,production_consumption,-199,production_run,PRUN_SID0007_MID0017_012
SMFEID1456,SID0007,MID0020,2025/03/18,production_consumption,-127,production_run,PRUN_SID0007_MID0020_012
SMFEID1457,SID0008,MID0022,2025/03/18,production_consumption,-19,production_run,PRUN_SID0008_MID0022_006
SMFEID1458,SID0011,MID0001,2025/03/18,production_consumption,-22,production_run,PRUN_SID0011_MID0001_012
SMFEID1459,SID0011,MID0007,2025/03/18,production_consumption,-21,production_run,PRUN_SID0011_MID0007_012
SMFEID1460,SID0011,MID0008,2025/03/18,production_consumption,-89,production_run,PRUN_SID0011_MID0008_012
SMFEID1461,SID0011,MID0020,2025/03/18,production_consumption,-131,production_run,PRUN_SID0011_MID0020_012
SMFEID1462,SID0011,MID0025,2025/03/18,production_consumption,-7,production_run,PRUN_SID0011_MID0025_012
SMFEID1463,SID0013,MID0016,2025/03/18,production_consumption,-59,production_run,PRUN_SID0013_MID0016_012
SMFEID1464,SID0013,MID0020,2025/03/18,production_consumption,-129,production_run,PRUN_SID0013_MID0020_012
SMFEID1465,SID0015,MID0007,2025/03/18,production_consumption,-192,production_run,PRUN_SID0015_MID0007_012
SMFEID1466,SID0015,MID0020,2025/03/18,production_consumption,-134,production_run,PRUN_SID0015_MID0020_012
SMFEID1467,SID0018,MID0004,2025/03/18,production_consumption,-35,production_run,PRUN_SID0018_MID0004_012
SMFEID1468,SID0018,MID0007,2025/03/18,production_consumption,-24,production_run,PRUN_SID0018_MID0007_012
SMFEID1469,SID0018,MID0020,2025/03/18,production_consumption,-60,production_run,PRUN_SID0018_MID0020_012
SMFEID1470,SID0018,MID0021,2025/03/18,production_consumption,-28,production_run,PRUN_SID0018_MID0021_006
SMFEID1471,SID0019,MID0010,2025/03/18,production_consumption,-17,production_run,PRUN_SID0019_MID0010_012
SMFEID1472,SID0019,MID0013,2025/03/18,external_receipt,213,order,OID0199
SMFEID1473,SID0019,MID0013,2025/03/18,production_consumption,-31,production_run,PRUN_SID0019_MID0013_006
SMFEID1474,SID0019,MID0016,2025/03/18,production_consumption,-61,production_run,PRUN_SID0019_MID0016_012
SMFEID1475,SID0020,MID0011,2025/03/18,production_consumption,-16,production_run,PRUN_SID0020_MID0011_003
SMFEID1476,SID0020,MID0014,2025/03/18,production_consumption,-4,production_run,PRUN_SID0020_MID0014_003
SMFEID1477,SID0020,MID0017,2025/03/18,production_consumption,-58,production_run,PRUN_SID0020_MID0017_006
SMFEID1478,SID0021,MID0001,2025/03/18,production_consumption,-39,production_run,PRUN_SID0021_MID0001_012
SMFEID1479,SID0021,MID0004,2025/03/18,production_consumption,-59,production_run,PRUN_SID0021_MID0004_012
SMFEID1480,SID0021,MID0005,2025/03/18,external_receipt,55,order,OID0200
SMFEID1481,SID0002,MID0001,2025/03/19,production_consumption,-3,production_run,PRUN_SID0002_MID0001_012
SMFEID1482,SID0002,MID0025,2025/03/19,production_consumption,-41,production_run,PRUN_SID0002_MID0025_012
SMFEID1483,SID0004,MID0007,2025/03/19,production_consumption,-65,production_run,PRUN_SID0004_MID0007_012
SMFEID1484,SID0004,MID0020,2025/03/19,production_consumption,-19,production_run,PRUN_SID0004_MID0020_012
SMFEID1485,SID0006,MID0010,2025/03/19,production_consumption,-64,production_run,PRUN_SID0006_MID0010_012
SMFEID1486,SID0006,MID0020,2025/03/19,production_consumption,-72,production_run,PRUN_SID0006_MID0020_012
SMFEID1487,SID0007,MID0017,2025/03/19,production_consumption,-36,production_run,PRUN_SID0007_MID0017_012
SMFEID1488,SID0007,MID0020,2025/03/19,production_consumption,-107,production_run,PRUN_SID0007_MID0020_012
SMFEID1489,SID0011,MID0001,2025/03/19,external_receipt,110,order,OID0218
SMFEID1490,SID0011,MID0001,2025/03/19,production_consumption,-62,production_run,PRUN_SID0011_MID0001_012
SMFEID1491,SID0011,MID0007,2025/03/19,production_consumption,-25,production_run,PRUN_SID0011_MID0007_012
SMFEID1492,SID0011,MID0008,2025/03/19,production_consumption,-65,production_run,PRUN_SID0011_MID0008_012
SMFEID1493,SID0011,MID0020,2025/03/19,production_consumption,-265,production_run,PRUN_SID0011_MID0020_012
SMFEID1494,SID0011,MID0025,2025/03/19,production_consumption,-30,production_run,PRUN_SID0011_MID0025_012
SMFEID1495,SID0013,MID0016,2025/03/19,production_consumption,-31,production_run,PRUN_SID0013_MID0016_012
SMFEID1496,SID0013,MID0020,2025/03/19,production_consumption,-44,production_run,PRUN_SID0013_MID0020_012
SMFEID1497,SID0015,MID0007,2025/03/19,production_consumption,-175,production_run,PRUN_SID0015_MID0007_012
SMFEID1498,SID0018,MID0004,2025/03/19,production_consumption,-129,production_run,PRUN_SID0018_MID0004_012
SMFEID1499,SID0018,MID0007,2025/03/19,production_consumption,-6,production_run,PRUN_SID0018_MID0007_012
SMFEID1500,SID0018,MID0020,2025/03/19,production_consumption,-153,production_run,PRUN_SID0018_MID0020_012
SMFEID1501,SID0018,MID0021,2025/03/19,production_consumption,-22,production_run,PRUN_SID0018_MID0021_006
SMFEID1502,SID0019,MID0010,2025/03/19,production_consumption,-26,production_run,PRUN_SID0019_MID0010_012
SMFEID1503,SID0019,MID0013,2025/03/19,production_consumption,-7,production_run,PRUN_SID0019_MID0013_006
SMFEID1504,SID0019,MID0016,2025/03/19,production_consumption,-4,production_run,PRUN_SID0019_MID0016_012
SMFEID1505,SID0020,MID0011,2025/03/19,production_consumption,-8,production_run,PRUN_SID0020_MID0011_003
SMFEID1506,SID0020,MID0017,2025/03/19,production_consumption,-45,production_run,PRUN_SID0020_MID0017_006
SMFEID1507,SID0021,MID0001,2025/03/19,production_consumption,-9,production_run,PRUN_SID0021_MID0001_012
SMFEID1508,SID0021,MID0004,2025/03/19,production_consumption,-43,production_run,PRUN_SID0021_MID0004_012
SMFEID1509,SID0021,MID0018,2025/03/19,external_receipt,61,order,OID0204
SMFEID1510,SID0002,MID0001,2025/03/20,production_consumption,-18,production_run,PRUN_SID0002_MID0001_012
SMFEID1511,SID0002,MID0025,2025/03/20,production_consumption,-37,production_run,PRUN_SID0002_MID0025_012
SMFEID1512,SID0004,MID0020,2025/03/20,production_consumption,-19,production_run,PRUN_SID0004_MID0020_012
SMFEID1513,SID0006,MID0020,2025/03/20,production_consumption,-81,production_run,PRUN_SID0006_MID0020_012
SMFEID1514,SID0007,MID0017,2025/03/20,production_consumption,-177,production_run,PRUN_SID0007_MID0017_012
SMFEID1515,SID0007,MID0020,2025/03/20,production_consumption,-101,production_run,PRUN_SID0007_MID0020_012
SMFEID1516,SID0011,MID0007,2025/03/20,production_consumption,-31,production_run,PRUN_SID0011_MID0007_012
SMFEID1517,SID0011,MID0008,2025/03/20,production_consumption,-32,production_run,PRUN_SID0011_MID0008_012
SMFEID1518,SID0011,MID0025,2025/03/20,production_consumption,-6,production_run,PRUN_SID0011_MID0025_012
SMFEID1519,SID0013,MID0020,2025/03/20,production_consumption,-129,production_run,PRUN_SID0013_MID0020_012
SMFEID1520,SID0015,MID0007,2025/03/20,production_consumption,-132,production_run,PRUN_SID0015_MID0007_012
SMFEID1521,SID0017,MID0018,2025/03/20,production_consumption,-4,production_run,PRUN_SID0017_MID0018_003
SMFEID1522,SID0018,MID0004,2025/03/20,production_consumption,-26,production_run,PRUN_SID0018_MID0004_012
SMFEID1523,SID0018,MID0007,2025/03/20,external_receipt,76,order,OID0195
SMFEID1524,SID0018,MID0007,2025/03/20,production_consumption,-4,production_run,PRUN_SID0018_MID0007_012
SMFEID1525,SID0018,MID0020,2025/03/20,production_consumption,-107,production_run,PRUN_SID0018_MID0020_012
SMFEID1526,SID0018,MID0021,2025/03/20,production_consumption,-22,production_run,PRUN_SID0018_MID0021_006
SMFEID1527,SID0019,MID0010,2025/03/20,production_consumption,-38,production_run,PRUN_SID0019_MID0010_012
SMFEID1528,SID0019,MID0013,2025/03/20,production_consumption,-37,production_run,PRUN_SID0019_MID0013_006
SMFEID1529,SID0019,MID0016,2025/03/20,production_consumption,-67,production_run,PRUN_SID0019_MID0016_012
SMFEID1530,SID0020,MID0011,2025/03/20,production_consumption,-9,production_run,PRUN_SID0020_MID0011_003
SMFEID1531,SID0020,MID0017,2025/03/20,production_consumption,-20,production_run,PRUN_SID0020_MID0017_006
SMFEID1532,SID0021,MID0001,2025/03/20,production_consumption,-8,production_run,PRUN_SID0021_MID0001_012
SMFEID1533,SID0021,MID0004,2025/03/20,production_consumption,-32,production_run,PRUN_SID0021_MID0004_012
SMFEID1534,SID0002,MID0001,2025/03/21,production_consumption,-10,production_run,PRUN_SID0002_MID0001_012
SMFEID1535,SID0004,MID0020,2025/03/21,production_consumption,-18,production_run,PRUN_SID0004_MID0020_012
SMFEID1536,SID0006,MID0020,2025/03/21,external_receipt,627,order,OID0196
SMFEID1537,SID0006,MID0020,2025/03/21,production_consumption,-78,production_run,PRUN_SID0006_MID0020_012
SMFEID1538,SID0007,MID0017,2025/03/21,production_consumption,-2,production_run,PRUN_SID0007_MID0017_012
SMFEID1539,SID0007,MID0020,2025/03/21,production_consumption,-40,production_run,PRUN_SID0007_MID0020_012
SMFEID1540,SID0011,MID0007,2025/03/21,external_receipt,356,order,OID0212
SMFEID1541,SID0011,MID0007,2025/03/21,production_consumption,-14,production_run,PRUN_SID0011_MID0007_012
SMFEID1542,SID0011,MID0008,2025/03/21,production_consumption,-26,production_run,PRUN_SID0011_MID0008_012
SMFEID1543,SID0011,MID0025,2025/03/21,production_consumption,-22,production_run,PRUN_SID0011_MID0025_012
SMFEID1544,SID0013,MID0020,2025/03/21,external_receipt,364,order,OID0222
SMFEID1545,SID0017,MID0018,2025/03/21,production_consumption,-10,production_run,PRUN_SID0017_MID0018_003
SMFEID1546,SID0018,MID0004,2025/03/21,production_consumption,-54,production_run,PRUN_SID0018_MID0004_012
SMFEID1547,SID0018,MID0007,2025/03/21,production_consumption,-24,production_run,PRUN_SID0018_MID0007_012
SMFEID1548,SID0018,MID0008,2025/03/21,production_consumption,-14,production_run,PRUN_SID0018_MID0008_006
SMFEID1549,SID0018,MID0021,2025/03/21,production_consumption,-27,production_run,PRUN_SID0018_MID0021_006
SMFEID1550,SID0019,MID0010,2025/03/21,production_consumption,-39,production_run,PRUN_SID0019_MID0010_012
SMFEID1551,SID0019,MID0013,2025/03/21,production_consumption,-26,production_run,PRUN_SID0019_MID0013_006
SMFEID1552,SID0019,MID0016,2025/03/21,production_consumption,-23,production_run,PRUN_SID0019_MID0016_012
SMFEID1553,SID0020,MID0003,2025/03/21,production_consumption,-57,production_run,PRUN_SID0020_MID0003_003
SMFEID1554,SID0020,MID0011,2025/03/21,production_consumption,-4,production_run,PRUN_SID0020_MID0011_003
SMFEID1555,SID0021,MID0001,2025/03/21,production_consumption,-47,production_run,PRUN_SID0021_MID0001_012
SMFEID1556,SID0021,MID0004,2025/03/21,external_receipt,177,order,OID0213
SMFEID1557,SID0004,MID0020,2025/03/22,external_receipt,162,order,OID0224
SMFEID1558,SID0007,MID0020,2025/03/22,external_receipt,946,order,OID0206
SMFEID1559,SID0008,MID0022,2025/03/22,external_receipt,21,order,OID0214
SMFEID1560,SID0015,MID0007,2025/03/22,external_receipt,2291,order,OID0184
SMFEID1561,SID0015,MID0020,2025/03/22,external_receipt,1879,order,OID0185
SMFEID1562,SID0021,MID0005,2025/03/22,external_receipt,110,order,OID0201
SMFEID1563,SID0002,MID0025,2025/03/23,external_receipt,182,order,OID0207
SMFEID1564,SID0011,MID0020,2025/03/23,external_receipt,813,order,OID0219
SMFEID1565,SID0019,MID0016,2025/03/23,external_receipt,455,order,OID0202
SMFEID1566,SID0002,MID0001,2025/03/24,production_consumption,-39,production_run,PRUN_SID0002_MID0001_013
SMFEID1567,SID0004,MID0007,2025/03/24,production_consumption,-94,production_run,PRUN_SID0004_MID0007_013
SMFEID1568,SID0004,MID0020,2025/03/24,production_consumption,-35,production_run,PRUN_SID0004_MID0020_013
SMFEID1569,SID0006,MID0010,2025/03/24,production_consumption,-59,production_run,PRUN_SID0006_MID0010_013
SMFEID1570,SID0006,MID0020,2025/03/24,production_consumption,-51,production_run,PRUN_SID0006_MID0020_013
SMFEID1571,SID0007,MID0020,2025/03/24,production_consumption,-21,production_run,PRUN_SID0007_MID0020_013
SMFEID1572,SID0011,MID0001,2025/03/24,production_consumption,-5,production_run,PRUN_SID0011_MID0001_013
SMFEID1573,SID0011,MID0020,2025/03/24,production_consumption,-133,production_run,PRUN_SID0011_MID0020_013
SMFEID1574,SID0013,MID0016,2025/03/24,production_consumption,-16,production_run,PRUN_SID0013_MID0016_013
SMFEID1575,SID0015,MID0007,2025/03/24,production_consumption,-168,production_run,PRUN_SID0015_MID0007_013
SMFEID1576,SID0015,MID0020,2025/03/24,production_consumption,-86,production_run,PRUN_SID0015_MID0020_013
SMFEID1577,SID0015,MID0025,2025/03/24,production_consumption,-18,production_run,PRUN_SID0015_MID0025_006
SMFEID1578,SID0017,MID0001,2025/03/24,production_consumption,-1,production_run,PRUN_SID0017_MID0001_006
SMFEID1579,SID0017,MID0018,2025/03/24,production_consumption,-5,production_run,PRUN_SID0017_MID0018_003
SMFEID1580,SID0018,MID0008,2025/03/24,production_consumption,-38,production_run,PRUN_SID0018_MID0008_006
SMFEID1581,SID0018,MID0020,2025/03/24,external_receipt,1212,order,OID0203
SMFEID1582,SID0018,MID0020,2025/03/24,production_consumption,-101,production_run,PRUN_SID0018_MID0020_013
SMFEID1583,SID0020,MID0003,2025/03/24,production_consumption,-30,production_run,PRUN_SID0020_MID0003_003
SMFEID1584,SID0021,MID0004,2025/03/24,production_consumption,-12,production_run,PRUN_SID0021_MID0004_013
SMFEID1585,SID0021,MID0018,2025/03/24,external_receipt,91,order,OID0217
SMFEID1586,SID0002,MID0001,2025/03/25,production_consumption,-1,production_run,PRUN_SID0002_MID0001_013
SMFEID1587,SID0002,MID0020,2025/03/25,production_consumption,-35,production_run,PRUN_SID0002_MID0020_006
SMFEID1588,SID0002,MID0025,2025/03/25,production_consumption,-16,production_run,PRUN_SID0002_MID0025_013
SMFEID1589,SID0004,MID0007,2025/03/25,production_consumption,-62,production_run,PRUN_SID0004_MID0007_013
SMFEID1590,SID0004,MID0020,2025/03/25,production_consumption,-35,production_run,PRUN_SID0004_MID0020_013
SMFEID1591,SID0006,MID0010,2025/03/25,production_consumption,-27,production_run,PRUN_SID0006_MID0010_013
SMFEID1592,SID0006,MID0020,2025/03/25,production_consumption,-104,production_run,PRUN_SID0006_MID0020_013
SMFEID1593,SID0007,MID0017,2025/03/25,production_consumption,-225,production_run,PRUN_SID0007_MID0017_013
SMFEID1594,SID0007,MID0020,2025/03/25,production_consumption,-4,production_run,PRUN_SID0007_MID0020_013
SMFEID1595,SID0011,MID0001,2025/03/25,production_consumption,-38,production_run,PRUN_SID0011_MID0001_013
SMFEID1596,SID0011,MID0007,2025/03/25,production_consumption,-54,production_run,PRUN_SID0011_MID0007_013
SMFEID1597,SID0011,MID0008,2025/03/25,production_consumption,-139,production_run,PRUN_SID0011_MID0008_013
SMFEID1598,SID0011,MID0020,2025/03/25,production_consumption,-136,production_run,PRUN_SID0011_MID0020_013
SMFEID1599,SID0011,MID0025,2025/03/25,production_consumption,-16,production_run,PRUN_SID0011_MID0025_013
SMFEID1600,SID0013,MID0016,2025/03/25,production_consumption,-50,production_run,PRUN_SID0013_MID0016_013
SMFEID1601,SID0013,MID0020,2025/03/25,production_consumption,-29,production_run,PRUN_SID0013_MID0020_013
SMFEID1602,SID0015,MID0007,2025/03/25,production_consumption,-109,production_run,PRUN_SID0015_MID0007_013
SMFEID1603,SID0015,MID0020,2025/03/25,production_consumption,-46,production_run,PRUN_SID0015_MID0020_013
SMFEID1604,SID0015,MID0025,2025/03/25,production_consumption,-55,production_run,PRUN_SID0015_MID0025_006
SMFEID1605,SID0017,MID0001,2025/03/25,production_consumption,-58,production_run,PRUN_SID0017_MID0001_006
SMFEID1606,SID0017,MID0004,2025/03/25,production_consumption,-33,production_run,PRUN_SID0017_MID0004_006
SMFEID1607,SID0017,MID0018,2025/03/25,production_consumption,-9,production_run,PRUN_SID0017_MID0018_003
SMFEID1608,SID0018,MID0004,2025/03/25,production_consumption,-138,production_run,PRUN_SID0018_MID0004_013
SMFEID1609,SID0018,MID0007,2025/03/25,production_consumption,-77,production_run,PRUN_SID0018_MID0007_013
SMFEID1610,SID0018,MID0008,2025/03/25,production_consumption,-31,production_run,PRUN_SID0018_MID0008_006
SMFEID1611,SID0018,MID0020,2025/03/25,production_consumption,-1,production_run,PRUN_SID0018_MID0020_013
SMFEID1612,SID0019,MID0010,2025/03/25,production_consumption,-41,production_run,PRUN_SID0019_MID0010_013
SMFEID1613,SID0020,MID0011,2025/03/25,external_receipt,81,order,OID0197
SMFEID1614,SID0021,MID0004,2025/03/25,external_receipt,177,order,OID0229
SMFEID1615,SID0021,MID0004,2025/03/25,production_consumption,-38,production_run,PRUN_SID0021_MID0004_013
SMFEID1616,SID0021,MID0005,2025/03/25,production_consumption,-17,production_run,PRUN_SID0021_MID0005_006
SMFEID1617,SID0002,MID0001,2025/03/26,production_consumption,-1,production_run,PRUN_SID0002_MID0001_013
SMFEID1618,SID0002,MID0020,2025/03/26,production_consumption,-41,production_run,PRUN_SID0002_MID0020_006
SMFEID1619,SID0002,MID0025,2025/03/26,production_consumption,-28,production_run,PRUN_SID0002_MID0025_013
SMFEID1620,SID0004,MID0020,2025/03/26,production_consumption,-22,production_run,PRUN_SID0004_MID0020_013
SMFEID1621,SID0006,MID0010,2025/03/26,external_receipt,172,order,OID0230
SMFEID1622,SID0006,MID0010,2025/03/26,production_consumption,-42,production_run,PRUN_SID0006_MID0010_013
SMFEID1623,SID0006,MID0020,2025/03/26,production_consumption,-50,production_run,PRUN_SID0006_MID0020_013
SMFEID1624,SID0007,MID0017,2025/03/26,production_consumption,-302,production_run,PRUN_SID0007_MID0017_013
SMFEID1625,SID0007,MID0020,2025/03/26,production_consumption,-164,production_run,PRUN_SID0007_MID0020_013
SMFEID1626,SID0011,MID0001,2025/03/26,production_consumption,-44,production_run,PRUN_SID0011_MID0001_013
SMFEID1627,SID0011,MID0007,2025/03/26,production_consumption,-30,production_run,PRUN_SID0011_MID0007_013
SMFEID1628,SID0011,MID0008,2025/03/26,production_consumption,-36,production_run,PRUN_SID0011_MID0008_013
SMFEID1629,SID0011,MID0020,2025/03/26,production_consumption,-86,production_run,PRUN_SID0011_MID0020_013
SMFEID1630,SID0011,MID0025,2025/03/26,production_consumption,-48,production_run,PRUN_SID0011_MID0025_013
SMFEID1631,SID0013,MID0016,2025/03/26,external_receipt,182,order,OID0231
SMFEID1632,SID0013,MID0016,2025/03/26,production_consumption,-65,production_run,PRUN_SID0013_MID0016_013
SMFEID1633,SID0013,MID0020,2025/03/26,production_consumption,-91,production_run,PRUN_SID0013_MID0020_013
SMFEID1634,SID0015,MID0007,2025/03/26,production_consumption,-63,production_run,PRUN_SID0015_MID0007_013
SMFEID1635,SID0015,MID0020,2025/03/26,production_consumption,-84,production_run,PRUN_SID0015_MID0020_013
SMFEID1636,SID0017,MID0001,2025/03/26,production_consumption,-2,production_run,PRUN_SID0017_MID0001_006
SMFEID1637,SID0017,MID0004,2025/03/26,production_consumption,-42,production_run,PRUN_SID0017_MID0004_006
SMFEID1638,SID0017,MID0018,2025/03/26,production_consumption,-6,production_run,PRUN_SID0017_MID0018_003
SMFEID1639,SID0018,MID0004,2025/03/26,production_consumption,-188,production_run,PRUN_SID0018_MID0004_013
SMFEID1640,SID0018,MID0007,2025/03/26,production_consumption,-1,production_run,PRUN_SID0018_MID0007_013
SMFEID1641,SID0018,MID0008,2025/03/26,production_consumption,-23,production_run,PRUN_SID0018_MID0008_006
SMFEID1642,SID0018,MID0020,2025/03/26,production_consumption,-118,production_run,PRUN_SID0018_MID0020_013
SMFEID1643,SID0019,MID0010,2025/03/26,external_receipt,396,order,OID0208
SMFEID1644,SID0019,MID0010,2025/03/26,production_consumption,-85,production_run,PRUN_SID0019_MID0010_013
SMFEID1645,SID0019,MID0015,2025/03/26,production_consumption,-44,production_run,PRUN_SID0019_MID0015_006
SMFEID1646,SID0019,MID0016,2025/03/26,production_consumption,-81,production_run,PRUN_SID0019_MID0016_013
SMFEID1647,SID0021,MID0004,2025/03/26,production_consumption,-94,production_run,PRUN_SID0021_MID0004_013
SMFEID1648,SID0021,MID0005,2025/03/26,production_consumption,-47,production_run,PRUN_SID0021_MID0005_006
SMFEID1649,SID0002,MID0001,2025/03/27,production_consumption,-49,production_run,PRUN_SID0002_MID0001_013
SMFEID1650,SID0002,MID0020,2025/03/27,external_receipt,334,order,OID0209
SMFEID1651,SID0002,MID0020,2025/03/27,production_consumption,-61,production_run,PRUN_SID0002_MID0020_006
SMFEID1652,SID0002,MID0025,2025/03/27,production_consumption,-6,production_run,PRUN_SID0002_MID0025_013
SMFEID1653,SID0006,MID0020,2025/03/27,production_consumption,-42,production_run,PRUN_SID0006_MID0020_013
SMFEID1654,SID0007,MID0020,2025/03/27,production_consumption,-183,production_run,PRUN_SID0007_MID0020_013
SMFEID1655,SID0008,MID0022,2025/03/27,external_receipt,61,order,OID0215
SMFEID1656,SID0008,MID0023,2025/03/27,production_consumption,-13,production_run,PRUN_SID0008_MID0023_003
SMFEID1657,SID0011,MID0007,2025/03/27,production_consumption,-54,production_run,PRUN_SID0011_MID0007_013
SMFEID1658,SID0011,MID0008,2025/03/27,production_consumption,-124,production_run,PRUN_SID0011_MID0008_013
SMFEID1659,SID0013,MID0016,2025/03/27,external_receipt,182,order,OID0232
SMFEID1660,SID0013,MID0016,2025/03/27,production_consumption,-35,production_run,PRUN_SID0013_MID0016_013
SMFEID1661,SID0013,MID0020,2025/03/27,production_consumption,-88,production_run,PRUN_SID0013_MID0020_013
SMFEID1662,SID0015,MID0007,2025/03/27,production_consumption,-122,production_run,PRUN_SID0015_MID0007_013
SMFEID1663,SID0015,MID0020,2025/03/27,production_consumption,-94,production_run,PRUN_SID0015_MID0020_013
SMFEID1664,SID0017,MID0001,2025/03/27,production_consumption,-20,production_run,PRUN_SID0017_MID0001_006
SMFEID1665,SID0018,MID0002,2025/03/27,production_consumption,-11,production_run,PRUN_SID0018_MID0002_003
SMFEID1666,SID0018,MID0020,2025/03/27,production_consumption,-117,production_run,PRUN_SID0018_MID0020_013
SMFEID1667,SID0019,MID0015,2025/03/27,production_consumption,-18,production_run,PRUN_SID0019_MID0015_006
SMFEID1668,SID0019,MID0016,2025/03/27,production_consumption,-45,production_run,PRUN_SID0019_MID0016_013
SMFEID1669,SID0021,MID0001,2025/03/27,production_consumption,-57,production_run,PRUN_SID0021_MID0001_013
SMFEID1670,SID0021,MID0005,2025/03/27,production_consumption,-35,production_run,PRUN_SID0021_MID0005_006
SMFEID1671,SID0021,MID0018,2025/03/27,production_consumption,-47,production_run,PRUN_SID0021_MID0018_006
SMFEID1672,SID0002,MID0025,2025/03/28,production_consumption,-24,production_run,PRUN_SID0002_MID0025_013
SMFEID1673,SID0006,MID0020,2025/03/28,production_consumption,-54,production_run,PRUN_SID0006_MID0020_013
SMFEID1674,SID0008,MID0023,2025/03/28,production_consumption,-4,production_run,PRUN_SID0008_MID0023_003
SMFEID1675,SID0011,MID0001,2025/03/28,external_receipt,219,order,OID0236
SMFEID1676,SID0011,MID0007,2025/03/28,production_consumption,-11,production_run,PRUN_SID0011_MID0007_013
SMFEID1677,SID0013,MID0016,2025/03/28,production_consumption,-4,production_run,PRUN_SID0013_MID0016_013
SMFEID1678,SID0013,MID0020,2025/03/28,production_consumption,-55,production_run,PRUN_SID0013_MID0020_013
SMFEID1679,SID0015,MID0007,2025/03/28,production_consumption,-172,production_run,PRUN_SID0015_MID0007_013
SMFEID1680,SID0015,MID0020,2025/03/28,production_consumption,-90,production_run,PRUN_SID0015_MID0020_013
SMFEID1681,SID0018,MID0002,2025/03/28,production_consumption,-21,production_run,PRUN_SID0018_MID0002_003
SMFEID1682,SID0019,MID0015,2025/03/28,production_consumption,-19,production_run,PRUN_SID0019_MID0015_006
SMFEID1683,SID0019,MID0016,2025/03/28,production_consumption,-18,production_run,PRUN_SID0019_MID0016_013
SMFEID1684,SID0020,MID0003,2025/03/28,external_receipt,25,order,OID0220
SMFEID1685,SID0021,MID0001,2025/03/28,production_consumption,-43,production_run,PRUN_SID0021_MID0001_013
SMFEID1686,SID0021,MID0005,2025/03/28,production_consumption,-19,production_run,PRUN_SID0021_MID0005_006
SMFEID1687,SID0021,MID0018,2025/03/28,production_consumption,-11,production_run,PRUN_SID0021_MID0018_006
SMFEID1688,SID0007,MID0017,2025/03/29,external_receipt,897,order,OID0238
SMFEID1689,SID0015,MID0025,2025/03/29,external_receipt,146,order,OID0210
SMFEID1690,SID0018,MID0004,2025/03/29,external_receipt,1273,order,OID0211
SMFEID1691,SID0008,MID0022,2025/03/30,external_receipt,61,order,OID0225
SMFEID1692,SID0008,MID0023,2025/03/30,external_receipt,73,order,OID0226
SMFEID1693,SID0011,MID0025,2025/03/30,external_receipt,91,order,OID0251
SMFEID1694,SID0020,MID0003,2025/03/30,external_receipt,73,order,OID0221
SMFEID1695,SID0002,MID0001,2025/03/31,external_receipt,223,order,OID0227
SMFEID1696,SID0006,MID0010,2025/03/31,production_consumption,-9,production_run,PRUN_SID0006_MID0010_014
SMFEID1697,SID0006,MID0020,2025/03/31,production_consumption,-49,production_run,PRUN_SID0006_MID0020_014
SMFEID1698,SID0008,MID0023,2025/03/31,production_consumption,-13,production_run,PRUN_SID0008_MID0023_003
SMFEID1699,SID0011,MID0001,2025/03/31,production_consumption,-10,production_run,PRUN_SID0011_MID0001_014
SMFEID1700,SID0011,MID0008,2025/03/31,production_consumption,-57,production_run,PRUN_SID0011_MID0008_014
SMFEID1701,SID0011,MID0025,2025/03/31,production_consumption,-7,production_run,PRUN_SID0011_MID0025_014
SMFEID1702,SID0013,MID0020,2025/03/31,production_consumption,-33,production_run,PRUN_SID0013_MID0020_014
SMFEID1703,SID0015,MID0020,2025/03/31,production_consumption,-95,production_run,PRUN_SID0015_MID0020_014
SMFEID1704,SID0018,MID0002,2025/03/31,production_consumption,-26,production_run,PRUN_SID0018_MID0002_003
SMFEID1705,SID0018,MID0007,2025/03/31,production_consumption,-20,production_run,PRUN_SID0018_MID0007_014
SMFEID1706,SID0019,MID0010,2025/03/31,production_consumption,-27,production_run,PRUN_SID0019_MID0010_014
SMFEID1707,SID0019,MID0016,2025/03/31,production_consumption,-22,production_run,PRUN_SID0019_MID0016_014
SMFEID1708,SID0021,MID0004,2025/03/31,external_receipt,177,order,OID0252
SMFEID1709,SID0002,MID0025,2025/04/01,production_consumption,-19,production_run,PRUN_SID0002_MID0025_014
SMFEID1710,SID0006,MID0010,2025/04/01,production_consumption,-40,production_run,PRUN_SID0006_MID0010_014
SMFEID1711,SID0006,MID0020,2025/04/01,production_consumption,-19,production_run,PRUN_SID0006_MID0020_014
SMFEID1712,SID0007,MID0017,2025/04/01,production_consumption,-109,production_run,PRUN_SID0007_MID0017_014
SMFEID1713,SID0007,MID0020,2025/04/01,production_consumption,-118,production_run,PRUN_SID0007_MID0020_014
SMFEID1714,SID0011,MID0001,2025/04/01,production_consumption,-19,production_run,PRUN_SID0011_MID0001_014
SMFEID1715,SID0011,MID0008,2025/04/01,production_consumption,-44,production_run,PRUN_SID0011_MID0008_014
SMFEID1716,SID0011,MID0020,2025/04/01,production_consumption,-126,production_run,PRUN_SID0011_MID0020_014
SMFEID1717,SID0011,MID0025,2025/04/01,production_consumption,-20,production_run,PRUN_SID0011_MID0025_014
SMFEID1718,SID0013,MID0016,2025/04/01,production_consumption,-35,production_run,PRUN_SID0013_MID0016_014
SMFEID1719,SID0013,MID0020,2025/04/01,production_consumption,-78,production_run,PRUN_SID0013_MID0020_014
SMFEID1720,SID0015,MID0007,2025/04/01,production_consumption,-117,production_run,PRUN_SID0015_MID0007_014
SMFEID1721,SID0015,MID0020,2025/04/01,production_consumption,-303,production_run,PRUN_SID0015_MID0020_014
SMFEID1722,SID0018,MID0007,2025/04/01,production_consumption,-15,production_run,PRUN_SID0018_MID0007_014
SMFEID1723,SID0019,MID0010,2025/04/01,production_consumption,-87,production_run,PRUN_SID0019_MID0010_014
SMFEID1724,SID0019,MID0013,2025/04/01,production_consumption,-35,production_run,PRUN_SID0019_MID0013_007
SMFEID1725,SID0019,MID0016,2025/04/01,production_consumption,-36,production_run,PRUN_SID0019_MID0016_014
SMFEID1726,SID0020,MID0017,2025/04/01,production_consumption,-57,production_run,PRUN_SID0020_MID0017_007
SMFEID1727,SID0021,MID0001,2025/04/01,production_consumption,-42,production_run,PRUN_SID0021_MID0001_014
SMFEID1728,SID0021,MID0004,2025/04/01,production_consumption,-21,production_run,PRUN_SID0021_MID0004_014
SMFEID1729,SID0002,MID0001,2025/04/02,production_consumption,-23,production_run,PRUN_SID0002_MID0001_014
SMFEID1730,SID0002,MID0025,2025/04/02,production_consumption,-24,production_run,PRUN_SID0002_MID0025_014
SMFEID1731,SID0004,MID0007,2025/04/02,production_consumption,-68,production_run,PRUN_SID0004_MID0007_014
SMFEID1732,SID0006,MID0010,2025/04/02,production_consumption,-33,production_run,PRUN_SID0006_MID0010_014
SMFEID1733,SID0006,MID0020,2025/04/02,external_receipt,831,order,OID0237
SMFEID1734,SID0006,MID0020,2025/04/02,production_consumption,-85,production_run,PRUN_SID0006_MID0020_014
SMFEID1735,SID0007,MID0017,2025/04/02,production_consumption,-416,production_run,PRUN_SID0007_MID0017_014
SMFEID1736,SID0007,MID0020,2025/04/02,production_consumption,-123,production_run,PRUN_SID0007_MID0020_014
SMFEID1737,SID0008,MID0012,2025/04/02,production_consumption,-10,production_run,PRUN_SID0008_MID0012_004
SMFEID1738,SID0011,MID0001,2025/04/02,production_consumption,-15,production_run,PRUN_SID0011_MID0001_014
SMFEID1739,SID0011,MID0008,2025/04/02,production_consumption,-163,production_run,PRUN_SID0011_MID0008_014
SMFEID1740,SID0011,MID0020,2025/04/02,production_consumption,-157,production_run,PRUN_SID0011_MID0020_014
SMFEID1741,SID0011,MID0025,2025/04/02,production_consumption,-17,production_run,PRUN_SID0011_MID0025_014
SMFEID1742,SID0013,MID0016,2025/04/02,production_consumption,-90,production_run,PRUN_SID0013_MID0016_014
SMFEID1743,SID0013,MID0020,2025/04/02,production_consumption,-106,production_run,PRUN_SID0013_MID0020_014
SMFEID1744,SID0015,MID0007,2025/04/02,production_consumption,-160,production_run,PRUN_SID0015_MID0007_014
SMFEID1745,SID0015,MID0025,2025/04/02,production_consumption,-16,production_run,PRUN_SID0015_MID0025_007
SMFEID1746,SID0017,MID0018,2025/04/02,external_receipt,85,order,OID0223
SMFEID1747,SID0018,MID0004,2025/04/02,production_consumption,-8,production_run,PRUN_SID0018_MID0004_014
SMFEID1748,SID0018,MID0007,2025/04/02,production_consumption,-20,production_run,PRUN_SID0018_MID0007_014
SMFEID1749,SID0019,MID0013,2025/04/02,production_consumption,-39,production_run,PRUN_SID0019_MID0013_007
SMFEID1750,SID0019,MID0016,2025/04/02,production_consumption,-25,production_run,PRUN_SID0019_MID0016_014
SMFEID1751,SID0020,MID0011,2025/04/02,production_consumption,-9,production_run,PRUN_SID0020_MID0011_004
SMFEID1752,SID0020,MID0017,2025/04/02,production_consumption,-53,production_run,PRUN_SID0020_MID0017_007
SMFEID1753,SID0021,MID0001,2025/04/02,production_consumption,-41,production_run,PRUN_SID0021_MID0001_014
SMFEID1754,SID0021,MID0004,2025/04/02,production_consumption,-80,production_run,PRUN_SID0021_MID0004_014
SMFEID1755,SID0002,MID0001,2025/04/03,production_consumption,-18,production_run,PRUN_SID0002_MID0001_014
SMFEID1756,SID0002,MID0025,2025/04/03,production_consumption,-23,production_run,PRUN_SID0002_MID0025_014
SMFEID1757,SID0004,MID0007,2025/04/03,production_consumption,-33,production_run,PRUN_SID0004_MID0007_014
SMFEID1758,SID0004,MID0020,2025/04/03,production_consumption,-44,production_run,PRUN_SID0004_MID0020_014
SMFEID1759,SID0006,MID0010,2025/04/03,external_receipt,172,order,OID0241
SMFEID1760,SID0006,MID0010,2025/04/03,production_consumption,-33,production_run,PRUN_SID0006_MID0010_014
SMFEID1761,SID0006,MID0020,2025/04/03,production_consumption,-85,production_run,PRUN_SID0006_MID0020_014
SMFEID1762,SID0007,MID0020,2025/04/03,production_consumption,-147,production_run,PRUN_SID0007_MID0020_014
SMFEID1763,SID0008,MID0012,2025/04/03,production_consumption,-14,production_run,PRUN_SID0008_MID0012_004
SMFEID1764,SID0011,MID0001,2025/04/03,production_consumption,-14,production_run,PRUN_SID0011_MID0001_014
SMFEID1765,SID0011,MID0007,2025/04/03,production_consumption,-109,production_run,PRUN_SID0011_MID0007_014
SMFEID1766,SID0011,MID0020,2025/04/03,external_receipt,813,order,OID0244
SMFEID1767,SID0011,MID0020,2025/04/03,production_consumption,-56,production_run,PRUN_SID0011_MID0020_014
SMFEID1768,SID0011,MID0025,2025/04/03,production_consumption,-8,production_run,PRUN_SID0011_MID0025_014
SMFEID1769,SID0013,MID0016,2025/04/03,production_consumption,-37,production_run,PRUN_SID0013_MID0016_014
SMFEID1770,SID0013,MID0020,2025/04/03,production_consumption,-58,production_run,PRUN_SID0013_MID0020_014
SMFEID1771,SID0015,MID0007,2025/04/03,production_consumption,-326,production_run,PRUN_SID0015_MID0007_014
SMFEID1772,SID0015,MID0025,2025/04/03,production_consumption,-12,production_run,PRUN_SID0015_MID0025_007
SMFEID1773,SID0018,MID0004,2025/04/03,production_consumption,-12,production_run,PRUN_SID0018_MID0004_014
SMFEID1774,SID0018,MID0007,2025/04/03,production_consumption,-23,production_run,PRUN_SID0018_MID0007_014
SMFEID1775,SID0018,MID0020,2025/04/03,production_consumption,-181,production_run,PRUN_SID0018_MID0020_014
SMFEID1776,SID0019,MID0013,2025/04/03,production_consumption,-4,production_run,PRUN_SID0019_MID0013_007
SMFEID1777,SID0019,MID0016,2025/04/03,production_consumption,-40,production_run,PRUN_SID0019_MID0016_014
SMFEID1778,SID0020,MID0003,2025/04/03,external_receipt,49,order,OID0239
SMFEID1779,SID0020,MID0011,2025/04/03,production_consumption,-9,production_run,PRUN_SID0020_MID0011_004
SMFEID1780,SID0021,MID0001,2025/04/03,production_consumption,-20,production_run,PRUN_SID0021_MID0001_014
SMFEID1781,SID0021,MID0004,2025/04/03,production_consumption,-7,production_run,PRUN_SID0021_MID0004_014
SMFEID1782,SID0021,MID0005,2025/04/03,production_consumption,-64,production_run,PRUN_SID0021_MID0005_007
SMFEID1783,SID0002,MID0001,2025/04/04,production_consumption,-40,production_run,PRUN_SID0002_MID0001_014
SMFEID1784,SID0002,MID0025,2025/04/04,production_consumption,-13,production_run,PRUN_SID0002_MID0025_014
SMFEID1785,SID0004,MID0007,2025/04/04,production_consumption,-43,production_run,PRUN_SID0004_MID0007_014
SMFEID1786,SID0004,MID0020,2025/04/04,production_consumption,-51,production_run,PRUN_SID0004_MID0020_014
SMFEID1787,SID0006,MID0010,2025/04/04,production_consumption,-22,production_run,PRUN_SID0006_MID0010_014
SMFEID1788,SID0006,MID0020,2025/04/04,production_consumption,-65,production_run,PRUN_SID0006_MID0020_014
SMFEID1789,SID0008,MID0012,2025/04/04,production_consumption,-14,production_run,PRUN_SID0008_MID0012_004
SMFEID1790,SID0008,MID0022,2025/04/04,external_receipt,18,order,OID0228
SMFEID1791,SID0011,MID0001,2025/04/04,production_consumption,-28,production_run,PRUN_SID0011_MID0001_014
SMFEID1792,SID0011,MID0007,2025/04/04,production_consumption,-25,production_run,PRUN_SID0011_MID0007_014
SMFEID1793,SID0011,MID0020,2025/04/04,production_consumption,-50,production_run,PRUN_SID0011_MID0020_014
SMFEID1794,SID0011,MID0025,2025/04/04,production_consumption,-11,production_run,PRUN_SID0011_MID0025_014
SMFEID1795,SID0013,MID0020,2025/04/04,external_receipt,364,order,OID0245
SMFEID1796,SID0015,MID0007,2025/04/04,production_consumption,-61,production_run,PRUN_SID0015_MID0007_014
SMFEID1797,SID0015,MID0025,2025/04/04,production_consumption,-13,production_run,PRUN_SID0015_MID0025_007
SMFEID1798,SID0017,MID0001,2025/04/04,production_consumption,-24,production_run,PRUN_SID0017_MID0001_007
SMFEID1799,SID0017,MID0005,2025/04/04,production_consumption,-48,production_run,PRUN_SID0017_MID0005_004
SMFEID1800,SID0018,MID0004,2025/04/04,production_consumption,-352,production_run,PRUN_SID0018_MID0004_014
SMFEID1801,SID0018,MID0020,2025/04/04,production_consumption,-208,production_run,PRUN_SID0018_MID0020_014
SMFEID1802,SID0019,MID0013,2025/04/04,production_consumption,-41,production_run,PRUN_SID0019_MID0013_007
SMFEID1803,SID0019,MID0015,2025/04/04,production_consumption,-12,production_run,PRUN_SID0019_MID0015_007
SMFEID1804,SID0019,MID0016,2025/04/04,production_consumption,-49,production_run,PRUN_SID0019_MID0016_014
SMFEID1805,SID0020,MID0003,2025/04/04,external_receipt,97,order,OID0240
SMFEID1806,SID0020,MID0011,2025/04/04,production_consumption,-13,production_run,PRUN_SID0020_MID0011_004
SMFEID1807,SID0021,MID0004,2025/04/04,production_consumption,-27,production_run,PRUN_SID0021_MID0004_014
SMFEID1808,SID0021,MID0005,2025/04/04,production_consumption,-44,production_run,PRUN_SID0021_MID0005_007
SMFEID1809,SID0021,MID0018,2025/04/04,production_consumption,-9,production_run,PRUN_SID0021_MID0018_007
SMFEID1810,SID0004,MID0007,2025/04/05,external_receipt,526,order,OID0233
SMFEID1811,SID0018,MID0008,2025/04/05,external_receipt,146,order,OID0242
SMFEID1812,SID0019,MID0015,2025/04/05,external_receipt,91,order,OID0253
SMFEID1813,SID0018,MID0007,2025/04/06,external_receipt,152,order,OID0246
SMFEID1814,SID0002,MID0001,2025/04/07,production_consumption,-40,production_run,PRUN_SID0002_MID0001_015
SMFEID1815,SID0002,MID0020,2025/04/07,production_consumption,-29,production_run,PRUN_SID0002_MID0020_007
SMFEID1816,SID0004,MID0007,2025/04/07,production_consumption,-26,production_run,PRUN_SID0004_MID0007_015
SMFEID1817,SID0007,MID0017,2025/04/07,production_consumption,-171,production_run,PRUN_SID0007_MID0017_015
SMFEID1818,SID0007,MID0020,2025/04/07,production_consumption,-320,production_run,PRUN_SID0007_MID0020_015
SMFEID1819,SID0011,MID0001,2025/04/07,production_consumption,-24,production_run,PRUN_SID0011_MID0001_015
SMFEID1820,SID0011,MID0025,2025/04/07,production_consumption,-21,production_run,PRUN_SID0011_MID0025_015
SMFEID1821,SID0013,MID0020,2025/04/07,production_consumption,-128,production_run,PRUN_SID0013_MID0020_015
SMFEID1822,SID0015,MID0007,2025/04/07,production_consumption,-135,production_run,PRUN_SID0015_MID0007_015
SMFEID1823,SID0015,MID0025,2025/04/07,production_consumption,-49,production_run,PRUN_SID0015_MID0025_007
SMFEID1824,SID0017,MID0001,2025/04/07,production_consumption,-16,production_run,PRUN_SID0017_MID0001_007
SMFEID1825,SID0017,MID0005,2025/04/07,production_consumption,-4,production_run,PRUN_SID0017_MID0005_004
SMFEID1826,SID0018,MID0004,2025/04/07,production_consumption,-117,production_run,PRUN_SID0018_MID0004_015
SMFEID1827,SID0018,MID0007,2025/04/07,production_consumption,-36,production_run,PRUN_SID0018_MID0007_015
SMFEID1828,SID0018,MID0020,2025/04/07,production_consumption,-93,production_run,PRUN_SID0018_MID0020_015
SMFEID1829,SID0019,MID0010,2025/04/07,production_consumption,-73,production_run,PRUN_SID0019_MID0010_015
SMFEID1830,SID0019,MID0015,2025/04/07,production_consumption,-12,production_run,PRUN_SID0019_MID0015_007
SMFEID1831,SID0019,MID0016,2025/04/07,production_consumption,-39,production_run,PRUN_SID0019_MID0016_015
SMFEID1832,SID0020,MID0011,2025/04/07,production_consumption,-12,production_run,PRUN_SID0020_MID0011_004
SMFEID1833,SID0021,MID0001,2025/04/07,production_consumption,-67,production_run,PRUN_SID0021_MID0001_015
SMFEID1834,SID0021,MID0005,2025/04/07,production_consumption,-8,production_run,PRUN_SID0021_MID0005_007
SMFEID1835,SID0021,MID0018,2025/04/07,production_consumption,-17,production_run,PRUN_SID0021_MID0018_007
SMFEID1836,SID0002,MID0001,2025/04/08,production_consumption,-51,production_run,PRUN_SID0002_MID0001_015
SMFEID1837,SID0002,MID0020,2025/04/08,production_consumption,-64,production_run,PRUN_SID0002_MID0020_007
SMFEID1838,SID0002,MID0025,2025/04/08,production_consumption,-39,production_run,PRUN_SID0002_MID0025_015
SMFEID1839,SID0004,MID0007,2025/04/08,production_consumption,-25,production_run,PRUN_SID0004_MID0007_015
SMFEID1840,SID0006,MID0020,2025/04/08,production_consumption,-195,production_run,PRUN_SID0006_MID0020_015
SMFEID1841,SID0007,MID0017,2025/04/08,production_consumption,-255,production_run,PRUN_SID0007_MID0017_015
SMFEID1842,SID0007,MID0020,2025/04/08,production_consumption,-31,production_run,PRUN_SID0007_MID0020_015
SMFEID1843,SID0008,MID0022,2025/04/08,production_consumption,-16,production_run,PRUN_SID0008_MID0022_007
SMFEID1844,SID0011,MID0001,2025/04/08,production_consumption,-2,production_run,PRUN_SID0011_MID0001_015
SMFEID1845,SID0011,MID0007,2025/04/08,production_consumption,-27,production_run,PRUN_SID0011_MID0007_015
SMFEID1846,SID0011,MID0020,2025/04/08,production_consumption,-167,production_run,PRUN_SID0011_MID0020_015
SMFEID1847,SID0011,MID0025,2025/04/08,production_consumption,-6,production_run,PRUN_SID0011_MID0025_015
SMFEID1848,SID0013,MID0016,2025/04/08,production_consumption,-80,production_run,PRUN_SID0013_MID0016_015
SMFEID1849,SID0013,MID0020,2025/04/08,production_consumption,-94,production_run,PRUN_SID0013_MID0020_015
SMFEID1850,SID0015,MID0007,2025/04/08,production_consumption,-50,production_run,PRUN_SID0015_MID0007_015
SMFEID1851,SID0015,MID0020,2025/04/08,production_consumption,-18,production_run,PRUN_SID0015_MID0020_015
SMFEID1852,SID0017,MID0001,2025/04/08,production_consumption,-12,production_run,PRUN_SID0017_MID0001_007
SMFEID1853,SID0017,MID0005,2025/04/08,production_consumption,-18,production_run,PRUN_SID0017_MID0005_004
SMFEID1854,SID0018,MID0004,2025/04/08,production_consumption,-106,production_run,PRUN_SID0018_MID0004_015
SMFEID1855,SID0018,MID0007,2025/04/08,production_consumption,-21,production_run,PRUN_SID0018_MID0007_015
SMFEID1856,SID0018,MID0020,2025/04/08,external_receipt,1212,order,OID0234
SMFEID1857,SID0018,MID0020,2025/04/08,production_consumption,-325,production_run,PRUN_SID0018_MID0020_015
SMFEID1858,SID0019,MID0010,2025/04/08,production_consumption,-49,production_run,PRUN_SID0019_MID0010_015
SMFEID1859,SID0019,MID0015,2025/04/08,production_consumption,-19,production_run,PRUN_SID0019_MID0015_007
SMFEID1860,SID0019,MID0016,2025/04/08,production_consumption,-40,production_run,PRUN_SID0019_MID0016_015
SMFEID1861,SID0020,MID0011,2025/04/08,production_consumption,-4,production_run,PRUN_SID0020_MID0011_004
SMFEID1862,SID0021,MID0001,2025/04/08,external_receipt,495,order,OID0235
SMFEID1863,SID0021,MID0001,2025/04/08,production_consumption,-58,production_run,PRUN_SID0021_MID0001_015
SMFEID1864,SID0021,MID0004,2025/04/08,production_consumption,-71,production_run,PRUN_SID0021_MID0004_015
SMFEID1865,SID0021,MID0005,2025/04/08,external_receipt,55,order,OID0254
SMFEID1866,SID0021,MID0018,2025/04/08,production_consumption,-5,production_run,PRUN_SID0021_MID0018_007
SMFEID1867,SID0002,MID0020,2025/04/09,production_consumption,-40,production_run,PRUN_SID0002_MID0020_007
SMFEID1868,SID0002,MID0025,2025/04/09,production_consumption,-20,production_run,PRUN_SID0002_MID0025_015
SMFEID1869,SID0004,MID0007,2025/04/09,production_consumption,-27,production_run,PRUN_SID0004_MID0007_015
SMFEID1870,SID0006,MID0010,2025/04/09,production_consumption,-30,production_run,PRUN_SID0006_MID0010_015
SMFEID1871,SID0006,MID0020,2025/04/09,production_consumption,-80,production_run,PRUN_SID0006_MID0020_015
SMFEID1872,SID0007,MID0020,2025/04/09,production_consumption,-118,production_run,PRUN_SID0007_MID0020_015
SMFEID1873,SID0008,MID0022,2025/04/09,production_consumption,-13,production_run,PRUN_SID0008_MID0022_007
SMFEID1874,SID0011,MID0001,2025/04/09,production_consumption,-4,production_run,PRUN_SID0011_MID0001_015
SMFEID1875,SID0011,MID0007,2025/04/09,production_consumption,-109,production_run,PRUN_SID0011_MID0007_015
SMFEID1876,SID0011,MID0008,2025/04/09,production_consumption,-285,production_run,PRUN_SID0011_MID0008_015
SMFEID1877,SID0011,MID0020,2025/04/09,production_consumption,-145,production_run,PRUN_SID0011_MID0020_015
SMFEID1878,SID0011,MID0025,2025/04/09,production_consumption,-20,production_run,PRUN_SID0011_MID0025_015
SMFEID1879,SID0013,MID0016,2025/04/09,production_consumption,-57,production_run,PRUN_SID0013_MID0016_015
SMFEID1880,SID0013,MID0020,2025/04/09,external_receipt,364,order,OID0264
SMFEID1881,SID0013,MID0020,2025/04/09,production_consumption,-91,production_run,PRUN_SID0013_MID0020_015
SMFEID1882,SID0015,MID0007,2025/04/09,production_consumption,-298,production_run,PRUN_SID0015_MID0007_015
SMFEID1883,SID0015,MID0020,2025/04/09,production_consumption,-158,production_run,PRUN_SID0015_MID0020_015
SMFEID1884,SID0017,MID0001,2025/04/09,production_consumption,-22,production_run,PRUN_SID0017_MID0001_007
SMFEID1885,SID0017,MID0018,2025/04/09,production_consumption,-8,production_run,PRUN_SID0017_MID0018_004
SMFEID1886,SID0018,MID0004,2025/04/09,production_consumption,-2,production_run,PRUN_SID0018_MID0004_015
SMFEID1887,SID0018,MID0007,2025/04/09,production_consumption,-18,production_run,PRUN_SID0018_MID0007_015
SMFEID1888,SID0018,MID0008,2025/04/09,production_consumption,-26,production_run,PRUN_SID0018_MID0008_007
SMFEID1889,SID0018,MID0021,2025/04/09,production_consumption,-30,production_run,PRUN_SID0018_MID0021_007
SMFEID1890,SID0019,MID0010,2025/04/09,production_consumption,-8,production_run,PRUN_SID0019_MID0010_015
SMFEID1891,SID0019,MID0015,2025/04/09,production_consumption,-21,production_run,PRUN_SID0019_MID0015_007
SMFEID1892,SID0019,MID0016,2025/04/09,production_consumption,-52,production_run,PRUN_SID0019_MID0016_015
SMFEID1893,SID0021,MID0004,2025/04/09,production_consumption,-2,production_run,PRUN_SID0021_MID0004_015
SMFEID1894,SID0021,MID0018,2025/04/09,production_consumption,-9,production_run,PRUN_SID0021_MID0018_007
SMFEID1895,SID0002,MID0025,2025/04/10,external_receipt,182,order,OID0255
SMFEID1896,SID0002,MID0025,2025/04/10,production_consumption,-8,production_run,PRUN_SID0002_MID0025_015
SMFEID1897,SID0004,MID0007,2025/04/10,production_consumption,-32,production_run,PRUN_SID0004_MID0007_015
SMFEID1898,SID0004,MID0020,2025/04/10,production_consumption,-54,production_run,PRUN_SID0004_MID0020_015
SMFEID1899,SID0006,MID0010,2025/04/10,production_consumption,-54,production_run,PRUN_SID0006_MID0010_015
SMFEID1900,SID0007,MID0017,2025/04/10,external_receipt,897,order,OID0265
SMFEID1901,SID0007,MID0020,2025/04/10,external_receipt,946,order,OID0260
SMFEID1902,SID0008,MID0022,2025/04/10,production_consumption,-3,production_run,PRUN_SID0008_MID0022_007
SMFEID1903,SID0008,MID0023,2025/04/10,production_consumption,-12,production_run,PRUN_SID0008_MID0023_004
SMFEID1904,SID0008,MID0024,2025/04/10,external_receipt,55,order,OID0256
SMFEID1905,SID0011,MID0001,2025/04/10,production_consumption,-26,production_run,PRUN_SID0011_MID0001_015
SMFEID1906,SID0011,MID0007,2025/04/10,external_receipt,356,order,OID0268
SMFEID1907,SID0011,MID0008,2025/04/10,production_consumption,-21,production_run,PRUN_SID0011_MID0008_015
SMFEID1908,SID0011,MID0020,2025/04/10,production_consumption,-47,production_run,PRUN_SID0011_MID0020_015
SMFEID1909,SID0011,MID0025,2025/04/10,production_consumption,-7,production_run,PRUN_SID0011_MID0025_015
SMFEID1910,SID0013,MID0016,2025/04/10,production_consumption,-8,production_run,PRUN_SID0013_MID0016_015
SMFEID1911,SID0015,MID0007,2025/04/10,production_consumption,-120,production_run,PRUN_SID0015_MID0007_015
SMFEID1912,SID0015,MID0020,2025/04/10,production_consumption,-199,production_run,PRUN_SID0015_MID0020_015
SMFEID1913,SID0017,MID0018,2025/04/10,production_consumption,-4,production_run,PRUN_SID0017_MID0018_004
SMFEID1914,SID0018,MID0004,2025/04/10,production_consumption,-101,production_run,PRUN_SID0018_MID0004_015
SMFEID1915,SID0018,MID0007,2025/04/10,external_receipt,152,order,OID0247
SMFEID1916,SID0018,MID0008,2025/04/10,production_consumption,-40,production_run,PRUN_SID0018_MID0008_007
SMFEID1917,SID0018,MID0021,2025/04/10,production_consumption,-3,production_run,PRUN_SID0018_MID0021_007
SMFEID1918,SID0019,MID0015,2025/04/10,production_consumption,-24,production_run,PRUN_SID0019_MID0015_007
SMFEID1919,SID0019,MID0016,2025/04/10,production_consumption,-43,production_run,PRUN_SID0019_MID0016_015
SMFEID1920,SID0020,MID0003,2025/04/10,production_consumption,-23,production_run,PRUN_SID0020_MID0003_004
SMFEID1921,SID0021,MID0004,2025/04/10,production_consumption,-27,production_run,PRUN_SID0021_MID0004_015
SMFEID1922,SID0021,MID0018,2025/04/10,production_consumption,-15,production_run,PRUN_SID0021_MID0018_007
SMFEID1923,SID0002,MID0025,2025/04/11,production_consumption,-21,production_run,PRUN_SID0002_MID0025_015
SMFEID1924,SID0004,MID0007,2025/04/11,production_consumption,-21,production_run,PRUN_SID0004_MID0007_015
SMFEID1925,SID0004,MID0020,2025/04/11,external_receipt,156,order,OID0261
SMFEID1926,SID0004,MID0020,2025/04/11,production_consumption,-47,production_run,PRUN_SID0004_MID0020_015
SMFEID1927,SID0006,MID0010,2025/04/11,external_receipt,172,order,OID0269
SMFEID1928,SID0006,MID0010,2025/04/11,production_consumption,-37,production_run,PRUN_SID0006_MID0010_015
SMFEID1929,SID0008,MID0022,2025/04/11,production_consumption,-34,production_run,PRUN_SID0008_MID0022_007
SMFEID1930,SID0008,MID0023,2025/04/11,production_consumption,-5,production_run,PRUN_SID0008_MID0023_004
SMFEID1931,SID0011,MID0001,2025/04/11,production_consumption,-29,production_run,PRUN_SID0011_MID0001_015
SMFEID1932,SID0011,MID0008,2025/04/11,external_receipt,691,order,OID0243
SMFEID1933,SID0011,MID0008,2025/04/11,production_consumption,-53,production_run,PRUN_SID0011_MID0008_015
SMFEID1934,SID0011,MID0025,2025/04/11,production_consumption,-22,production_run,PRUN_SID0011_MID0025_015
SMFEID1935,SID0013,MID0016,2025/04/11,production_consumption,-18,production_run,PRUN_SID0013_MID0016_015
SMFEID1936,SID0017,MID0001,2025/04/11,external_receipt,137,order,OID0248
SMFEID1937,SID0017,MID0004,2025/04/11,production_consumption,-50,production_run,PRUN_SID0017_MID0004_007
SMFEID1938,SID0017,MID0018,2025/04/11,production_consumption,-10,production_run,PRUN_SID0017_MID0018_004
SMFEID1939,SID0018,MID0008,2025/04/11,production_consumption,-29,production_run,PRUN_SID0018_MID0008_007
SMFEID1940,SID0018,MID0021,2025/04/11,production_consumption,-16,production_run,PRUN_SID0018_MID0021_007
SMFEID1941,SID0020,MID0003,2025/04/11,production_consumption,-22,production_run,PRUN_SID0020_MID0003_004
SMFEID1942,SID0021,MID0004,2025/04/11,production_consumption,-43,production_run,PRUN_SID0021_MID0004_015
SMFEID1943,SID0019,MID0013,2025/04/12,external_receipt,142,order,OID0270
SMFEID1944,SID0021,MID0005,2025/04/12,external_receipt,164,order,OID0257
SMFEID1945,SID0011,MID0001,2025/04/13,external_receipt,105,order,OID0287
SMFEID1946,SID0021,MID0004,2025/04/13,external_receipt,177,order,OID0280
SMFEID1947,SID0002,MID0001,2025/04/14,production_consumption,-29,production_run,PRUN_SID0002_MID0001_016
SMFEID1948,SID0002,MID0025,2025/04/14,production_consumption,-9,production_run,PRUN_SID0002_MID0025_016
SMFEID1949,SID0004,MID0007,2025/04/14,production_consumption,-35,production_run,PRUN_SID0004_MID0007_016
SMFEID1950,SID0004,MID0020,2025/04/14,production_consumption,-25,production_run,PRUN_SID0004_MID0020_016
SMFEID1951,SID0006,MID0010,2025/04/14,production_consumption,-28,production_run,PRUN_SID0006_MID0010_016
SMFEID1952,SID0006,MID0020,2025/04/14,production_consumption,-12,production_run,PRUN_SID0006_MID0020_016
SMFEID1953,SID0007,MID0020,2025/04/14,production_consumption,-168,production_run,PRUN_SID0007_MID0020_016
SMFEID1954,SID0008,MID0023,2025/04/14,production_consumption,-5,production_run,PRUN_SID0008_MID0023_004
SMFEID1955,SID0011,MID0001,2025/04/14,production_consumption,-28,production_run,PRUN_SID0011_MID0001_016
SMFEID1956,SID0011,MID0007,2025/04/14,production_consumption,-55,production_run,PRUN_SID0011_MID0007_016
SMFEID1957,SID0011,MID0008,2025/04/14,production_consumption,-99,production_run,PRUN_SID0011_MID0008_016
SMFEID1958,SID0011,MID0020,2025/04/14,external_receipt,813,order,OID0288
SMFEID1959,SID0011,MID0020,2025/04/14,production_consumption,-67,production_run,PRUN_SID0011_MID0020_016
SMFEID1960,SID0011,MID0025,2025/04/14,production_consumption,-18,production_run,PRUN_SID0011_MID0025_016
SMFEID1961,SID0013,MID0020,2025/04/14,production_consumption,-90,production_run,PRUN_SID0013_MID0020_016
SMFEID1962,SID0015,MID0020,2025/04/14,production_consumption,-131,production_run,PRUN_SID0015_MID0020_016
SMFEID1963,SID0017,MID0004,2025/04/14,production_consumption,-27,production_run,PRUN_SID0017_MID0004_007
SMFEID1964,SID0017,MID0018,2025/04/14,production_consumption,-11,production_run,PRUN_SID0017_MID0018_004
SMFEID1965,SID0018,MID0004,2025/04/14,production_consumption,-263,production_run,PRUN_SID0018_MID0004_016
SMFEID1966,SID0018,MID0020,2025/04/14,production_consumption,-160,production_run,PRUN_SID0018_MID0020_016
SMFEID1967,SID0018,MID0021,2025/04/14,production_consumption,-3,production_run,PRUN_SID0018_MID0021_007
SMFEID1968,SID0019,MID0010,2025/04/14,external_receipt,297,order,OID0262
SMFEID1969,SID0019,MID0010,2025/04/14,production_consumption,-3,production_run,PRUN_SID0019_MID0010_016
SMFEID1970,SID0019,MID0015,2025/04/14,external_receipt,61,order,OID0275
SMFEID1971,SID0019,MID0016,2025/04/14,external_receipt,510,order,OID0258
SMFEID1972,SID0020,MID0003,2025/04/14,production_consumption,-10,production_run,PRUN_SID0020_MID0003_004
SMFEID1973,SID0021,MID0001,2025/04/14,production_consumption,-61,production_run,PRUN_SID0021_MID0001_016
SMFEID1974,SID0021,MID0004,2025/04/14,production_consumption,-47,production_run,PRUN_SID0021_MID0004_016
SMFEID1975,SID0002,MID0001,2025/04/15,production_consumption,-37,production_run,PRUN_SID0002_MID0001_016
SMFEID1976,SID0002,MID0025,2025/04/15,production_consumption,-26,production_run,PRUN_SID0002_MID0025_016
SMFEID1977,SID0004,MID0007,2025/04/15,production_consumption,-37,production_run,PRUN_SID0004_MID0007_016
SMFEID1978,SID0004,MID0020,2025/04/15,production_consumption,-25,production_run,PRUN_SID0004_MID0020_016
SMFEID1979,SID0006,MID0010,2025/04/15,production_consumption,-11,production_run,PRUN_SID0006_MID0010_016
SMFEID1980,SID0006,MID0020,2025/04/15,production_consumption,-137,production_run,PRUN_SID0006_MID0020_016
SMFEID1981,SID0007,MID0020,2025/04/15,production_consumption,-72,production_run,PRUN_SID0007_MID0020_016
SMFEID1982,SID0008,MID0023,2025/04/15,production_consumption,-12,production_run,PRUN_SID0008_MID0023_004
SMFEID1983,SID0011,MID0001,2025/04/15,production_consumption,-14,production_run,PRUN_SID0011_MID0001_016
SMFEID1984,SID0011,MID0007,2025/04/15,production_consumption,-55,production_run,PRUN_SID0011_MID0007_016
SMFEID1985,SID0011,MID0008,2025/04/15,production_consumption,-10,production_run,PRUN_SID0011_MID0008_016
SMFEID1986,SID0011,MID0020,2025/04/15,production_consumption,-77,production_run,PRUN_SID0011_MID0020_016
SMFEID1987,SID0011,MID0025,2025/04/15,production_consumption,-17,production_run,PRUN_SID0011_MID0025_016
SMFEID1988,SID0013,MID0016,2025/04/15,production_consumption,-32,production_run,PRUN_SID0013_MID0016_016
SMFEID1989,SID0013,MID0020,2025/04/15,production_consumption,-85,production_run,PRUN_SID0013_MID0020_016
SMFEID1990,SID0015,MID0007,2025/04/15,production_consumption,-213,production_run,PRUN_SID0015_MID0007_016
SMFEID1991,SID0015,MID0020,2025/04/15,production_consumption,-103,production_run,PRUN_SID0015_MID0020_016
SMFEID1992,SID0018,MID0004,2025/04/15,production_consumption,-71,production_run,PRUN_SID0018_MID0004_016
SMFEID1993,SID0018,MID0020,2025/04/15,production_consumption,-101,production_run,PRUN_SID0018_MID0020_016
SMFEID1994,SID0018,MID0021,2025/04/15,production_consumption,-32,production_run,PRUN_SID0018_MID0021_007
SMFEID1995,SID0019,MID0010,2025/04/15,production_consumption,-54,production_run,PRUN_SID0019_MID0010_016
SMFEID1996,SID0019,MID0016,2025/04/15,production_consumption,-15,production_run,PRUN_SID0019_MID0016_016
SMFEID1997,SID0020,MID0003,2025/04/15,production_consumption,-5,production_run,PRUN_SID0020_MID0003_004
SMFEID1998,SID0021,MID0001,2025/04/15,production_consumption,-15,production_run,PRUN_SID0021_MID0001_016
SMFEID1999,SID0021,MID0004,2025/04/15,production_consumption,-30,production_run,PRUN_SID0021_MID0004_016
SMFEID2000,SID0002,MID0001,2025/04/16,external_receipt,202,order,OID0266
SMFEID2001,SID0002,MID0001,2025/04/16,production_consumption,-19,production_run,PRUN_SID0002_MID0001_016
SMFEID2002,SID0002,MID0025,2025/04/16,production_consumption,-43,production_run,PRUN_SID0002_MID0025_016
SMFEID2003,SID0004,MID0007,2025/04/16,production_consumption,-24,production_run,PRUN_SID0004_MID0007_016
SMFEID2004,SID0004,MID0020,2025/04/16,production_consumption,-3,production_run,PRUN_SID0004_MID0020_016
SMFEID2005,SID0006,MID0010,2025/04/16,production_consumption,-43,production_run,PRUN_SID0006_MID0010_016
SMFEID2006,SID0006,MID0020,2025/04/16,production_consumption,-66,production_run,PRUN_SID0006_MID0020_016
SMFEID2007,SID0007,MID0017,2025/04/16,production_consumption,-105,production_run,PRUN_SID0007_MID0017_016
SMFEID2008,SID0007,MID0020,2025/04/16,production_consumption,-23,production_run,PRUN_SID0007_MID0020_016
SMFEID2009,SID0008,MID0022,2025/04/16,production_consumption,-14,production_run,PRUN_SID0008_MID0022_008
SMFEID2010,SID0011,MID0001,2025/04/16,production_consumption,-9,production_run,PRUN_SID0011_MID0001_016
SMFEID2011,SID0011,MID0007,2025/04/16,production_consumption,-21,production_run,PRUN_SID0011_MID0007_016
SMFEID2012,SID0011,MID0008,2025/04/16,production_consumption,-45,production_run,PRUN_SID0011_MID0008_016
SMFEID2013,SID0011,MID0020,2025/04/16,production_consumption,-26,production_run,PRUN_SID0011_MID0020_016
SMFEID2014,SID0011,MID0025,2025/04/16,production_consumption,-13,production_run,PRUN_SID0011_MID0025_016
SMFEID2015,SID0013,MID0016,2025/04/16,production_consumption,-114,production_run,PRUN_SID0013_MID0016_016
SMFEID2016,SID0013,MID0020,2025/04/16,production_consumption,-92,production_run,PRUN_SID0013_MID0020_016
SMFEID2017,SID0015,MID0007,2025/04/16,external_receipt,3055,order,OID0259
SMFEID2018,SID0015,MID0007,2025/04/16,production_consumption,-131,production_run,PRUN_SID0015_MID0007_016
SMFEID2019,SID0015,MID0020,2025/04/16,production_consumption,-4,production_run,PRUN_SID0015_MID0020_016
SMFEID2020,SID0017,MID0004,2025/04/16,external_receipt,224,order,OID0249
SMFEID2021,SID0018,MID0007,2025/04/16,production_consumption,-37,production_run,PRUN_SID0018_MID0007_016
SMFEID2022,SID0018,MID0020,2025/04/16,production_consumption,-182,production_run,PRUN_SID0018_MID0020_016
SMFEID2023,SID0019,MID0010,2025/04/16,production_consumption,-59,production_run,PRUN_SID0019_MID0010_016
SMFEID2024,SID0019,MID0016,2025/04/16,production_consumption,-67,production_run,PRUN_SID0019_MID0016_016
SMFEID2025,SID0020,MID0003,2025/04/16,production_consumption,-8,production_run,PRUN_SID0020_MID0003_004
SMFEID2026,SID0021,MID0001,2025/04/16,production_consumption,-37,production_run,PRUN_SID0021_MID0001_016
SMFEID2027,SID0021,MID0004,2025/04/16,production_consumption,-22,production_run,PRUN_SID0021_MID0004_016
SMFEID2028,SID0002,MID0001,2025/04/17,production_consumption,-6,production_run,PRUN_SID0002_MID0001_016
SMFEID2029,SID0004,MID0007,2025/04/17,production_consumption,-29,production_run,PRUN_SID0004_MID0007_016
SMFEID2030,SID0004,MID0020,2025/04/17,production_consumption,-6,production_run,PRUN_SID0004_MID0020_016
SMFEID2031,SID0006,MID0010,2025/04/17,production_consumption,-23,production_run,PRUN_SID0006_MID0010_016
SMFEID2032,SID0006,MID0020,2025/04/17,production_consumption,-104,production_run,PRUN_SID0006_MID0020_016
SMFEID2033,SID0007,MID0017,2025/04/17,production_consumption,-229,production_run,PRUN_SID0007_MID0017_016
SMFEID2034,SID0007,MID0020,2025/04/17,production_consumption,-133,production_run,PRUN_SID0007_MID0020_016
SMFEID2035,SID0008,MID0022,2025/04/17,production_consumption,-27,production_run,PRUN_SID0008_MID0022_008
SMFEID2036,SID0011,MID0001,2025/04/17,production_consumption,-44,production_run,PRUN_SID0011_MID0001_016
SMFEID2037,SID0011,MID0007,2025/04/17,production_consumption,-12,production_run,PRUN_SID0011_MID0007_016
SMFEID2038,SID0011,MID0008,2025/04/17,production_consumption,-5,production_run,PRUN_SID0011_MID0008_016
SMFEID2039,SID0011,MID0020,2025/04/17,production_consumption,-161,production_run,PRUN_SID0011_MID0020_016
SMFEID2040,SID0011,MID0025,2025/04/17,production_consumption,-14,production_run,PRUN_SID0011_MID0025_016
SMFEID2041,SID0013,MID0016,2025/04/17,external_receipt,182,order,OID0281
SMFEID2042,SID0013,MID0020,2025/04/17,external_receipt,364,order,OID0289
SMFEID2043,SID0015,MID0007,2025/04/17,production_consumption,-212,production_run,PRUN_SID0015_MID0007_016
SMFEID2044,SID0015,MID0020,2025/04/17,production_consumption,-118,production_run,PRUN_SID0015_MID0020_016
SMFEID2045,SID0018,MID0007,2025/04/17,production_consumption,-28,production_run,PRUN_SID0018_MID0007_016
SMFEID2046,SID0019,MID0015,2025/04/17,external_receipt,91,order,OID0282
SMFEID2047,SID0019,MID0016,2025/04/17,production_consumption,-41,production_run,PRUN_SID0019_MID0016_016
SMFEID2048,SID0020,MID0003,2025/04/17,production_consumption,-35,production_run,PRUN_SID0020_MID0003_004
SMFEID2049,SID0021,MID0001,2025/04/17,production_consumption,-5,production_run,PRUN_SID0021_MID0001_016
SMFEID2050,SID0021,MID0004,2025/04/17,production_consumption,-51,production_run,PRUN_SID0021_MID0004_016
SMFEID2051,SID0021,MID0005,2025/04/17,production_consumption,-49,production_run,PRUN_SID0021_MID0005_008
SMFEID2052,SID0004,MID0007,2025/04/18,production_consumption,-19,production_run,PRUN_SID0004_MID0007_016
SMFEID2053,SID0004,MID0020,2025/04/18,production_consumption,-23,production_run,PRUN_SID0004_MID0020_016
SMFEID2054,SID0006,MID0010,2025/04/18,production_consumption,-45,production_run,PRUN_SID0006_MID0010_016
SMFEID2055,SID0007,MID0017,2025/04/18,production_consumption,-151,production_run,PRUN_SID0007_MID0017_016
SMFEID2056,SID0008,MID0022,2025/04/18,production_consumption,-26,production_run,PRUN_SID0008_MID0022_008
SMFEID2057,SID0011,MID0001,2025/04/18,production_consumption,-1,production_run,PRUN_SID0011_MID0001_016
SMFEID2058,SID0011,MID0007,2025/04/18,production_consumption,-3,production_run,PRUN_SID0011_MID0007_016
SMFEID2059,SID0011,MID0008,2025/04/18,external_receipt,691,order,OID0267
SMFEID2060,SID0011,MID0008,2025/04/18,production_consumption,-184,production_run,PRUN_SID0011_MID0008_016
SMFEID2061,SID0011,MID0020,2025/04/18,production_consumption,-37,production_run,PRUN_SID0011_MID0020_016
SMFEID2062,SID0011,MID0025,2025/04/18,external_receipt,86,order,OID0276
SMFEID2063,SID0015,MID0007,2025/04/18,production_consumption,-95,production_run,PRUN_SID0015_MID0007_016
SMFEID2064,SID0017,MID0004,2025/04/18,production_consumption,-28,production_run,PRUN_SID0017_MID0004_008
SMFEID2065,SID0018,MID0002,2025/04/18,external_receipt,101,order,OID0250
SMFEID2066,SID0018,MID0007,2025/04/18,production_consumption,-10,production_run,PRUN_SID0018_MID0007_016
SMFEID2067,SID0019,MID0016,2025/04/18,production_consumption,-56,production_run,PRUN_SID0019_MID0016_016
SMFEID2068,SID0021,MID0001,2025/04/18,production_consumption,-8,production_run,PRUN_SID0021_MID0001_016
SMFEID2069,SID0021,MID0005,2025/04/18,production_consumption,-39,production_run,PRUN_SID0021_MID0005_008
SMFEID2070,SID0021,MID0018,2025/04/18,production_consumption,-26,production_run,PRUN_SID0021_MID0018_008
SMFEID2071,SID0007,MID0020,2025/04/19,external_receipt,631,order,OID0277
SMFEID2072,SID0015,MID0020,2025/04/19,external_receipt,1253,order,OID0263
SMFEID2073,SID0004,MID0020,2025/04/20,external_receipt,162,order,OID0291
SMFEID2074,SID0013,MID0016,2025/04/20,external_receipt,182,order,OID0283
SMFEID2075,SID0017,MID0005,2025/04/20,external_receipt,37,order,OID0296
SMFEID2076,SID0002,MID0001,2025/04/21,production_consumption,-6,production_run,PRUN_SID0002_MID0001_017
SMFEID2077,SID0004,MID0007,2025/04/21,production_consumption,-74,production_run,PRUN_SID0004_MID0007_017
SMFEID2078,SID0004,MID0020,2025/04/21,production_consumption,-24,production_run,PRUN_SID0004_MID0020_017
SMFEID2079,SID0006,MID0020,2025/04/21,external_receipt,940,order,OID0284
SMFEID2080,SID0007,MID0017,2025/04/21,production_consumption,-176,production_run,PRUN_SID0007_MID0017_017
SMFEID2081,SID0007,MID0020,2025/04/21,production_consumption,-20,production_run,PRUN_SID0007_MID0020_017
SMFEID2082,SID0008,MID0012,2025/04/21,external_receipt,46,order,OID0271
SMFEID2083,SID0008,MID0022,2025/04/21,external_receipt,21,order,OID0273
SMFEID2084,SID0008,MID0024,2025/04/21,production_consumption,-20,production_run,PRUN_SID0008_MID0024_004
SMFEID2085,SID0011,MID0008,2025/04/21,production_consumption,-70,production_run,PRUN_SID0011_MID0008_017
SMFEID2086,SID0011,MID0020,2025/04/21,production_consumption,-163,production_run,PRUN_SID0011_MID0020_017
SMFEID2087,SID0011,MID0025,2025/04/21,production_consumption,-11,production_run,PRUN_SID0011_MID0025_017
SMFEID2088,SID0013,MID0016,2025/04/21,production_consumption,-42,production_run,PRUN_SID0013_MID0016_017
SMFEID2089,SID0013,MID0020,2025/04/21,production_consumption,-117,production_run,PRUN_SID0013_MID0020_017
SMFEID2090,SID0017,MID0004,2025/04/21,production_consumption,-32,production_run,PRUN_SID0017_MID0004_008
SMFEID2091,SID0018,MID0002,2025/04/21,production_consumption,-27,production_run,PRUN_SID0018_MID0002_004
SMFEID2092,SID0018,MID0007,2025/04/21,production_consumption,-33,production_run,PRUN_SID0018_MID0007_017
SMFEID2093,SID0018,MID0008,2025/04/21,external_receipt,146,order,OID0285
SMFEID2094,SID0018,MID0021,2025/04/21,production_consumption,-12,production_run,PRUN_SID0018_MID0021_008
SMFEID2095,SID0019,MID0010,2025/04/21,production_consumption,-26,production_run,PRUN_SID0019_MID0010_017
SMFEID2096,SID0019,MID0016,2025/04/21,production_consumption,-19,production_run,PRUN_SID0019_MID0016_017
SMFEID2097,SID0021,MID0005,2025/04/21,production_consumption,-5,production_run,PRUN_SID0021_MID0005_008
SMFEID2098,SID0021,MID0018,2025/04/21,production_consumption,-10,production_run,PRUN_SID0021_MID0018_008
SMFEID2099,SID0002,MID0001,2025/04/22,production_consumption,-26,production_run,PRUN_SID0002_MID0001_017
SMFEID2100,SID0004,MID0007,2025/04/22,production_consumption,-18,production_run,PRUN_SID0004_MID0007_017
SMFEID2101,SID0004,MID0020,2025/04/22,production_consumption,-11,production_run,PRUN_SID0004_MID0020_017
SMFEID2102,SID0006,MID0010,2025/04/22,external_receipt,172,order,OID0297
SMFEID2103,SID0006,MID0010,2025/04/22,production_consumption,-87,production_run,PRUN_SID0006_MID0010_017
SMFEID2104,SID0006,MID0020,2025/04/22,production_consumption,-31,production_run,PRUN_SID0006_MID0020_017
SMFEID2105,SID0007,MID0017,2025/04/22,production_consumption,-59,production_run,PRUN_SID0007_MID0017_017
SMFEID2106,SID0007,MID0020,2025/04/22,production_consumption,-172,production_run,PRUN_SID0007_MID0020_017
SMFEID2107,SID0008,MID0024,2025/04/22,production_consumption,-20,production_run,PRUN_SID0008_MID0024_004
SMFEID2108,SID0011,MID0001,2025/04/22,production_consumption,-60,production_run,PRUN_SID0011_MID0001_017
SMFEID2109,SID0011,MID0008,2025/04/22,production_consumption,-59,production_run,PRUN_SID0011_MID0008_017
SMFEID2110,SID0011,MID0020,2025/04/22,production_consumption,-48,production_run,PRUN_SID0011_MID0020_017
SMFEID2111,SID0011,MID0025,2025/04/22,production_consumption,-27,production_run,PRUN_SID0011_MID0025_017
SMFEID2112,SID0013,MID0016,2025/04/22,production_consumption,-51,production_run,PRUN_SID0013_MID0016_017
SMFEID2113,SID0013,MID0020,2025/04/22,production_consumption,-61,production_run,PRUN_SID0013_MID0020_017
SMFEID2114,SID0015,MID0020,2025/04/22,production_consumption,-219,production_run,PRUN_SID0015_MID0020_017
SMFEID2115,SID0017,MID0004,2025/04/22,production_consumption,-14,production_run,PRUN_SID0017_MID0004_008
SMFEID2116,SID0018,MID0002,2025/04/22,production_consumption,-3,production_run,PRUN_SID0018_MID0002_004
SMFEID2117,SID0018,MID0004,2025/04/22,external_receipt,1528,order,OID0272
SMFEID2118,SID0018,MID0004,2025/04/22,production_consumption,-24,production_run,PRUN_SID0018_MID0004_017
SMFEID2119,SID0018,MID0007,2025/04/22,production_consumption,-53,production_run,PRUN_SID0018_MID0007_017
SMFEID2120,SID0018,MID0020,2025/04/22,production_consumption,-153,production_run,PRUN_SID0018_MID0020_017
SMFEID2121,SID0018,MID0021,2025/04/22,production_consumption,-16,production_run,PRUN_SID0018_MID0021_008
SMFEID2122,SID0019,MID0010,2025/04/22,production_consumption,-16,production_run,PRUN_SID0019_MID0010_017
SMFEID2123,SID0019,MID0013,2025/04/22,production_consumption,-44,production_run,PRUN_SID0019_MID0013_008
SMFEID2124,SID0019,MID0016,2025/04/22,production_consumption,-47,production_run,PRUN_SID0019_MID0016_017
SMFEID2125,SID0021,MID0004,2025/04/22,external_receipt,177,order,OID0293
SMFEID2126,SID0021,MID0005,2025/04/22,production_consumption,-7,production_run,PRUN_SID0021_MID0005_008
SMFEID2127,SID0021,MID0018,2025/04/22,production_consumption,-18,production_run,PRUN_SID0021_MID0018_008
SMFEID2128,SID0002,MID0001,2025/04/23,production_consumption,-11,production_run,PRUN_SID0002_MID0001_017
SMFEID2129,SID0002,MID0020,2025/04/23,production_consumption,-1,production_run,PRUN_SID0002_MID0020_008
SMFEID2130,SID0002,MID0025,2025/04/23,production_consumption,-35,production_run,PRUN_SID0002_MID0025_017
SMFEID2131,SID0004,MID0007,2025/04/23,production_consumption,-43,production_run,PRUN_SID0004_MID0007_017
SMFEID2132,SID0004,MID0020,2025/04/23,production_consumption,-7,production_run,PRUN_SID0004_MID0020_017
SMFEID2133,SID0006,MID0010,2025/04/23,production_consumption,-54,production_run,PRUN_SID0006_MID0010_017
SMFEID2134,SID0006,MID0020,2025/04/23,production_consumption,-115,production_run,PRUN_SID0006_MID0020_017
SMFEID2135,SID0007,MID0017,2025/04/23,production_consumption,-97,production_run,PRUN_SID0007_MID0017_017
SMFEID2136,SID0007,MID0020,2025/04/23,production_consumption,-33,production_run,PRUN_SID0007_MID0020_017
SMFEID2137,SID0008,MID0022,2025/04/23,external_receipt,101,order,OID0274
SMFEID2138,SID0008,MID0024,2025/04/23,production_consumption,-9,production_run,PRUN_SID0008_MID0024_004
SMFEID2139,SID0011,MID0001,2025/04/23,external_receipt,110,order,OID0302
SMFEID2140,SID0011,MID0001,2025/04/23,production_consumption,-38,production_run,PRUN_SID0011_MID0001_017
SMFEID2141,SID0011,MID0007,2025/04/23,external_receipt,356,order,OID0298
SMFEID2142,SID0011,MID0007,2025/04/23,production_consumption,-19,production_run,PRUN_SID0011_MID0007_017
SMFEID2143,SID0011,MID0008,2025/04/23,production_consumption,-33,production_run,PRUN_SID0011_MID0008_017
SMFEID2144,SID0011,MID0020,2025/04/23,production_consumption,-76,production_run,PRUN_SID0011_MID0020_017
SMFEID2145,SID0011,MID0025,2025/04/23,production_consumption,-17,production_run,PRUN_SID0011_MID0025_017
SMFEID2146,SID0013,MID0016,2025/04/23,production_consumption,-2,production_run,PRUN_SID0013_MID0016_017
SMFEID2147,SID0013,MID0020,2025/04/23,production_consumption,-29,production_run,PRUN_SID0013_MID0020_017
SMFEID2148,SID0015,MID0007,2025/04/23,production_consumption,-13,production_run,PRUN_SID0015_MID0007_017
SMFEID2149,SID0015,MID0020,2025/04/23,production_consumption,-99,production_run,PRUN_SID0015_MID0020_017
SMFEID2150,SID0015,MID0025,2025/04/23,production_consumption,-24,production_run,PRUN_SID0015_MID0025_008
SMFEID2151,SID0017,MID0005,2025/04/23,external_receipt,19,order,OID0292
SMFEID2152,SID0018,MID0002,2025/04/23,production_consumption,-23,production_run,PRUN_SID0018_MID0002_004
SMFEID2153,SID0018,MID0004,2025/04/23,production_consumption,-127,production_run,PRUN_SID0018_MID0004_017
SMFEID2154,SID0018,MID0008,2025/04/23,production_consumption,-25,production_run,PRUN_SID0018_MID0008_008
SMFEID2155,SID0018,MID0020,2025/04/23,production_consumption,-175,production_run,PRUN_SID0018_MID0020_017
SMFEID2156,SID0018,MID0021,2025/04/23,production_consumption,-22,production_run,PRUN_SID0018_MID0021_008
SMFEID2157,SID0019,MID0010,2025/04/23,production_consumption,-27,production_run,PRUN_SID0019_MID0010_017
SMFEID2158,SID0019,MID0013,2025/04/23,production_consumption,-3,production_run,PRUN_SID0019_MID0013_008
SMFEID2159,SID0019,MID0015,2025/04/23,production_consumption,-21,production_run,PRUN_SID0019_MID0015_008
SMFEID2160,SID0019,MID0016,2025/04/23,production_consumption,-9,production_run,PRUN_SID0019_MID0016_017
SMFEID2161,SID0021,MID0004,2025/04/23,production_consumption,-42,production_run,PRUN_SID0021_MID0004_017
SMFEID2162,SID0002,MID0001,2025/04/24,production_consumption,-28,production_run,PRUN_SID0002_MID0001_017
SMFEID2163,SID0002,MID0020,2025/04/24,production_consumption,-19,production_run,PRUN_SID0002_MID0020_008
SMFEID2164,SID0002,MID0025,2025/04/24,external_receipt,182,order,OID0286
SMFEID2165,SID0002,MID0025,2025/04/24,production_consumption,-32,production_run,PRUN_SID0002_MID0025_017
SMFEID2166,SID0004,MID0020,2025/04/24,production_consumption,-25,production_run,PRUN_SID0004_MID0020_017
SMFEID2167,SID0006,MID0020,2025/04/24,production_consumption,-98,production_run,PRUN_SID0006_MID0020_017
SMFEID2168,SID0007,MID0017,2025/04/24,production_consumption,-116,production_run,PRUN_SID0007_MID0017_017
SMFEID2169,SID0007,MID0020,2025/04/24,production_consumption,-58,production_run,PRUN_SID0007_MID0020_017
SMFEID2170,SID0008,MID0024,2025/04/24,production_consumption,-13,production_run,PRUN_SID0008_MID0024_004
SMFEID2171,SID0011,MID0007,2025/04/24,production_consumption,-64,production_run,PRUN_SID0011_MID0007_017
SMFEID2172,SID0011,MID0008,2025/04/24,production_consumption,-58,production_run,PRUN_SID0011_MID0008_017
SMFEID2173,SID0011,MID0020,2025/04/24,production_consumption,-63,production_run,PRUN_SID0011_MID0020_017
SMFEID2174,SID0011,MID0025,2025/04/24,external_receipt,182,order,OID0294
SMFEID2175,SID0011,MID0025,2025/04/24,production_consumption,-18,production_run,PRUN_SID0011_MID0025_017
SMFEID2176,SID0013,MID0016,2025/04/24,production_consumption,-20,production_run,PRUN_SID0013_MID0016_017
SMFEID2177,SID0013,MID0020,2025/04/24,production_consumption,-45,production_run,PRUN_SID0013_MID0020_017
SMFEID2178,SID0015,MID0007,2025/04/24,production_consumption,-565,production_run,PRUN_SID0015_MID0007_017
SMFEID2179,SID0015,MID0025,2025/04/24,production_consumption,-3,production_run,PRUN_SID0015_MID0025_008
SMFEID2180,SID0018,MID0002,2025/04/24,production_consumption,-12,production_run,PRUN_SID0018_MID0002_004
SMFEID2181,SID0018,MID0004,2025/04/24,production_consumption,-181,production_run,PRUN_SID0018_MID0004_017
SMFEID2182,SID0018,MID0008,2025/04/24,production_consumption,-27,production_run,PRUN_SID0018_MID0008_008
SMFEID2183,SID0018,MID0020,2025/04/24,production_consumption,-118,production_run,PRUN_SID0018_MID0020_017
SMFEID2184,SID0018,MID0021,2025/04/24,production_consumption,-2,production_run,PRUN_SID0018_MID0021_008
SMFEID2185,SID0019,MID0010,2025/04/24,production_consumption,-29,production_run,PRUN_SID0019_MID0010_017
SMFEID2186,SID0019,MID0013,2025/04/24,production_consumption,-71,production_run,PRUN_SID0019_MID0013_008
SMFEID2187,SID0019,MID0015,2025/04/24,production_consumption,-14,production_run,PRUN_SID0019_MID0015_008
SMFEID2188,SID0019,MID0016,2025/04/24,production_consumption,-27,production_run,PRUN_SID0019_MID0016_017
SMFEID2189,SID0020,MID0014,2025/04/24,production_consumption,-19,production_run,PRUN_SID0020_MID0014_004
SMFEID2190,SID0021,MID0001,2025/04/24,production_consumption,-47,production_run,PRUN_SID0021_MID0001_017
SMFEID2191,SID0021,MID0004,2025/04/24,production_consumption,-81,production_run,PRUN_SID0021_MID0004_017
SMFEID2192,SID0002,MID0001,2025/04/25,production_consumption,-12,production_run,PRUN_SID0002_MID0001_017
SMFEID2193,SID0002,MID0020,2025/04/25,external_receipt,200,order,OID0278
SMFEID2194,SID0002,MID0020,2025/04/25,production_consumption,-29,production_run,PRUN_SID0002_MID0020_008
SMFEID2195,SID0002,MID0025,2025/04/25,production_consumption,-17,production_run,PRUN_SID0002_MID0025_017
SMFEID2196,SID0004,MID0020,2025/04/25,production_consumption,-17,production_run,PRUN_SID0004_MID0020_017
SMFEID2197,SID0006,MID0020,2025/04/25,production_consumption,-44,production_run,PRUN_SID0006_MID0020_017
SMFEID2198,SID0007,MID0020,2025/04/25,production_consumption,-148,production_run,PRUN_SID0007_MID0020_017
SMFEID2199,SID0011,MID0007,2025/04/25,production_consumption,-68,production_run,PRUN_SID0011_MID0007_017
SMFEID2200,SID0011,MID0008,2025/04/25,production_consumption,-73,production_run,PRUN_SID0011_MID0008_017
SMFEID2201,SID0011,MID0020,2025/04/25,production_consumption,-14,production_run,PRUN_SID0011_MID0020_017
SMFEID2202,SID0013,MID0016,2025/04/25,production_consumption,-20,production_run,PRUN_SID0013_MID0016_017
SMFEID2203,SID0015,MID0025,2025/04/25,production_consumption,-15,production_run,PRUN_SID0015_MID0025_008
SMFEID2204,SID0018,MID0002,2025/04/25,production_consumption,-5,production_run,PRUN_SID0018_MID0002_004
SMFEID2205,SID0018,MID0004,2025/04/25,production_consumption,-14,production_run,PRUN_SID0018_MID0004_017
SMFEID2206,SID0018,MID0008,2025/04/25,production_consumption,-21,production_run,PRUN_SID0018_MID0008_008
SMFEID2207,SID0018,MID0021,2025/04/25,production_consumption,-25,production_run,PRUN_SID0018_MID0021_008
SMFEID2208,SID0019,MID0010,2025/04/25,production_consumption,-35,production_run,PRUN_SID0019_MID0010_017
SMFEID2209,SID0019,MID0015,2025/04/25,production_consumption,-23,production_run,PRUN_SID0019_MID0015_008
SMFEID2210,SID0019,MID0016,2025/04/25,production_consumption,-57,production_run,PRUN_SID0019_MID0016_017
SMFEID2211,SID0020,MID0014,2025/04/25,production_consumption,-53,production_run,PRUN_SID0020_MID0014_004
SMFEID2212,SID0021,MID0001,2025/04/25,production_consumption,-55,production_run,PRUN_SID0021_MID0001_017
SMFEID2213,SID0021,MID0018,2025/04/26,external_receipt,61,order,OID0299
SMFEID2214,SID0007,MID0017,2025/04/27,external_receipt,897,order,OID0304
SMFEID2215,SID0011,MID0001,2025/04/27,external_receipt,219,order,OID0310
SMFEID2216,SID0018,MID0020,2025/04/27,external_receipt,1174,order,OID0279
SMFEID2217,SID0002,MID0001,2025/04/28,production_consumption,-17,production_run,PRUN_SID0002_MID0001_018
SMFEID2218,SID0002,MID0020,2025/04/28,production_consumption,-57,production_run,PRUN_SID0002_MID0020_008
SMFEID2219,SID0004,MID0020,2025/04/28,production_consumption,-22,production_run,PRUN_SID0004_MID0020_018
SMFEID2220,SID0006,MID0010,2025/04/28,production_consumption,-83,production_run,PRUN_SID0006_MID0010_018
SMFEID2221,SID0006,MID0020,2025/04/28,production_consumption,-53,production_run,PRUN_SID0006_MID0020_018
SMFEID2222,SID0007,MID0017,2025/04/28,production_consumption,-104,production_run,PRUN_SID0007_MID0017_018
SMFEID2223,SID0007,MID0020,2025/04/28,production_consumption,-62,production_run,PRUN_SID0007_MID0020_018
SMFEID2224,SID0011,MID0001,2025/04/28,production_consumption,-5,production_run,PRUN_SID0011_MID0001_018
SMFEID2225,SID0011,MID0007,2025/04/28,production_consumption,-36,production_run,PRUN_SID0011_MID0007_018
SMFEID2226,SID0011,MID0008,2025/04/28,production_consumption,-97,production_run,PRUN_SID0011_MID0008_018
SMFEID2227,SID0011,MID0025,2025/04/28,production_consumption,-34,production_run,PRUN_SID0011_MID0025_018
SMFEID2228,SID0013,MID0016,2025/04/28,production_consumption,-23,production_run,PRUN_SID0013_MID0016_018
SMFEID2229,SID0013,MID0020,2025/04/28,production_consumption,-58,production_run,PRUN_SID0013_MID0020_018
SMFEID2230,SID0015,MID0007,2025/04/28,production_consumption,-27,production_run,PRUN_SID0015_MID0007_018
SMFEID2231,SID0015,MID0020,2025/04/28,production_consumption,-103,production_run,PRUN_SID0015_MID0020_018
SMFEID2232,SID0015,MID0025,2025/04/28,production_consumption,-13,production_run,PRUN_SID0015_MID0025_008
SMFEID2233,SID0018,MID0004,2025/04/28,production_consumption,-97,production_run,PRUN_SID0018_MID0004_018
SMFEID2234,SID0018,MID0007,2025/04/28,production_consumption,-19,production_run,PRUN_SID0018_MID0007_018
SMFEID2235,SID0018,MID0008,2025/04/28,production_consumption,-28,production_run,PRUN_SID0018_MID0008_008
SMFEID2236,SID0018,MID0020,2025/04/28,production_consumption,-191,production_run,PRUN_SID0018_MID0020_018
SMFEID2237,SID0019,MID0010,2025/04/28,production_consumption,-24,production_run,PRUN_SID0019_MID0010_018
SMFEID2238,SID0019,MID0015,2025/04/28,production_consumption,-17,production_run,PRUN_SID0019_MID0015_008
SMFEID2239,SID0020,MID0014,2025/04/28,production_consumption,-3,production_run,PRUN_SID0020_MID0014_004
SMFEID2240,SID0021,MID0001,2025/04/28,production_consumption,-36,production_run,PRUN_SID0021_MID0001_018
SMFEID2241,SID0021,MID0004,2025/04/28,production_consumption,-15,production_run,PRUN_SID0021_MID0004_018
SMFEID2242,SID0002,MID0001,2025/04/29,production_consumption,-21,production_run,PRUN_SID0002_MID0001_018
SMFEID2243,SID0004,MID0020,2025/04/29,external_receipt,162,order,OID0318
SMFEID2244,SID0004,MID0020,2025/04/29,production_consumption,-15,production_run,PRUN_SID0004_MID0020_018
SMFEID2245,SID0006,MID0010,2025/04/29,external_receipt,172,order,OID0311
SMFEID2246,SID0006,MID0010,2025/04/29,production_consumption,-35,production_run,PRUN_SID0006_MID0010_018
SMFEID2247,SID0006,MID0020,2025/04/29,production_consumption,-8,production_run,PRUN_SID0006_MID0020_018
SMFEID2248,SID0007,MID0017,2025/04/29,production_consumption,-180,production_run,PRUN_SID0007_MID0017_018
SMFEID2249,SID0007,MID0020,2025/04/29,production_consumption,-148,production_run,PRUN_SID0007_MID0020_018
SMFEID2250,SID0011,MID0001,2025/04/29,production_consumption,-7,production_run,PRUN_SID0011_MID0001_018
SMFEID2251,SID0011,MID0007,2025/04/29,production_consumption,-38,production_run,PRUN_SID0011_MID0007_018
SMFEID2252,SID0011,MID0008,2025/04/29,production_consumption,-125,production_run,PRUN_SID0011_MID0008_018
SMFEID2253,SID0011,MID0025,2025/04/29,production_consumption,-28,production_run,PRUN_SID0011_MID0025_018
SMFEID2254,SID0013,MID0016,2025/04/29,production_consumption,-11,production_run,PRUN_SID0013_MID0016_018
SMFEID2255,SID0013,MID0020,2025/04/29,production_consumption,-24,production_run,PRUN_SID0013_MID0020_018
SMFEID2256,SID0015,MID0007,2025/04/29,production_consumption,-190,production_run,PRUN_SID0015_MID0007_018
SMFEID2257,SID0015,MID0020,2025/04/29,production_consumption,-138,production_run,PRUN_SID0015_MID0020_018
SMFEID2258,SID0015,MID0025,2025/04/29,production_consumption,-22,production_run,PRUN_SID0015_MID0025_008
SMFEID2259,SID0017,MID0001,2025/04/29,production_consumption,-39,production_run,PRUN_SID0017_MID0001_008
SMFEID2260,SID0018,MID0004,2025/04/29,production_consumption,-43,production_run,PRUN_SID0018_MID0004_018
SMFEID2261,SID0018,MID0007,2025/04/29,production_consumption,-33,production_run,PRUN_SID0018_MID0007_018
SMFEID2262,SID0018,MID0008,2025/04/29,production_consumption,-9,production_run,PRUN_SID0018_MID0008_008
SMFEID2263,SID0018,MID0020,2025/04/29,production_consumption,-256,production_run,PRUN_SID0018_MID0020_018
SMFEID2264,SID0019,MID0010,2025/04/29,production_consumption,-74,production_run,PRUN_SID0019_MID0010_018
SMFEID2265,SID0019,MID0015,2025/04/29,production_consumption,-24,production_run,PRUN_SID0019_MID0015_008
SMFEID2266,SID0020,MID0017,2025/04/29,production_consumption,-24,production_run,PRUN_SID0020_MID0017_008
SMFEID2267,SID0021,MID0001,2025/04/29,production_consumption,-3,production_run,PRUN_SID0021_MID0001_018
SMFEID2268,SID0021,MID0004,2025/04/29,external_receipt,177,order,OID0316
SMFEID2269,SID0021,MID0004,2025/04/29,production_consumption,-32,production_run,PRUN_SID0021_MID0004_018
SMFEID2270,SID0002,MID0001,2025/04/30,external_receipt,215,order,OID0300
SMFEID2271,SID0002,MID0001,2025/04/30,production_consumption,-34,production_run,PRUN_SID0002_MID0001_018
SMFEID2272,SID0002,MID0025,2025/04/30,production_consumption,-49,production_run,PRUN_SID0002_MID0025_018
SMFEID2273,SID0004,MID0007,2025/04/30,production_consumption,-101,production_run,PRUN_SID0004_MID0007_018
SMFEID2274,SID0004,MID0020,2025/04/30,production_consumption,-3,production_run,PRUN_SID0004_MID0020_018
SMFEID2275,SID0006,MID0010,2025/04/30,production_consumption,-31,production_run,PRUN_SID0006_MID0010_018
SMFEID2276,SID0006,MID0020,2025/04/30,production_consumption,-58,production_run,PRUN_SID0006_MID0020_018
SMFEID2277,SID0007,MID0017,2025/04/30,production_consumption,-148,production_run,PRUN_SID0007_MID0017_018
SMFEID2278,SID0007,MID0020,2025/04/30,production_consumption,-82,production_run,PRUN_SID0007_MID0020_018
SMFEID2279,SID0011,MID0001,2025/04/30,production_consumption,-84,production_run,PRUN_SID0011_MID0001_018
SMFEID2280,SID0011,MID0007,2025/04/30,production_consumption,-30,production_run,PRUN_SID0011_MID0007_018
SMFEID2281,SID0011,MID0008,2025/04/30,production_consumption,-104,production_run,PRUN_SID0011_MID0008_018
SMFEID2282,SID0011,MID0020,2025/04/30,production_consumption,-128,production_run,PRUN_SID0011_MID0020_018
SMFEID2283,SID0011,MID0025,2025/04/30,production_consumption,-7,production_run,PRUN_SID0011_MID0025_018
SMFEID2284,SID0013,MID0016,2025/04/30,production_consumption,-41,production_run,PRUN_SID0013_MID0016_018
SMFEID2285,SID0013,MID0020,2025/04/30,production_consumption,-79,production_run,PRUN_SID0013_MID0020_018
SMFEID2286,SID0015,MID0007,2025/04/30,production_consumption,-129,production_run,PRUN_SID0015_MID0007_018
SMFEID2287,SID0015,MID0020,2025/04/30,production_consumption,-103,production_run,PRUN_SID0015_MID0020_018
SMFEID2288,SID0017,MID0001,2025/04/30,production_consumption,-31,production_run,PRUN_SID0017_MID0001_008
SMFEID2289,SID0018,MID0004,2025/04/30,production_consumption,-89,production_run,PRUN_SID0018_MID0004_018
SMFEID2290,SID0018,MID0007,2025/04/30,production_consumption,-14,production_run,PRUN_SID0018_MID0007_018
SMFEID2291,SID0019,MID0010,2025/04/30,production_consumption,-37,production_run,PRUN_SID0019_MID0010_018
SMFEID2292,SID0019,MID0016,2025/04/30,production_consumption,-23,production_run,PRUN_SID0019_MID0016_018
SMFEID2293,SID0020,MID0017,2025/04/30,production_consumption,-96,production_run,PRUN_SID0020_MID0017_008
SMFEID2294,SID0021,MID0001,2025/04/30,production_consumption,-29,production_run,PRUN_SID0021_MID0001_018
SMFEID2295,SID0021,MID0004,2025/04/30,production_consumption,-80,production_run,PRUN_SID0021_MID0004_018
SMFEID2296,SID0002,MID0001,2025/05/01,production_consumption,-23,production_run,PRUN_SID0002_MID0001_018
SMFEID2297,SID0002,MID0020,2025/05/01,production_consumption,-35,production_run,PRUN_SID0002_MID0020_009
SMFEID2298,SID0002,MID0025,2025/05/01,production_consumption,-9,production_run,PRUN_SID0002_MID0025_018
SMFEID2299,SID0004,MID0007,2025/05/01,production_consumption,-36,production_run,PRUN_SID0004_MID0007_018
SMFEID2300,SID0004,MID0020,2025/05/01,production_consumption,-14,production_run,PRUN_SID0004_MID0020_018
SMFEID2301,SID0006,MID0010,2025/05/01,external_receipt,172,order,OID0312
SMFEID2302,SID0006,MID0020,2025/05/01,production_consumption,-126,production_run,PRUN_SID0006_MID0020_018
SMFEID2303,SID0007,MID0020,2025/05/01,production_consumption,-17,production_run,PRUN_SID0007_MID0020_018
SMFEID2304,SID0008,MID0012,2025/05/01,production_consumption,-8,production_run,PRUN_SID0008_MID0012_005
SMFEID2305,SID0008,MID0022,2025/05/01,production_consumption,-22,production_run,PRUN_SID0008_MID0022_009
SMFEID2306,SID0011,MID0007,2025/05/01,production_consumption,-18,production_run,PRUN_SID0011_MID0007_018
SMFEID2307,SID0011,MID0008,2025/05/01,production_consumption,-21,production_run,PRUN_SID0011_MID0008_018
SMFEID2308,SID0011,MID0020,2025/05/01,production_consumption,-129,production_run,PRUN_SID0011_MID0020_018
SMFEID2309,SID0011,MID0025,2025/05/01,production_consumption,-6,production_run,PRUN_SID0011_MID0025_018
SMFEID2310,SID0013,MID0016,2025/05/01,production_consumption,-40,production_run,PRUN_SID0013_MID0016_018
SMFEID2311,SID0013,MID0020,2025/05/01,production_consumption,-39,production_run,PRUN_SID0013_MID0020_018
SMFEID2312,SID0015,MID0007,2025/05/01,production_consumption,-205,production_run,PRUN_SID0015_MID0007_018
SMFEID2313,SID0018,MID0004,2025/05/01,production_consumption,-89,production_run,PRUN_SID0018_MID0004_018
SMFEID2314,SID0018,MID0007,2025/05/01,production_consumption,-15,production_run,PRUN_SID0018_MID0007_018
SMFEID2315,SID0018,MID0021,2025/05/01,external_receipt,255,order,OID0290
SMFEID2316,SID0019,MID0010,2025/05/01,external_receipt,396,order,OID0301
SMFEID2317,SID0019,MID0016,2025/05/01,production_consumption,-111,production_run,PRUN_SID0019_MID0016_018
SMFEID2318,SID0021,MID0001,2025/05/01,production_consumption,-34,production_run,PRUN_SID0021_MID0001_018
SMFEID2319,SID0002,MID0020,2025/05/02,production_consumption,-26,production_run,PRUN_SID0002_MID0020_009
SMFEID2320,SID0002,MID0025,2025/05/02,production_consumption,-26,production_run,PRUN_SID0002_MID0025_018
SMFEID2321,SID0004,MID0020,2025/05/02,production_consumption,-29,production_run,PRUN_SID0004_MID0020_018
SMFEID2322,SID0006,MID0020,2025/05/02,production_consumption,-45,production_run,PRUN_SID0006_MID0020_018
SMFEID2323,SID0007,MID0020,2025/05/02,production_consumption,-151,production_run,PRUN_SID0007_MID0020_018
SMFEID2324,SID0008,MID0012,2025/05/02,production_consumption,-13,production_run,PRUN_SID0008_MID0012_005
SMFEID2325,SID0008,MID0022,2025/05/02,production_consumption,-4,production_run,PRUN_SID0008_MID0022_009
SMFEID2326,SID0011,MID0007,2025/05/02,production_consumption,-27,production_run,PRUN_SID0011_MID0007_018
SMFEID2327,SID0011,MID0008,2025/05/02,production_consumption,-3,production_run,PRUN_SID0011_MID0008_018
SMFEID2328,SID0011,MID0020,2025/05/02,production_consumption,-91,production_run,PRUN_SID0011_MID0020_018
SMFEID2329,SID0013,MID0016,2025/05/02,production_consumption,-34,production_run,PRUN_SID0013_MID0016_018
SMFEID2330,SID0013,MID0020,2025/05/02,external_receipt,364,order,OID0306
SMFEID2331,SID0013,MID0020,2025/05/02,production_consumption,-74,production_run,PRUN_SID0013_MID0020_018
SMFEID2332,SID0015,MID0007,2025/05/02,production_consumption,-4,production_run,PRUN_SID0015_MID0007_018
SMFEID2333,SID0018,MID0004,2025/05/02,production_consumption,-7,production_run,PRUN_SID0018_MID0004_018
SMFEID2334,SID0019,MID0013,2025/05/02,production_consumption,-92,production_run,PRUN_SID0019_MID0013_009
SMFEID2335,SID0019,MID0016,2025/05/02,production_consumption,-15,production_run,PRUN_SID0019_MID0016_018
SMFEID2336,SID0021,MID0001,2025/05/02,production_consumption,-3,production_run,PRUN_SID0021_MID0001_018
SMFEID2337,SID0004,MID0007,2025/05/03,external_receipt,526,order,OID0295
SMFEID2338,SID0011,MID0008,2025/05/03,external_receipt,922,order,OID0305
SMFEID2339,SID0018,MID0008,2025/05/03,external_receipt,146,order,OID0317
SMFEID2340,SID0007,MID0017,2025/05/04,external_receipt,449,order,OID0328
SMFEID2341,SID0007,MID0020,2025/05/04,external_receipt,631,order,OID0307
SMFEID2342,SID0019,MID0015,2025/05/04,external_receipt,83,order,OID0319
SMFEID2343,SID0002,MID0020,2025/05/05,production_consumption,-24,production_run,PRUN_SID0002_MID0020_009
SMFEID2344,SID0002,MID0025,2025/05/05,production_consumption,-36,production_run,PRUN_SID0002_MID0025_019
SMFEID2345,SID0006,MID0010,2025/05/05,production_consumption,-102,production_run,PRUN_SID0006_MID0010_019
SMFEID2346,SID0006,MID0020,2025/05/05,production_consumption,-80,production_run,PRUN_SID0006_MID0020_019
SMFEID2347,SID0007,MID0017,2025/05/05,production_consumption,-143,production_run,PRUN_SID0007_MID0017_019
SMFEID2348,SID0007,MID0020,2025/05/05,production_consumption,-144,production_run,PRUN_SID0007_MID0020_019
SMFEID2349,SID0008,MID0012,2025/05/05,production_consumption,-5,production_run,PRUN_SID0008_MID0012_005
SMFEID2350,SID0008,MID0022,2025/05/05,production_consumption,-27,production_run,PRUN_SID0008_MID0022_009
SMFEID2351,SID0011,MID0007,2025/05/05,production_consumption,-26,production_run,PRUN_SID0011_MID0007_019
SMFEID2352,SID0011,MID0025,2025/05/05,production_consumption,-9,production_run,PRUN_SID0011_MID0025_019
SMFEID2353,SID0013,MID0020,2025/05/05,production_consumption,-58,production_run,PRUN_SID0013_MID0020_019
SMFEID2354,SID0015,MID0020,2025/05/05,production_consumption,-92,production_run,PRUN_SID0015_MID0020_019
SMFEID2355,SID0017,MID0001,2025/05/05,production_consumption,-33,production_run,PRUN_SID0017_MID0001_009
SMFEID2356,SID0018,MID0004,2025/05/05,production_consumption,-187,production_run,PRUN_SID0018_MID0004_019
SMFEID2357,SID0018,MID0007,2025/05/05,production_consumption,-15,production_run,PRUN_SID0018_MID0007_019
SMFEID2358,SID0018,MID0008,2025/05/05,production_consumption,-18,production_run,PRUN_SID0018_MID0008_009
SMFEID2359,SID0018,MID0020,2025/05/05,production_consumption,-121,production_run,PRUN_SID0018_MID0020_019
SMFEID2360,SID0019,MID0010,2025/05/05,production_consumption,-20,production_run,PRUN_SID0019_MID0010_019
SMFEID2361,SID0019,MID0013,2025/05/05,production_consumption,-22,production_run,PRUN_SID0019_MID0013_009
SMFEID2362,SID0019,MID0016,2025/05/05,external_receipt,679,order,OID0303
SMFEID2363,SID0002,MID0001,2025/05/06,production_consumption,-26,production_run,PRUN_SID0002_MID0001_019
SMFEID2364,SID0002,MID0020,2025/05/06,production_consumption,-12,production_run,PRUN_SID0002_MID0020_009
SMFEID2365,SID0002,MID0025,2025/05/06,production_consumption,-49,production_run,PRUN_SID0002_MID0025_019
SMFEID2366,SID0004,MID0007,2025/05/06,production_consumption,-38,production_run,PRUN_SID0004_MID0007_019
SMFEID2367,SID0006,MID0010,2025/05/06,production_consumption,-38,production_run,PRUN_SID0006_MID0010_019
SMFEID2368,SID0006,MID0020,2025/05/06,production_consumption,-166,production_run,PRUN_SID0006_MID0020_019
SMFEID2369,SID0007,MID0017,2025/05/06,production_consumption,-97,production_run,PRUN_SID0007_MID0017_019
SMFEID2370,SID0007,MID0020,2025/05/06,production_consumption,-81,production_run,PRUN_SID0007_MID0020_019
SMFEID2371,SID0008,MID0012,2025/05/06,production_consumption,-11,production_run,PRUN_SID0008_MID0012_005
SMFEID2372,SID0008,MID0022,2025/05/06,production_consumption,-10,production_run,PRUN_SID0008_MID0022_009
SMFEID2373,SID0011,MID0007,2025/05/06,production_consumption,-53,production_run,PRUN_SID0011_MID0007_019
SMFEID2374,SID0011,MID0025,2025/05/06,production_consumption,-22,production_run,PRUN_SID0011_MID0025_019
SMFEID2375,SID0013,MID0016,2025/05/06,production_consumption,-31,production_run,PRUN_SID0013_MID0016_019
SMFEID2376,SID0013,MID0020,2025/05/06,production_consumption,-102,production_run,PRUN_SID0013_MID0020_019
SMFEID2377,SID0015,MID0020,2025/05/06,production_consumption,-78,production_run,PRUN_SID0015_MID0020_019
SMFEID2378,SID0017,MID0001,2025/05/06,production_consumption,-33,production_run,PRUN_SID0017_MID0001_009
SMFEID2379,SID0018,MID0004,2025/05/06,production_consumption,-188,production_run,PRUN_SID0018_MID0004_019
SMFEID2380,SID0018,MID0007,2025/05/06,external_receipt,76,order,OID0313
SMFEID2381,SID0018,MID0007,2025/05/06,production_consumption,-9,production_run,PRUN_SID0018_MID0007_019
SMFEID2382,SID0018,MID0008,2025/05/06,production_consumption,-32,production_run,PRUN_SID0018_MID0008_009
SMFEID2383,SID0018,MID0020,2025/05/06,production_consumption,-109,production_run,PRUN_SID0018_MID0020_019
SMFEID2384,SID0019,MID0010,2025/05/06,production_consumption,-14,production_run,PRUN_SID0019_MID0010_019
SMFEID2385,SID0019,MID0015,2025/05/06,production_consumption,-35,production_run,PRUN_SID0019_MID0015_009
SMFEID2386,SID0021,MID0005,2025/05/06,production_consumption,-29,production_run,PRUN_SID0021_MID0005_009
SMFEID2387,SID0002,MID0001,2025/05/07,production_consumption,-10,production_run,PRUN_SID0002_MID0001_019
SMFEID2388,SID0002,MID0020,2025/05/07,production_consumption,-22,production_run,PRUN_SID0002_MID0020_009
SMFEID2389,SID0002,MID0025,2025/05/07,external_receipt,182,order,OID0320
SMFEID2390,SID0004,MID0007,2025/05/07,production_consumption,-20,production_run,PRUN_SID0004_MID0007_019
SMFEID2391,SID0006,MID0020,2025/05/07,production_consumption,-76,production_run,PRUN_SID0006_MID0020_019
SMFEID2392,SID0007,MID0017,2025/05/07,production_consumption,-116,production_run,PRUN_SID0007_MID0017_019
SMFEID2393,SID0007,MID0020,2025/05/07,production_consumption,-175,production_run,PRUN_SID0007_MID0020_019
SMFEID2394,SID0011,MID0001,2025/05/07,production_consumption,-16,production_run,PRUN_SID0011_MID0001_019
SMFEID2395,SID0011,MID0007,2025/05/07,production_consumption,-28,production_run,PRUN_SID0011_MID0007_019
SMFEID2396,SID0011,MID0020,2025/05/07,external_receipt,813,order,OID0329
SMFEID2397,SID0011,MID0020,2025/05/07,production_consumption,-124,production_run,PRUN_SID0011_MID0020_019
SMFEID2398,SID0011,MID0025,2025/05/07,production_consumption,-23,production_run,PRUN_SID0011_MID0025_019
SMFEID2399,SID0013,MID0016,2025/05/07,external_receipt,182,order,OID0322
SMFEID2400,SID0013,MID0016,2025/05/07,production_consumption,-80,production_run,PRUN_SID0013_MID0016_019
SMFEID2401,SID0013,MID0020,2025/05/07,external_receipt,364,order,OID0330
SMFEID2402,SID0013,MID0020,2025/05/07,production_consumption,-128,production_run,PRUN_SID0013_MID0020_019
SMFEID2403,SID0015,MID0007,2025/05/07,production_consumption,-50,production_run,PRUN_SID0015_MID0007_019
SMFEID2404,SID0015,MID0020,2025/05/07,production_consumption,-23,production_run,PRUN_SID0015_MID0020_019
SMFEID2405,SID0015,MID0025,2025/05/07,production_consumption,-13,production_run,PRUN_SID0015_MID0025_009
SMFEID2406,SID0017,MID0018,2025/05/07,production_consumption,-4,production_run,PRUN_SID0017_MID0018_005
SMFEID2407,SID0018,MID0007,2025/05/07,external_receipt,152,order,OID0314
SMFEID2408,SID0018,MID0007,2025/05/07,production_consumption,-56,production_run,PRUN_SID0018_MID0007_019
SMFEID2409,SID0018,MID0008,2025/05/07,production_consumption,-26,production_run,PRUN_SID0018_MID0008_009
SMFEID2410,SID0018,MID0020,2025/05/07,production_consumption,-68,production_run,PRUN_SID0018_MID0020_019
SMFEID2411,SID0019,MID0010,2025/05/07,production_consumption,-22,production_run,PRUN_SID0019_MID0010_019
SMFEID2412,SID0019,MID0015,2025/05/07,production_consumption,-63,production_run,PRUN_SID0019_MID0015_009
SMFEID2413,SID0020,MID0017,2025/05/07,production_consumption,-10,production_run,PRUN_SID0020_MID0017_009
SMFEID2414,SID0021,MID0005,2025/05/07,production_consumption,-16,production_run,PRUN_SID0021_MID0005_009
SMFEID2415,SID0002,MID0001,2025/05/08,production_consumption,-23,production_run,PRUN_SID0002_MID0001_019
SMFEID2416,SID0004,MID0007,2025/05/08,production_consumption,-1,production_run,PRUN_SID0004_MID0007_019
SMFEID2417,SID0004,MID0020,2025/05/08,production_consumption,-40,production_run,PRUN_SID0004_MID0020_019
SMFEID2418,SID0006,MID0020,2025/05/08,production_consumption,-14,production_run,PRUN_SID0006_MID0020_019
SMFEID2419,SID0007,MID0017,2025/05/08,production_consumption,-98,production_run,PRUN_SID0007_MID0017_019
SMFEID2420,SID0007,MID0020,2025/05/08,external_receipt,866,order,OID0326
SMFEID2421,SID0007,MID0020,2025/05/08,production_consumption,-82,production_run,PRUN_SID0007_MID0020_019
SMFEID2422,SID0011,MID0001,2025/05/08,production_consumption,-33,production_run,PRUN_SID0011_MID0001_019
SMFEID2423,SID0011,MID0007,2025/05/08,production_consumption,-12,production_run,PRUN_SID0011_MID0007_019
SMFEID2424,SID0011,MID0008,2025/05/08,production_consumption,-178,production_run,PRUN_SID0011_MID0008_019
SMFEID2425,SID0011,MID0020,2025/05/08,production_consumption,-292,production_run,PRUN_SID0011_MID0020_019
SMFEID2426,SID0011,MID0025,2025/05/08,production_consumption,-3,production_run,PRUN_SID0011_MID0025_019
SMFEID2427,SID0013,MID0016,2025/05/08,production_consumption,-34,production_run,PRUN_SID0013_MID0016_019
SMFEID2428,SID0015,MID0007,2025/05/08,production_consumption,-473,production_run,PRUN_SID0015_MID0007_019
SMFEID2429,SID0015,MID0020,2025/05/08,production_consumption,-103,production_run,PRUN_SID0015_MID0020_019
SMFEID2430,SID0015,MID0025,2025/05/08,production_consumption,-15,production_run,PRUN_SID0015_MID0025_009
SMFEID2431,SID0017,MID0004,2025/05/08,production_consumption,-35,production_run,PRUN_SID0017_MID0004_009
SMFEID2432,SID0017,MID0018,2025/05/08,production_consumption,-6,production_run,PRUN_SID0017_MID0018_005
SMFEID2433,SID0018,MID0008,2025/05/08,production_consumption,-14,production_run,PRUN_SID0018_MID0008_009
SMFEID2434,SID0018,MID0020,2025/05/08,production_consumption,-75,production_run,PRUN_SID0018_MID0020_019
SMFEID2435,SID0018,MID0021,2025/05/08,production_consumption,-26,production_run,PRUN_SID0018_MID0021_009
SMFEID2436,SID0019,MID0010,2025/05/08,production_consumption,-17,production_run,PRUN_SID0019_MID0010_019
SMFEID2437,SID0019,MID0016,2025/05/08,production_consumption,-76,production_run,PRUN_SID0019_MID0016_019
SMFEID2438,SID0020,MID0017,2025/05/08,production_consumption,-42,production_run,PRUN_SID0020_MID0017_009
SMFEID2439,SID0021,MID0001,2025/05/08,production_consumption,-28,production_run,PRUN_SID0021_MID0001_019
SMFEID2440,SID0021,MID0004,2025/05/08,production_consumption,-89,production_run,PRUN_SID0021_MID0004_019
SMFEID2441,SID0021,MID0005,2025/05/08,production_consumption,-23,production_run,PRUN_SID0021_MID0005_009
SMFEID2442,SID0002,MID0001,2025/05/09,production_consumption,-21,production_run,PRUN_SID0002_MID0001_019
SMFEID2443,SID0004,MID0007,2025/05/09,production_consumption,-75,production_run,PRUN_SID0004_MID0007_019
SMFEID2444,SID0004,MID0020,2025/05/09,production_consumption,-44,production_run,PRUN_SID0004_MID0020_019
SMFEID2445,SID0011,MID0001,2025/05/09,production_consumption,-40,production_run,PRUN_SID0011_MID0001_019
SMFEID2446,SID0011,MID0007,2025/05/09,production_consumption,-22,production_run,PRUN_SID0011_MID0007_019
SMFEID2447,SID0011,MID0008,2025/05/09,production_consumption,-163,production_run,PRUN_SID0011_MID0008_019
SMFEID2448,SID0011,MID0025,2025/05/09,production_consumption,-16,production_run,PRUN_SID0011_MID0025_019
SMFEID2449,SID0013,MID0016,2025/05/09,external_receipt,182,order,OID0323
SMFEID2450,SID0015,MID0020,2025/05/09,production_consumption,-24,production_run,PRUN_SID0015_MID0020_019
SMFEID2451,SID0015,MID0025,2025/05/09,production_consumption,-27,production_run,PRUN_SID0015_MID0025_009
SMFEID2452,SID0017,MID0004,2025/05/09,production_consumption,-13,production_run,PRUN_SID0017_MID0004_009
SMFEID2453,SID0017,MID0005,2025/05/09,production_consumption,-17,production_run,PRUN_SID0017_MID0005_005
SMFEID2454,SID0017,MID0018,2025/05/09,production_consumption,-4,production_run,PRUN_SID0017_MID0018_005
SMFEID2455,SID0018,MID0008,2025/05/09,production_consumption,-3,production_run,PRUN_SID0018_MID0008_009
SMFEID2456,SID0018,MID0020,2025/05/09,production_consumption,-45,production_run,PRUN_SID0018_MID0020_019
SMFEID2457,SID0018,MID0021,2025/05/09,production_consumption,-10,production_run,PRUN_SID0018_MID0021_009
SMFEID2458,SID0019,MID0010,2025/05/09,production_consumption,-66,production_run,PRUN_SID0019_MID0010_019
SMFEID2459,SID0019,MID0016,2025/05/09,production_consumption,-91,production_run,PRUN_SID0019_MID0016_019
SMFEID2460,SID0020,MID0017,2025/05/09,production_consumption,-42,production_run,PRUN_SID0020_MID0017_009
SMFEID2461,SID0021,MID0001,2025/05/09,production_consumption,-88,production_run,PRUN_SID0021_MID0001_019
SMFEID2462,SID0021,MID0004,2025/05/09,production_consumption,-62,production_run,PRUN_SID0021_MID0004_019
SMFEID2463,SID0021,MID0005,2025/05/09,production_consumption,-24,production_run,PRUN_SID0021_MID0005_009
SMFEID2464,SID0011,MID0025,2025/05/10,external_receipt,91,order,OID0333
SMFEID2465,SID0013,MID0020,2025/05/10,external_receipt,364,order,OID0342
SMFEID2466,SID0015,MID0025,2025/05/10,external_receipt,146,order,OID0315
SMFEID2467,SID0020,MID0017,2025/05/11,external_receipt,236,order,OID0308
SMFEID2468,SID0002,MID0001,2025/05/12,production_consumption,-50,production_run,PRUN_SID0002_MID0001_020
SMFEID2469,SID0002,MID0025,2025/05/12,production_consumption,-29,production_run,PRUN_SID0002_MID0025_020
SMFEID2470,SID0004,MID0020,2025/05/12,external_receipt,81,order,OID0347
SMFEID2471,SID0004,MID0020,2025/05/12,production_consumption,-20,production_run,PRUN_SID0004_MID0020_020
SMFEID2472,SID0006,MID0010,2025/05/12,external_receipt,172,order,OID0337
SMFEID2473,SID0006,MID0020,2025/05/12,production_consumption,-91,production_run,PRUN_SID0006_MID0020_020
SMFEID2474,SID0007,MID0017,2025/05/12,production_consumption,-111,production_run,PRUN_SID0007_MID0017_020
SMFEID2475,SID0011,MID0008,2025/05/12,production_consumption,-206,production_run,PRUN_SID0011_MID0008_020
SMFEID2476,SID0011,MID0020,2025/05/12,production_consumption,-50,production_run,PRUN_SID0011_MID0020_020
SMFEID2477,SID0013,MID0016,2025/05/12,production_consumption,-29,production_run,PRUN_SID0013_MID0016_020
SMFEID2478,SID0015,MID0020,2025/05/12,production_consumption,-46,production_run,PRUN_SID0015_MID0020_020
SMFEID2479,SID0015,MID0025,2025/05/12,production_consumption,-37,production_run,PRUN_SID0015_MID0025_009
SMFEID2480,SID0017,MID0004,2025/05/12,production_consumption,-21,production_run,PRUN_SID0017_MID0004_009
SMFEID2481,SID0017,MID0005,2025/05/12,production_consumption,-27,production_run,PRUN_SID0017_MID0005_005
SMFEID2482,SID0017,MID0018,2025/05/12,production_consumption,-8,production_run,PRUN_SID0017_MID0018_005
SMFEID2483,SID0018,MID0004,2025/05/12,production_consumption,-111,production_run,PRUN_SID0018_MID0004_020
SMFEID2484,SID0018,MID0007,2025/05/12,production_consumption,-11,production_run,PRUN_SID0018_MID0007_020
SMFEID2485,SID0018,MID0021,2025/05/12,production_consumption,-40,production_run,PRUN_SID0018_MID0021_009
SMFEID2486,SID0019,MID0010,2025/05/12,production_consumption,-22,production_run,PRUN_SID0019_MID0010_020
SMFEID2487,SID0019,MID0013,2025/05/12,external_receipt,142,order,OID0336
SMFEID2488,SID0019,MID0016,2025/05/12,production_consumption,-29,production_run,PRUN_SID0019_MID0016_020
SMFEID2489,SID0020,MID0017,2025/05/12,production_consumption,-30,production_run,PRUN_SID0020_MID0017_009
SMFEID2490,SID0021,MID0004,2025/05/12,external_receipt,177,order,OID0339
SMFEID2491,SID0021,MID0004,2025/05/12,production_consumption,-43,production_run,PRUN_SID0021_MID0004_020
SMFEID2492,SID0021,MID0005,2025/05/12,production_consumption,-18,production_run,PRUN_SID0021_MID0005_009
SMFEID2493,SID0002,MID0001,2025/05/13,production_consumption,-7,production_run,PRUN_SID0002_MID0001_020
SMFEID2494,SID0002,MID0025,2025/05/13,production_consumption,-9,production_run,PRUN_SID0002_MID0025_020
SMFEID2495,SID0004,MID0007,2025/05/13,production_consumption,-55,production_run,PRUN_SID0004_MID0007_020
SMFEID2496,SID0004,MID0020,2025/05/13,production_consumption,-22,production_run,PRUN_SID0004_MID0020_020
SMFEID2497,SID0006,MID0020,2025/05/13,production_consumption,-74,production_run,PRUN_SID0006_MID0020_020
SMFEID2498,SID0007,MID0017,2025/05/13,production_consumption,-69,production_run,PRUN_SID0007_MID0017_020
SMFEID2499,SID0007,MID0020,2025/05/13,production_consumption,-175,production_run,PRUN_SID0007_MID0020_020
SMFEID2500,SID0011,MID0001,2025/05/13,production_consumption,-14,production_run,PRUN_SID0011_MID0001_020
SMFEID2501,SID0011,MID0007,2025/05/13,production_consumption,-62,production_run,PRUN_SID0011_MID0007_020
SMFEID2502,SID0011,MID0008,2025/05/13,production_consumption,-157,production_run,PRUN_SID0011_MID0008_020
SMFEID2503,SID0011,MID0020,2025/05/13,production_consumption,-118,production_run,PRUN_SID0011_MID0020_020
SMFEID2504,SID0011,MID0025,2025/05/13,production_consumption,-66,production_run,PRUN_SID0011_MID0025_020
SMFEID2505,SID0013,MID0016,2025/05/13,production_consumption,-17,production_run,PRUN_SID0013_MID0016_020
SMFEID2506,SID0013,MID0020,2025/05/13,production_consumption,-8,production_run,PRUN_SID0013_MID0020_020
SMFEID2507,SID0015,MID0020,2025/05/13,production_consumption,-19,production_run,PRUN_SID0015_MID0020_020
SMFEID2508,SID0017,MID0001,2025/05/13,external_receipt,137,order,OID0324
SMFEID2509,SID0017,MID0005,2025/05/13,production_consumption,-5,production_run,PRUN_SID0017_MID0005_005
SMFEID2510,SID0017,MID0018,2025/05/13,production_consumption,-8,production_run,PRUN_SID0017_MID0018_005
SMFEID2511,SID0018,MID0004,2025/05/13,production_consumption,-7,production_run,PRUN_SID0018_MID0004_020
SMFEID2512,SID0018,MID0007,2025/05/13,production_consumption,-49,production_run,PRUN_SID0018_MID0007_020
SMFEID2513,SID0018,MID0020,2025/05/13,production_consumption,-106,production_run,PRUN_SID0018_MID0020_020
SMFEID2514,SID0019,MID0010,2025/05/13,production_consumption,-44,production_run,PRUN_SID0019_MID0010_020
SMFEID2515,SID0019,MID0015,2025/05/13,external_receipt,152,order,OID0343
SMFEID2516,SID0019,MID0016,2025/05/13,production_consumption,-26,production_run,PRUN_SID0019_MID0016_020
SMFEID2517,SID0020,MID0017,2025/05/13,production_consumption,-3,production_run,PRUN_SID0020_MID0017_009
SMFEID2518,SID0021,MID0001,2025/05/13,external_receipt,396,order,OID0309
SMFEID2519,SID0021,MID0001,2025/05/13,production_consumption,-26,production_run,PRUN_SID0021_MID0001_020
SMFEID2520,SID0021,MID0004,2025/05/13,production_consumption,-57,production_run,PRUN_SID0021_MID0004_020
SMFEID2521,SID0021,MID0018,2025/05/13,production_consumption,-27,production_run,PRUN_SID0021_MID0018_009
SMFEID2522,SID0002,MID0001,2025/05/14,production_consumption,-25,production_run,PRUN_SID0002_MID0001_020
SMFEID2523,SID0002,MID0025,2025/05/14,production_consumption,-28,production_run,PRUN_SID0002_MID0025_020
SMFEID2524,SID0004,MID0007,2025/05/14,production_consumption,-64,production_run,PRUN_SID0004_MID0007_020
SMFEID2525,SID0004,MID0020,2025/05/14,production_consumption,-20,production_run,PRUN_SID0004_MID0020_020
SMFEID2526,SID0006,MID0010,2025/05/14,production_consumption,-101,production_run,PRUN_SID0006_MID0010_020
SMFEID2527,SID0006,MID0020,2025/05/14,external_receipt,940,order,OID0331
SMFEID2528,SID0006,MID0020,2025/05/14,production_consumption,-61,production_run,PRUN_SID0006_MID0020_020
SMFEID2529,SID0007,MID0017,2025/05/14,production_consumption,-107,production_run,PRUN_SID0007_MID0017_020
SMFEID2530,SID0007,MID0020,2025/05/14,production_consumption,-173,production_run,PRUN_SID0007_MID0020_020
SMFEID2531,SID0011,MID0001,2025/05/14,production_consumption,-12,production_run,PRUN_SID0011_MID0001_020
SMFEID2532,SID0011,MID0007,2025/05/14,external_receipt,356,order,OID0338
SMFEID2533,SID0011,MID0007,2025/05/14,production_consumption,-76,production_run,PRUN_SID0011_MID0007_020
SMFEID2534,SID0011,MID0020,2025/05/14,production_consumption,-115,production_run,PRUN_SID0011_MID0020_020
SMFEID2535,SID0011,MID0025,2025/05/14,production_consumption,-16,production_run,PRUN_SID0011_MID0025_020
SMFEID2536,SID0013,MID0016,2025/05/14,production_consumption,-22,production_run,PRUN_SID0013_MID0016_020
SMFEID2537,SID0013,MID0020,2025/05/14,production_consumption,-113,production_run,PRUN_SID0013_MID0020_020
SMFEID2538,SID0015,MID0007,2025/05/14,production_consumption,-291,production_run,PRUN_SID0015_MID0007_020
SMFEID2539,SID0015,MID0020,2025/05/14,production_consumption,-108,production_run,PRUN_SID0015_MID0020_020
SMFEID2540,SID0017,MID0005,2025/05/14,production_consumption,-27,production_run,PRUN_SID0017_MID0005_005
SMFEID2541,SID0018,MID0004,2025/05/14,production_consumption,-124,production_run,PRUN_SID0018_MID0004_020
SMFEID2542,SID0018,MID0007,2025/05/14,production_consumption,-26,production_run,PRUN_SID0018_MID0007_020
SMFEID2543,SID0018,MID0020,2025/05/14,production_consumption,-189,production_run,PRUN_SID0018_MID0020_020
SMFEID2544,SID0019,MID0010,2025/05/14,production_consumption,-24,production_run,PRUN_SID0019_MID0010_020
SMFEID2545,SID0019,MID0016,2025/05/14,production_consumption,-39,production_run,PRUN_SID0019_MID0016_020
SMFEID2546,SID0021,MID0001,2025/05/14,production_consumption,-89,production_run,PRUN_SID0021_MID0001_020
SMFEID2547,SID0021,MID0004,2025/05/14,production_consumption,-32,production_run,PRUN_SID0021_MID0004_020
SMFEID2548,SID0021,MID0018,2025/05/14,production_consumption,-25,production_run,PRUN_SID0021_MID0018_009
SMFEID2549,SID0002,MID0025,2025/05/15,production_consumption,-21,production_run,PRUN_SID0002_MID0025_020
SMFEID2550,SID0004,MID0020,2025/05/15,production_consumption,-20,production_run,PRUN_SID0004_MID0020_020
SMFEID2551,SID0006,MID0010,2025/05/15,production_consumption,-57,production_run,PRUN_SID0006_MID0010_020
SMFEID2552,SID0006,MID0020,2025/05/15,production_consumption,-99,production_run,PRUN_SID0006_MID0020_020
SMFEID2553,SID0007,MID0017,2025/05/15,production_consumption,-103,production_run,PRUN_SID0007_MID0017_020
SMFEID2554,SID0007,MID0020,2025/05/15,production_consumption,-144,production_run,PRUN_SID0007_MID0020_020
SMFEID2555,SID0008,MID0024,2025/05/15,external_receipt,49,order,OID0334
SMFEID2556,SID0011,MID0001,2025/05/15,production_consumption,-34,production_run,PRUN_SID0011_MID0001_020
SMFEID2557,SID0011,MID0007,2025/05/15,production_consumption,-6,production_run,PRUN_SID0011_MID0007_020
SMFEID2558,SID0011,MID0020,2025/05/15,production_consumption,-104,production_run,PRUN_SID0011_MID0020_020
SMFEID2559,SID0013,MID0016,2025/05/15,production_consumption,-38,production_run,PRUN_SID0013_MID0016_020
SMFEID2560,SID0013,MID0020,2025/05/15,production_consumption,-138,production_run,PRUN_SID0013_MID0020_020
SMFEID2561,SID0015,MID0007,2025/05/15,production_consumption,-279,production_run,PRUN_SID0015_MID0007_020
SMFEID2562,SID0015,MID0020,2025/05/15,production_consumption,-35,production_run,PRUN_SID0015_MID0020_020
SMFEID2563,SID0017,MID0005,2025/05/15,production_consumption,-3,production_run,PRUN_SID0017_MID0005_005
SMFEID2564,SID0018,MID0004,2025/05/15,production_consumption,-61,production_run,PRUN_SID0018_MID0004_020
SMFEID2565,SID0018,MID0020,2025/05/15,production_consumption,-132,production_run,PRUN_SID0018_MID0020_020
SMFEID2566,SID0019,MID0010,2025/05/15,production_consumption,-33,production_run,PRUN_SID0019_MID0010_020
SMFEID2567,SID0019,MID0016,2025/05/15,production_consumption,-57,production_run,PRUN_SID0019_MID0016_020
SMFEID2568,SID0021,MID0004,2025/05/15,production_consumption,-1,production_run,PRUN_SID0021_MID0004_020
SMFEID2569,SID0008,MID0022,2025/05/16,production_consumption,-11,production_run,PRUN_SID0008_MID0022_010
SMFEID2570,SID0008,MID0023,2025/05/16,production_consumption,-7,production_run,PRUN_SID0008_MID0023_005
SMFEID2571,SID0011,MID0001,2025/05/16,production_consumption,-28,production_run,PRUN_SID0011_MID0001_020
SMFEID2572,SID0011,MID0020,2025/05/16,production_consumption,-31,production_run,PRUN_SID0011_MID0020_020
SMFEID2573,SID0013,MID0016,2025/05/16,production_consumption,-45,production_run,PRUN_SID0013_MID0016_020
SMFEID2574,SID0015,MID0007,2025/05/16,external_receipt,2291,order,OID0321
SMFEID2575,SID0015,MID0007,2025/05/16,production_consumption,-20,production_run,PRUN_SID0015_MID0007_020
SMFEID2576,SID0015,MID0020,2025/05/16,production_consumption,-108,production_run,PRUN_SID0015_MID0020_020
SMFEID2577,SID0018,MID0004,2025/05/16,production_consumption,-106,production_run,PRUN_SID0018_MID0004_020
SMFEID2578,SID0018,MID0020,2025/05/16,production_consumption,-14,production_run,PRUN_SID0018_MID0020_020
SMFEID2579,SID0002,MID0001,2025/05/17,external_receipt,223,order,OID0344
SMFEID2580,SID0011,MID0020,2025/05/17,external_receipt,813,order,OID0348
SMFEID2581,SID0021,MID0004,2025/05/17,external_receipt,177,order,OID0356
SMFEID2582,SID0021,MID0018,2025/05/17,external_receipt,91,order,OID0340
SMFEID2583,SID0011,MID0001,2025/05/18,external_receipt,110,order,OID0353
SMFEID2584,SID0018,MID0004,2025/05/18,external_receipt,1528,order,OID0325
SMFEID2585,SID0002,MID0025,2025/05/19,production_consumption,-27,production_run,PRUN_SID0002_MID0025_021
SMFEID2586,SID0006,MID0020,2025/05/19,production_consumption,-68,production_run,PRUN_SID0006_MID0020_021
SMFEID2587,SID0007,MID0017,2025/05/19,production_consumption,-34,production_run,PRUN_SID0007_MID0017_021
SMFEID2588,SID0007,MID0020,2025/05/19,production_consumption,-127,production_run,PRUN_SID0007_MID0020_021
SMFEID2589,SID0008,MID0022,2025/05/19,production_consumption,-7,production_run,PRUN_SID0008_MID0022_010
SMFEID2590,SID0008,MID0023,2025/05/19,production_consumption,-13,production_run,PRUN_SID0008_MID0023_005
SMFEID2591,SID0011,MID0007,2025/05/19,production_consumption,-65,production_run,PRUN_SID0011_MID0007_021
SMFEID2592,SID0011,MID0008,2025/05/19,production_consumption,-98,production_run,PRUN_SID0011_MID0008_021
SMFEID2593,SID0011,MID0025,2025/05/19,external_receipt,82,order,OID0354
SMFEID2594,SID0013,MID0016,2025/05/19,production_consumption,-47,production_run,PRUN_SID0013_MID0016_021
SMFEID2595,SID0015,MID0007,2025/05/19,production_consumption,-475,production_run,PRUN_SID0015_MID0007_021
SMFEID2596,SID0015,MID0020,2025/05/19,production_consumption,-144,production_run,PRUN_SID0015_MID0020_021
SMFEID2597,SID0017,MID0005,2025/05/19,external_receipt,37,order,OID0357
SMFEID2598,SID0018,MID0007,2025/05/19,production_consumption,-3,production_run,PRUN_SID0018_MID0007_021
SMFEID2599,SID0018,MID0020,2025/05/19,external_receipt,1212,order,OID0327
SMFEID2600,SID0018,MID0020,2025/05/19,production_consumption,-86,production_run,PRUN_SID0018_MID0020_021
SMFEID2601,SID0020,MID0003,2025/05/19,production_consumption,-23,production_run,PRUN_SID0020_MID0003_005
SMFEID2602,SID0020,MID0017,2025/05/19,external_receipt,255,order,OID0332
SMFEID2603,SID0021,MID0001,2025/05/19,production_consumption,-62,production_run,PRUN_SID0021_MID0001_021
SMFEID2604,SID0021,MID0004,2025/05/19,production_consumption,-29,production_run,PRUN_SID0021_MID0004_021
SMFEID2605,SID0002,MID0025,2025/05/20,production_consumption,-18,production_run,PRUN_SID0002_MID0025_021
SMFEID2606,SID0004,MID0007,2025/05/20,production_consumption,-30,production_run,PRUN_SID0004_MID0007_021
SMFEID2607,SID0004,MID0020,2025/05/20,production_consumption,-18,production_run,PRUN_SID0004_MID0020_021
SMFEID2608,SID0006,MID0010,2025/05/20,production_consumption,-88,production_run,PRUN_SID0006_MID0010_021
SMFEID2609,SID0006,MID0020,2025/05/20,production_consumption,-74,production_run,PRUN_SID0006_MID0020_021
SMFEID2610,SID0007,MID0017,2025/05/20,external_receipt,897,order,OID0358
SMFEID2611,SID0007,MID0017,2025/05/20,production_consumption,-110,production_run,PRUN_SID0007_MID0017_021
SMFEID2612,SID0007,MID0020,2025/05/20,production_consumption,-75,production_run,PRUN_SID0007_MID0020_021
SMFEID2613,SID0008,MID0022,2025/05/20,production_consumption,-31,production_run,PRUN_SID0008_MID0022_010
SMFEID2614,SID0008,MID0023,2025/05/20,production_consumption,-13,production_run,PRUN_SID0008_MID0023_005
SMFEID2615,SID0011,MID0001,2025/05/20,production_consumption,-75,production_run,PRUN_SID0011_MID0001_021
SMFEID2616,SID0011,MID0007,2025/05/20,production_consumption,-37,production_run,PRUN_SID0011_MID0007_021
SMFEID2617,SID0011,MID0008,2025/05/20,production_consumption,-2,production_run,PRUN_SID0011_MID0008_021
SMFEID2618,SID0011,MID0020,2025/05/20,production_consumption,-177,production_run,PRUN_SID0011_MID0020_021
SMFEID2619,SID0013,MID0016,2025/05/20,production_consumption,-49,production_run,PRUN_SID0013_MID0016_021
SMFEID2620,SID0013,MID0020,2025/05/20,production_consumption,-101,production_run,PRUN_SID0013_MID0020_021
SMFEID2621,SID0015,MID0007,2025/05/20,production_consumption,-124,production_run,PRUN_SID0015_MID0007_021
SMFEID2622,SID0015,MID0020,2025/05/20,production_consumption,-156,production_run,PRUN_SID0015_MID0020_021
SMFEID2623,SID0017,MID0004,2025/05/20,production_consumption,-16,production_run,PRUN_SID0017_MID0004_010
SMFEID2624,SID0018,MID0004,2025/05/20,production_consumption,-207,production_run,PRUN_SID0018_MID0004_021
SMFEID2625,SID0018,MID0007,2025/05/20,production_consumption,-19,production_run,PRUN_SID0018_MID0007_021
SMFEID2626,SID0018,MID0008,2025/05/20,production_consumption,-60,production_run,PRUN_SID0018_MID0008_010
SMFEID2627,SID0018,MID0020,2025/05/20,production_consumption,-96,production_run,PRUN_SID0018_MID0020_021
SMFEID2628,SID0019,MID0010,2025/05/20,production_consumption,-124,production_run,PRUN_SID0019_MID0010_021
SMFEID2629,SID0019,MID0016,2025/05/20,production_consumption,-36,production_run,PRUN_SID0019_MID0016_021
SMFEID2630,SID0020,MID0003,2025/05/20,production_consumption,-12,production_run,PRUN_SID0020_MID0003_005
SMFEID2631,SID0020,MID0017,2025/05/20,production_consumption,-27,production_run,PRUN_SID0020_MID0017_010
SMFEID2632,SID0021,MID0001,2025/05/20,production_consumption,-13,production_run,PRUN_SID0021_MID0001_021
SMFEID2633,SID0021,MID0004,2025/05/20,production_consumption,-20,production_run,PRUN_SID0021_MID0004_021
SMFEID2634,SID0002,MID0025,2025/05/21,production_consumption,-8,production_run,PRUN_SID0002_MID0025_021
SMFEID2635,SID0004,MID0007,2025/05/21,production_consumption,-19,production_run,PRUN_SID0004_MID0007_021
SMFEID2636,SID0004,MID0020,2025/05/21,external_receipt,81,order,OID0366
SMFEID2637,SID0004,MID0020,2025/05/21,production_consumption,-31,production_run,PRUN_SID0004_MID0020_021
SMFEID2638,SID0006,MID0010,2025/05/21,production_consumption,-6,production_run,PRUN_SID0006_MID0010_021
SMFEID2639,SID0006,MID0020,2025/05/21,production_consumption,-63,production_run,PRUN_SID0006_MID0020_021
SMFEID2640,SID0007,MID0017,2025/05/21,production_consumption,-15,production_run,PRUN_SID0007_MID0017_021
SMFEID2641,SID0007,MID0020,2025/05/21,production_consumption,-46,production_run,PRUN_SID0007_MID0020_021
SMFEID2642,SID0008,MID0022,2025/05/21,production_consumption,-3,production_run,PRUN_SID0008_MID0022_010
SMFEID2643,SID0011,MID0001,2025/05/21,production_consumption,-15,production_run,PRUN_SID0011_MID0001_021
SMFEID2644,SID0011,MID0007,2025/05/21,production_consumption,-21,production_run,PRUN_SID0011_MID0007_021
SMFEID2645,SID0011,MID0008,2025/05/21,external_receipt,1152,order,OID0349
SMFEID2646,SID0011,MID0008,2025/05/21,production_consumption,-53,production_run,PRUN_SID0011_MID0008_021
SMFEID2647,SID0011,MID0020,2025/05/21,production_consumption,-20,production_run,PRUN_SID0011_MID0020_021
SMFEID2648,SID0011,MID0025,2025/05/21,production_consumption,-49,production_run,PRUN_SID0011_MID0025_021
SMFEID2649,SID0013,MID0016,2025/05/21,production_consumption,-22,production_run,PRUN_SID0013_MID0016_021
SMFEID2650,SID0013,MID0020,2025/05/21,production_consumption,-186,production_run,PRUN_SID0013_MID0020_021
SMFEID2651,SID0015,MID0025,2025/05/21,production_consumption,-17,production_run,PRUN_SID0015_MID0025_010
SMFEID2652,SID0017,MID0004,2025/05/21,production_consumption,-35,production_run,PRUN_SID0017_MID0004_010
SMFEID2653,SID0017,MID0005,2025/05/21,external_receipt,37,order,OID0367
SMFEID2654,SID0018,MID0004,2025/05/21,production_consumption,-75,production_run,PRUN_SID0018_MID0004_021
SMFEID2655,SID0018,MID0007,2025/05/21,production_consumption,-19,production_run,PRUN_SID0018_MID0007_021
SMFEID2656,SID0018,MID0008,2025/05/21,production_consumption,-43,production_run,PRUN_SID0018_MID0008_010
SMFEID2657,SID0018,MID0020,2025/05/21,production_consumption,-98,production_run,PRUN_SID0018_MID0020_021
SMFEID2658,SID0019,MID0010,2025/05/21,production_consumption,-7,production_run,PRUN_SID0019_MID0010_021
SMFEID2659,SID0019,MID0016,2025/05/21,production_consumption,-62,production_run,PRUN_SID0019_MID0016_021
SMFEID2660,SID0020,MID0003,2025/05/21,production_consumption,-26,production_run,PRUN_SID0020_MID0003_005
SMFEID2661,SID0020,MID0014,2025/05/21,external_receipt,122,order,OID0335
SMFEID2662,SID0020,MID0017,2025/05/21,production_consumption,-113,production_run,PRUN_SID0020_MID0017_010
SMFEID2663,SID0021,MID0001,2025/05/21,production_consumption,-17,production_run,PRUN_SID0021_MID0001_021
SMFEID2664,SID0021,MID0004,2025/05/21,production_consumption,-37,production_run,PRUN_SID0021_MID0004_021
SMFEID2665,SID0021,MID0005,2025/05/21,production_consumption,-54,production_run,PRUN_SID0021_MID0005_010
SMFEID2666,SID0002,MID0001,2025/05/22,production_consumption,-40,production_run,PRUN_SID0002_MID0001_021
SMFEID2667,SID0002,MID0020,2025/05/22,production_consumption,-13,production_run,PRUN_SID0002_MID0020_010
SMFEID2668,SID0002,MID0025,2025/05/22,production_consumption,-19,production_run,PRUN_SID0002_MID0025_021
SMFEID2669,SID0004,MID0007,2025/05/22,production_consumption,-31,production_run,PRUN_SID0004_MID0007_021
SMFEID2670,SID0004,MID0020,2025/05/22,production_consumption,-22,production_run,PRUN_SID0004_MID0020_021
SMFEID2671,SID0006,MID0010,2025/05/22,external_receipt,172,order,OID0368
SMFEID2672,SID0006,MID0010,2025/05/22,production_consumption,-48,production_run,PRUN_SID0006_MID0010_021
SMFEID2673,SID0006,MID0020,2025/05/22,production_consumption,-19,production_run,PRUN_SID0006_MID0020_021
SMFEID2674,SID0007,MID0017,2025/05/22,production_consumption,-127,production_run,PRUN_SID0007_MID0017_021
SMFEID2675,SID0007,MID0020,2025/05/22,production_consumption,-95,production_run,PRUN_SID0007_MID0020_021
SMFEID2676,SID0011,MID0007,2025/05/22,production_consumption,-31,production_run,PRUN_SID0011_MID0007_021
SMFEID2677,SID0011,MID0008,2025/05/22,production_consumption,-84,production_run,PRUN_SID0011_MID0008_021
SMFEID2678,SID0011,MID0020,2025/05/22,production_consumption,-146,production_run,PRUN_SID0011_MID0020_021
SMFEID2679,SID0011,MID0025,2025/05/22,production_consumption,-27,production_run,PRUN_SID0011_MID0025_021
SMFEID2680,SID0013,MID0016,2025/05/22,production_consumption,-6,production_run,PRUN_SID0013_MID0016_021
SMFEID2681,SID0015,MID0025,2025/05/22,external_receipt,219,order,OID0345
SMFEID2682,SID0015,MID0025,2025/05/22,production_consumption,-26,production_run,PRUN_SID0015_MID0025_010
SMFEID2683,SID0017,MID0004,2025/05/22,production_consumption,-26,production_run,PRUN_SID0017_MID0004_010
SMFEID2684,SID0018,MID0004,2025/05/22,production_consumption,-114,production_run,PRUN_SID0018_MID0004_021
SMFEID2685,SID0018,MID0007,2025/05/22,external_receipt,76,order,OID0359
SMFEID2686,SID0018,MID0007,2025/05/22,production_consumption,-21,production_run,PRUN_SID0018_MID0007_021
SMFEID2687,SID0018,MID0020,2025/05/22,production_consumption,-25,production_run,PRUN_SID0018_MID0020_021
SMFEID2688,SID0019,MID0015,2025/05/22,production_consumption,-19,production_run,PRUN_SID0019_MID0015_010
SMFEID2689,SID0019,MID0016,2025/05/22,production_consumption,-36,production_run,PRUN_SID0019_MID0016_021
SMFEID2690,SID0020,MID0003,2025/05/22,production_consumption,-19,production_run,PRUN_SID0020_MID0003_005
SMFEID2691,SID0021,MID0001,2025/05/22,production_consumption,-28,production_run,PRUN_SID0021_MID0001_021
SMFEID2692,SID0021,MID0004,2025/05/22,production_consumption,-48,production_run,PRUN_SID0021_MID0004_021
SMFEID2693,SID0021,MID0005,2025/05/22,production_consumption,-51,production_run,PRUN_SID0021_MID0005_010
SMFEID2694,SID0002,MID0001,2025/05/23,production_consumption,-47,production_run,PRUN_SID0002_MID0001_021
SMFEID2695,SID0002,MID0020,2025/05/23,production_consumption,-33,production_run,PRUN_SID0002_MID0020_010
SMFEID2696,SID0004,MID0007,2025/05/23,production_consumption,-43,production_run,PRUN_SID0004_MID0007_021
SMFEID2697,SID0004,MID0020,2025/05/23,production_consumption,-3,production_run,PRUN_SID0004_MID0020_021
SMFEID2698,SID0006,MID0020,2025/05/23,production_consumption,-113,production_run,PRUN_SID0006_MID0020_021
SMFEID2699,SID0007,MID0017,2025/05/23,production_consumption,-108,production_run,PRUN_SID0007_MID0017_021
SMFEID2700,SID0007,MID0020,2025/05/23,production_consumption,-118,production_run,PRUN_SID0007_MID0020_021
SMFEID2701,SID0011,MID0007,2025/05/23,production_consumption,-14,production_run,PRUN_SID0011_MID0007_021
SMFEID2702,SID0011,MID0008,2025/05/23,production_consumption,-95,production_run,PRUN_SID0011_MID0008_021
SMFEID2703,SID0011,MID0020,2025/05/23,production_consumption,-40,production_run,PRUN_SID0011_MID0020_021
SMFEID2704,SID0013,MID0016,2025/05/23,production_consumption,-31,production_run,PRUN_SID0013_MID0016_021
SMFEID2705,SID0015,MID0025,2025/05/23,production_consumption,-28,production_run,PRUN_SID0015_MID0025_010
SMFEID2706,SID0018,MID0007,2025/05/23,production_consumption,-19,production_run,PRUN_SID0018_MID0007_021
SMFEID2707,SID0018,MID0020,2025/05/23,production_consumption,-141,production_run,PRUN_SID0018_MID0020_021
SMFEID2708,SID0018,MID0021,2025/05/23,production_consumption,-31,production_run,PRUN_SID0018_MID0021_010
SMFEID2709,SID0019,MID0013,2025/05/23,production_consumption,-80,production_run,PRUN_SID0019_MID0013_010
SMFEID2710,SID0019,MID0015,2025/05/23,production_consumption,-85,production_run,PRUN_SID0019_MID0015_010
SMFEID2711,SID0019,MID0016,2025/05/23,production_consumption,-11,production_run,PRUN_SID0019_MID0016_021
SMFEID2712,SID0020,MID0003,2025/05/23,production_consumption,-6,production_run,PRUN_SID0020_MID0003_005
SMFEID2713,SID0021,MID0004,2025/05/23,production_consumption,-3,production_run,PRUN_SID0021_MID0004_021
SMFEID2714,SID0021,MID0018,2025/05/23,production_consumption,-3,production_run,PRUN_SID0021_MID0018_010
SMFEID2715,SID0002,MID0020,2025/05/24,external_receipt,200,order,OID0346
SMFEID2716,SID0007,MID0020,2025/05/24,external_receipt,844,order,OID0360
SMFEID2717,SID0015,MID0020,2025/05/24,external_receipt,1253,order,OID0341
SMFEID2718,SID0019,MID0010,2025/05/24,external_receipt,396,order,OID0355
SMFEID2719,SID0021,MID0004,2025/05/24,external_receipt,177,order,OID0384
SMFEID2720,SID0002,MID0020,2025/05/26,production_consumption,-3,production_run,PRUN_SID0002_MID0020_010
SMFEID2721,SID0002,MID0025,2025/05/26,production_consumption,-5,production_run,PRUN_SID0002_MID0025_022
SMFEID2722,SID0004,MID0020,2025/05/26,production_consumption,-2,production_run,PRUN_SID0004_MID0020_022
SMFEID2723,SID0006,MID0020,2025/05/26,production_consumption,-88,production_run,PRUN_SID0006_MID0020_022
SMFEID2724,SID0007,MID0017,2025/05/26,production_consumption,-207,production_run,PRUN_SID0007_MID0017_022
SMFEID2725,SID0007,MID0020,2025/05/26,production_consumption,-94,production_run,PRUN_SID0007_MID0020_022
SMFEID2726,SID0011,MID0001,2025/05/26,production_consumption,-21,production_run,PRUN_SID0011_MID0001_022
SMFEID2727,SID0011,MID0007,2025/05/26,production_consumption,-57,production_run,PRUN_SID0011_MID0007_022
SMFEID2728,SID0011,MID0008,2025/05/26,production_consumption,-106,production_run,PRUN_SID0011_MID0008_022
SMFEID2729,SID0011,MID0025,2025/05/26,external_receipt,91,order,OID0374
SMFEID2730,SID0011,MID0025,2025/05/26,production_consumption,-9,production_run,PRUN_SID0011_MID0025_022
SMFEID2731,SID0013,MID0016,2025/05/26,production_consumption,-92,production_run,PRUN_SID0013_MID0016_022
SMFEID2732,SID0013,MID0020,2025/05/26,production_consumption,-82,production_run,PRUN_SID0013_MID0020_022
SMFEID2733,SID0015,MID0025,2025/05/26,production_consumption,-10,production_run,PRUN_SID0015_MID0025_010
SMFEID2734,SID0017,MID0001,2025/05/26,production_consumption,-21,production_run,PRUN_SID0017_MID0001_010
SMFEID2735,SID0017,MID0004,2025/05/26,external_receipt,243,order,OID0350
SMFEID2736,SID0018,MID0002,2025/05/26,production_consumption,-20,production_run,PRUN_SID0018_MID0002_005
SMFEID2737,SID0018,MID0004,2025/05/26,production_consumption,-70,production_run,PRUN_SID0018_MID0004_022
SMFEID2738,SID0018,MID0007,2025/05/26,external_receipt,76,order,OID0361
SMFEID2739,SID0018,MID0007,2025/05/26,production_consumption,-37,production_run,PRUN_SID0018_MID0007_022
SMFEID2740,SID0018,MID0021,2025/05/26,production_consumption,-31,production_run,PRUN_SID0018_MID0021_010
SMFEID2741,SID0019,MID0010,2025/05/26,production_consumption,-10,production_run,PRUN_SID0019_MID0010_022
SMFEID2742,SID0019,MID0013,2025/05/26,production_consumption,-15,production_run,PRUN_SID0019_MID0013_010
SMFEID2743,SID0020,MID0003,2025/05/26,production_consumption,-5,production_run,PRUN_SID0020_MID0003_005
SMFEID2744,SID0020,MID0011,2025/05/26,external_receipt,72,order,OID0351
SMFEID2745,SID0020,MID0014,2025/05/26,production_consumption,-6,production_run,PRUN_SID0020_MID0014_005
SMFEID2746,SID0021,MID0001,2025/05/26,production_consumption,-56,production_run,PRUN_SID0021_MID0001_022
SMFEID2747,SID0021,MID0018,2025/05/26,production_consumption,-43,production_run,PRUN_SID0021_MID0018_010
SMFEID2748,SID0002,MID0020,2025/05/27,production_consumption,-67,production_run,PRUN_SID0002_MID0020_010
SMFEID2749,SID0002,MID0025,2025/05/27,production_consumption,-16,production_run,PRUN_SID0002_MID0025_022
SMFEID2750,SID0004,MID0020,2025/05/27,production_consumption,-27,production_run,PRUN_SID0004_MID0020_022
SMFEID2751,SID0006,MID0020,2025/05/27,production_consumption,-27,production_run,PRUN_SID0006_MID0020_022
SMFEID2752,SID0007,MID0017,2025/05/27,production_consumption,-27,production_run,PRUN_SID0007_MID0017_022
SMFEID2753,SID0007,MID0020,2025/05/27,production_consumption,-110,production_run,PRUN_SID0007_MID0020_022
SMFEID2754,SID0008,MID0024,2025/05/27,production_consumption,-16,production_run,PRUN_SID0008_MID0024_005
SMFEID2755,SID0011,MID0001,2025/05/27,production_consumption,-16,production_run,PRUN_SID0011_MID0001_022
SMFEID2756,SID0011,MID0007,2025/05/27,external_receipt,329,order,OID0375
SMFEID2757,SID0011,MID0007,2025/05/27,production_consumption,-21,production_run,PRUN_SID0011_MID0007_022
SMFEID2758,SID0011,MID0008,2025/05/27,production_consumption,-111,production_run,PRUN_SID0011_MID0008_022
SMFEID2759,SID0011,MID0025,2025/05/27,production_consumption,-5,production_run,PRUN_SID0011_MID0025_022
SMFEID2760,SID0013,MID0016,2025/05/27,production_consumption,-23,production_run,PRUN_SID0013_MID0016_022
SMFEID2761,SID0013,MID0020,2025/05/27,production_consumption,-3,production_run,PRUN_SID0013_MID0020_022
SMFEID2762,SID0017,MID0001,2025/05/27,production_consumption,-45,production_run,PRUN_SID0017_MID0001_010
SMFEID2763,SID0018,MID0002,2025/05/27,production_consumption,-9,production_run,PRUN_SID0018_MID0002_005
SMFEID2764,SID0018,MID0004,2025/05/27,production_consumption,-299,production_run,PRUN_SID0018_MID0004_022
SMFEID2765,SID0018,MID0007,2025/05/27,production_consumption,-39,production_run,PRUN_SID0018_MID0007_022
SMFEID2766,SID0018,MID0020,2025/05/27,production_consumption,-34,production_run,PRUN_SID0018_MID0020_022
SMFEID2767,SID0018,MID0021,2025/05/27,production_consumption,-16,production_run,PRUN_SID0018_MID0021_010
SMFEID2768,SID0019,MID0010,2025/05/27,production_consumption,-8,production_run,PRUN_SID0019_MID0010_022
SMFEID2769,SID0020,MID0011,2025/05/27,production_consumption,-8,production_run,PRUN_SID0020_MID0011_005
SMFEID2770,SID0020,MID0014,2025/05/27,production_consumption,-16,production_run,PRUN_SID0020_MID0014_005
SMFEID2771,SID0021,MID0001,2025/05/27,production_consumption,-55,production_run,PRUN_SID0021_MID0001_022
SMFEID2772,SID0021,MID0004,2025/05/27,production_consumption,-8,production_run,PRUN_SID0021_MID0004_022
SMFEID2773,SID0002,MID0025,2025/05/28,production_consumption,-3,production_run,PRUN_SID0002_MID0025_022
SMFEID2774,SID0004,MID0007,2025/05/28,production_consumption,-12,production_run,PRUN_SID0004_MID0007_022
SMFEID2775,SID0004,MID0020,2025/05/28,production_consumption,-1,production_run,PRUN_SID0004_MID0020_022
SMFEID2776,SID0006,MID0010,2025/05/28,production_consumption,-77,production_run,PRUN_SID0006_MID0010_022
SMFEID2777,SID0006,MID0020,2025/05/28,production_consumption,-38,production_run,PRUN_SID0006_MID0020_022
SMFEID2778,SID0007,MID0017,2025/05/28,production_consumption,-103,production_run,PRUN_SID0007_MID0017_022
SMFEID2779,SID0007,MID0020,2025/05/28,production_consumption,-52,production_run,PRUN_SID0007_MID0020_022
SMFEID2780,SID0008,MID0024,2025/05/28,production_consumption,-5,production_run,PRUN_SID0008_MID0024_005
SMFEID2781,SID0011,MID0001,2025/05/28,production_consumption,-24,production_run,PRUN_SID0011_MID0001_022
SMFEID2782,SID0011,MID0007,2025/05/28,production_consumption,-61,production_run,PRUN_SID0011_MID0007_022
SMFEID2783,SID0011,MID0008,2025/05/28,production_consumption,-43,production_run,PRUN_SID0011_MID0008_022
SMFEID2784,SID0011,MID0020,2025/05/28,external_receipt,813,order,OID0389
SMFEID2785,SID0011,MID0025,2025/05/28,external_receipt,182,order,OID0385
SMFEID2786,SID0011,MID0025,2025/05/28,production_consumption,-5,production_run,PRUN_SID0011_MID0025_022
SMFEID2787,SID0013,MID0016,2025/05/28,production_consumption,-16,production_run,PRUN_SID0013_MID0016_022
SMFEID2788,SID0013,MID0020,2025/05/28,external_receipt,364,order,OID0379
SMFEID2789,SID0013,MID0020,2025/05/28,production_consumption,-138,production_run,PRUN_SID0013_MID0020_022
SMFEID2790,SID0015,MID0007,2025/05/28,production_consumption,-265,production_run,PRUN_SID0015_MID0007_022
SMFEID2791,SID0015,MID0020,2025/05/28,production_consumption,-159,production_run,PRUN_SID0015_MID0020_022
SMFEID2792,SID0018,MID0002,2025/05/28,production_consumption,-27,production_run,PRUN_SID0018_MID0002_005
SMFEID2793,SID0018,MID0020,2025/05/28,production_consumption,-101,production_run,PRUN_SID0018_MID0020_022
SMFEID2794,SID0018,MID0021,2025/05/28,production_consumption,-2,production_run,PRUN_SID0018_MID0021_010
SMFEID2795,SID0019,MID0010,2025/05/28,production_consumption,-33,production_run,PRUN_SID0019_MID0010_022
SMFEID2796,SID0019,MID0015,2025/05/28,external_receipt,61,order,OID0392
SMFEID2797,SID0019,MID0016,2025/05/28,production_consumption,-144,production_run,PRUN_SID0019_MID0016_022
SMFEID2798,SID0020,MID0011,2025/05/28,production_consumption,-9,production_run,PRUN_SID0020_MID0011_005
SMFEID2799,SID0020,MID0014,2025/05/28,production_consumption,-26,production_run,PRUN_SID0020_MID0014_005
SMFEID2800,SID0021,MID0001,2025/05/28,production_consumption,-2,production_run,PRUN_SID0021_MID0001_022
SMFEID2801,SID0021,MID0004,2025/05/28,production_consumption,-71,production_run,PRUN_SID0021_MID0004_022
SMFEID2802,SID0021,MID0005,2025/05/28,external_receipt,55,order,OID0362
SMFEID2803,SID0002,MID0001,2025/05/29,production_consumption,-56,production_run,PRUN_SID0002_MID0001_022
SMFEID2804,SID0002,MID0025,2025/05/29,external_receipt,182,order,OID0369
SMFEID2805,SID0002,MID0025,2025/05/29,production_consumption,-24,production_run,PRUN_SID0002_MID0025_022
SMFEID2806,SID0004,MID0007,2025/05/29,external_receipt,526,order,OID0364
SMFEID2807,SID0004,MID0007,2025/05/29,production_consumption,-118,production_run,PRUN_SID0004_MID0007_022
SMFEID2808,SID0004,MID0020,2025/05/29,production_consumption,-16,production_run,PRUN_SID0004_MID0020_022
SMFEID2809,SID0006,MID0010,2025/05/29,production_consumption,-73,production_run,PRUN_SID0006_MID0010_022
SMFEID2810,SID0006,MID0020,2025/05/29,production_consumption,-83,production_run,PRUN_SID0006_MID0020_022
SMFEID2811,SID0007,MID0017,2025/05/29,production_consumption,-65,production_run,PRUN_SID0007_MID0017_022
SMFEID2812,SID0007,MID0020,2025/05/29,production_consumption,-105,production_run,PRUN_SID0007_MID0020_022
SMFEID2813,SID0008,MID0024,2025/05/29,external_receipt,110,order,OID0365
SMFEID2814,SID0008,MID0024,2025/05/29,production_consumption,-32,production_run,PRUN_SID0008_MID0024_005
SMFEID2815,SID0011,MID0001,2025/05/29,production_consumption,-22,production_run,PRUN_SID0011_MID0001_022
SMFEID2816,SID0011,MID0007,2025/05/29,production_consumption,-3,production_run,PRUN_SID0011_MID0007_022
SMFEID2817,SID0011,MID0008,2025/05/29,production_consumption,-82,production_run,PRUN_SID0011_MID0008_022
SMFEID2818,SID0011,MID0020,2025/05/29,production_consumption,-199,production_run,PRUN_SID0011_MID0020_022
SMFEID2819,SID0011,MID0025,2025/05/29,production_consumption,-33,production_run,PRUN_SID0011_MID0025_022
SMFEID2820,SID0013,MID0016,2025/05/29,external_receipt,182,order,OID0370
SMFEID2821,SID0013,MID0016,2025/05/29,production_consumption,-4,production_run,PRUN_SID0013_MID0016_022
SMFEID2822,SID0013,MID0020,2025/05/29,production_consumption,-27,production_run,PRUN_SID0013_MID0020_022
SMFEID2823,SID0015,MID0007,2025/05/29,production_consumption,-116,production_run,PRUN_SID0015_MID0007_022
SMFEID2824,SID0015,MID0020,2025/05/29,production_consumption,-119,production_run,PRUN_SID0015_MID0020_022
SMFEID2825,SID0018,MID0002,2025/05/29,external_receipt,122,order,OID0352
SMFEID2826,SID0018,MID0002,2025/05/29,production_consumption,-6,production_run,PRUN_SID0018_MID0002_005
SMFEID2827,SID0018,MID0020,2025/05/29,production_consumption,-92,production_run,PRUN_SID0018_MID0020_022
SMFEID2828,SID0018,MID0021,2025/05/29,production_consumption,-1,production_run,PRUN_SID0018_MID0021_010
SMFEID2829,SID0019,MID0010,2025/05/29,production_consumption,-36,production_run,PRUN_SID0019_MID0010_022
SMFEID2830,SID0019,MID0016,2025/05/29,production_consumption,-16,production_run,PRUN_SID0019_MID0016_022
SMFEID2831,SID0020,MID0011,2025/05/29,production_consumption,-25,production_run,PRUN_SID0020_MID0011_005
SMFEID2832,SID0020,MID0014,2025/05/29,production_consumption,-25,production_run,PRUN_SID0020_MID0014_005
SMFEID2833,SID0021,MID0004,2025/05/29,production_consumption,-15,production_run,PRUN_SID0021_MID0004_022
SMFEID2834,SID0002,MID0001,2025/05/30,production_consumption,-42,production_run,PRUN_SID0002_MID0001_022
SMFEID2835,SID0002,MID0025,2025/05/30,production_consumption,-24,production_run,PRUN_SID0002_MID0025_022
SMFEID2836,SID0004,MID0020,2025/05/30,production_consumption,-27,production_run,PRUN_SID0004_MID0020_022
SMFEID2837,SID0006,MID0020,2025/05/30,production_consumption,-80,production_run,PRUN_SID0006_MID0020_022
SMFEID2838,SID0007,MID0017,2025/05/30,production_consumption,-41,production_run,PRUN_SID0007_MID0017_022
SMFEID2839,SID0007,MID0020,2025/05/30,production_consumption,-86,production_run,PRUN_SID0007_MID0020_022
SMFEID2840,SID0008,MID0024,2025/05/30,production_consumption,-23,production_run,PRUN_SID0008_MID0024_005
SMFEID2841,SID0011,MID0001,2025/05/30,external_receipt,219,order,OID0380
SMFEID2842,SID0011,MID0007,2025/05/30,production_consumption,-11,production_run,PRUN_SID0011_MID0007_022
SMFEID2843,SID0011,MID0020,2025/05/30,production_consumption,-168,production_run,PRUN_SID0011_MID0020_022
SMFEID2844,SID0011,MID0025,2025/05/30,production_consumption,-21,production_run,PRUN_SID0011_MID0025_022
SMFEID2845,SID0013,MID0016,2025/05/30,external_receipt,182,order,OID0371
SMFEID2846,SID0013,MID0017,2025/05/30,production_consumption,-7,production_run,PRUN_SID0013_MID0017_002
SMFEID2847,SID0013,MID0020,2025/05/30,production_consumption,-29,production_run,PRUN_SID0013_MID0020_022
SMFEID2848,SID0015,MID0007,2025/05/30,production_consumption,-225,production_run,PRUN_SID0015_MID0007_022
SMFEID2849,SID0015,MID0020,2025/05/30,production_consumption,-83,production_run,PRUN_SID0015_MID0020_022
SMFEID2850,SID0018,MID0002,2025/05/30,production_consumption,-5,production_run,PRUN_SID0018_MID0002_005
SMFEID2851,SID0018,MID0020,2025/05/30,production_consumption,-143,production_run,PRUN_SID0018_MID0020_022
SMFEID2852,SID0019,MID0010,2025/05/30,production_consumption,-40,production_run,PRUN_SID0019_MID0010_022
SMFEID2853,SID0020,MID0014,2025/05/30,production_consumption,-19,production_run,PRUN_SID0020_MID0014_005
SMFEID2854,SID0021,MID0004,2025/05/30,production_consumption,-41,production_run,PRUN_SID0021_MID0004_022
SMFEID2855,SID0021,MID0005,2025/05/30,external_receipt,164,order,OID0363
SMFEID2856,SID0006,MID0010,2025/05/31,external_receipt,172,order,OID0390
SMFEID2857,SID0008,MID0012,2025/06/01,external_receipt,36,order,OID0373
SMFEID2858,SID0008,MID0022,2025/06/01,external_receipt,41,order,OID0381
SMFEID2859,SID0002,MID0020,2025/06/02,production_consumption,-54,production_run,PRUN_SID0002_MID0020_011
SMFEID2860,SID0002,MID0025,2025/06/02,production_consumption,-34,production_run,PRUN_SID0002_MID0025_023
SMFEID2861,SID0004,MID0020,2025/06/02,external_receipt,162,order,OID0398
SMFEID2862,SID0006,MID0010,2025/06/02,production_consumption,-41,production_run,PRUN_SID0006_MID0010_023
SMFEID2863,SID0007,MID0017,2025/06/02,external_receipt,865,order,OID0399
SMFEID2864,SID0007,MID0017,2025/06/02,production_consumption,-37,production_run,PRUN_SID0007_MID0017_023
SMFEID2865,SID0007,MID0020,2025/06/02,production_consumption,-47,production_run,PRUN_SID0007_MID0020_023
SMFEID2866,SID0011,MID0001,2025/06/02,production_consumption,-36,production_run,PRUN_SID0011_MID0001_023
SMFEID2867,SID0011,MID0007,2025/06/02,production_consumption,-63,production_run,PRUN_SID0011_MID0007_023
SMFEID2868,SID0011,MID0008,2025/06/02,production_consumption,-104,production_run,PRUN_SID0011_MID0008_023
SMFEID2869,SID0011,MID0025,2025/06/02,production_consumption,-21,production_run,PRUN_SID0011_MID0025_023
SMFEID2870,SID0013,MID0016,2025/06/02,production_consumption,-3,production_run,PRUN_SID0013_MID0016_023
SMFEID2871,SID0013,MID0017,2025/06/02,production_consumption,-11,production_run,PRUN_SID0013_MID0017_002
SMFEID2872,SID0013,MID0020,2025/06/02,external_receipt,364,order,OID0404
SMFEID2873,SID0013,MID0020,2025/06/02,production_consumption,-58,production_run,PRUN_SID0013_MID0020_023
SMFEID2874,SID0015,MID0020,2025/06/02,production_consumption,-90,production_run,PRUN_SID0015_MID0020_023
SMFEID2875,SID0015,MID0025,2025/06/02,production_consumption,-11,production_run,PRUN_SID0015_MID0025_011
SMFEID2876,SID0018,MID0004,2025/06/02,production_consumption,-45,production_run,PRUN_SID0018_MID0004_023
SMFEID2877,SID0018,MID0008,2025/06/02,production_consumption,-11,production_run,PRUN_SID0018_MID0008_011
SMFEID2878,SID0019,MID0013,2025/06/02,production_consumption,-15,production_run,PRUN_SID0019_MID0013_011
SMFEID2879,SID0020,MID0003,2025/06/02,external_receipt,92,order,OID0376
SMFEID2880,SID0020,MID0017,2025/06/02,production_consumption,-54,production_run,PRUN_SID0020_MID0017_011
SMFEID2881,SID0021,MID0001,2025/06/02,production_consumption,-22,production_run,PRUN_SID0021_MID0001_023
SMFEID2882,SID0021,MID0018,2025/06/02,production_consumption,-10,production_run,PRUN_SID0021_MID0018_011
SMFEID2883,SID0002,MID0020,2025/06/03,production_consumption,-1,production_run,PRUN_SID0002_MID0020_011
SMFEID2884,SID0002,MID0025,2025/06/03,production_consumption,-24,production_run,PRUN_SID0002_MID0025_023
SMFEID2885,SID0004,MID0020,2025/06/03,production_consumption,-19,production_run,PRUN_SID0004_MID0020_023
SMFEID2886,SID0006,MID0010,2025/06/03,production_consumption,-27,production_run,PRUN_SID0006_MID0010_023
SMFEID2887,SID0006,MID0020,2025/06/03,external_receipt,940,order,OID0386
SMFEID2888,SID0006,MID0020,2025/06/03,production_consumption,-127,production_run,PRUN_SID0006_MID0020_023
SMFEID2889,SID0007,MID0017,2025/06/03,production_consumption,-14,production_run,PRUN_SID0007_MID0017_023
SMFEID2890,SID0007,MID0020,2025/06/03,production_consumption,-186,production_run,PRUN_SID0007_MID0020_023
SMFEID2891,SID0011,MID0001,2025/06/03,production_consumption,-34,production_run,PRUN_SID0011_MID0001_023
SMFEID2892,SID0011,MID0007,2025/06/03,production_consumption,-16,production_run,PRUN_SID0011_MID0007_023
SMFEID2893,SID0011,MID0008,2025/06/03,production_consumption,-100,production_run,PRUN_SID0011_MID0008_023
SMFEID2894,SID0011,MID0025,2025/06/03,production_consumption,-9,production_run,PRUN_SID0011_MID0025_023
SMFEID2895,SID0013,MID0016,2025/06/03,production_consumption,-28,production_run,PRUN_SID0013_MID0016_023
SMFEID2896,SID0013,MID0017,2025/06/03,production_consumption,-16,production_run,PRUN_SID0013_MID0017_002
SMFEID2897,SID0013,MID0020,2025/06/03,production_consumption,-99,production_run,PRUN_SID0013_MID0020_023
SMFEID2898,SID0015,MID0007,2025/06/03,production_consumption,-324,production_run,PRUN_SID0015_MID0007_023
SMFEID2899,SID0015,MID0020,2025/06/03,production_consumption,-31,production_run,PRUN_SID0015_MID0020_023
SMFEID2900,SID0015,MID0025,2025/06/03,production_consumption,-4,production_run,PRUN_SID0015_MID0025_011
SMFEID2901,SID0017,MID0001,2025/06/03,production_consumption,-40,production_run,PRUN_SID0017_MID0001_011
SMFEID2902,SID0018,MID0004,2025/06/03,production_consumption,-72,production_run,PRUN_SID0018_MID0004_023
SMFEID2903,SID0018,MID0008,2025/06/03,external_receipt,73,order,OID0387
SMFEID2904,SID0018,MID0008,2025/06/03,production_consumption,-75,production_run,PRUN_SID0018_MID0008_011
SMFEID2905,SID0019,MID0010,2025/06/03,production_consumption,-37,production_run,PRUN_SID0019_MID0010_023
SMFEID2906,SID0019,MID0013,2025/06/03,production_consumption,-18,production_run,PRUN_SID0019_MID0013_011
SMFEID2907,SID0019,MID0016,2025/06/03,production_consumption,-26,production_run,PRUN_SID0019_MID0016_023
SMFEID2908,SID0020,MID0003,2025/06/03,external_receipt,73,order,OID0377
SMFEID2909,SID0020,MID0017,2025/06/03,production_consumption,-20,production_run,PRUN_SID0020_MID0017_011
SMFEID2910,SID0021,MID0001,2025/06/03,production_consumption,-28,production_run,PRUN_SID0021_MID0001_023
SMFEID2911,SID0021,MID0004,2025/06/03,external_receipt,170,order,OID0402
SMFEID2912,SID0021,MID0004,2025/06/03,production_consumption,-30,production_run,PRUN_SID0021_MID0004_023
SMFEID2913,SID0021,MID0018,2025/06/03,production_consumption,-6,production_run,PRUN_SID0021_MID0018_011
SMFEID2914,SID0002,MID0001,2025/06/04,production_consumption,-43,production_run,PRUN_SID0002_MID0001_023
SMFEID2915,SID0002,MID0020,2025/06/04,production_consumption,-2,production_run,PRUN_SID0002_MID0020_011
SMFEID2916,SID0002,MID0025,2025/06/04,production_consumption,-5,production_run,PRUN_SID0002_MID0025_023
SMFEID2917,SID0004,MID0020,2025/06/04,production_consumption,-58,production_run,PRUN_SID0004_MID0020_023
SMFEID2918,SID0006,MID0010,2025/06/04,production_consumption,-3,production_run,PRUN_SID0006_MID0010_023
SMFEID2919,SID0006,MID0020,2025/06/04,production_consumption,-78,production_run,PRUN_SID0006_MID0020_023
SMFEID2920,SID0007,MID0017,2025/06/04,production_consumption,-114,production_run,PRUN_SID0007_MID0017_023
SMFEID2921,SID0007,MID0020,2025/06/04,production_consumption,-118,production_run,PRUN_SID0007_MID0020_023
SMFEID2922,SID0008,MID0022,2025/06/04,production_consumption,-40,production_run,PRUN_SID0008_MID0022_011
SMFEID2923,SID0011,MID0001,2025/06/04,production_consumption,-8,production_run,PRUN_SID0011_MID0001_023
SMFEID2924,SID0011,MID0007,2025/06/04,production_consumption,-74,production_run,PRUN_SID0011_MID0007_023
SMFEID2925,SID0011,MID0008,2025/06/04,production_consumption,-97,production_run,PRUN_SID0011_MID0008_023
SMFEID2926,SID0011,MID0025,2025/06/04,production_consumption,-10,production_run,PRUN_SID0011_MID0025_023
SMFEID2927,SID0013,MID0016,2025/06/04,production_consumption,-19,production_run,PRUN_SID0013_MID0016_023
SMFEID2928,SID0013,MID0017,2025/06/04,production_consumption,-5,production_run,PRUN_SID0013_MID0017_002
SMFEID2929,SID0013,MID0020,2025/06/04,production_consumption,-114,production_run,PRUN_SID0013_MID0020_023
SMFEID2930,SID0015,MID0007,2025/06/04,production_consumption,-254,production_run,PRUN_SID0015_MID0007_023
SMFEID2931,SID0015,MID0020,2025/06/04,production_consumption,-154,production_run,PRUN_SID0015_MID0020_023
SMFEID2932,SID0015,MID0025,2025/06/04,production_consumption,-3,production_run,PRUN_SID0015_MID0025_011
SMFEID2933,SID0017,MID0001,2025/06/04,production_consumption,-3,production_run,PRUN_SID0017_MID0001_011
SMFEID2934,SID0017,MID0004,2025/06/04,production_consumption,-33,production_run,PRUN_SID0017_MID0004_011
SMFEID2935,SID0017,MID0018,2025/06/04,production_consumption,-21,production_run,PRUN_SID0017_MID0018_006
SMFEID2936,SID0018,MID0004,2025/06/04,production_consumption,-69,production_run,PRUN_SID0018_MID0004_023
SMFEID2937,SID0018,MID0007,2025/06/04,external_receipt,145,order,OID0393
SMFEID2938,SID0018,MID0007,2025/06/04,production_consumption,-9,production_run,PRUN_SID0018_MID0007_023
SMFEID2939,SID0018,MID0020,2025/06/04,production_consumption,-25,production_run,PRUN_SID0018_MID0020_023
SMFEID2940,SID0019,MID0010,2025/06/04,production_consumption,-38,production_run,PRUN_SID0019_MID0010_023
SMFEID2941,SID0019,MID0013,2025/06/04,external_receipt,142,order,OID0394
SMFEID2942,SID0019,MID0013,2025/06/04,production_consumption,-10,production_run,PRUN_SID0019_MID0013_011
SMFEID2943,SID0019,MID0016,2025/06/04,production_consumption,-66,production_run,PRUN_SID0019_MID0016_023
SMFEID2944,SID0020,MID0011,2025/06/04,production_consumption,-6,production_run,PRUN_SID0020_MID0011_006
SMFEID2945,SID0020,MID0017,2025/06/04,production_consumption,-30,production_run,PRUN_SID0020_MID0017_011
SMFEID2946,SID0021,MID0001,2025/06/04,production_consumption,-37,production_run,PRUN_SID0021_MID0001_023
SMFEID2947,SID0021,MID0004,2025/06/04,production_consumption,-75,production_run,PRUN_SID0021_MID0004_023
SMFEID2948,SID0021,MID0018,2025/06/04,production_consumption,-7,production_run,PRUN_SID0021_MID0018_011
SMFEID2949,SID0002,MID0001,2025/06/05,external_receipt,223,order,OID0391
SMFEID2950,SID0002,MID0001,2025/06/05,production_consumption,-12,production_run,PRUN_SID0002_MID0001_023
SMFEID2951,SID0002,MID0020,2025/06/05,production_consumption,-53,production_run,PRUN_SID0002_MID0020_011
SMFEID2952,SID0002,MID0025,2025/06/05,production_consumption,-4,production_run,PRUN_SID0002_MID0025_023
SMFEID2953,SID0004,MID0007,2025/06/05,production_consumption,-55,production_run,PRUN_SID0004_MID0007_023
SMFEID2954,SID0006,MID0010,2025/06/05,external_receipt,172,order,OID0407
SMFEID2955,SID0006,MID0010,2025/06/05,production_consumption,-57,production_run,PRUN_SID0006_MID0010_023
SMFEID2956,SID0006,MID0020,2025/06/05,production_consumption,-9,production_run,PRUN_SID0006_MID0020_023
SMFEID2957,SID0007,MID0017,2025/06/05,production_consumption,-141,production_run,PRUN_SID0007_MID0017_023
SMFEID2958,SID0007,MID0020,2025/06/05,production_consumption,-155,production_run,PRUN_SID0007_MID0020_023
SMFEID2959,SID0008,MID0022,2025/06/05,production_consumption,-5,production_run,PRUN_SID0008_MID0022_011
SMFEID2960,SID0011,MID0001,2025/06/05,production_consumption,-7,production_run,PRUN_SID0011_MID0001_023
SMFEID2961,SID0011,MID0007,2025/06/05,production_consumption,-17,production_run,PRUN_SID0011_MID0007_023
SMFEID2962,SID0011,MID0008,2025/06/05,production_consumption,-34,production_run,PRUN_SID0011_MID0008_023
SMFEID2963,SID0011,MID0020,2025/06/05,production_consumption,-219,production_run,PRUN_SID0011_MID0020_023
SMFEID2964,SID0011,MID0025,2025/06/05,production_consumption,-26,production_run,PRUN_SID0011_MID0025_023
SMFEID2965,SID0013,MID0016,2025/06/05,production_consumption,-54,production_run,PRUN_SID0013_MID0016_023
SMFEID2966,SID0013,MID0017,2025/06/05,production_consumption,-2,production_run,PRUN_SID0013_MID0017_002
SMFEID2967,SID0015,MID0020,2025/06/05,production_consumption,-48,production_run,PRUN_SID0015_MID0020_023
SMFEID2968,SID0015,MID0025,2025/06/05,production_consumption,-66,production_run,PRUN_SID0015_MID0025_011
SMFEID2969,SID0017,MID0001,2025/06/05,production_consumption,-11,production_run,PRUN_SID0017_MID0001_011
SMFEID2970,SID0017,MID0004,2025/06/05,production_consumption,-35,production_run,PRUN_SID0017_MID0004_011
SMFEID2971,SID0017,MID0018,2025/06/05,production_consumption,-3,production_run,PRUN_SID0017_MID0018_006
SMFEID2972,SID0018,MID0002,2025/06/05,production_consumption,-20,production_run,PRUN_SID0018_MID0002_006
SMFEID2973,SID0018,MID0004,2025/06/05,production_consumption,-127,production_run,PRUN_SID0018_MID0004_023
SMFEID2974,SID0018,MID0007,2025/06/05,production_consumption,-63,production_run,PRUN_SID0018_MID0007_023
SMFEID2975,SID0018,MID0020,2025/06/05,production_consumption,-41,production_run,PRUN_SID0018_MID0020_023
SMFEID2976,SID0019,MID0010,2025/06/05,production_consumption,-6,production_run,PRUN_SID0019_MID0010_023
SMFEID2977,SID0019,MID0013,2025/06/05,production_consumption,-25,production_run,PRUN_SID0019_MID0013_011
SMFEID2978,SID0019,MID0015,2025/06/05,production_consumption,-102,production_run,PRUN_SID0019_MID0015_011
SMFEID2979,SID0019,MID0016,2025/06/05,production_consumption,-25,production_run,PRUN_SID0019_MID0016_023
SMFEID2980,SID0020,MID0011,2025/06/05,production_consumption,-6,production_run,PRUN_SID0020_MID0011_006
SMFEID2981,SID0020,MID0017,2025/06/05,production_consumption,-5,production_run,PRUN_SID0020_MID0017_011
SMFEID2982,SID0021,MID0001,2025/06/05,external_receipt,495,order,OID0372
SMFEID2983,SID0021,MID0001,2025/06/05,production_consumption,-26,production_run,PRUN_SID0021_MID0001_023
SMFEID2984,SID0021,MID0004,2025/06/05,production_consumption,-70,production_run,PRUN_SID0021_MID0004_023
SMFEID2985,SID0021,MID0005,2025/06/05,production_consumption,-14,production_run,PRUN_SID0021_MID0005_011
SMFEID2986,SID0021,MID0018,2025/06/05,production_consumption,-12,production_run,PRUN_SID0021_MID0018_011
SMFEID2987,SID0002,MID0001,2025/06/06,production_consumption,-36,production_run,PRUN_SID0002_MID0001_023
SMFEID2988,SID0004,MID0007,2025/06/06,production_consumption,-69,production_run,PRUN_SID0004_MID0007_023
SMFEID2989,SID0006,MID0010,2025/06/06,production_consumption,-23,production_run,PRUN_SID0006_MID0010_023
SMFEID2990,SID0006,MID0020,2025/06/06,production_consumption,-86,production_run,PRUN_SID0006_MID0020_023
SMFEID2991,SID0007,MID0017,2025/06/06,production_consumption,-127,production_run,PRUN_SID0007_MID0017_023
SMFEID2992,SID0007,MID0020,2025/06/06,external_receipt,946,order,OID0396
SMFEID2993,SID0008,MID0012,2025/06/06,production_consumption,-11,production_run,PRUN_SID0008_MID0012_006
SMFEID2994,SID0008,MID0022,2025/06/06,external_receipt,21,order,OID0382
SMFEID2995,SID0008,MID0024,2025/06/06,production_consumption,-8,production_run,PRUN_SID0008_MID0024_006
SMFEID2996,SID0011,MID0001,2025/06/06,production_consumption,-5,production_run,PRUN_SID0011_MID0001_023
SMFEID2997,SID0011,MID0007,2025/06/06,production_consumption,-1,production_run,PRUN_SID0011_MID0007_023
SMFEID2998,SID0011,MID0008,2025/06/06,production_consumption,-22,production_run,PRUN_SID0011_MID0008_023
SMFEID2999,SID0011,MID0020,2025/06/06,production_consumption,-255,production_run,PRUN_SID0011_MID0020_023
SMFEID3000,SID0011,MID0025,2025/06/06,production_consumption,-20,production_run,PRUN_SID0011_MID0025_023
SMFEID3001,SID0013,MID0016,2025/06/06,production_consumption,-43,production_run,PRUN_SID0013_MID0016_023
SMFEID3002,SID0013,MID0017,2025/06/06,production_consumption,-5,production_run,PRUN_SID0013_MID0017_002
SMFEID3003,SID0017,MID0001,2025/06/06,production_consumption,-2,production_run,PRUN_SID0017_MID0001_011
SMFEID3004,SID0017,MID0018,2025/06/06,production_consumption,-2,production_run,PRUN_SID0017_MID0018_006
SMFEID3005,SID0018,MID0002,2025/06/06,production_consumption,-27,production_run,PRUN_SID0018_MID0002_006
SMFEID3006,SID0018,MID0004,2025/06/06,production_consumption,-26,production_run,PRUN_SID0018_MID0004_023
SMFEID3007,SID0018,MID0007,2025/06/06,external_receipt,73,order,OID0395
SMFEID3008,SID0018,MID0007,2025/06/06,production_consumption,-28,production_run,PRUN_SID0018_MID0007_023
SMFEID3009,SID0018,MID0020,2025/06/06,production_consumption,-309,production_run,PRUN_SID0018_MID0020_023
SMFEID3010,SID0019,MID0010,2025/06/06,production_consumption,-44,production_run,PRUN_SID0019_MID0010_023
SMFEID3011,SID0019,MID0013,2025/06/06,production_consumption,-17,production_run,PRUN_SID0019_MID0013_011
SMFEID3012,SID0019,MID0015,2025/06/06,production_consumption,-7,production_run,PRUN_SID0019_MID0015_011
SMFEID3013,SID0019,MID0016,2025/06/06,production_consumption,-47,production_run,PRUN_SID0019_MID0016_023
SMFEID3014,SID0020,MID0011,2025/06/06,production_consumption,-15,production_run,PRUN_SID0020_MID0011_006
SMFEID3015,SID0020,MID0014,2025/06/06,production_consumption,-20,production_run,PRUN_SID0020_MID0014_006
SMFEID3016,SID0020,MID0017,2025/06/06,production_consumption,-18,production_run,PRUN_SID0020_MID0017_011
SMFEID3017,SID0021,MID0001,2025/06/06,production_consumption,-17,production_run,PRUN_SID0021_MID0001_023
SMFEID3018,SID0021,MID0005,2025/06/06,production_consumption,-14,production_run,PRUN_SID0021_MID0005_011
SMFEID3019,SID0021,MID0018,2025/06/06,production_consumption,-11,production_run,PRUN_SID0021_MID0018_011
SMFEID3020,SID0011,MID0007,2025/06/08,external_receipt,356,order,OID0412
SMFEID3021,SID0013,MID0016,2025/06/08,external_receipt,182,order,OID0408
SMFEID3022,SID0019,MID0016,2025/06/08,external_receipt,510,order,OID0383
SMFEID3023,SID0006,MID0010,2025/06/09,production_consumption,-75,production_run,PRUN_SID0006_MID0010_024
SMFEID3024,SID0006,MID0020,2025/06/09,production_consumption,-136,production_run,PRUN_SID0006_MID0020_024
SMFEID3025,SID0007,MID0017,2025/06/09,production_consumption,-75,production_run,PRUN_SID0007_MID0017_024
SMFEID3026,SID0007,MID0020,2025/06/09,production_consumption,-226,production_run,PRUN_SID0007_MID0020_024
SMFEID3027,SID0008,MID0012,2025/06/09,production_consumption,-1,production_run,PRUN_SID0008_MID0012_006
SMFEID3028,SID0008,MID0023,2025/06/09,external_receipt,33,order,OID0397
SMFEID3029,SID0008,MID0024,2025/06/09,production_consumption,-16,production_run,PRUN_SID0008_MID0024_006
SMFEID3030,SID0011,MID0001,2025/06/09,external_receipt,110,order,OID0421
SMFEID3031,SID0011,MID0007,2025/06/09,production_consumption,-42,production_run,PRUN_SID0011_MID0007_024
SMFEID3032,SID0013,MID0016,2025/06/09,external_receipt,182,order,OID0409
SMFEID3033,SID0013,MID0016,2025/06/09,production_consumption,-32,production_run,PRUN_SID0013_MID0016_024
SMFEID3034,SID0015,MID0007,2025/06/09,production_consumption,-188,production_run,PRUN_SID0015_MID0007_024
SMFEID3035,SID0015,MID0020,2025/06/09,production_consumption,-93,production_run,PRUN_SID0015_MID0020_024
SMFEID3036,SID0017,MID0005,2025/06/09,production_consumption,-5,production_run,PRUN_SID0017_MID0005_006
SMFEID3037,SID0018,MID0002,2025/06/09,production_consumption,-8,production_run,PRUN_SID0018_MID0002_006
SMFEID3038,SID0018,MID0004,2025/06/09,production_consumption,-16,production_run,PRUN_SID0018_MID0004_024
SMFEID3039,SID0018,MID0020,2025/06/09,external_receipt,1212,order,OID0378
SMFEID3040,SID0019,MID0010,2025/06/09,production_consumption,-5,production_run,PRUN_SID0019_MID0010_024
SMFEID3041,SID0020,MID0011,2025/06/09,production_consumption,-12,production_run,PRUN_SID0020_MID0011_006
SMFEID3042,SID0020,MID0014,2025/06/09,production_consumption,-20,production_run,PRUN_SID0020_MID0014_006
SMFEID3043,SID0021,MID0004,2025/06/09,production_consumption,-47,production_run,PRUN_SID0021_MID0004_024
SMFEID3044,SID0021,MID0005,2025/06/09,production_consumption,-16,production_run,PRUN_SID0021_MID0005_011
SMFEID3045,SID0021,MID0018,2025/06/09,external_receipt,61,order,OID0400
SMFEID3046,SID0002,MID0001,2025/06/10,production_consumption,-32,production_run,PRUN_SID0002_MID0001_024
SMFEID3047,SID0002,MID0025,2025/06/10,production_consumption,-6,production_run,PRUN_SID0002_MID0025_024
SMFEID3048,SID0004,MID0007,2025/06/10,production_consumption,-22,production_run,PRUN_SID0004_MID0007_024
SMFEID3049,SID0004,MID0020,2025/06/10,external_receipt,81,order,OID0416
SMFEID3050,SID0004,MID0020,2025/06/10,production_consumption,-16,production_run,PRUN_SID0004_MID0020_024
SMFEID3051,SID0006,MID0010,2025/06/10,production_consumption,-66,production_run,PRUN_SID0006_MID0010_024
SMFEID3052,SID0006,MID0020,2025/06/10,production_consumption,-115,production_run,PRUN_SID0006_MID0020_024
SMFEID3053,SID0007,MID0017,2025/06/10,production_consumption,-173,production_run,PRUN_SID0007_MID0017_024
SMFEID3054,SID0007,MID0020,2025/06/10,production_consumption,-128,production_run,PRUN_SID0007_MID0020_024
SMFEID3055,SID0008,MID0012,2025/06/10,production_consumption,-4,production_run,PRUN_SID0008_MID0012_006
SMFEID3056,SID0008,MID0024,2025/06/10,production_consumption,-20,production_run,PRUN_SID0008_MID0024_006
SMFEID3057,SID0011,MID0007,2025/06/10,production_consumption,-15,production_run,PRUN_SID0011_MID0007_024
SMFEID3058,SID0011,MID0008,2025/06/10,production_consumption,-209,production_run,PRUN_SID0011_MID0008_024
SMFEID3059,SID0011,MID0020,2025/06/10,production_consumption,-157,production_run,PRUN_SID0011_MID0020_024
SMFEID3060,SID0013,MID0016,2025/06/10,production_consumption,-33,production_run,PRUN_SID0013_MID0016_024
SMFEID3061,SID0015,MID0007,2025/06/10,production_consumption,-82,production_run,PRUN_SID0015_MID0007_024
SMFEID3062,SID0015,MID0020,2025/06/10,production_consumption,-118,production_run,PRUN_SID0015_MID0020_024
SMFEID3063,SID0017,MID0005,2025/06/10,production_consumption,-20,production_run,PRUN_SID0017_MID0005_006
SMFEID3064,SID0018,MID0002,2025/06/10,production_consumption,-8,production_run,PRUN_SID0018_MID0002_006
SMFEID3065,SID0018,MID0004,2025/06/10,production_consumption,-140,production_run,PRUN_SID0018_MID0004_024
SMFEID3066,SID0018,MID0007,2025/06/10,production_consumption,-32,production_run,PRUN_SID0018_MID0007_024
SMFEID3067,SID0019,MID0010,2025/06/10,production_consumption,-24,production_run,PRUN_SID0019_MID0010_024
SMFEID3068,SID0019,MID0015,2025/06/10,external_receipt,122,order,OID0422
SMFEID3069,SID0020,MID0014,2025/06/10,production_consumption,-13,production_run,PRUN_SID0020_MID0014_006
SMFEID3070,SID0021,MID0004,2025/06/10,production_consumption,-6,production_run,PRUN_SID0021_MID0004_024
SMFEID3071,SID0021,MID0005,2025/06/10,production_consumption,-48,production_run,PRUN_SID0021_MID0005_011
SMFEID3072,SID0002,MID0001,2025/06/11,production_consumption,-33,production_run,PRUN_SID0002_MID0001_024
SMFEID3073,SID0002,MID0025,2025/06/11,production_consumption,-28,production_run,PRUN_SID0002_MID0025_024
SMFEID3074,SID0004,MID0007,2025/06/11,production_consumption,-128,production_run,PRUN_SID0004_MID0007_024
SMFEID3075,SID0004,MID0020,2025/06/11,production_consumption,-22,production_run,PRUN_SID0004_MID0020_024
SMFEID3076,SID0006,MID0020,2025/06/11,production_consumption,-18,production_run,PRUN_SID0006_MID0020_024
SMFEID3077,SID0007,MID0017,2025/06/11,production_consumption,-177,production_run,PRUN_SID0007_MID0017_024
SMFEID3078,SID0007,MID0020,2025/06/11,production_consumption,-164,production_run,PRUN_SID0007_MID0020_024
SMFEID3079,SID0008,MID0012,2025/06/11,production_consumption,-1,production_run,PRUN_SID0008_MID0012_006
SMFEID3080,SID0008,MID0024,2025/06/11,production_consumption,-27,production_run,PRUN_SID0008_MID0024_006
SMFEID3081,SID0011,MID0001,2025/06/11,production_consumption,-35,production_run,PRUN_SID0011_MID0001_024
SMFEID3082,SID0011,MID0007,2025/06/11,production_consumption,-25,production_run,PRUN_SID0011_MID0007_024
SMFEID3083,SID0011,MID0008,2025/06/11,production_consumption,-21,production_run,PRUN_SID0011_MID0008_024
SMFEID3084,SID0011,MID0020,2025/06/11,production_consumption,-294,production_run,PRUN_SID0011_MID0020_024
SMFEID3085,SID0013,MID0016,2025/06/11,production_consumption,-27,production_run,PRUN_SID0013_MID0016_024
SMFEID3086,SID0013,MID0020,2025/06/11,production_consumption,-67,production_run,PRUN_SID0013_MID0020_024
SMFEID3087,SID0015,MID0007,2025/06/11,production_consumption,-215,production_run,PRUN_SID0015_MID0007_024
SMFEID3088,SID0015,MID0020,2025/06/11,production_consumption,-11,production_run,PRUN_SID0015_MID0020_024
SMFEID3089,SID0017,MID0005,2025/06/11,production_consumption,-6,production_run,PRUN_SID0017_MID0005_006
SMFEID3090,SID0018,MID0004,2025/06/11,production_consumption,-56,production_run,PRUN_SID0018_MID0004_024
SMFEID3091,SID0018,MID0007,2025/06/11,production_consumption,-20,production_run,PRUN_SID0018_MID0007_024
SMFEID3092,SID0018,MID0021,2025/06/11,production_consumption,-33,production_run,PRUN_SID0018_MID0021_011
SMFEID3093,SID0019,MID0010,2025/06/11,production_consumption,-29,production_run,PRUN_SID0019_MID0010_024
SMFEID3094,SID0020,MID0014,2025/06/11,production_consumption,-3,production_run,PRUN_SID0020_MID0014_006
SMFEID3095,SID0021,MID0004,2025/06/11,external_receipt,324,order,OID0417
SMFEID3096,SID0021,MID0004,2025/06/11,production_consumption,-25,production_run,PRUN_SID0021_MID0004_024
SMFEID3097,SID0002,MID0001,2025/06/12,production_consumption,-23,production_run,PRUN_SID0002_MID0001_024
SMFEID3098,SID0002,MID0025,2025/06/12,external_receipt,182,order,OID0410
SMFEID3099,SID0002,MID0025,2025/06/12,production_consumption,-35,production_run,PRUN_SID0002_MID0025_024
SMFEID3100,SID0004,MID0020,2025/06/12,production_consumption,-29,production_run,PRUN_SID0004_MID0020_024
SMFEID3101,SID0006,MID0020,2025/06/12,production_consumption,-51,production_run,PRUN_SID0006_MID0020_024
SMFEID3102,SID0008,MID0012,2025/06/12,production_consumption,-13,production_run,PRUN_SID0008_MID0012_006
SMFEID3103,SID0008,MID0024,2025/06/12,production_consumption,-6,production_run,PRUN_SID0008_MID0024_006
SMFEID3104,SID0011,MID0001,2025/06/12,production_consumption,-28,production_run,PRUN_SID0011_MID0001_024
SMFEID3105,SID0011,MID0007,2025/06/12,production_consumption,-35,production_run,PRUN_SID0011_MID0007_024
SMFEID3106,SID0011,MID0008,2025/06/12,production_consumption,-37,production_run,PRUN_SID0011_MID0008_024
SMFEID3107,SID0011,MID0020,2025/06/12,external_receipt,813,order,OID0423
SMFEID3108,SID0011,MID0025,2025/06/12,production_consumption,-28,production_run,PRUN_SID0011_MID0025_024
SMFEID3109,SID0013,MID0016,2025/06/12,production_consumption,-33,production_run,PRUN_SID0013_MID0016_024
SMFEID3110,SID0013,MID0020,2025/06/12,production_consumption,-132,production_run,PRUN_SID0013_MID0020_024
SMFEID3111,SID0015,MID0020,2025/06/12,production_consumption,-112,production_run,PRUN_SID0015_MID0020_024
SMFEID3112,SID0017,MID0005,2025/06/12,production_consumption,-4,production_run,PRUN_SID0017_MID0005_006
SMFEID3113,SID0018,MID0004,2025/06/12,production_consumption,-88,production_run,PRUN_SID0018_MID0004_024
SMFEID3114,SID0018,MID0007,2025/06/12,production_consumption,-7,production_run,PRUN_SID0018_MID0007_024
SMFEID3115,SID0018,MID0008,2025/06/12,external_receipt,146,order,OID0415
SMFEID3116,SID0018,MID0020,2025/06/12,production_consumption,-231,production_run,PRUN_SID0018_MID0020_024
SMFEID3117,SID0018,MID0021,2025/06/12,production_consumption,-6,production_run,PRUN_SID0018_MID0021_011
SMFEID3118,SID0019,MID0010,2025/06/12,production_consumption,-48,production_run,PRUN_SID0019_MID0010_024
SMFEID3119,SID0019,MID0016,2025/06/12,production_consumption,-90,production_run,PRUN_SID0019_MID0016_024
SMFEID3120,SID0020,MID0003,2025/06/12,production_consumption,-29,production_run,PRUN_SID0020_MID0003_006
SMFEID3121,SID0020,MID0014,2025/06/12,production_consumption,-25,production_run,PRUN_SID0020_MID0014_006
SMFEID3122,SID0021,MID0001,2025/06/12,production_consumption,-64,production_run,PRUN_SID0021_MID0001_024
SMFEID3123,SID0021,MID0004,2025/06/12,production_consumption,-41,production_run,PRUN_SID0021_MID0004_024
SMFEID3124,SID0002,MID0025,2025/06/13,production_consumption,-9,production_run,PRUN_SID0002_MID0025_024
SMFEID3125,SID0004,MID0020,2025/06/13,production_consumption,-15,production_run,PRUN_SID0004_MID0020_024
SMFEID3126,SID0008,MID0012,2025/06/13,production_consumption,-10,production_run,PRUN_SID0008_MID0012_006
SMFEID3127,SID0011,MID0001,2025/06/13,production_consumption,-29,production_run,PRUN_SID0011_MID0001_024
SMFEID3128,SID0011,MID0007,2025/06/13,production_consumption,-42,production_run,PRUN_SID0011_MID0007_024
SMFEID3129,SID0011,MID0008,2025/06/13,production_consumption,-108,production_run,PRUN_SID0011_MID0008_024
SMFEID3130,SID0011,MID0025,2025/06/13,production_consumption,-45,production_run,PRUN_SID0011_MID0025_024
SMFEID3131,SID0013,MID0016,2025/06/13,production_consumption,-27,production_run,PRUN_SID0013_MID0016_024
SMFEID3132,SID0013,MID0020,2025/06/13,production_consumption,-45,production_run,PRUN_SID0013_MID0020_024
SMFEID3133,SID0017,MID0005,2025/06/13,production_consumption,-15,production_run,PRUN_SID0017_MID0005_006
SMFEID3134,SID0018,MID0004,2025/06/13,production_consumption,-102,production_run,PRUN_SID0018_MID0004_024
SMFEID3135,SID0018,MID0007,2025/06/13,production_consumption,-28,production_run,PRUN_SID0018_MID0007_024
SMFEID3136,SID0018,MID0020,2025/06/13,production_consumption,-218,production_run,PRUN_SID0018_MID0020_024
SMFEID3137,SID0018,MID0021,2025/06/13,external_receipt,191,order,OID0388
SMFEID3138,SID0018,MID0021,2025/06/13,production_consumption,-32,production_run,PRUN_SID0018_MID0021_011
SMFEID3139,SID0019,MID0010,2025/06/13,production_consumption,-7,production_run,PRUN_SID0019_MID0010_024
SMFEID3140,SID0019,MID0016,2025/06/13,production_consumption,-71,production_run,PRUN_SID0019_MID0016_024
SMFEID3141,SID0020,MID0003,2025/06/13,production_consumption,-21,production_run,PRUN_SID0020_MID0003_006
SMFEID3142,SID0020,MID0014,2025/06/13,production_consumption,-4,production_run,PRUN_SID0020_MID0014_006
SMFEID3143,SID0021,MID0001,2025/06/13,production_consumption,-62,production_run,PRUN_SID0021_MID0001_024
SMFEID3144,SID0021,MID0004,2025/06/13,production_consumption,-39,production_run,PRUN_SID0021_MID0004_024
SMFEID3145,SID0017,MID0001,2025/06/14,external_receipt,137,order,OID0401
SMFEID3146,SID0007,MID0017,2025/06/15,external_receipt,897,order,OID0433
SMFEID3147,SID0008,MID0022,2025/06/15,external_receipt,21,order,OID0418
SMFEID3148,SID0011,MID0008,2025/06/15,external_receipt,890,order,OID0419
SMFEID3149,SID0011,MID0025,2025/06/15,external_receipt,182,order,OID0436
SMFEID3150,SID0019,MID0010,2025/06/15,external_receipt,297,order,OID0411
SMFEID3151,SID0002,MID0001,2025/06/16,production_consumption,-12,production_run,PRUN_SID0002_MID0001_025
SMFEID3152,SID0007,MID0020,2025/06/16,external_receipt,946,order,OID0424
SMFEID3153,SID0007,MID0020,2025/06/16,production_consumption,-149,production_run,PRUN_SID0007_MID0020_025
SMFEID3154,SID0008,MID0022,2025/06/16,external_receipt,61,order,OID0420
SMFEID3155,SID0011,MID0001,2025/06/16,production_consumption,-17,production_run,PRUN_SID0011_MID0001_025
SMFEID3156,SID0011,MID0007,2025/06/16,production_consumption,-3,production_run,PRUN_SID0011_MID0007_025
SMFEID3157,SID0011,MID0008,2025/06/16,production_consumption,-59,production_run,PRUN_SID0011_MID0008_025
SMFEID3158,SID0011,MID0020,2025/06/16,production_consumption,-27,production_run,PRUN_SID0011_MID0020_025
SMFEID3159,SID0013,MID0016,2025/06/16,production_consumption,-62,production_run,PRUN_SID0013_MID0016_025
SMFEID3160,SID0013,MID0020,2025/06/16,production_consumption,-99,production_run,PRUN_SID0013_MID0020_025
SMFEID3161,SID0015,MID0007,2025/06/16,production_consumption,-175,production_run,PRUN_SID0015_MID0007_025
SMFEID3162,SID0015,MID0020,2025/06/16,external_receipt,1253,order,OID0405
SMFEID3163,SID0015,MID0025,2025/06/16,production_consumption,-16,production_run,PRUN_SID0015_MID0025_012
SMFEID3164,SID0017,MID0005,2025/06/16,production_consumption,-14,production_run,PRUN_SID0017_MID0005_006
SMFEID3165,SID0018,MID0004,2025/06/16,production_consumption,-147,production_run,PRUN_SID0018_MID0004_025
SMFEID3166,SID0018,MID0007,2025/06/16,production_consumption,-22,production_run,PRUN_SID0018_MID0007_025
SMFEID3167,SID0018,MID0020,2025/06/16,production_consumption,-162,production_run,PRUN_SID0018_MID0020_025
SMFEID3168,SID0019,MID0016,2025/06/16,production_consumption,-41,production_run,PRUN_SID0019_MID0016_025
SMFEID3169,SID0020,MID0003,2025/06/16,production_consumption,-13,production_run,PRUN_SID0020_MID0003_006
SMFEID3170,SID0020,MID0014,2025/06/16,external_receipt,146,order,OID0403
SMFEID3171,SID0021,MID0001,2025/06/16,production_consumption,-21,production_run,PRUN_SID0021_MID0001_025
SMFEID3172,SID0002,MID0001,2025/06/17,production_consumption,-23,production_run,PRUN_SID0002_MID0001_025
SMFEID3173,SID0002,MID0025,2025/06/17,production_consumption,-16,production_run,PRUN_SID0002_MID0025_025
SMFEID3174,SID0004,MID0007,2025/06/17,production_consumption,-70,production_run,PRUN_SID0004_MID0007_025
SMFEID3175,SID0004,MID0020,2025/06/17,production_consumption,-22,production_run,PRUN_SID0004_MID0020_025
SMFEID3176,SID0006,MID0020,2025/06/17,production_consumption,-109,production_run,PRUN_SID0006_MID0020_025
SMFEID3177,SID0007,MID0020,2025/06/17,production_consumption,-151,production_run,PRUN_SID0007_MID0020_025
SMFEID3178,SID0011,MID0001,2025/06/17,production_consumption,-6,production_run,PRUN_SID0011_MID0001_025
SMFEID3179,SID0011,MID0007,2025/06/17,production_consumption,-169,production_run,PRUN_SID0011_MID0007_025
SMFEID3180,SID0011,MID0008,2025/06/17,production_consumption,-191,production_run,PRUN_SID0011_MID0008_025
SMFEID3181,SID0011,MID0020,2025/06/17,production_consumption,-107,production_run,PRUN_SID0011_MID0020_025
SMFEID3182,SID0011,MID0025,2025/06/17,production_consumption,-31,production_run,PRUN_SID0011_MID0025_025
SMFEID3183,SID0013,MID0016,2025/06/17,production_consumption,-31,production_run,PRUN_SID0013_MID0016_025
SMFEID3184,SID0013,MID0020,2025/06/17,external_receipt,364,order,OID0437
SMFEID3185,SID0013,MID0020,2025/06/17,production_consumption,-23,production_run,PRUN_SID0013_MID0020_025
SMFEID3186,SID0015,MID0007,2025/06/17,production_consumption,-364,production_run,PRUN_SID0015_MID0007_025
SMFEID3187,SID0015,MID0025,2025/06/17,production_consumption,-58,production_run,PRUN_SID0015_MID0025_012
SMFEID3188,SID0018,MID0004,2025/06/17,production_consumption,-206,production_run,PRUN_SID0018_MID0004_025
SMFEID3189,SID0018,MID0007,2025/06/17,external_receipt,76,order,OID0429
SMFEID3190,SID0018,MID0007,2025/06/17,production_consumption,-15,production_run,PRUN_SID0018_MID0007_025
SMFEID3191,SID0018,MID0020,2025/06/17,production_consumption,-101,production_run,PRUN_SID0018_MID0020_025
SMFEID3192,SID0019,MID0010,2025/06/17,production_consumption,-72,production_run,PRUN_SID0019_MID0010_025
SMFEID3193,SID0019,MID0016,2025/06/17,production_consumption,-19,production_run,PRUN_SID0019_MID0016_025
SMFEID3194,SID0020,MID0003,2025/06/17,production_consumption,-29,production_run,PRUN_SID0020_MID0003_006
SMFEID3195,SID0021,MID0001,2025/06/17,production_consumption,-25,production_run,PRUN_SID0021_MID0001_025
SMFEID3196,SID0002,MID0001,2025/06/18,production_consumption,-18,production_run,PRUN_SID0002_MID0001_025
SMFEID3197,SID0002,MID0020,2025/06/18,production_consumption,-35,production_run,PRUN_SID0002_MID0020_012
SMFEID3198,SID0002,MID0025,2025/06/18,production_consumption,-8,production_run,PRUN_SID0002_MID0025_025
SMFEID3199,SID0004,MID0007,2025/06/18,production_consumption,-81,production_run,PRUN_SID0004_MID0007_025
SMFEID3200,SID0004,MID0020,2025/06/18,production_consumption,-18,production_run,PRUN_SID0004_MID0020_025
SMFEID3201,SID0006,MID0010,2025/06/18,production_consumption,-89,production_run,PRUN_SID0006_MID0010_025
SMFEID3202,SID0006,MID0020,2025/06/18,production_consumption,-12,production_run,PRUN_SID0006_MID0020_025
SMFEID3203,SID0007,MID0020,2025/06/18,production_consumption,-58,production_run,PRUN_SID0007_MID0020_025
SMFEID3204,SID0008,MID0023,2025/06/18,production_consumption,-13,production_run,PRUN_SID0008_MID0023_006
SMFEID3205,SID0011,MID0001,2025/06/18,production_consumption,-19,production_run,PRUN_SID0011_MID0001_025
SMFEID3206,SID0011,MID0008,2025/06/18,production_consumption,-67,production_run,PRUN_SID0011_MID0008_025
SMFEID3207,SID0011,MID0020,2025/06/18,production_consumption,-132,production_run,PRUN_SID0011_MID0020_025
SMFEID3208,SID0011,MID0025,2025/06/18,production_consumption,-58,production_run,PRUN_SID0011_MID0025_025
SMFEID3209,SID0013,MID0016,2025/06/18,production_consumption,-47,production_run,PRUN_SID0013_MID0016_025
SMFEID3210,SID0013,MID0020,2025/06/18,production_consumption,-97,production_run,PRUN_SID0013_MID0020_025
SMFEID3211,SID0015,MID0025,2025/06/18,production_consumption,-8,production_run,PRUN_SID0015_MID0025_012
SMFEID3212,SID0018,MID0007,2025/06/18,production_consumption,-15,production_run,PRUN_SID0018_MID0007_025
SMFEID3213,SID0018,MID0008,2025/06/18,production_consumption,-20,production_run,PRUN_SID0018_MID0008_012
SMFEID3214,SID0018,MID0020,2025/06/18,production_consumption,-152,production_run,PRUN_SID0018_MID0020_025
SMFEID3215,SID0019,MID0010,2025/06/18,production_consumption,-5,production_run,PRUN_SID0019_MID0010_025
SMFEID3216,SID0019,MID0016,2025/06/18,production_consumption,-46,production_run,PRUN_SID0019_MID0016_025
SMFEID3217,SID0020,MID0017,2025/06/18,production_consumption,-51,production_run,PRUN_SID0020_MID0017_012
SMFEID3218,SID0021,MID0001,2025/06/18,production_consumption,-8,production_run,PRUN_SID0021_MID0001_025
SMFEID3219,SID0002,MID0001,2025/06/19,production_consumption,-17,production_run,PRUN_SID0002_MID0001_025
SMFEID3220,SID0002,MID0020,2025/06/19,production_consumption,-24,production_run,PRUN_SID0002_MID0020_012
SMFEID3221,SID0002,MID0025,2025/06/19,production_consumption,-41,production_run,PRUN_SID0002_MID0025_025
SMFEID3222,SID0004,MID0020,2025/06/19,production_consumption,-13,production_run,PRUN_SID0004_MID0020_025
SMFEID3223,SID0006,MID0010,2025/06/19,production_consumption,-46,production_run,PRUN_SID0006_MID0010_025
SMFEID3224,SID0006,MID0020,2025/06/19,production_consumption,-104,production_run,PRUN_SID0006_MID0020_025
SMFEID3225,SID0007,MID0017,2025/06/19,production_consumption,-36,production_run,PRUN_SID0007_MID0017_025
SMFEID3226,SID0007,MID0020,2025/06/19,production_consumption,-53,production_run,PRUN_SID0007_MID0020_025
SMFEID3227,SID0008,MID0023,2025/06/19,production_consumption,-7,production_run,PRUN_SID0008_MID0023_006
SMFEID3228,SID0011,MID0001,2025/06/19,production_consumption,-22,production_run,PRUN_SID0011_MID0001_025
SMFEID3229,SID0011,MID0020,2025/06/19,production_consumption,-111,production_run,PRUN_SID0011_MID0020_025
SMFEID3230,SID0013,MID0016,2025/06/19,production_consumption,-28,production_run,PRUN_SID0013_MID0016_025
SMFEID3231,SID0013,MID0020,2025/06/19,production_consumption,-25,production_run,PRUN_SID0013_MID0020_025
SMFEID3232,SID0015,MID0020,2025/06/19,production_consumption,-264,production_run,PRUN_SID0015_MID0020_025
SMFEID3233,SID0015,MID0025,2025/06/19,production_consumption,-14,production_run,PRUN_SID0015_MID0025_012
SMFEID3234,SID0018,MID0007,2025/06/19,production_consumption,-21,production_run,PRUN_SID0018_MID0007_025
SMFEID3235,SID0018,MID0008,2025/06/19,production_consumption,-19,production_run,PRUN_SID0018_MID0008_012
SMFEID3236,SID0018,MID0021,2025/06/19,production_consumption,-29,production_run,PRUN_SID0018_MID0021_012
SMFEID3237,SID0019,MID0010,2025/06/19,production_consumption,-60,production_run,PRUN_SID0019_MID0010_025
SMFEID3238,SID0019,MID0015,2025/06/19,production_consumption,-29,production_run,PRUN_SID0019_MID0015_012
SMFEID3239,SID0019,MID0016,2025/06/19,production_consumption,-43,production_run,PRUN_SID0019_MID0016_025
SMFEID3240,SID0020,MID0017,2025/06/19,production_consumption,-6,production_run,PRUN_SID0020_MID0017_012
SMFEID3241,SID0021,MID0001,2025/06/19,production_consumption,-80,production_run,PRUN_SID0021_MID0001_025
SMFEID3242,SID0021,MID0004,2025/06/19,production_consumption,-101,production_run,PRUN_SID0021_MID0004_025
SMFEID3243,SID0002,MID0001,2025/06/20,production_consumption,-18,production_run,PRUN_SID0002_MID0001_025
SMFEID3244,SID0002,MID0020,2025/06/20,production_consumption,-32,production_run,PRUN_SID0002_MID0020_012
SMFEID3245,SID0002,MID0025,2025/06/20,production_consumption,-7,production_run,PRUN_SID0002_MID0025_025
SMFEID3246,SID0004,MID0020,2025/06/20,production_consumption,-16,production_run,PRUN_SID0004_MID0020_025
SMFEID3247,SID0006,MID0010,2025/06/20,external_receipt,162,order,OID0431
SMFEID3248,SID0006,MID0020,2025/06/20,production_consumption,-89,production_run,PRUN_SID0006_MID0020_025
SMFEID3249,SID0007,MID0017,2025/06/20,production_consumption,-327,production_run,PRUN_SID0007_MID0017_025
SMFEID3250,SID0007,MID0020,2025/06/20,production_consumption,-99,production_run,PRUN_SID0007_MID0020_025
SMFEID3251,SID0008,MID0023,2025/06/20,production_consumption,-10,production_run,PRUN_SID0008_MID0023_006
SMFEID3252,SID0008,MID0024,2025/06/20,external_receipt,110,order,OID0425
SMFEID3253,SID0011,MID0001,2025/06/20,external_receipt,110,order,OID0442
SMFEID3254,SID0011,MID0001,2025/06/20,production_consumption,-25,production_run,PRUN_SID0011_MID0001_025
SMFEID3255,SID0011,MID0020,2025/06/20,production_consumption,-95,production_run,PRUN_SID0011_MID0020_025
SMFEID3256,SID0013,MID0020,2025/06/20,production_consumption,-14,production_run,PRUN_SID0013_MID0020_025
SMFEID3257,SID0015,MID0007,2025/06/20,external_receipt,2291,order,OID0406
SMFEID3258,SID0015,MID0020,2025/06/20,production_consumption,-47,production_run,PRUN_SID0015_MID0020_025
SMFEID3259,SID0018,MID0007,2025/06/20,production_consumption,-9,production_run,PRUN_SID0018_MID0007_025
SMFEID3260,SID0018,MID0008,2025/06/20,production_consumption,-22,production_run,PRUN_SID0018_MID0008_012
SMFEID3261,SID0018,MID0021,2025/06/20,production_consumption,-15,production_run,PRUN_SID0018_MID0021_012
SMFEID3262,SID0019,MID0013,2025/06/20,production_consumption,-46,production_run,PRUN_SID0019_MID0013_012
SMFEID3263,SID0019,MID0015,2025/06/20,production_consumption,-12,production_run,PRUN_SID0019_MID0015_012
SMFEID3264,SID0020,MID0017,2025/06/20,production_consumption,-75,production_run,PRUN_SID0020_MID0017_012
SMFEID3265,SID0021,MID0004,2025/06/20,production_consumption,-63,production_run,PRUN_SID0021_MID0004_025
SMFEID3266,SID0021,MID0005,2025/06/20,production_consumption,-16,production_run,PRUN_SID0021_MID0005_012
SMFEID3267,SID0002,MID0001,2025/06/21,external_receipt,223,order,OID0434
SMFEID3268,SID0002,MID0020,2025/06/21,external_receipt,127,order,OID0432
SMFEID3269,SID0018,MID0007,2025/06/21,external_receipt,152,order,OID0430
SMFEID3270,SID0020,MID0017,2025/06/21,external_receipt,241,order,OID0413
SMFEID3271,SID0006,MID0010,2025/06/22,external_receipt,172,order,OID0446
SMFEID3272,SID0011,MID0020,2025/06/22,external_receipt,813,order,OID0447
SMFEID3273,SID0002,MID0020,2025/06/23,production_consumption,-18,production_run,PRUN_SID0002_MID0020_012
SMFEID3274,SID0004,MID0020,2025/06/23,external_receipt,162,order,OID0448
SMFEID3275,SID0004,MID0020,2025/06/23,production_consumption,-19,production_run,PRUN_SID0004_MID0020_026
SMFEID3276,SID0006,MID0010,2025/06/23,production_consumption,-1,production_run,PRUN_SID0006_MID0010_026
SMFEID3277,SID0007,MID0017,2025/06/23,production_consumption,-134,production_run,PRUN_SID0007_MID0017_026
SMFEID3278,SID0007,MID0020,2025/06/23,production_consumption,-182,production_run,PRUN_SID0007_MID0020_026
SMFEID3279,SID0008,MID0023,2025/06/23,production_consumption,-5,production_run,PRUN_SID0008_MID0023_006
SMFEID3280,SID0011,MID0007,2025/06/23,production_consumption,-102,production_run,PRUN_SID0011_MID0007_026
SMFEID3281,SID0011,MID0008,2025/06/23,production_consumption,-86,production_run,PRUN_SID0011_MID0008_026
SMFEID3282,SID0011,MID0020,2025/06/23,production_consumption,-138,production_run,PRUN_SID0011_MID0020_026
SMFEID3283,SID0011,MID0025,2025/06/23,production_consumption,-7,production_run,PRUN_SID0011_MID0025_026
SMFEID3284,SID0013,MID0016,2025/06/23,production_consumption,-48,production_run,PRUN_SID0013_MID0016_026
SMFEID3285,SID0015,MID0007,2025/06/23,production_consumption,-158,production_run,PRUN_SID0015_MID0007_026
SMFEID3286,SID0017,MID0001,2025/06/23,production_consumption,-13,production_run,PRUN_SID0017_MID0001_012
SMFEID3287,SID0018,MID0004,2025/06/23,production_consumption,-51,production_run,PRUN_SID0018_MID0004_026
SMFEID3288,SID0018,MID0007,2025/06/23,production_consumption,-14,production_run,PRUN_SID0018_MID0007_026
SMFEID3289,SID0018,MID0008,2025/06/23,production_consumption,-15,production_run,PRUN_SID0018_MID0008_012
SMFEID3290,SID0018,MID0020,2025/06/23,production_consumption,-177,production_run,PRUN_SID0018_MID0020_026
SMFEID3291,SID0018,MID0021,2025/06/23,production_consumption,-29,production_run,PRUN_SID0018_MID0021_012
SMFEID3292,SID0019,MID0013,2025/06/23,production_consumption,-49,production_run,PRUN_SID0019_MID0013_012
SMFEID3293,SID0019,MID0015,2025/06/23,production_consumption,-40,production_run,PRUN_SID0019_MID0015_012
SMFEID3294,SID0020,MID0017,2025/06/23,production_consumption,-12,production_run,PRUN_SID0020_MID0017_012
SMFEID3295,SID0021,MID0004,2025/06/23,production_consumption,-73,production_run,PRUN_SID0021_MID0004_026
SMFEID3296,SID0021,MID0005,2025/06/23,production_consumption,-37,production_run,PRUN_SID0021_MID0005_012
SMFEID3297,SID0021,MID0018,2025/06/23,production_consumption,-19,production_run,PRUN_SID0021_MID0018_012
SMFEID3298,SID0002,MID0001,2025/06/24,production_consumption,-42,production_run,PRUN_SID0002_MID0001_026
SMFEID3299,SID0002,MID0025,2025/06/24,production_consumption,-13,production_run,PRUN_SID0002_MID0025_026
SMFEID3300,SID0004,MID0007,2025/06/24,production_consumption,-33,production_run,PRUN_SID0004_MID0007_026
SMFEID3301,SID0004,MID0020,2025/06/24,production_consumption,-16,production_run,PRUN_SID0004_MID0020_026
SMFEID3302,SID0006,MID0010,2025/06/24,production_consumption,-19,production_run,PRUN_SID0006_MID0010_026
SMFEID3303,SID0007,MID0017,2025/06/24,production_consumption,-6,production_run,PRUN_SID0007_MID0017_026
SMFEID3304,SID0007,MID0020,2025/06/24,production_consumption,-30,production_run,PRUN_SID0007_MID0020_026
SMFEID3305,SID0011,MID0001,2025/06/24,production_consumption,-37,production_run,PRUN_SID0011_MID0001_026
SMFEID3306,SID0011,MID0007,2025/06/24,production_consumption,-48,production_run,PRUN_SID0011_MID0007_026
SMFEID3307,SID0011,MID0008,2025/06/24,production_consumption,-143,production_run,PRUN_SID0011_MID0008_026
SMFEID3308,SID0011,MID0020,2025/06/24,production_consumption,-104,production_run,PRUN_SID0011_MID0020_026
SMFEID3309,SID0011,MID0025,2025/06/24,production_consumption,-9,production_run,PRUN_SID0011_MID0025_026
SMFEID3310,SID0013,MID0016,2025/06/24,external_receipt,182,order,OID0439
SMFEID3311,SID0013,MID0016,2025/06/24,production_consumption,-6,production_run,PRUN_SID0013_MID0016_026
SMFEID3312,SID0013,MID0020,2025/06/24,production_consumption,-51,production_run,PRUN_SID0013_MID0020_026
SMFEID3313,SID0015,MID0007,2025/06/24,production_consumption,-27,production_run,PRUN_SID0015_MID0007_026
SMFEID3314,SID0015,MID0020,2025/06/24,production_consumption,-133,production_run,PRUN_SID0015_MID0020_026
SMFEID3315,SID0017,MID0001,2025/06/24,production_consumption,-19,production_run,PRUN_SID0017_MID0001_012
SMFEID3316,SID0018,MID0004,2025/06/24,external_receipt,1528,order,OID0426
SMFEID3317,SID0018,MID0004,2025/06/24,production_consumption,-160,production_run,PRUN_SID0018_MID0004_026
SMFEID3318,SID0018,MID0007,2025/06/24,production_consumption,-20,production_run,PRUN_SID0018_MID0007_026
SMFEID3319,SID0018,MID0008,2025/06/24,production_consumption,-3,production_run,PRUN_SID0018_MID0008_012
SMFEID3320,SID0018,MID0020,2025/06/24,external_receipt,1332,order,OID0427
SMFEID3321,SID0018,MID0020,2025/06/24,production_consumption,-81,production_run,PRUN_SID0018_MID0020_026
SMFEID3322,SID0018,MID0021,2025/06/24,production_consumption,-3,production_run,PRUN_SID0018_MID0021_012
SMFEID3323,SID0019,MID0010,2025/06/24,production_consumption,-47,production_run,PRUN_SID0019_MID0010_026
SMFEID3324,SID0019,MID0015,2025/06/24,production_consumption,-35,production_run,PRUN_SID0019_MID0015_012
SMFEID3325,SID0019,MID0016,2025/06/24,production_consumption,-61,production_run,PRUN_SID0019_MID0016_026
SMFEID3326,SID0021,MID0001,2025/06/24,external_receipt,495,order,OID0414
SMFEID3327,SID0021,MID0001,2025/06/24,production_consumption,-53,production_run,PRUN_SID0021_MID0001_026
SMFEID3328,SID0021,MID0004,2025/06/24,external_receipt,329,order,OID0456
SMFEID3329,SID0021,MID0004,2025/06/24,production_consumption,-13,production_run,PRUN_SID0021_MID0004_026
SMFEID3330,SID0021,MID0005,2025/06/24,production_consumption,-48,production_run,PRUN_SID0021_MID0005_012
SMFEID3331,SID0021,MID0018,2025/06/24,production_consumption,-6,production_run,PRUN_SID0021_MID0018_012
SMFEID3332,SID0002,MID0001,2025/06/25,production_consumption,-22,production_run,PRUN_SID0002_MID0001_026
SMFEID3333,SID0002,MID0025,2025/06/25,production_consumption,-19,production_run,PRUN_SID0002_MID0025_026
SMFEID3334,SID0004,MID0007,2025/06/25,production_consumption,-60,production_run,PRUN_SID0004_MID0007_026
SMFEID3335,SID0004,MID0020,2025/06/25,production_consumption,-23,production_run,PRUN_SID0004_MID0020_026
SMFEID3336,SID0006,MID0010,2025/06/25,production_consumption,-52,production_run,PRUN_SID0006_MID0010_026
SMFEID3337,SID0006,MID0020,2025/06/25,production_consumption,-58,production_run,PRUN_SID0006_MID0020_026
SMFEID3338,SID0007,MID0017,2025/06/25,production_consumption,-234,production_run,PRUN_SID0007_MID0017_026
SMFEID3339,SID0007,MID0020,2025/06/25,production_consumption,-25,production_run,PRUN_SID0007_MID0020_026
SMFEID3340,SID0011,MID0001,2025/06/25,production_consumption,-25,production_run,PRUN_SID0011_MID0001_026
SMFEID3341,SID0011,MID0008,2025/06/25,production_consumption,-47,production_run,PRUN_SID0011_MID0008_026
SMFEID3342,SID0011,MID0020,2025/06/25,production_consumption,-81,production_run,PRUN_SID0011_MID0020_026
SMFEID3343,SID0011,MID0025,2025/06/25,production_consumption,-30,production_run,PRUN_SID0011_MID0025_026
SMFEID3344,SID0013,MID0016,2025/06/25,production_consumption,-5,production_run,PRUN_SID0013_MID0016_026
SMFEID3345,SID0013,MID0020,2025/06/25,production_consumption,-61,production_run,PRUN_SID0013_MID0020_026
SMFEID3346,SID0015,MID0007,2025/06/25,production_consumption,-75,production_run,PRUN_SID0015_MID0007_026
SMFEID3347,SID0015,MID0020,2025/06/25,production_consumption,-146,production_run,PRUN_SID0015_MID0020_026
SMFEID3348,SID0017,MID0001,2025/06/25,production_consumption,-29,production_run,PRUN_SID0017_MID0001_012
SMFEID3349,SID0018,MID0004,2025/06/25,production_consumption,-68,production_run,PRUN_SID0018_MID0004_026
SMFEID3350,SID0018,MID0007,2025/06/25,production_consumption,-21,production_run,PRUN_SID0018_MID0007_026
SMFEID3351,SID0018,MID0020,2025/06/25,production_consumption,-51,production_run,PRUN_SID0018_MID0020_026
SMFEID3352,SID0018,MID0021,2025/06/25,production_consumption,-2,production_run,PRUN_SID0018_MID0021_012
SMFEID3353,SID0019,MID0010,2025/06/25,production_consumption,-30,production_run,PRUN_SID0019_MID0010_026
SMFEID3354,SID0019,MID0016,2025/06/25,production_consumption,-83,production_run,PRUN_SID0019_MID0016_026
SMFEID3355,SID0021,MID0001,2025/06/25,production_consumption,-16,production_run,PRUN_SID0021_MID0001_026
SMFEID3356,SID0021,MID0004,2025/06/25,production_consumption,-71,production_run,PRUN_SID0021_MID0004_026
SMFEID3357,SID0021,MID0018,2025/06/25,production_consumption,-8,production_run,PRUN_SID0021_MID0018_012
SMFEID3358,SID0002,MID0001,2025/06/26,production_consumption,-20,production_run,PRUN_SID0002_MID0001_026
SMFEID3359,SID0002,MID0025,2025/06/26,production_consumption,-11,production_run,PRUN_SID0002_MID0025_026
SMFEID3360,SID0004,MID0007,2025/06/26,external_receipt,526,order,OID0435
SMFEID3361,SID0004,MID0007,2025/06/26,production_consumption,-31,production_run,PRUN_SID0004_MID0007_026
SMFEID3362,SID0004,MID0020,2025/06/26,production_consumption,-6,production_run,PRUN_SID0004_MID0020_026
SMFEID3363,SID0006,MID0010,2025/06/26,production_consumption,-49,production_run,PRUN_SID0006_MID0010_026
SMFEID3364,SID0006,MID0020,2025/06/26,external_receipt,940,order,OID0438
SMFEID3365,SID0006,MID0020,2025/06/26,production_consumption,-111,production_run,PRUN_SID0006_MID0020_026
SMFEID3366,SID0007,MID0020,2025/06/26,production_consumption,-89,production_run,PRUN_SID0007_MID0020_026
SMFEID3367,SID0011,MID0001,2025/06/26,production_consumption,-23,production_run,PRUN_SID0011_MID0001_026
SMFEID3368,SID0011,MID0008,2025/06/26,production_consumption,-22,production_run,PRUN_SID0011_MID0008_026
SMFEID3369,SID0011,MID0020,2025/06/26,production_consumption,-48,production_run,PRUN_SID0011_MID0020_026
SMFEID3370,SID0011,MID0025,2025/06/26,production_consumption,-35,production_run,PRUN_SID0011_MID0025_026
SMFEID3371,SID0013,MID0016,2025/06/26,external_receipt,175,order,OID0440
SMFEID3372,SID0013,MID0016,2025/06/26,production_consumption,-49,production_run,PRUN_SID0013_MID0016_026
SMFEID3373,SID0013,MID0020,2025/06/26,external_receipt,364,order,OID0453
SMFEID3374,SID0013,MID0020,2025/06/26,production_consumption,-114,production_run,PRUN_SID0013_MID0020_026
SMFEID3375,SID0015,MID0007,2025/06/26,production_consumption,-150,production_run,PRUN_SID0015_MID0007_026
SMFEID3376,SID0015,MID0020,2025/06/26,production_consumption,-60,production_run,PRUN_SID0015_MID0020_026
SMFEID3377,SID0018,MID0004,2025/06/26,production_consumption,-66,production_run,PRUN_SID0018_MID0004_026
SMFEID3378,SID0018,MID0007,2025/06/26,production_consumption,-20,production_run,PRUN_SID0018_MID0007_026
SMFEID3379,SID0018,MID0020,2025/06/26,production_consumption,-141,production_run,PRUN_SID0018_MID0020_026
SMFEID3380,SID0019,MID0010,2025/06/26,production_consumption,-43,production_run,PRUN_SID0019_MID0010_026
SMFEID3381,SID0021,MID0001,2025/06/26,production_consumption,-56,production_run,PRUN_SID0021_MID0001_026
SMFEID3382,SID0021,MID0018,2025/06/26,production_consumption,-14,production_run,PRUN_SID0021_MID0018_012
SMFEID3383,SID0002,MID0001,2025/06/27,production_consumption,-13,production_run,PRUN_SID0002_MID0001_026
SMFEID3384,SID0002,MID0025,2025/06/27,production_consumption,-24,production_run,PRUN_SID0002_MID0025_026
SMFEID3385,SID0004,MID0020,2025/06/27,production_consumption,-21,production_run,PRUN_SID0004_MID0020_026
SMFEID3386,SID0006,MID0010,2025/06/27,production_consumption,-36,production_run,PRUN_SID0006_MID0010_026
SMFEID3387,SID0006,MID0020,2025/06/27,production_consumption,-157,production_run,PRUN_SID0006_MID0020_026
SMFEID3388,SID0007,MID0020,2025/06/27,production_consumption,-151,production_run,PRUN_SID0007_MID0020_026
SMFEID3389,SID0008,MID0022,2025/06/27,production_consumption,-43,production_run,PRUN_SID0008_MID0022_012
SMFEID3390,SID0011,MID0001,2025/06/27,production_consumption,-5,production_run,PRUN_SID0011_MID0001_026
SMFEID3391,SID0011,MID0008,2025/06/27,production_consumption,-67,production_run,PRUN_SID0011_MID0008_026
SMFEID3392,SID0011,MID0020,2025/06/27,production_consumption,-13,production_run,PRUN_SID0011_MID0020_026
SMFEID3393,SID0011,MID0025,2025/06/27,production_consumption,-6,production_run,PRUN_SID0011_MID0025_026
SMFEID3394,SID0013,MID0016,2025/06/27,production_consumption,-67,production_run,PRUN_SID0013_MID0016_026
SMFEID3395,SID0015,MID0007,2025/06/27,production_consumption,-54,production_run,PRUN_SID0015_MID0007_026
SMFEID3396,SID0017,MID0004,2025/06/27,production_consumption,-35,production_run,PRUN_SID0017_MID0004_012
SMFEID3397,SID0018,MID0007,2025/06/27,production_consumption,-21,production_run,PRUN_SID0018_MID0007_026
SMFEID3398,SID0019,MID0010,2025/06/27,production_consumption,-18,production_run,PRUN_SID0019_MID0010_026
SMFEID3399,SID0002,MID0025,2025/06/28,external_receipt,182,order,OID0454
SMFEID3400,SID0011,MID0007,2025/06/28,external_receipt,337,order,OID0449
SMFEID3401,SID0011,MID0008,2025/06/28,external_receipt,922,order,OID0450
SMFEID3402,SID0020,MID0011,2025/06/28,external_receipt,81,order,OID0428
SMFEID3403,SID0021,MID0005,2025/06/28,external_receipt,55,order,OID0443
SMFEID3404,SID0011,MID0025,2025/06/29,external_receipt,182,order,OID0463
SMFEID3405,SID0002,MID0001,2025/06/30,production_consumption,-55,production_run,PRUN_SID0002_MID0001_027
SMFEID3406,SID0002,MID0025,2025/06/30,production_consumption,-13,production_run,PRUN_SID0002_MID0025_027
SMFEID3407,SID0004,MID0020,2025/06/30,production_consumption,-23,production_run,PRUN_SID0004_MID0020_027
SMFEID3408,SID0006,MID0010,2025/06/30,production_consumption,-44,production_run,PRUN_SID0006_MID0010_027
SMFEID3409,SID0006,MID0020,2025/06/30,production_consumption,-213,production_run,PRUN_SID0006_MID0020_027
SMFEID3410,SID0007,MID0017,2025/06/30,production_consumption,-81,production_run,PRUN_SID0007_MID0017_027
SMFEID3411,SID0007,MID0020,2025/06/30,external_receipt,874,order,OID0455
SMFEID3412,SID0007,MID0020,2025/06/30,production_consumption,-107,production_run,PRUN_SID0007_MID0020_027
SMFEID3413,SID0008,MID0022,2025/06/30,production_consumption,-11,production_run,PRUN_SID0008_MID0022_012
SMFEID3414,SID0011,MID0001,2025/06/30,production_consumption,-12,production_run,PRUN_SID0011_MID0001_027
SMFEID3415,SID0011,MID0007,2025/06/30,production_consumption,-42,production_run,PRUN_SID0011_MID0007_027
SMFEID3416,SID0011,MID0020,2025/06/30,production_consumption,-111,production_run,PRUN_SID0011_MID0020_027
SMFEID3417,SID0011,MID0025,2025/06/30,production_consumption,-15,production_run,PRUN_SID0011_MID0025_027
SMFEID3418,SID0013,MID0016,2025/06/30,production_consumption,-104,production_run,PRUN_SID0013_MID0016_027
SMFEID3419,SID0015,MID0007,2025/06/30,production_consumption,-340,production_run,PRUN_SID0015_MID0007_027
SMFEID3420,SID0017,MID0004,2025/06/30,production_consumption,-53,production_run,PRUN_SID0017_MID0004_012
SMFEID3421,SID0018,MID0004,2025/06/30,production_consumption,-10,production_run,PRUN_SID0018_MID0004_027
SMFEID3422,SID0018,MID0020,2025/06/30,production_consumption,-209,production_run,PRUN_SID0018_MID0020_027
SMFEID3423,SID0021,MID0005,2025/06/30,external_receipt,110,order,OID0444
SMFEID3424,SID0002,MID0001,2025/07/01,production_consumption,-19,production_run,PRUN_SID0002_MID0001_027
SMFEID3425,SID0002,MID0025,2025/07/01,production_consumption,-19,production_run,PRUN_SID0002_MID0025_027
SMFEID3426,SID0004,MID0007,2025/07/01,production_consumption,-57,production_run,PRUN_SID0004_MID0007_027
SMFEID3427,SID0004,MID0020,2025/07/01,production_consumption,-7,production_run,PRUN_SID0004_MID0020_027
SMFEID3428,SID0006,MID0010,2025/07/01,external_receipt,172,order,OID0468
SMFEID3429,SID0006,MID0010,2025/07/01,production_consumption,-39,production_run,PRUN_SID0006_MID0010_027
SMFEID3430,SID0006,MID0020,2025/07/01,production_consumption,-90,production_run,PRUN_SID0006_MID0020_027
SMFEID3431,SID0007,MID0017,2025/07/01,production_consumption,-20,production_run,PRUN_SID0007_MID0017_027
SMFEID3432,SID0007,MID0020,2025/07/01,production_consumption,-93,production_run,PRUN_SID0007_MID0020_027
SMFEID3433,SID0011,MID0001,2025/07/01,production_consumption,-11,production_run,PRUN_SID0011_MID0001_027
SMFEID3434,SID0011,MID0007,2025/07/01,production_consumption,-33,production_run,PRUN_SID0011_MID0007_027
SMFEID3435,SID0011,MID0020,2025/07/01,production_consumption,-136,production_run,PRUN_SID0011_MID0020_027
SMFEID3436,SID0011,MID0025,2025/07/01,production_consumption,-22,production_run,PRUN_SID0011_MID0025_027
SMFEID3437,SID0013,MID0016,2025/07/01,production_consumption,-18,production_run,PRUN_SID0013_MID0016_027
SMFEID3438,SID0013,MID0020,2025/07/01,production_consumption,-71,production_run,PRUN_SID0013_MID0020_027
SMFEID3439,SID0015,MID0007,2025/07/01,production_consumption,-155,production_run,PRUN_SID0015_MID0007_027
SMFEID3440,SID0015,MID0020,2025/07/01,production_consumption,-189,production_run,PRUN_SID0015_MID0020_027
SMFEID3441,SID0018,MID0004,2025/07/01,production_consumption,-123,production_run,PRUN_SID0018_MID0004_027
SMFEID3442,SID0018,MID0007,2025/07/01,production_consumption,-28,production_run,PRUN_SID0018_MID0007_027
SMFEID3443,SID0018,MID0020,2025/07/01,production_consumption,-158,production_run,PRUN_SID0018_MID0020_027
SMFEID3444,SID0019,MID0013,2025/07/01,external_receipt,65,order,OID0458
SMFEID3445,SID0020,MID0017,2025/07/01,production_consumption,-49,production_run,PRUN_SID0020_MID0017_013
SMFEID3446,SID0021,MID0001,2025/07/01,production_consumption,-136,production_run,PRUN_SID0021_MID0001_027
SMFEID3447,SID0021,MID0004,2025/07/01,production_consumption,-64,production_run,PRUN_SID0021_MID0004_027
SMFEID3448,SID0002,MID0001,2025/07/02,production_consumption,-9,production_run,PRUN_SID0002_MID0001_027
SMFEID3449,SID0002,MID0025,2025/07/02,production_consumption,-22,production_run,PRUN_SID0002_MID0025_027
SMFEID3450,SID0004,MID0007,2025/07/02,production_consumption,-50,production_run,PRUN_SID0004_MID0007_027
SMFEID3451,SID0004,MID0020,2025/07/02,production_consumption,-9,production_run,PRUN_SID0004_MID0020_027
SMFEID3452,SID0006,MID0010,2025/07/02,production_consumption,-26,production_run,PRUN_SID0006_MID0010_027
SMFEID3453,SID0007,MID0017,2025/07/02,external_receipt,449,order,OID0469
SMFEID3454,SID0007,MID0017,2025/07/02,production_consumption,-193,production_run,PRUN_SID0007_MID0017_027
SMFEID3455,SID0007,MID0020,2025/07/02,production_consumption,-108,production_run,PRUN_SID0007_MID0020_027
SMFEID3456,SID0008,MID0024,2025/07/02,production_consumption,-11,production_run,PRUN_SID0008_MID0024_007
SMFEID3457,SID0011,MID0001,2025/07/02,external_receipt,110,order,OID0464
SMFEID3458,SID0011,MID0001,2025/07/02,production_consumption,-7,production_run,PRUN_SID0011_MID0001_027
SMFEID3459,SID0011,MID0007,2025/07/02,production_consumption,-39,production_run,PRUN_SID0011_MID0007_027
SMFEID3460,SID0011,MID0008,2025/07/02,production_consumption,-19,production_run,PRUN_SID0011_MID0008_027
SMFEID3461,SID0011,MID0020,2025/07/02,production_consumption,-76,production_run,PRUN_SID0011_MID0020_027
SMFEID3462,SID0011,MID0025,2025/07/02,production_consumption,-28,production_run,PRUN_SID0011_MID0025_027
SMFEID3463,SID0013,MID0016,2025/07/02,production_consumption,-31,production_run,PRUN_SID0013_MID0016_027
SMFEID3464,SID0013,MID0020,2025/07/02,production_consumption,-16,production_run,PRUN_SID0013_MID0020_027
SMFEID3465,SID0015,MID0020,2025/07/02,production_consumption,-66,production_run,PRUN_SID0015_MID0020_027
SMFEID3466,SID0018,MID0004,2025/07/02,production_consumption,-10,production_run,PRUN_SID0018_MID0004_027
SMFEID3467,SID0018,MID0007,2025/07/02,production_consumption,-22,production_run,PRUN_SID0018_MID0007_027
SMFEID3468,SID0018,MID0008,2025/07/02,production_consumption,-22,production_run,PRUN_SID0018_MID0008_013
SMFEID3469,SID0019,MID0016,2025/07/02,external_receipt,510,order,OID0441
SMFEID3470,SID0019,MID0016,2025/07/02,production_consumption,-44,production_run,PRUN_SID0019_MID0016_027
SMFEID3471,SID0020,MID0011,2025/07/02,production_consumption,-33,production_run,PRUN_SID0020_MID0011_007
SMFEID3472,SID0020,MID0014,2025/07/02,production_consumption,-32,production_run,PRUN_SID0020_MID0014_007
SMFEID3473,SID0020,MID0017,2025/07/02,production_consumption,-49,production_run,PRUN_SID0020_MID0017_013
SMFEID3474,SID0021,MID0001,2025/07/02,production_consumption,-10,production_run,PRUN_SID0021_MID0001_027
SMFEID3475,SID0021,MID0004,2025/07/02,production_consumption,-7,production_run,PRUN_SID0021_MID0004_027
SMFEID3476,SID0021,MID0018,2025/07/02,external_receipt,86,order,OID0459
SMFEID3477,SID0002,MID0001,2025/07/03,production_consumption,-10,production_run,PRUN_SID0002_MID0001_027
SMFEID3478,SID0002,MID0025,2025/07/03,production_consumption,-15,production_run,PRUN_SID0002_MID0025_027
SMFEID3479,SID0004,MID0007,2025/07/03,production_consumption,-22,production_run,PRUN_SID0004_MID0007_027
SMFEID3480,SID0004,MID0020,2025/07/03,production_consumption,-16,production_run,PRUN_SID0004_MID0020_027
SMFEID3481,SID0006,MID0010,2025/07/03,production_consumption,-28,production_run,PRUN_SID0006_MID0010_027
SMFEID3482,SID0007,MID0017,2025/07/03,production_consumption,-84,production_run,PRUN_SID0007_MID0017_027
SMFEID3483,SID0007,MID0020,2025/07/03,production_consumption,-85,production_run,PRUN_SID0007_MID0020_027
SMFEID3484,SID0008,MID0024,2025/07/03,production_consumption,-33,production_run,PRUN_SID0008_MID0024_007
SMFEID3485,SID0011,MID0001,2025/07/03,production_consumption,-35,production_run,PRUN_SID0011_MID0001_027
SMFEID3486,SID0011,MID0007,2025/07/03,production_consumption,-10,production_run,PRUN_SID0011_MID0007_027
SMFEID3487,SID0011,MID0008,2025/07/03,production_consumption,-238,production_run,PRUN_SID0011_MID0008_027
SMFEID3488,SID0011,MID0020,2025/07/03,production_consumption,-86,production_run,PRUN_SID0011_MID0020_027
SMFEID3489,SID0011,MID0025,2025/07/03,production_consumption,-6,production_run,PRUN_SID0011_MID0025_027
SMFEID3490,SID0013,MID0020,2025/07/03,production_consumption,-82,production_run,PRUN_SID0013_MID0020_027
SMFEID3491,SID0015,MID0020,2025/07/03,production_consumption,-62,production_run,PRUN_SID0015_MID0020_027
SMFEID3492,SID0017,MID0001,2025/07/03,production_consumption,-4,production_run,PRUN_SID0017_MID0001_013
SMFEID3493,SID0018,MID0004,2025/07/03,production_consumption,-93,production_run,PRUN_SID0018_MID0004_027
SMFEID3494,SID0018,MID0007,2025/07/03,production_consumption,-37,production_run,PRUN_SID0018_MID0007_027
SMFEID3495,SID0018,MID0008,2025/07/03,production_consumption,-3,production_run,PRUN_SID0018_MID0008_013
SMFEID3496,SID0018,MID0021,2025/07/03,production_consumption,-11,production_run,PRUN_SID0018_MID0021_013
SMFEID3497,SID0019,MID0010,2025/07/03,production_consumption,-75,production_run,PRUN_SID0019_MID0010_027
SMFEID3498,SID0019,MID0015,2025/07/03,external_receipt,122,order,OID0460
SMFEID3499,SID0019,MID0016,2025/07/03,production_consumption,-41,production_run,PRUN_SID0019_MID0016_027
SMFEID3500,SID0020,MID0011,2025/07/03,production_consumption,-12,production_run,PRUN_SID0020_MID0011_007
SMFEID3501,SID0020,MID0014,2025/07/03,production_consumption,-19,production_run,PRUN_SID0020_MID0014_007
SMFEID3502,SID0020,MID0017,2025/07/03,production_consumption,-44,production_run,PRUN_SID0020_MID0017_013
SMFEID3503,SID0021,MID0004,2025/07/03,production_consumption,-76,production_run,PRUN_SID0021_MID0004_027
SMFEID3504,SID0002,MID0020,2025/07/04,production_consumption,-7,production_run,PRUN_SID0002_MID0020_013
SMFEID3505,SID0002,MID0025,2025/07/04,production_consumption,-8,production_run,PRUN_SID0002_MID0025_027
SMFEID3506,SID0004,MID0020,2025/07/04,production_consumption,-20,production_run,PRUN_SID0004_MID0020_027
SMFEID3507,SID0006,MID0010,2025/07/04,production_consumption,-10,production_run,PRUN_SID0006_MID0010_027
SMFEID3508,SID0007,MID0020,2025/07/04,production_consumption,-87,production_run,PRUN_SID0007_MID0020_027
SMFEID3509,SID0008,MID0024,2025/07/04,production_consumption,-35,production_run,PRUN_SID0008_MID0024_007
SMFEID3510,SID0011,MID0001,2025/07/04,production_consumption,-25,production_run,PRUN_SID0011_MID0001_027
SMFEID3511,SID0011,MID0007,2025/07/04,production_consumption,-47,production_run,PRUN_SID0011_MID0007_027
SMFEID3512,SID0011,MID0008,2025/07/04,production_consumption,-142,production_run,PRUN_SID0011_MID0008_027
SMFEID3513,SID0011,MID0020,2025/07/04,production_consumption,-51,production_run,PRUN_SID0011_MID0020_027
SMFEID3514,SID0011,MID0025,2025/07/04,production_consumption,-12,production_run,PRUN_SID0011_MID0025_027
SMFEID3515,SID0013,MID0020,2025/07/04,production_consumption,-87,production_run,PRUN_SID0013_MID0020_027
SMFEID3516,SID0017,MID0001,2025/07/04,production_consumption,-31,production_run,PRUN_SID0017_MID0001_013
SMFEID3517,SID0017,MID0004,2025/07/04,production_consumption,-10,production_run,PRUN_SID0017_MID0004_013
SMFEID3518,SID0018,MID0004,2025/07/04,production_consumption,-106,production_run,PRUN_SID0018_MID0004_027
SMFEID3519,SID0018,MID0008,2025/07/04,production_consumption,-54,production_run,PRUN_SID0018_MID0008_013
SMFEID3520,SID0018,MID0021,2025/07/04,production_consumption,-4,production_run,PRUN_SID0018_MID0021_013
SMFEID3521,SID0019,MID0010,2025/07/04,external_receipt,359,order,OID0451
SMFEID3522,SID0019,MID0010,2025/07/04,production_consumption,-47,production_run,PRUN_SID0019_MID0010_027
SMFEID3523,SID0019,MID0016,2025/07/04,production_consumption,-52,production_run,PRUN_SID0019_MID0016_027
SMFEID3524,SID0020,MID0014,2025/07/04,production_consumption,-10,production_run,PRUN_SID0020_MID0014_007
SMFEID3525,SID0020,MID0017,2025/07/04,production_consumption,-5,production_run,PRUN_SID0020_MID0017_013
SMFEID3526,SID0013,MID0016,2025/07/05,external_receipt,182,order,OID0470
SMFEID3527,SID0017,MID0005,2025/07/05,external_receipt,37,order,OID0478
SMFEID3528,SID0018,MID0007,2025/07/05,external_receipt,152,order,OID0471
SMFEID3529,SID0002,MID0001,2025/07/06,external_receipt,223,order,OID0465
SMFEID3530,SID0008,MID0012,2025/07/06,external_receipt,41,order,OID0452
SMFEID3531,SID0011,MID0020,2025/07/06,external_receipt,813,order,OID0479
SMFEID3532,SID0015,MID0025,2025/07/06,external_receipt,146,order,OID0445
SMFEID3533,SID0002,MID0001,2025/07/07,production_consumption,-16,production_run,PRUN_SID0002_MID0001_028
SMFEID3534,SID0002,MID0020,2025/07/07,external_receipt,200,order,OID0461
SMFEID3535,SID0002,MID0020,2025/07/07,production_consumption,-31,production_run,PRUN_SID0002_MID0020_013
SMFEID3536,SID0002,MID0025,2025/07/07,production_consumption,-2,production_run,PRUN_SID0002_MID0025_028
SMFEID3537,SID0004,MID0020,2025/07/07,external_receipt,81,order,OID0480
SMFEID3538,SID0004,MID0020,2025/07/07,production_consumption,-27,production_run,PRUN_SID0004_MID0020_028
SMFEID3539,SID0006,MID0010,2025/07/07,production_consumption,-37,production_run,PRUN_SID0006_MID0010_028
SMFEID3540,SID0007,MID0020,2025/07/07,production_consumption,-389,production_run,PRUN_SID0007_MID0020_028
SMFEID3541,SID0008,MID0022,2025/07/07,production_consumption,-2,production_run,PRUN_SID0008_MID0022_013
SMFEID3542,SID0011,MID0008,2025/07/07,production_consumption,-94,production_run,PRUN_SID0011_MID0008_028
SMFEID3543,SID0011,MID0025,2025/07/07,production_consumption,-20,production_run,PRUN_SID0011_MID0025_028
SMFEID3544,SID0013,MID0016,2025/07/07,production_consumption,-26,production_run,PRUN_SID0013_MID0016_028
SMFEID3545,SID0013,MID0020,2025/07/07,external_receipt,364,order,OID0487
SMFEID3546,SID0015,MID0007,2025/07/07,production_consumption,-78,production_run,PRUN_SID0015_MID0007_028
SMFEID3547,SID0017,MID0001,2025/07/07,production_consumption,-27,production_run,PRUN_SID0017_MID0001_013
SMFEID3548,SID0017,MID0004,2025/07/07,production_consumption,-25,production_run,PRUN_SID0017_MID0004_013
SMFEID3549,SID0018,MID0007,2025/07/07,production_consumption,-76,production_run,PRUN_SID0018_MID0007_028
SMFEID3550,SID0018,MID0021,2025/07/07,production_consumption,-21,production_run,PRUN_SID0018_MID0021_013
SMFEID3551,SID0019,MID0013,2025/07/07,production_consumption,-8,production_run,PRUN_SID0019_MID0013_013
SMFEID3552,SID0019,MID0016,2025/07/07,production_consumption,-56,production_run,PRUN_SID0019_MID0016_028
SMFEID3553,SID0020,MID0014,2025/07/07,production_consumption,-27,production_run,PRUN_SID0020_MID0014_007
SMFEID3554,SID0021,MID0001,2025/07/07,production_consumption,-45,production_run,PRUN_SID0021_MID0001_028
SMFEID3555,SID0021,MID0004,2025/07/07,external_receipt,354,order,OID0484
SMFEID3556,SID0021,MID0004,2025/07/07,production_consumption,-82,production_run,PRUN_SID0021_MID0004_028
SMFEID3557,SID0021,MID0005,2025/07/07,external_receipt,219,order,OID0466
SMFEID3558,SID0002,MID0001,2025/07/08,production_consumption,-3,production_run,PRUN_SID0002_MID0001_028
SMFEID3559,SID0002,MID0020,2025/07/08,production_consumption,-50,production_run,PRUN_SID0002_MID0020_013
SMFEID3560,SID0002,MID0025,2025/07/08,production_consumption,-40,production_run,PRUN_SID0002_MID0025_028
SMFEID3561,SID0004,MID0007,2025/07/08,production_consumption,-59,production_run,PRUN_SID0004_MID0007_028
SMFEID3562,SID0004,MID0020,2025/07/08,production_consumption,-47,production_run,PRUN_SID0004_MID0020_028
SMFEID3563,SID0006,MID0010,2025/07/08,external_receipt,172,order,OID0491
SMFEID3564,SID0006,MID0010,2025/07/08,production_consumption,-5,production_run,PRUN_SID0006_MID0010_028
SMFEID3565,SID0007,MID0017,2025/07/08,production_consumption,-16,production_run,PRUN_SID0007_MID0017_028
SMFEID3566,SID0007,MID0020,2025/07/08,production_consumption,-12,production_run,PRUN_SID0007_MID0020_028
SMFEID3567,SID0008,MID0022,2025/07/08,production_consumption,-14,production_run,PRUN_SID0008_MID0022_013
SMFEID3568,SID0011,MID0007,2025/07/08,external_receipt,356,order,OID0485
SMFEID3569,SID0011,MID0008,2025/07/08,production_consumption,-66,production_run,PRUN_SID0011_MID0008_028
SMFEID3570,SID0011,MID0020,2025/07/08,production_consumption,-76,production_run,PRUN_SID0011_MID0020_028
SMFEID3571,SID0011,MID0025,2025/07/08,production_consumption,-16,production_run,PRUN_SID0011_MID0025_028
SMFEID3572,SID0013,MID0016,2025/07/08,production_consumption,-44,production_run,PRUN_SID0013_MID0016_028
SMFEID3573,SID0013,MID0020,2025/07/08,production_consumption,-47,production_run,PRUN_SID0013_MID0020_028
SMFEID3574,SID0015,MID0007,2025/07/08,production_consumption,-72,production_run,PRUN_SID0015_MID0007_028
SMFEID3575,SID0015,MID0020,2025/07/08,external_receipt,1253,order,OID0457
SMFEID3576,SID0015,MID0020,2025/07/08,production_consumption,-35,production_run,PRUN_SID0015_MID0020_028
SMFEID3577,SID0017,MID0004,2025/07/08,production_consumption,-25,production_run,PRUN_SID0017_MID0004_013
SMFEID3578,SID0018,MID0007,2025/07/08,external_receipt,76,order,OID0472
SMFEID3579,SID0018,MID0007,2025/07/08,production_consumption,-29,production_run,PRUN_SID0018_MID0007_028
SMFEID3580,SID0018,MID0020,2025/07/08,production_consumption,-348,production_run,PRUN_SID0018_MID0020_028
SMFEID3581,SID0018,MID0021,2025/07/08,production_consumption,-12,production_run,PRUN_SID0018_MID0021_013
SMFEID3582,SID0019,MID0010,2025/07/08,production_consumption,-36,production_run,PRUN_SID0019_MID0010_028
SMFEID3583,SID0019,MID0013,2025/07/08,production_consumption,-7,production_run,PRUN_SID0019_MID0013_013
SMFEID3584,SID0019,MID0016,2025/07/08,production_consumption,-68,production_run,PRUN_SID0019_MID0016_028
SMFEID3585,SID0020,MID0014,2025/07/08,production_consumption,-19,production_run,PRUN_SID0020_MID0014_007
SMFEID3586,SID0021,MID0001,2025/07/08,production_consumption,-37,production_run,PRUN_SID0021_MID0001_028
SMFEID3587,SID0021,MID0004,2025/07/08,production_consumption,-16,production_run,PRUN_SID0021_MID0004_028
SMFEID3588,SID0002,MID0001,2025/07/09,production_consumption,-31,production_run,PRUN_SID0002_MID0001_028
SMFEID3589,SID0002,MID0020,2025/07/09,production_consumption,-22,production_run,PRUN_SID0002_MID0020_013
SMFEID3590,SID0002,MID0025,2025/07/09,production_consumption,-21,production_run,PRUN_SID0002_MID0025_028
SMFEID3591,SID0004,MID0007,2025/07/09,production_consumption,-26,production_run,PRUN_SID0004_MID0007_028
SMFEID3592,SID0006,MID0010,2025/07/09,production_consumption,-39,production_run,PRUN_SID0006_MID0010_028
SMFEID3593,SID0007,MID0017,2025/07/09,production_consumption,-239,production_run,PRUN_SID0007_MID0017_028
SMFEID3594,SID0007,MID0020,2025/07/09,production_consumption,-39,production_run,PRUN_SID0007_MID0020_028
SMFEID3595,SID0008,MID0022,2025/07/09,production_consumption,-13,production_run,PRUN_SID0008_MID0022_013
SMFEID3596,SID0011,MID0001,2025/07/09,production_consumption,-32,production_run,PRUN_SID0011_MID0001_028
SMFEID3597,SID0011,MID0008,2025/07/09,production_consumption,-49,production_run,PRUN_SID0011_MID0008_028
SMFEID3598,SID0011,MID0020,2025/07/09,production_consumption,-282,production_run,PRUN_SID0011_MID0020_028
SMFEID3599,SID0011,MID0025,2025/07/09,production_consumption,-18,production_run,PRUN_SID0011_MID0025_028
SMFEID3600,SID0013,MID0016,2025/07/09,external_receipt,182,order,OID0473
SMFEID3601,SID0013,MID0016,2025/07/09,production_consumption,-40,production_run,PRUN_SID0013_MID0016_028
SMFEID3602,SID0013,MID0020,2025/07/09,production_consumption,-12,production_run,PRUN_SID0013_MID0020_028
SMFEID3603,SID0015,MID0007,2025/07/09,production_consumption,-108,production_run,PRUN_SID0015_MID0007_028
SMFEID3604,SID0015,MID0020,2025/07/09,production_consumption,-98,production_run,PRUN_SID0015_MID0020_028
SMFEID3605,SID0015,MID0025,2025/07/09,production_consumption,-31,production_run,PRUN_SID0015_MID0025_013
SMFEID3606,SID0017,MID0004,2025/07/09,production_consumption,-32,production_run,PRUN_SID0017_MID0004_013
SMFEID3607,SID0018,MID0004,2025/07/09,production_consumption,-150,production_run,PRUN_SID0018_MID0004_028
SMFEID3608,SID0018,MID0020,2025/07/09,production_consumption,-25,production_run,PRUN_SID0018_MID0020_028
SMFEID3609,SID0018,MID0021,2025/07/09,production_consumption,-18,production_run,PRUN_SID0018_MID0021_013
SMFEID3610,SID0019,MID0010,2025/07/09,production_consumption,-32,production_run,PRUN_SID0019_MID0010_028
SMFEID3611,SID0019,MID0013,2025/07/09,production_consumption,-27,production_run,PRUN_SID0019_MID0013_013
SMFEID3612,SID0021,MID0001,2025/07/09,production_consumption,-58,production_run,PRUN_SID0021_MID0001_028
SMFEID3613,SID0021,MID0004,2025/07/09,production_consumption,-36,production_run,PRUN_SID0021_MID0004_028
SMFEID3614,SID0002,MID0001,2025/07/10,production_consumption,-26,production_run,PRUN_SID0002_MID0001_028
SMFEID3615,SID0002,MID0020,2025/07/10,production_consumption,-19,production_run,PRUN_SID0002_MID0020_013
SMFEID3616,SID0002,MID0025,2025/07/10,production_consumption,-3,production_run,PRUN_SID0002_MID0025_028
SMFEID3617,SID0004,MID0007,2025/07/10,production_consumption,-69,production_run,PRUN_SID0004_MID0007_028
SMFEID3618,SID0006,MID0010,2025/07/10,production_consumption,-43,production_run,PRUN_SID0006_MID0010_028
SMFEID3619,SID0006,MID0020,2025/07/10,production_consumption,-306,production_run,PRUN_SID0006_MID0020_028
SMFEID3620,SID0007,MID0017,2025/07/10,production_consumption,-80,production_run,PRUN_SID0007_MID0017_028
SMFEID3621,SID0007,MID0020,2025/07/10,production_consumption,-76,production_run,PRUN_SID0007_MID0020_028
SMFEID3622,SID0008,MID0022,2025/07/10,external_receipt,19,order,OID0475
SMFEID3623,SID0008,MID0022,2025/07/10,production_consumption,-16,production_run,PRUN_SID0008_MID0022_013
SMFEID3624,SID0011,MID0001,2025/07/10,production_consumption,-21,production_run,PRUN_SID0011_MID0001_028
SMFEID3625,SID0011,MID0007,2025/07/10,production_consumption,-115,production_run,PRUN_SID0011_MID0007_028
SMFEID3626,SID0011,MID0008,2025/07/10,production_consumption,-90,production_run,PRUN_SID0011_MID0008_028
SMFEID3627,SID0011,MID0020,2025/07/10,production_consumption,-130,production_run,PRUN_SID0011_MID0020_028
SMFEID3628,SID0011,MID0025,2025/07/10,production_consumption,-9,production_run,PRUN_SID0011_MID0025_028
SMFEID3629,SID0013,MID0016,2025/07/10,production_consumption,-64,production_run,PRUN_SID0013_MID0016_028
SMFEID3630,SID0013,MID0020,2025/07/10,production_consumption,-56,production_run,PRUN_SID0013_MID0020_028
SMFEID3631,SID0015,MID0007,2025/07/10,production_consumption,-148,production_run,PRUN_SID0015_MID0007_028
SMFEID3632,SID0015,MID0020,2025/07/10,production_consumption,-106,production_run,PRUN_SID0015_MID0020_028
SMFEID3633,SID0015,MID0025,2025/07/10,production_consumption,-22,production_run,PRUN_SID0015_MID0025_013
SMFEID3634,SID0017,MID0018,2025/07/10,production_consumption,-7,production_run,PRUN_SID0017_MID0018_007
SMFEID3635,SID0018,MID0004,2025/07/10,production_consumption,-187,production_run,PRUN_SID0018_MID0004_028
SMFEID3636,SID0018,MID0020,2025/07/10,production_consumption,-54,production_run,PRUN_SID0018_MID0020_028
SMFEID3637,SID0019,MID0010,2025/07/10,production_consumption,-42,production_run,PRUN_SID0019_MID0010_028
SMFEID3638,SID0019,MID0013,2025/07/10,production_consumption,-46,production_run,PRUN_SID0019_MID0013_013
SMFEID3639,SID0019,MID0015,2025/07/10,production_consumption,-20,production_run,PRUN_SID0019_MID0015_013
SMFEID3640,SID0021,MID0001,2025/07/10,production_consumption,-1,production_run,PRUN_SID0021_MID0001_028
SMFEID3641,SID0021,MID0004,2025/07/10,production_consumption,-59,production_run,PRUN_SID0021_MID0004_028
SMFEID3642,SID0021,MID0005,2025/07/10,external_receipt,55,order,OID0467
SMFEID3643,SID0021,MID0018,2025/07/10,production_consumption,-6,production_run,PRUN_SID0021_MID0018_013
SMFEID3644,SID0002,MID0001,2025/07/11,production_consumption,-16,production_run,PRUN_SID0002_MID0001_028
SMFEID3645,SID0002,MID0025,2025/07/11,production_consumption,-8,production_run,PRUN_SID0002_MID0025_028
SMFEID3646,SID0006,MID0010,2025/07/11,production_consumption,-14,production_run,PRUN_SID0006_MID0010_028
SMFEID3647,SID0006,MID0020,2025/07/11,production_consumption,-22,production_run,PRUN_SID0006_MID0020_028
SMFEID3648,SID0008,MID0012,2025/07/11,production_consumption,-7,production_run,PRUN_SID0008_MID0012_007
SMFEID3649,SID0011,MID0001,2025/07/11,production_consumption,-28,production_run,PRUN_SID0011_MID0001_028
SMFEID3650,SID0011,MID0007,2025/07/11,production_consumption,-64,production_run,PRUN_SID0011_MID0007_028
SMFEID3651,SID0011,MID0008,2025/07/11,production_consumption,-77,production_run,PRUN_SID0011_MID0008_028
SMFEID3652,SID0011,MID0025,2025/07/11,production_consumption,-13,production_run,PRUN_SID0011_MID0025_028
SMFEID3653,SID0013,MID0016,2025/07/11,production_consumption,-23,production_run,PRUN_SID0013_MID0016_028
SMFEID3654,SID0013,MID0020,2025/07/11,production_consumption,-121,production_run,PRUN_SID0013_MID0020_028
SMFEID3655,SID0015,MID0007,2025/07/11,production_consumption,-97,production_run,PRUN_SID0015_MID0007_028
SMFEID3656,SID0015,MID0020,2025/07/11,production_consumption,-99,production_run,PRUN_SID0015_MID0020_028
SMFEID3657,SID0015,MID0025,2025/07/11,production_consumption,-15,production_run,PRUN_SID0015_MID0025_013
SMFEID3658,SID0017,MID0018,2025/07/11,production_consumption,-3,production_run,PRUN_SID0017_MID0018_007
SMFEID3659,SID0018,MID0002,2025/07/11,production_consumption,-19,production_run,PRUN_SID0018_MID0002_007
SMFEID3660,SID0018,MID0004,2025/07/11,production_consumption,-39,production_run,PRUN_SID0018_MID0004_028
SMFEID3661,SID0019,MID0015,2025/07/11,production_consumption,-104,production_run,PRUN_SID0019_MID0015_013
SMFEID3662,SID0020,MID0017,2025/07/11,external_receipt,255,order,OID0462
SMFEID3663,SID0021,MID0018,2025/07/11,production_consumption,-16,production_run,PRUN_SID0021_MID0018_013
SMFEID3664,SID0004,MID0020,2025/07/12,external_receipt,81,order,OID0496
SMFEID3665,SID0006,MID0020,2025/07/12,external_receipt,1253,order,OID0481
SMFEID3666,SID0011,MID0001,2025/07/12,external_receipt,219,order,OID0492
SMFEID3667,SID0011,MID0025,2025/07/12,external_receipt,91,order,OID0502
SMFEID3668,SID0018,MID0008,2025/07/12,external_receipt,73,order,OID0488
SMFEID3669,SID0008,MID0023,2025/07/13,external_receipt,37,order,OID0474
SMFEID3670,SID0002,MID0001,2025/07/14,production_consumption,-34,production_run,PRUN_SID0002_MID0001_029
SMFEID3671,SID0002,MID0025,2025/07/14,production_consumption,-17,production_run,PRUN_SID0002_MID0025_029
SMFEID3672,SID0006,MID0010,2025/07/14,production_consumption,-94,production_run,PRUN_SID0006_MID0010_029
SMFEID3673,SID0006,MID0020,2025/07/14,production_consumption,-83,production_run,PRUN_SID0006_MID0020_029
SMFEID3674,SID0008,MID0012,2025/07/14,production_consumption,-14,production_run,PRUN_SID0008_MID0012_007
SMFEID3675,SID0008,MID0022,2025/07/14,external_receipt,81,order,OID0476
SMFEID3676,SID0011,MID0007,2025/07/14,production_consumption,-29,production_run,PRUN_SID0011_MID0007_029
SMFEID3677,SID0011,MID0020,2025/07/14,production_consumption,-160,production_run,PRUN_SID0011_MID0020_029
SMFEID3678,SID0015,MID0007,2025/07/14,production_consumption,-138,production_run,PRUN_SID0015_MID0007_029
SMFEID3679,SID0015,MID0025,2025/07/14,production_consumption,-40,production_run,PRUN_SID0015_MID0025_013
SMFEID3680,SID0017,MID0018,2025/07/14,production_consumption,-7,production_run,PRUN_SID0017_MID0018_007
SMFEID3681,SID0018,MID0002,2025/07/14,production_consumption,-14,production_run,PRUN_SID0018_MID0002_007
SMFEID3682,SID0018,MID0004,2025/07/14,production_consumption,-75,production_run,PRUN_SID0018_MID0004_029
SMFEID3683,SID0018,MID0020,2025/07/14,production_consumption,-124,production_run,PRUN_SID0018_MID0020_029
SMFEID3684,SID0019,MID0010,2025/07/14,production_consumption,-10,production_run,PRUN_SID0019_MID0010_029
SMFEID3685,SID0021,MID0001,2025/07/14,production_consumption,-24,production_run,PRUN_SID0021_MID0001_029
SMFEID3686,SID0021,MID0005,2025/07/14,production_consumption,-14,production_run,PRUN_SID0021_MID0005_013
SMFEID3687,SID0021,MID0018,2025/07/14,production_consumption,-25,production_run,PRUN_SID0021_MID0018_013
SMFEID3688,SID0002,MID0001,2025/07/15,production_consumption,-2,production_run,PRUN_SID0002_MID0001_029
SMFEID3689,SID0002,MID0025,2025/07/15,production_consumption,-14,production_run,PRUN_SID0002_MID0025_029
SMFEID3690,SID0004,MID0007,2025/07/15,production_consumption,-50,production_run,PRUN_SID0004_MID0007_029
SMFEID3691,SID0004,MID0020,2025/07/15,production_consumption,-24,production_run,PRUN_SID0004_MID0020_029
SMFEID3692,SID0006,MID0010,2025/07/15,production_consumption,-49,production_run,PRUN_SID0006_MID0010_029
SMFEID3693,SID0006,MID0020,2025/07/15,production_consumption,-53,production_run,PRUN_SID0006_MID0020_029
SMFEID3694,SID0007,MID0017,2025/07/15,external_receipt,897,order,OID0507
SMFEID3695,SID0007,MID0017,2025/07/15,production_consumption,-176,production_run,PRUN_SID0007_MID0017_029
SMFEID3696,SID0007,MID0020,2025/07/15,external_receipt,869,order,OID0489
SMFEID3697,SID0008,MID0012,2025/07/15,production_consumption,-5,production_run,PRUN_SID0008_MID0012_007
SMFEID3698,SID0011,MID0001,2025/07/15,production_consumption,-11,production_run,PRUN_SID0011_MID0001_029
SMFEID3699,SID0011,MID0007,2025/07/15,production_consumption,-7,production_run,PRUN_SID0011_MID0007_029
SMFEID3700,SID0011,MID0020,2025/07/15,production_consumption,-76,production_run,PRUN_SID0011_MID0020_029
SMFEID3701,SID0013,MID0016,2025/07/15,production_consumption,-38,production_run,PRUN_SID0013_MID0016_029
SMFEID3702,SID0015,MID0007,2025/07/15,production_consumption,-184,production_run,PRUN_SID0015_MID0007_029
SMFEID3703,SID0015,MID0020,2025/07/15,production_consumption,-244,production_run,PRUN_SID0015_MID0020_029
SMFEID3704,SID0017,MID0018,2025/07/15,production_consumption,-7,production_run,PRUN_SID0017_MID0018_007
SMFEID3705,SID0018,MID0002,2025/07/15,production_consumption,-10,production_run,PRUN_SID0018_MID0002_007
SMFEID3706,SID0018,MID0004,2025/07/15,production_consumption,-254,production_run,PRUN_SID0018_MID0004_029
SMFEID3707,SID0018,MID0020,2025/07/15,production_consumption,-305,production_run,PRUN_SID0018_MID0020_029
SMFEID3708,SID0019,MID0010,2025/07/15,production_consumption,-38,production_run,PRUN_SID0019_MID0010_029
SMFEID3709,SID0019,MID0016,2025/07/15,production_consumption,-27,production_run,PRUN_SID0019_MID0016_029
SMFEID3710,SID0021,MID0001,2025/07/15,production_consumption,-55,production_run,PRUN_SID0021_MID0001_029
SMFEID3711,SID0021,MID0005,2025/07/15,production_consumption,-109,production_run,PRUN_SID0021_MID0005_013
SMFEID3712,SID0002,MID0001,2025/07/16,production_consumption,-24,production_run,PRUN_SID0002_MID0001_029
SMFEID3713,SID0002,MID0025,2025/07/16,production_consumption,-6,production_run,PRUN_SID0002_MID0025_029
SMFEID3714,SID0004,MID0007,2025/07/16,production_consumption,-97,production_run,PRUN_SID0004_MID0007_029
SMFEID3715,SID0004,MID0020,2025/07/16,production_consumption,-45,production_run,PRUN_SID0004_MID0020_029
SMFEID3716,SID0006,MID0010,2025/07/16,production_consumption,-7,production_run,PRUN_SID0006_MID0010_029
SMFEID3717,SID0006,MID0020,2025/07/16,production_consumption,-51,production_run,PRUN_SID0006_MID0020_029
SMFEID3718,SID0007,MID0017,2025/07/16,production_consumption,-135,production_run,PRUN_SID0007_MID0017_029
SMFEID3719,SID0007,MID0020,2025/07/16,production_consumption,-65,production_run,PRUN_SID0007_MID0020_029
SMFEID3720,SID0008,MID0012,2025/07/16,production_consumption,-9,production_run,PRUN_SID0008_MID0012_007
SMFEID3721,SID0011,MID0001,2025/07/16,production_consumption,-37,production_run,PRUN_SID0011_MID0001_029
SMFEID3722,SID0011,MID0007,2025/07/16,production_consumption,-74,production_run,PRUN_SID0011_MID0007_029
SMFEID3723,SID0011,MID0008,2025/07/16,production_consumption,-175,production_run,PRUN_SID0011_MID0008_029
SMFEID3724,SID0011,MID0020,2025/07/16,production_consumption,-90,production_run,PRUN_SID0011_MID0020_029
SMFEID3725,SID0011,MID0025,2025/07/16,production_consumption,-67,production_run,PRUN_SID0011_MID0025_029
SMFEID3726,SID0013,MID0016,2025/07/16,production_consumption,-44,production_run,PRUN_SID0013_MID0016_029
SMFEID3727,SID0013,MID0020,2025/07/16,external_receipt,344,order,OID0516
SMFEID3728,SID0013,MID0020,2025/07/16,production_consumption,-156,production_run,PRUN_SID0013_MID0020_029
SMFEID3729,SID0015,MID0007,2025/07/16,production_consumption,-15,production_run,PRUN_SID0015_MID0007_029
SMFEID3730,SID0015,MID0020,2025/07/16,production_consumption,-39,production_run,PRUN_SID0015_MID0020_029
SMFEID3731,SID0017,MID0018,2025/07/16,production_consumption,-5,production_run,PRUN_SID0017_MID0018_007
SMFEID3732,SID0018,MID0002,2025/07/16,production_consumption,-3,production_run,PRUN_SID0018_MID0002_007
SMFEID3733,SID0018,MID0007,2025/07/16,production_consumption,-6,production_run,PRUN_SID0018_MID0007_029
SMFEID3734,SID0019,MID0010,2025/07/16,production_consumption,-17,production_run,PRUN_SID0019_MID0010_029
SMFEID3735,SID0019,MID0016,2025/07/16,production_consumption,-27,production_run,PRUN_SID0019_MID0016_029
SMFEID3736,SID0021,MID0001,2025/07/16,production_consumption,-48,production_run,PRUN_SID0021_MID0001_029
SMFEID3737,SID0021,MID0004,2025/07/16,production_consumption,-78,production_run,PRUN_SID0021_MID0004_029
SMFEID3738,SID0002,MID0001,2025/07/17,production_consumption,-17,production_run,PRUN_SID0002_MID0001_029
SMFEID3739,SID0002,MID0025,2025/07/17,production_consumption,-23,production_run,PRUN_SID0002_MID0025_029
SMFEID3740,SID0004,MID0007,2025/07/17,external_receipt,526,order,OID0490
SMFEID3741,SID0004,MID0020,2025/07/17,production_consumption,-5,production_run,PRUN_SID0004_MID0020_029
SMFEID3742,SID0006,MID0020,2025/07/17,production_consumption,-38,production_run,PRUN_SID0006_MID0020_029
SMFEID3743,SID0007,MID0017,2025/07/17,production_consumption,-29,production_run,PRUN_SID0007_MID0017_029
SMFEID3744,SID0007,MID0020,2025/07/17,production_consumption,-422,production_run,PRUN_SID0007_MID0020_029
SMFEID3745,SID0011,MID0001,2025/07/17,production_consumption,-35,production_run,PRUN_SID0011_MID0001_029
SMFEID3746,SID0011,MID0007,2025/07/17,external_receipt,356,order,OID0511
SMFEID3747,SID0011,MID0007,2025/07/17,production_consumption,-70,production_run,PRUN_SID0011_MID0007_029
SMFEID3748,SID0011,MID0008,2025/07/17,production_consumption,-124,production_run,PRUN_SID0011_MID0008_029
SMFEID3749,SID0011,MID0020,2025/07/17,production_consumption,-146,production_run,PRUN_SID0011_MID0020_029
SMFEID3750,SID0011,MID0025,2025/07/17,production_consumption,-11,production_run,PRUN_SID0011_MID0025_029
SMFEID3751,SID0013,MID0016,2025/07/17,production_consumption,-95,production_run,PRUN_SID0013_MID0016_029
SMFEID3752,SID0013,MID0020,2025/07/17,production_consumption,-83,production_run,PRUN_SID0013_MID0020_029
SMFEID3753,SID0015,MID0007,2025/07/17,production_consumption,-9,production_run,PRUN_SID0015_MID0007_029
SMFEID3754,SID0015,MID0020,2025/07/17,production_consumption,-51,production_run,PRUN_SID0015_MID0020_029
SMFEID3755,SID0017,MID0005,2025/07/17,external_receipt,55,order,OID0512
SMFEID3756,SID0018,MID0002,2025/07/17,production_consumption,-6,production_run,PRUN_SID0018_MID0002_007
SMFEID3757,SID0018,MID0007,2025/07/17,production_consumption,-35,production_run,PRUN_SID0018_MID0007_029
SMFEID3758,SID0019,MID0010,2025/07/17,production_consumption,-25,production_run,PRUN_SID0019_MID0010_029
SMFEID3759,SID0019,MID0013,2025/07/17,external_receipt,71,order,OID0513
SMFEID3760,SID0019,MID0016,2025/07/17,production_consumption,-17,production_run,PRUN_SID0019_MID0016_029
SMFEID3761,SID0021,MID0001,2025/07/17,external_receipt,495,order,OID0477
SMFEID3762,SID0021,MID0004,2025/07/17,production_consumption,-20,production_run,PRUN_SID0021_MID0004_029
SMFEID3763,SID0002,MID0001,2025/07/18,production_consumption,-5,production_run,PRUN_SID0002_MID0001_029
SMFEID3764,SID0002,MID0020,2025/07/18,production_consumption,-31,production_run,PRUN_SID0002_MID0020_014
SMFEID3765,SID0006,MID0020,2025/07/18,production_consumption,-75,production_run,PRUN_SID0006_MID0020_029
SMFEID3766,SID0011,MID0008,2025/07/18,production_consumption,-57,production_run,PRUN_SID0011_MID0008_029
SMFEID3767,SID0011,MID0020,2025/07/18,external_receipt,813,order,OID0508
SMFEID3768,SID0015,MID0007,2025/07/18,production_consumption,-187,production_run,PRUN_SID0015_MID0007_029
SMFEID3769,SID0015,MID0020,2025/07/18,production_consumption,-54,production_run,PRUN_SID0015_MID0020_029
SMFEID3770,SID0018,MID0007,2025/07/18,production_consumption,-66,production_run,PRUN_SID0018_MID0007_029
SMFEID3771,SID0019,MID0010,2025/07/18,production_consumption,-25,production_run,PRUN_SID0019_MID0010_029
SMFEID3772,SID0019,MID0013,2025/07/18,production_consumption,-7,production_run,PRUN_SID0019_MID0013_014
SMFEID3773,SID0019,MID0016,2025/07/18,production_consumption,-60,production_run,PRUN_SID0019_MID0016_029
SMFEID3774,SID0021,MID0004,2025/07/18,production_consumption,-68,production_run,PRUN_SID0021_MID0004_029
SMFEID3775,SID0021,MID0018,2025/07/18,production_consumption,-14,production_run,PRUN_SID0021_MID0018_014
SMFEID3776,SID0002,MID0020,2025/07/19,external_receipt,180,order,OID0503
SMFEID3777,SID0011,MID0008,2025/07/19,external_receipt,1152,order,OID0493
SMFEID3778,SID0019,MID0013,2025/07/19,external_receipt,71,order,OID0497
SMFEID3779,SID0019,MID0015,2025/07/19,external_receipt,122,order,OID0514
SMFEID3780,SID0002,MID0001,2025/07/21,production_consumption,-17,production_run,PRUN_SID0002_MID0001_030
SMFEID3781,SID0002,MID0020,2025/07/21,production_consumption,-39,production_run,PRUN_SID0002_MID0020_014
SMFEID3782,SID0002,MID0025,2025/07/21,external_receipt,182,order,OID0504
SMFEID3783,SID0002,MID0025,2025/07/21,production_consumption,-22,production_run,PRUN_SID0002_MID0025_030
SMFEID3784,SID0004,MID0007,2025/07/21,production_consumption,-21,production_run,PRUN_SID0004_MID0007_030
SMFEID3785,SID0004,MID0020,2025/07/21,external_receipt,162,order,OID0520
SMFEID3786,SID0006,MID0010,2025/07/21,production_consumption,-21,production_run,PRUN_SID0006_MID0010_030
SMFEID3787,SID0006,MID0020,2025/07/21,production_consumption,-190,production_run,PRUN_SID0006_MID0020_030
SMFEID3788,SID0007,MID0020,2025/07/21,production_consumption,-94,production_run,PRUN_SID0007_MID0020_030
SMFEID3789,SID0011,MID0007,2025/07/21,production_consumption,-59,production_run,PRUN_SID0011_MID0007_030
SMFEID3790,SID0011,MID0025,2025/07/21,production_consumption,-28,production_run,PRUN_SID0011_MID0025_030
SMFEID3791,SID0013,MID0016,2025/07/21,external_receipt,182,order,OID0509
SMFEID3792,SID0013,MID0016,2025/07/21,production_consumption,-43,production_run,PRUN_SID0013_MID0016_030
SMFEID3793,SID0018,MID0004,2025/07/21,production_consumption,-123,production_run,PRUN_SID0018_MID0004_030
SMFEID3794,SID0018,MID0007,2025/07/21,production_consumption,-26,production_run,PRUN_SID0018_MID0007_030
SMFEID3795,SID0018,MID0020,2025/07/21,external_receipt,1085,order,OID0482
SMFEID3796,SID0018,MID0020,2025/07/21,production_consumption,-94,production_run,PRUN_SID0018_MID0020_030
SMFEID3797,SID0018,MID0021,2025/07/21,production_consumption,-13,production_run,PRUN_SID0018_MID0021_014
SMFEID3798,SID0019,MID0010,2025/07/21,external_receipt,396,order,OID0494
SMFEID3799,SID0019,MID0010,2025/07/21,production_consumption,-79,production_run,PRUN_SID0019_MID0010_030
SMFEID3800,SID0019,MID0013,2025/07/21,production_consumption,-20,production_run,PRUN_SID0019_MID0013_014
SMFEID3801,SID0019,MID0015,2025/07/21,production_consumption,-32,production_run,PRUN_SID0019_MID0015_014
SMFEID3802,SID0019,MID0016,2025/07/21,production_consumption,-24,production_run,PRUN_SID0019_MID0016_030
SMFEID3803,SID0020,MID0017,2025/07/21,production_consumption,-135,production_run,PRUN_SID0020_MID0017_014
SMFEID3804,SID0021,MID0001,2025/07/21,production_consumption,-79,production_run,PRUN_SID0021_MID0001_030
SMFEID3805,SID0021,MID0004,2025/07/21,production_consumption,-61,production_run,PRUN_SID0021_MID0004_030
SMFEID3806,SID0021,MID0018,2025/07/21,production_consumption,-15,production_run,PRUN_SID0021_MID0018_014
SMFEID3807,SID0002,MID0001,2025/07/22,production_consumption,-47,production_run,PRUN_SID0002_MID0001_030
SMFEID3808,SID0002,MID0020,2025/07/22,production_consumption,-37,production_run,PRUN_SID0002_MID0020_014
SMFEID3809,SID0002,MID0025,2025/07/22,production_consumption,-2,production_run,PRUN_SID0002_MID0025_030
SMFEID3810,SID0004,MID0007,2025/07/22,production_consumption,-51,production_run,PRUN_SID0004_MID0007_030
SMFEID3811,SID0004,MID0020,2025/07/22,production_consumption,-40,production_run,PRUN_SID0004_MID0020_030
SMFEID3812,SID0006,MID0010,2025/07/22,production_consumption,-11,production_run,PRUN_SID0006_MID0010_030
SMFEID3813,SID0006,MID0020,2025/07/22,production_consumption,-133,production_run,PRUN_SID0006_MID0020_030
SMFEID3814,SID0007,MID0020,2025/07/22,production_consumption,-142,production_run,PRUN_SID0007_MID0020_030
SMFEID3815,SID0008,MID0022,2025/07/22,production_consumption,-7,production_run,PRUN_SID0008_MID0022_014
SMFEID3816,SID0011,MID0007,2025/07/22,production_consumption,-10,production_run,PRUN_SID0011_MID0007_030
SMFEID3817,SID0011,MID0020,2025/07/22,production_consumption,-112,production_run,PRUN_SID0011_MID0020_030
SMFEID3818,SID0011,MID0025,2025/07/22,production_consumption,-33,production_run,PRUN_SID0011_MID0025_030
SMFEID3819,SID0013,MID0016,2025/07/22,production_consumption,-106,production_run,PRUN_SID0013_MID0016_030
SMFEID3820,SID0013,MID0020,2025/07/22,production_consumption,-3,production_run,PRUN_SID0013_MID0020_030
SMFEID3821,SID0015,MID0007,2025/07/22,production_consumption,-428,production_run,PRUN_SID0015_MID0007_030
SMFEID3822,SID0015,MID0025,2025/07/22,production_consumption,-43,production_run,PRUN_SID0015_MID0025_014
SMFEID3823,SID0018,MID0004,2025/07/22,production_consumption,-17,production_run,PRUN_SID0018_MID0004_030
SMFEID3824,SID0018,MID0007,2025/07/22,production_consumption,-5,production_run,PRUN_SID0018_MID0007_030
SMFEID3825,SID0018,MID0008,2025/07/22,production_consumption,-12,production_run,PRUN_SID0018_MID0008_014
SMFEID3826,SID0018,MID0020,2025/07/22,production_consumption,-22,production_run,PRUN_SID0018_MID0020_030
SMFEID3827,SID0018,MID0021,2025/07/22,production_consumption,-30,production_run,PRUN_SID0018_MID0021_014
SMFEID3828,SID0019,MID0010,2025/07/22,production_consumption,-11,production_run,PRUN_SID0019_MID0010_030
SMFEID3829,SID0019,MID0013,2025/07/22,production_consumption,-34,production_run,PRUN_SID0019_MID0013_014
SMFEID3830,SID0019,MID0015,2025/07/22,production_consumption,-45,production_run,PRUN_SID0019_MID0015_014
SMFEID3831,SID0019,MID0016,2025/07/22,production_consumption,-29,production_run,PRUN_SID0019_MID0016_030
SMFEID3832,SID0020,MID0003,2025/07/22,production_consumption,-20,production_run,PRUN_SID0020_MID0003_007
SMFEID3833,SID0020,MID0017,2025/07/22,production_consumption,-56,production_run,PRUN_SID0020_MID0017_014
SMFEID3834,SID0021,MID0001,2025/07/22,production_consumption,-68,production_run,PRUN_SID0021_MID0001_030
SMFEID3835,SID0021,MID0004,2025/07/22,production_consumption,-24,production_run,PRUN_SID0021_MID0004_030
SMFEID3836,SID0021,MID0005,2025/07/22,production_consumption,-63,production_run,PRUN_SID0021_MID0005_014
SMFEID3837,SID0021,MID0018,2025/07/22,production_consumption,-13,production_run,PRUN_SID0021_MID0018_014
SMFEID3838,SID0002,MID0001,2025/07/23,production_consumption,-15,production_run,PRUN_SID0002_MID0001_030
SMFEID3839,SID0002,MID0020,2025/07/23,production_consumption,-27,production_run,PRUN_SID0002_MID0020_014
SMFEID3840,SID0002,MID0025,2025/07/23,production_consumption,-17,production_run,PRUN_SID0002_MID0025_030
SMFEID3841,SID0004,MID0007,2025/07/23,production_consumption,-15,production_run,PRUN_SID0004_MID0007_030
SMFEID3842,SID0004,MID0020,2025/07/23,production_consumption,-26,production_run,PRUN_SID0004_MID0020_030
SMFEID3843,SID0006,MID0010,2025/07/23,production_consumption,-91,production_run,PRUN_SID0006_MID0010_030
SMFEID3844,SID0006,MID0020,2025/07/23,production_consumption,-38,production_run,PRUN_SID0006_MID0020_030
SMFEID3845,SID0007,MID0017,2025/07/23,production_consumption,-247,production_run,PRUN_SID0007_MID0017_030
SMFEID3846,SID0007,MID0020,2025/07/23,external_receipt,887,order,OID0523
SMFEID3847,SID0007,MID0020,2025/07/23,production_consumption,-90,production_run,PRUN_SID0007_MID0020_030
SMFEID3848,SID0008,MID0022,2025/07/23,production_consumption,-22,production_run,PRUN_SID0008_MID0022_014
SMFEID3849,SID0008,MID0023,2025/07/23,production_consumption,-12,production_run,PRUN_SID0008_MID0023_007
SMFEID3850,SID0011,MID0007,2025/07/23,production_consumption,-119,production_run,PRUN_SID0011_MID0007_030
SMFEID3851,SID0011,MID0008,2025/07/23,production_consumption,-15,production_run,PRUN_SID0011_MID0008_030
SMFEID3852,SID0011,MID0020,2025/07/23,production_consumption,-174,production_run,PRUN_SID0011_MID0020_030
SMFEID3853,SID0011,MID0025,2025/07/23,external_receipt,182,order,OID0524
SMFEID3854,SID0011,MID0025,2025/07/23,production_consumption,-29,production_run,PRUN_SID0011_MID0025_030
SMFEID3855,SID0013,MID0016,2025/07/23,external_receipt,182,order,OID0510
SMFEID3856,SID0013,MID0016,2025/07/23,production_consumption,-20,production_run,PRUN_SID0013_MID0016_030
SMFEID3857,SID0013,MID0020,2025/07/23,production_consumption,-93,production_run,PRUN_SID0013_MID0020_030
SMFEID3858,SID0015,MID0007,2025/07/23,production_consumption,-61,production_run,PRUN_SID0015_MID0007_030
SMFEID3859,SID0015,MID0025,2025/07/23,production_consumption,-59,production_run,PRUN_SID0015_MID0025_014
SMFEID3860,SID0017,MID0001,2025/07/23,external_receipt,137,order,OID0495
SMFEID3861,SID0017,MID0001,2025/07/23,production_consumption,-6,production_run,PRUN_SID0017_MID0001_014
SMFEID3862,SID0017,MID0004,2025/07/23,external_receipt,162,order,OID0483
SMFEID3863,SID0018,MID0004,2025/07/23,production_consumption,-49,production_run,PRUN_SID0018_MID0004_030
SMFEID3864,SID0018,MID0007,2025/07/23,production_consumption,-27,production_run,PRUN_SID0018_MID0007_030
SMFEID3865,SID0018,MID0008,2025/07/23,production_consumption,-27,production_run,PRUN_SID0018_MID0008_014
SMFEID3866,SID0018,MID0020,2025/07/23,production_consumption,-79,production_run,PRUN_SID0018_MID0020_030
SMFEID3867,SID0018,MID0021,2025/07/23,production_consumption,-26,production_run,PRUN_SID0018_MID0021_014
SMFEID3868,SID0019,MID0010,2025/07/23,production_consumption,-21,production_run,PRUN_SID0019_MID0010_030
SMFEID3869,SID0019,MID0013,2025/07/23,production_consumption,-28,production_run,PRUN_SID0019_MID0013_014
SMFEID3870,SID0019,MID0015,2025/07/23,production_consumption,-21,production_run,PRUN_SID0019_MID0015_014
SMFEID3871,SID0019,MID0016,2025/07/23,production_consumption,-15,production_run,PRUN_SID0019_MID0016_030
SMFEID3872,SID0020,MID0003,2025/07/23,production_consumption,-5,production_run,PRUN_SID0020_MID0003_007
SMFEID3873,SID0021,MID0004,2025/07/23,production_consumption,-4,production_run,PRUN_SID0021_MID0004_030
SMFEID3874,SID0021,MID0005,2025/07/23,production_consumption,-70,production_run,PRUN_SID0021_MID0005_014
SMFEID3875,SID0021,MID0018,2025/07/23,production_consumption,-19,production_run,PRUN_SID0021_MID0018_014
SMFEID3876,SID0002,MID0025,2025/07/24,production_consumption,-15,production_run,PRUN_SID0002_MID0025_030
SMFEID3877,SID0004,MID0007,2025/07/24,production_consumption,-52,production_run,PRUN_SID0004_MID0007_030
SMFEID3878,SID0004,MID0020,2025/07/24,production_consumption,-16,production_run,PRUN_SID0004_MID0020_030
SMFEID3879,SID0007,MID0017,2025/07/24,production_consumption,-100,production_run,PRUN_SID0007_MID0017_030
SMFEID3880,SID0007,MID0020,2025/07/24,production_consumption,-106,production_run,PRUN_SID0007_MID0020_030
SMFEID3881,SID0008,MID0022,2025/07/24,production_consumption,-13,production_run,PRUN_SID0008_MID0022_014
SMFEID3882,SID0008,MID0023,2025/07/24,production_consumption,-24,production_run,PRUN_SID0008_MID0023_007
SMFEID3883,SID0011,MID0001,2025/07/24,production_consumption,-44,production_run,PRUN_SID0011_MID0001_030
SMFEID3884,SID0011,MID0007,2025/07/24,production_consumption,-16,production_run,PRUN_SID0011_MID0007_030
SMFEID3885,SID0011,MID0008,2025/07/24,production_consumption,-77,production_run,PRUN_SID0011_MID0008_030
SMFEID3886,SID0011,MID0020,2025/07/24,production_consumption,-188,production_run,PRUN_SID0011_MID0020_030
SMFEID3887,SID0013,MID0016,2025/07/24,production_consumption,-26,production_run,PRUN_SID0013_MID0016_030
SMFEID3888,SID0013,MID0020,2025/07/24,production_consumption,-111,production_run,PRUN_SID0013_MID0020_030
SMFEID3889,SID0015,MID0020,2025/07/24,production_consumption,-269,production_run,PRUN_SID0015_MID0020_030
SMFEID3890,SID0015,MID0025,2025/07/24,production_consumption,-5,production_run,PRUN_SID0015_MID0025_014
SMFEID3891,SID0017,MID0001,2025/07/24,production_consumption,-18,production_run,PRUN_SID0017_MID0001_014
SMFEID3892,SID0018,MID0004,2025/07/24,external_receipt,1273,order,OID0486
SMFEID3893,SID0018,MID0004,2025/07/24,production_consumption,-2,production_run,PRUN_SID0018_MID0004_030
SMFEID3894,SID0018,MID0007,2025/07/24,production_consumption,-22,production_run,PRUN_SID0018_MID0007_030
SMFEID3895,SID0018,MID0008,2025/07/24,production_consumption,-14,production_run,PRUN_SID0018_MID0008_014
SMFEID3896,SID0018,MID0020,2025/07/24,production_consumption,-174,production_run,PRUN_SID0018_MID0020_030
SMFEID3897,SID0018,MID0021,2025/07/24,production_consumption,-13,production_run,PRUN_SID0018_MID0021_014
SMFEID3898,SID0019,MID0010,2025/07/24,production_consumption,-15,production_run,PRUN_SID0019_MID0010_030
SMFEID3899,SID0019,MID0013,2025/07/24,production_consumption,-17,production_run,PRUN_SID0019_MID0013_014
SMFEID3900,SID0019,MID0015,2025/07/24,production_consumption,-35,production_run,PRUN_SID0019_MID0015_014
SMFEID3901,SID0019,MID0016,2025/07/24,production_consumption,-24,production_run,PRUN_SID0019_MID0016_030
SMFEID3902,SID0020,MID0003,2025/07/24,production_consumption,-8,production_run,PRUN_SID0020_MID0003_007
SMFEID3903,SID0021,MID0004,2025/07/24,external_receipt,354,order,OID0525
SMFEID3904,SID0021,MID0004,2025/07/24,production_consumption,-13,production_run,PRUN_SID0021_MID0004_030
SMFEID3905,SID0002,MID0025,2025/07/25,production_consumption,-17,production_run,PRUN_SID0002_MID0025_030
SMFEID3906,SID0006,MID0010,2025/07/25,external_receipt,172,order,OID0519
SMFEID3907,SID0007,MID0020,2025/07/25,production_consumption,-56,production_run,PRUN_SID0007_MID0020_030
SMFEID3908,SID0008,MID0022,2025/07/25,production_consumption,-4,production_run,PRUN_SID0008_MID0022_014
SMFEID3909,SID0008,MID0023,2025/07/25,production_consumption,-5,production_run,PRUN_SID0008_MID0023_007
SMFEID3910,SID0011,MID0001,2025/07/25,production_consumption,-48,production_run,PRUN_SID0011_MID0001_030
SMFEID3911,SID0011,MID0008,2025/07/25,production_consumption,-227,production_run,PRUN_SID0011_MID0008_030
SMFEID3912,SID0015,MID0020,2025/07/25,production_consumption,-109,production_run,PRUN_SID0015_MID0020_030
SMFEID3913,SID0015,MID0025,2025/07/25,external_receipt,182,order,OID0498
SMFEID3914,SID0017,MID0001,2025/07/25,production_consumption,-8,production_run,PRUN_SID0017_MID0001_014
SMFEID3915,SID0017,MID0004,2025/07/25,production_consumption,-5,production_run,PRUN_SID0017_MID0004_014
SMFEID3916,SID0018,MID0004,2025/07/25,production_consumption,-129,production_run,PRUN_SID0018_MID0004_030
SMFEID3917,SID0018,MID0007,2025/07/25,production_consumption,-26,production_run,PRUN_SID0018_MID0007_030
SMFEID3918,SID0018,MID0008,2025/07/25,production_consumption,-37,production_run,PRUN_SID0018_MID0008_014
SMFEID3919,SID0019,MID0016,2025/07/25,production_consumption,-36,production_run,PRUN_SID0019_MID0016_030
SMFEID3920,SID0020,MID0003,2025/07/25,production_consumption,-18,production_run,PRUN_SID0020_MID0003_007
SMFEID3921,SID0021,MID0004,2025/07/25,production_consumption,-54,production_run,PRUN_SID0021_MID0004_030
SMFEID3922,SID0021,MID0018,2025/07/25,external_receipt,91,order,OID0515
SMFEID3923,SID0006,MID0010,2025/07/26,external_receipt,172,order,OID0539
SMFEID3924,SID0008,MID0012,2025/07/26,external_receipt,56,order,OID0499
SMFEID3925,SID0011,MID0020,2025/07/27,external_receipt,813,order,OID0530
SMFEID3926,SID0018,MID0007,2025/07/27,external_receipt,76,order,OID0517
SMFEID3927,SID0019,MID0015,2025/07/27,external_receipt,61,order,OID0531
SMFEID3928,SID0020,MID0014,2025/07/27,external_receipt,194,order,OID0505
SMFEID3929,SID0002,MID0001,2025/07/28,production_consumption,-20,production_run,PRUN_SID0002_MID0001_031
SMFEID3930,SID0004,MID0007,2025/07/28,production_consumption,-45,production_run,PRUN_SID0004_MID0007_031
SMFEID3931,SID0004,MID0020,2025/07/28,production_consumption,-10,production_run,PRUN_SID0004_MID0020_031
SMFEID3932,SID0006,MID0010,2025/07/28,external_receipt,172,order,OID0540
SMFEID3933,SID0006,MID0010,2025/07/28,production_consumption,-7,production_run,PRUN_SID0006_MID0010_031
SMFEID3934,SID0006,MID0020,2025/07/28,production_consumption,-80,production_run,PRUN_SID0006_MID0020_031
SMFEID3935,SID0007,MID0017,2025/07/28,production_consumption,-81,production_run,PRUN_SID0007_MID0017_031
SMFEID3936,SID0007,MID0020,2025/07/28,production_consumption,-188,production_run,PRUN_SID0007_MID0020_031
SMFEID3937,SID0008,MID0022,2025/07/28,production_consumption,-5,production_run,PRUN_SID0008_MID0022_014
SMFEID3938,SID0011,MID0001,2025/07/28,production_consumption,-12,production_run,PRUN_SID0011_MID0001_031
SMFEID3939,SID0011,MID0007,2025/07/28,production_consumption,-16,production_run,PRUN_SID0011_MID0007_031
SMFEID3940,SID0011,MID0020,2025/07/28,production_consumption,-157,production_run,PRUN_SID0011_MID0020_031
SMFEID3941,SID0013,MID0016,2025/07/28,production_consumption,-66,production_run,PRUN_SID0013_MID0016_031
SMFEID3942,SID0017,MID0001,2025/07/28,production_consumption,-16,production_run,PRUN_SID0017_MID0001_014
SMFEID3943,SID0017,MID0004,2025/07/28,production_consumption,-48,production_run,PRUN_SID0017_MID0004_014
SMFEID3944,SID0018,MID0004,2025/07/28,production_consumption,-179,production_run,PRUN_SID0018_MID0004_031
SMFEID3945,SID0018,MID0007,2025/07/28,external_receipt,152,order,OID0518
SMFEID3946,SID0018,MID0008,2025/07/28,production_consumption,-15,production_run,PRUN_SID0018_MID0008_014
SMFEID3947,SID0018,MID0020,2025/07/28,production_consumption,-137,production_run,PRUN_SID0018_MID0020_031
SMFEID3948,SID0019,MID0016,2025/07/28,production_consumption,-32,production_run,PRUN_SID0019_MID0016_031
SMFEID3949,SID0020,MID0003,2025/07/28,production_consumption,-20,production_run,PRUN_SID0020_MID0003_007
SMFEID3950,SID0021,MID0001,2025/07/28,production_consumption,-102,production_run,PRUN_SID0021_MID0001_031
SMFEID3951,SID0021,MID0004,2025/07/28,production_consumption,-85,production_run,PRUN_SID0021_MID0004_031
SMFEID3952,SID0002,MID0001,2025/07/29,external_receipt,223,order,OID0526
SMFEID3953,SID0002,MID0001,2025/07/29,production_consumption,-23,production_run,PRUN_SID0002_MID0001_031
SMFEID3954,SID0002,MID0025,2025/07/29,production_consumption,-7,production_run,PRUN_SID0002_MID0025_031
SMFEID3955,SID0004,MID0007,2025/07/29,production_consumption,-12,production_run,PRUN_SID0004_MID0007_031
SMFEID3956,SID0004,MID0020,2025/07/29,production_consumption,-9,production_run,PRUN_SID0004_MID0020_031
SMFEID3957,SID0006,MID0010,2025/07/29,production_consumption,-38,production_run,PRUN_SID0006_MID0010_031
SMFEID3958,SID0006,MID0020,2025/07/29,production_consumption,-283,production_run,PRUN_SID0006_MID0020_031
SMFEID3959,SID0007,MID0017,2025/07/29,production_consumption,-22,production_run,PRUN_SID0007_MID0017_031
SMFEID3960,SID0007,MID0020,2025/07/29,production_consumption,-141,production_run,PRUN_SID0007_MID0020_031
SMFEID3961,SID0011,MID0001,2025/07/29,production_consumption,-17,production_run,PRUN_SID0011_MID0001_031
SMFEID3962,SID0011,MID0007,2025/07/29,external_receipt,356,order,OID0541
SMFEID3963,SID0011,MID0007,2025/07/29,production_consumption,-24,production_run,PRUN_SID0011_MID0007_031
SMFEID3964,SID0011,MID0008,2025/07/29,production_consumption,-13,production_run,PRUN_SID0011_MID0008_031
SMFEID3965,SID0011,MID0020,2025/07/29,production_consumption,-118,production_run,PRUN_SID0011_MID0020_031
SMFEID3966,SID0011,MID0025,2025/07/29,production_consumption,-4,production_run,PRUN_SID0011_MID0025_031
SMFEID3967,SID0013,MID0016,2025/07/29,production_consumption,-130,production_run,PRUN_SID0013_MID0016_031
SMFEID3968,SID0015,MID0007,2025/07/29,external_receipt,1461,order,OID0506
SMFEID3969,SID0015,MID0007,2025/07/29,production_consumption,-237,production_run,PRUN_SID0015_MID0007_031
SMFEID3970,SID0017,MID0001,2025/07/29,production_consumption,-19,production_run,PRUN_SID0017_MID0001_014
SMFEID3971,SID0017,MID0004,2025/07/29,production_consumption,-5,production_run,PRUN_SID0017_MID0004_014
SMFEID3972,SID0017,MID0005,2025/07/29,production_consumption,-31,production_run,PRUN_SID0017_MID0005_007
SMFEID3973,SID0017,MID0018,2025/07/29,external_receipt,61,order,OID0500
SMFEID3974,SID0018,MID0004,2025/07/29,production_consumption,-155,production_run,PRUN_SID0018_MID0004_031
SMFEID3975,SID0018,MID0007,2025/07/29,production_consumption,-55,production_run,PRUN_SID0018_MID0007_031
SMFEID3976,SID0018,MID0020,2025/07/29,production_consumption,-90,production_run,PRUN_SID0018_MID0020_031
SMFEID3977,SID0018,MID0021,2025/07/29,external_receipt,191,order,OID0501
SMFEID3978,SID0019,MID0010,2025/07/29,production_consumption,-15,production_run,PRUN_SID0019_MID0010_031
SMFEID3979,SID0019,MID0016,2025/07/29,production_consumption,-34,production_run,PRUN_SID0019_MID0016_031
SMFEID3980,SID0020,MID0003,2025/07/29,production_consumption,-18,production_run,PRUN_SID0020_MID0003_007
SMFEID3981,SID0021,MID0001,2025/07/29,production_consumption,-37,production_run,PRUN_SID0021_MID0001_031
SMFEID3982,SID0021,MID0004,2025/07/29,production_consumption,-106,production_run,PRUN_SID0021_MID0004_031
SMFEID3983,SID0002,MID0001,2025/07/30,production_consumption,-36,production_run,PRUN_SID0002_MID0001_031
SMFEID3984,SID0002,MID0025,2025/07/30,production_consumption,-10,production_run,PRUN_SID0002_MID0025_031
SMFEID3985,SID0004,MID0007,2025/07/30,production_consumption,-43,production_run,PRUN_SID0004_MID0007_031
SMFEID3986,SID0004,MID0020,2025/07/30,production_consumption,-63,production_run,PRUN_SID0004_MID0020_031
SMFEID3987,SID0006,MID0010,2025/07/30,production_consumption,-10,production_run,PRUN_SID0006_MID0010_031
SMFEID3988,SID0007,MID0017,2025/07/30,production_consumption,-79,production_run,PRUN_SID0007_MID0017_031
SMFEID3989,SID0007,MID0020,2025/07/30,production_consumption,-22,production_run,PRUN_SID0007_MID0020_031
SMFEID3990,SID0011,MID0001,2025/07/30,external_receipt,110,order,OID0542
SMFEID3991,SID0011,MID0001,2025/07/30,production_consumption,-22,production_run,PRUN_SID0011_MID0001_031
SMFEID3992,SID0011,MID0007,2025/07/30,production_consumption,-42,production_run,PRUN_SID0011_MID0007_031
SMFEID3993,SID0011,MID0008,2025/07/30,production_consumption,-213,production_run,PRUN_SID0011_MID0008_031
SMFEID3994,SID0011,MID0020,2025/07/30,production_consumption,-91,production_run,PRUN_SID0011_MID0020_031
SMFEID3995,SID0011,MID0025,2025/07/30,production_consumption,-28,production_run,PRUN_SID0011_MID0025_031
SMFEID3996,SID0013,MID0020,2025/07/30,production_consumption,-16,production_run,PRUN_SID0013_MID0020_031
SMFEID3997,SID0015,MID0007,2025/07/30,production_consumption,-241,production_run,PRUN_SID0015_MID0007_031
SMFEID3998,SID0015,MID0020,2025/07/30,production_consumption,-36,production_run,PRUN_SID0015_MID0020_031
SMFEID3999,SID0017,MID0004,2025/07/30,production_consumption,-4,production_run,PRUN_SID0017_MID0004_014
SMFEID4000,SID0017,MID0005,2025/07/30,production_consumption,-25,production_run,PRUN_SID0017_MID0005_007
SMFEID4001,SID0018,MID0007,2025/07/30,production_consumption,-37,production_run,PRUN_SID0018_MID0007_031
SMFEID4002,SID0018,MID0020,2025/07/30,production_consumption,-116,production_run,PRUN_SID0018_MID0020_031
SMFEID4003,SID0019,MID0010,2025/07/30,production_consumption,-19,production_run,PRUN_SID0019_MID0010_031
SMFEID4004,SID0019,MID0016,2025/07/30,production_consumption,-29,production_run,PRUN_SID0019_MID0016_031
SMFEID4005,SID0021,MID0005,2025/07/30,external_receipt,55,order,OID0521
SMFEID4006,SID0002,MID0025,2025/07/31,production_consumption,-21,production_run,PRUN_SID0002_MID0025_031
SMFEID4007,SID0004,MID0007,2025/07/31,production_consumption,-26,production_run,PRUN_SID0004_MID0007_031
SMFEID4008,SID0006,MID0010,2025/07/31,production_consumption,-34,production_run,PRUN_SID0006_MID0010_031
SMFEID4009,SID0007,MID0017,2025/07/31,external_receipt,449,order,OID0543
SMFEID4010,SID0007,MID0017,2025/07/31,production_consumption,-104,production_run,PRUN_SID0007_MID0017_031
SMFEID4011,SID0007,MID0020,2025/07/31,production_consumption,-30,production_run,PRUN_SID0007_MID0020_031
SMFEID4012,SID0011,MID0001,2025/07/31,production_consumption,-7,production_run,PRUN_SID0011_MID0001_031
SMFEID4013,SID0011,MID0007,2025/07/31,production_consumption,-84,production_run,PRUN_SID0011_MID0007_031
SMFEID4014,SID0011,MID0008,2025/07/31,production_consumption,-63,production_run,PRUN_SID0011_MID0008_031
SMFEID4015,SID0011,MID0020,2025/07/31,production_consumption,-149,production_run,PRUN_SID0011_MID0020_031
SMFEID4016,SID0011,MID0025,2025/07/31,production_consumption,-6,production_run,PRUN_SID0011_MID0025_031
SMFEID4017,SID0013,MID0020,2025/07/31,production_consumption,-212,production_run,PRUN_SID0013_MID0020_031
SMFEID4018,SID0015,MID0020,2025/07/31,production_consumption,-293,production_run,PRUN_SID0015_MID0020_031
SMFEID4019,SID0017,MID0004,2025/07/31,production_consumption,-46,production_run,PRUN_SID0017_MID0004_014
SMFEID4020,SID0017,MID0005,2025/07/31,production_consumption,-20,production_run,PRUN_SID0017_MID0005_007
SMFEID4021,SID0018,MID0008,2025/07/31,external_receipt,73,order,OID0532
SMFEID4022,SID0018,MID0020,2025/07/31,production_consumption,-38,production_run,PRUN_SID0018_MID0020_031
SMFEID4023,SID0019,MID0010,2025/07/31,production_consumption,-76,production_run,PRUN_SID0019_MID0010_031
SMFEID4024,SID0019,MID0016,2025/07/31,production_consumption,-25,production_run,PRUN_SID0019_MID0016_031
SMFEID4025,SID0002,MID0025,2025/08/01,production_consumption,-22,production_run,PRUN_SID0002_MID0025_031
SMFEID4026,SID0004,MID0007,2025/08/01,production_consumption,-25,production_run,PRUN_SID0004_MID0007_031
SMFEID4027,SID0006,MID0010,2025/08/01,production_consumption,-39,production_run,PRUN_SID0006_MID0010_031
SMFEID4028,SID0007,MID0017,2025/08/01,production_consumption,-128,production_run,PRUN_SID0007_MID0017_031
SMFEID4029,SID0007,MID0020,2025/08/01,production_consumption,-42,production_run,PRUN_SID0007_MID0020_031
SMFEID4030,SID0008,MID0012,2025/08/01,production_consumption,-5,production_run,PRUN_SID0008_MID0012_008
SMFEID4031,SID0008,MID0022,2025/08/01,production_consumption,-18,production_run,PRUN_SID0008_MID0022_015
SMFEID4032,SID0011,MID0001,2025/08/01,production_consumption,-22,production_run,PRUN_SID0011_MID0001_031
SMFEID4033,SID0011,MID0008,2025/08/01,production_consumption,-74,production_run,PRUN_SID0011_MID0008_031
SMFEID4034,SID0011,MID0020,2025/08/01,production_consumption,-8,production_run,PRUN_SID0011_MID0020_031
SMFEID4035,SID0011,MID0025,2025/08/01,production_consumption,-44,production_run,PRUN_SID0011_MID0025_031
SMFEID4036,SID0013,MID0016,2025/08/01,external_receipt,364,order,OID0533
SMFEID4037,SID0013,MID0020,2025/08/01,external_receipt,364,order,OID0544
SMFEID4038,SID0018,MID0020,2025/08/01,production_consumption,-2,production_run,PRUN_SID0018_MID0020_031
SMFEID4039,SID0019,MID0010,2025/08/01,production_consumption,-20,production_run,PRUN_SID0019_MID0010_031
SMFEID4040,SID0020,MID0011,2025/08/01,production_consumption,-8,production_run,PRUN_SID0020_MID0011_008
SMFEID4041,SID0021,MID0005,2025/08/02,external_receipt,164,order,OID0522
SMFEID4042,SID0018,MID0007,2025/08/03,external_receipt,152,order,OID0545
SMFEID4043,SID0002,MID0001,2025/08/04,production_consumption,-8,production_run,PRUN_SID0002_MID0001_032
SMFEID4044,SID0002,MID0020,2025/08/04,production_consumption,-86,production_run,PRUN_SID0002_MID0020_015
SMFEID4045,SID0002,MID0025,2025/08/04,production_consumption,-27,production_run,PRUN_SID0002_MID0025_032
SMFEID4046,SID0004,MID0020,2025/08/04,external_receipt,162,order,OID0550
SMFEID4047,SID0006,MID0020,2025/08/04,production_consumption,-213,production_run,PRUN_SID0006_MID0020_032
SMFEID4048,SID0008,MID0012,2025/08/04,production_consumption,-3,production_run,PRUN_SID0008_MID0012_008
SMFEID4049,SID0008,MID0022,2025/08/04,production_consumption,-8,production_run,PRUN_SID0008_MID0022_015
SMFEID4050,SID0011,MID0020,2025/08/04,production_consumption,-168,production_run,PRUN_SID0011_MID0020_032
SMFEID4051,SID0013,MID0016,2025/08/04,external_receipt,182,order,OID0534
SMFEID4052,SID0013,MID0016,2025/08/04,production_consumption,-35,production_run,PRUN_SID0013_MID0016_032
SMFEID4053,SID0013,MID0020,2025/08/04,production_consumption,-132,production_run,PRUN_SID0013_MID0020_032
SMFEID4054,SID0015,MID0007,2025/08/04,production_consumption,-87,production_run,PRUN_SID0015_MID0007_032
SMFEID4055,SID0019,MID0013,2025/08/04,external_receipt,142,order,OID0546
SMFEID4056,SID0020,MID0011,2025/08/04,production_consumption,-10,production_run,PRUN_SID0020_MID0011_008
SMFEID4057,SID0020,MID0017,2025/08/04,production_consumption,-31,production_run,PRUN_SID0020_MID0017_015
SMFEID4058,SID0021,MID0001,2025/08/04,production_consumption,-14,production_run,PRUN_SID0021_MID0001_032
SMFEID4059,SID0021,MID0018,2025/08/04,production_consumption,-5,production_run,PRUN_SID0021_MID0018_015
SMFEID4060,SID0002,MID0001,2025/08/05,production_consumption,-17,production_run,PRUN_SID0002_MID0001_032
SMFEID4061,SID0002,MID0020,2025/08/05,production_consumption,-18,production_run,PRUN_SID0002_MID0020_015
SMFEID4062,SID0002,MID0025,2025/08/05,production_consumption,-1,production_run,PRUN_SID0002_MID0025_032
SMFEID4063,SID0004,MID0007,2025/08/05,production_consumption,-48,production_run,PRUN_SID0004_MID0007_032
SMFEID4064,SID0006,MID0010,2025/08/05,production_consumption,-91,production_run,PRUN_SID0006_MID0010_032
SMFEID4065,SID0006,MID0020,2025/08/05,production_consumption,-93,production_run,PRUN_SID0006_MID0020_032
SMFEID4066,SID0007,MID0017,2025/08/05,production_consumption,-94,production_run,PRUN_SID0007_MID0017_032
SMFEID4067,SID0008,MID0012,2025/08/05,production_consumption,-24,production_run,PRUN_SID0008_MID0012_008
SMFEID4068,SID0008,MID0022,2025/08/05,production_consumption,-23,production_run,PRUN_SID0008_MID0022_015
SMFEID4069,SID0011,MID0007,2025/08/05,production_consumption,-22,production_run,PRUN_SID0011_MID0007_032
SMFEID4070,SID0011,MID0020,2025/08/05,production_consumption,-76,production_run,PRUN_SID0011_MID0020_032
SMFEID4071,SID0013,MID0016,2025/08/05,production_consumption,-70,production_run,PRUN_SID0013_MID0016_032
SMFEID4072,SID0013,MID0020,2025/08/05,production_consumption,-45,production_run,PRUN_SID0013_MID0020_032
SMFEID4073,SID0015,MID0007,2025/08/05,production_consumption,-74,production_run,PRUN_SID0015_MID0007_032
SMFEID4074,SID0015,MID0020,2025/08/05,production_consumption,-182,production_run,PRUN_SID0015_MID0020_032
SMFEID4075,SID0015,MID0025,2025/08/05,production_consumption,-26,production_run,PRUN_SID0015_MID0025_015
SMFEID4076,SID0017,MID0018,2025/08/05,production_consumption,-6,production_run,PRUN_SID0017_MID0018_008
SMFEID4077,SID0018,MID0007,2025/08/05,external_receipt,76,order,OID0547
SMFEID4078,SID0018,MID0007,2025/08/05,production_consumption,-40,production_run,PRUN_SID0018_MID0007_032
SMFEID4079,SID0018,MID0020,2025/08/05,production_consumption,-139,production_run,PRUN_SID0018_MID0020_032
SMFEID4080,SID0018,MID0021,2025/08/05,production_consumption,-32,production_run,PRUN_SID0018_MID0021_015
SMFEID4081,SID0019,MID0010,2025/08/05,production_consumption,-22,production_run,PRUN_SID0019_MID0010_032
SMFEID4082,SID0020,MID0011,2025/08/05,production_consumption,-18,production_run,PRUN_SID0020_MID0011_008
SMFEID4083,SID0020,MID0014,2025/08/05,production_consumption,-30,production_run,PRUN_SID0020_MID0014_008
SMFEID4084,SID0020,MID0017,2025/08/05,production_consumption,-102,production_run,PRUN_SID0020_MID0017_015
SMFEID4085,SID0021,MID0001,2025/08/05,production_consumption,-20,production_run,PRUN_SID0021_MID0001_032
SMFEID4086,SID0021,MID0004,2025/08/05,production_consumption,-17,production_run,PRUN_SID0021_MID0004_032
SMFEID4087,SID0021,MID0005,2025/08/05,production_consumption,-4,production_run,PRUN_SID0021_MID0005_015
SMFEID4088,SID0021,MID0018,2025/08/05,production_consumption,-5,production_run,PRUN_SID0021_MID0018_015
SMFEID4089,SID0002,MID0001,2025/08/06,production_consumption,-24,production_run,PRUN_SID0002_MID0001_032
SMFEID4090,SID0002,MID0020,2025/08/06,production_consumption,-30,production_run,PRUN_SID0002_MID0020_015
SMFEID4091,SID0002,MID0025,2025/08/06,production_consumption,-5,production_run,PRUN_SID0002_MID0025_032
SMFEID4092,SID0004,MID0007,2025/08/06,production_consumption,-21,production_run,PRUN_SID0004_MID0007_032
SMFEID4093,SID0004,MID0020,2025/08/06,production_consumption,-54,production_run,PRUN_SID0004_MID0020_032
SMFEID4094,SID0006,MID0010,2025/08/06,production_consumption,-25,production_run,PRUN_SID0006_MID0010_032
SMFEID4095,SID0007,MID0017,2025/08/06,production_consumption,-69,production_run,PRUN_SID0007_MID0017_032
SMFEID4096,SID0007,MID0020,2025/08/06,external_receipt,946,order,OID0556
SMFEID4097,SID0007,MID0020,2025/08/06,production_consumption,-310,production_run,PRUN_SID0007_MID0020_032
SMFEID4098,SID0008,MID0012,2025/08/06,production_consumption,-4,production_run,PRUN_SID0008_MID0012_008
SMFEID4099,SID0011,MID0001,2025/08/06,production_consumption,-12,production_run,PRUN_SID0011_MID0001_032
SMFEID4100,SID0011,MID0007,2025/08/06,production_consumption,-85,production_run,PRUN_SID0011_MID0007_032
SMFEID4101,SID0011,MID0008,2025/08/06,production_consumption,-95,production_run,PRUN_SID0011_MID0008_032
SMFEID4102,SID0011,MID0020,2025/08/06,production_consumption,-69,production_run,PRUN_SID0011_MID0020_032
SMFEID4103,SID0011,MID0025,2025/08/06,production_consumption,-75,production_run,PRUN_SID0011_MID0025_032
SMFEID4104,SID0013,MID0016,2025/08/06,production_consumption,-4,production_run,PRUN_SID0013_MID0016_032
SMFEID4105,SID0013,MID0020,2025/08/06,production_consumption,-34,production_run,PRUN_SID0013_MID0020_032
SMFEID4106,SID0015,MID0007,2025/08/06,production_consumption,-64,production_run,PRUN_SID0015_MID0007_032
SMFEID4107,SID0015,MID0020,2025/08/06,production_consumption,-179,production_run,PRUN_SID0015_MID0020_032
SMFEID4108,SID0015,MID0025,2025/08/06,production_consumption,-27,production_run,PRUN_SID0015_MID0025_015
SMFEID4109,SID0017,MID0001,2025/08/06,production_consumption,-9,production_run,PRUN_SID0017_MID0001_015
SMFEID4110,SID0017,MID0004,2025/08/06,production_consumption,-32,production_run,PRUN_SID0017_MID0004_015
SMFEID4111,SID0017,MID0018,2025/08/06,production_consumption,-2,production_run,PRUN_SID0017_MID0018_008
SMFEID4112,SID0018,MID0007,2025/08/06,production_consumption,-29,production_run,PRUN_SID0018_MID0007_032
SMFEID4113,SID0018,MID0020,2025/08/06,production_consumption,-45,production_run,PRUN_SID0018_MID0020_032
SMFEID4114,SID0018,MID0021,2025/08/06,production_consumption,-40,production_run,PRUN_SID0018_MID0021_015
SMFEID4115,SID0019,MID0010,2025/08/06,production_consumption,-20,production_run,PRUN_SID0019_MID0010_032
SMFEID4116,SID0020,MID0014,2025/08/06,production_consumption,-87,production_run,PRUN_SID0020_MID0014_008
SMFEID4117,SID0020,MID0017,2025/08/06,production_consumption,-29,production_run,PRUN_SID0020_MID0017_015
SMFEID4118,SID0021,MID0001,2025/08/06,production_consumption,-54,production_run,PRUN_SID0021_MID0001_032
SMFEID4119,SID0021,MID0004,2025/08/06,production_consumption,-48,production_run,PRUN_SID0021_MID0004_032
SMFEID4120,SID0021,MID0005,2025/08/06,production_consumption,-9,production_run,PRUN_SID0021_MID0005_015
SMFEID4121,SID0021,MID0018,2025/08/06,production_consumption,-10,production_run,PRUN_SID0021_MID0018_015
SMFEID4122,SID0002,MID0001,2025/08/07,production_consumption,-4,production_run,PRUN_SID0002_MID0001_032
SMFEID4123,SID0002,MID0025,2025/08/07,production_consumption,-25,production_run,PRUN_SID0002_MID0025_032
SMFEID4124,SID0004,MID0007,2025/08/07,production_consumption,-65,production_run,PRUN_SID0004_MID0007_032
SMFEID4125,SID0004,MID0020,2025/08/07,production_consumption,-3,production_run,PRUN_SID0004_MID0020_032
SMFEID4126,SID0006,MID0010,2025/08/07,production_consumption,-8,production_run,PRUN_SID0006_MID0010_032
SMFEID4127,SID0007,MID0017,2025/08/07,production_consumption,-203,production_run,PRUN_SID0007_MID0017_032
SMFEID4128,SID0007,MID0020,2025/08/07,production_consumption,-151,production_run,PRUN_SID0007_MID0020_032
SMFEID4129,SID0011,MID0001,2025/08/07,production_consumption,-68,production_run,PRUN_SID0011_MID0001_032
SMFEID4130,SID0011,MID0007,2025/08/07,production_consumption,-38,production_run,PRUN_SID0011_MID0007_032
SMFEID4131,SID0011,MID0008,2025/08/07,production_consumption,-149,production_run,PRUN_SID0011_MID0008_032
SMFEID4132,SID0011,MID0020,2025/08/07,production_consumption,-2,production_run,PRUN_SID0011_MID0020_032
SMFEID4133,SID0011,MID0025,2025/08/07,production_consumption,-21,production_run,PRUN_SID0011_MID0025_032
SMFEID4134,SID0013,MID0016,2025/08/07,production_consumption,-46,production_run,PRUN_SID0013_MID0016_032
SMFEID4135,SID0013,MID0020,2025/08/07,production_consumption,-11,production_run,PRUN_SID0013_MID0020_032
SMFEID4136,SID0015,MID0007,2025/08/07,production_consumption,-72,production_run,PRUN_SID0015_MID0007_032
SMFEID4137,SID0015,MID0020,2025/08/07,production_consumption,-5,production_run,PRUN_SID0015_MID0020_032
SMFEID4138,SID0015,MID0025,2025/08/07,production_consumption,-8,production_run,PRUN_SID0015_MID0025_015
SMFEID4139,SID0017,MID0001,2025/08/07,production_consumption,-12,production_run,PRUN_SID0017_MID0001_015
SMFEID4140,SID0017,MID0004,2025/08/07,production_consumption,-1,production_run,PRUN_SID0017_MID0004_015
SMFEID4141,SID0017,MID0005,2025/08/07,production_consumption,-7,production_run,PRUN_SID0017_MID0005_008
SMFEID4142,SID0017,MID0018,2025/08/07,production_consumption,-6,production_run,PRUN_SID0017_MID0018_008
SMFEID4143,SID0018,MID0004,2025/08/07,production_consumption,-132,production_run,PRUN_SID0018_MID0004_032
SMFEID4144,SID0018,MID0007,2025/08/07,production_consumption,-39,production_run,PRUN_SID0018_MID0007_032
SMFEID4145,SID0018,MID0020,2025/08/07,production_consumption,-154,production_run,PRUN_SID0018_MID0020_032
SMFEID4146,SID0019,MID0010,2025/08/07,production_consumption,-31,production_run,PRUN_SID0019_MID0010_032
SMFEID4147,SID0019,MID0013,2025/08/07,production_consumption,-27,production_run,PRUN_SID0019_MID0013_015
SMFEID4148,SID0019,MID0015,2025/08/07,production_consumption,-44,production_run,PRUN_SID0019_MID0015_015
SMFEID4149,SID0019,MID0016,2025/08/07,external_receipt,510,order,OID0527
SMFEID4150,SID0019,MID0016,2025/08/07,production_consumption,-39,production_run,PRUN_SID0019_MID0016_032
SMFEID4151,SID0021,MID0001,2025/08/07,production_consumption,-37,production_run,PRUN_SID0021_MID0001_032
SMFEID4152,SID0021,MID0004,2025/08/07,production_consumption,-93,production_run,PRUN_SID0021_MID0004_032
SMFEID4153,SID0021,MID0005,2025/08/07,production_consumption,-20,production_run,PRUN_SID0021_MID0005_015
SMFEID4154,SID0021,MID0018,2025/08/07,production_consumption,-17,production_run,PRUN_SID0021_MID0018_015
SMFEID4155,SID0002,MID0001,2025/08/08,production_consumption,-21,production_run,PRUN_SID0002_MID0001_032
SMFEID4156,SID0004,MID0007,2025/08/08,production_consumption,-29,production_run,PRUN_SID0004_MID0007_032
SMFEID4157,SID0004,MID0020,2025/08/08,production_consumption,-20,production_run,PRUN_SID0004_MID0020_032
SMFEID4158,SID0006,MID0010,2025/08/08,production_consumption,-8,production_run,PRUN_SID0006_MID0010_032
SMFEID4159,SID0007,MID0020,2025/08/08,production_consumption,-14,production_run,PRUN_SID0007_MID0020_032
SMFEID4160,SID0008,MID0023,2025/08/08,external_receipt,35,order,OID0549
SMFEID4161,SID0011,MID0001,2025/08/08,external_receipt,110,order,OID0557
SMFEID4162,SID0011,MID0001,2025/08/08,production_consumption,-4,production_run,PRUN_SID0011_MID0001_032
SMFEID4163,SID0011,MID0007,2025/08/08,production_consumption,-36,production_run,PRUN_SID0011_MID0007_032
SMFEID4164,SID0011,MID0008,2025/08/08,production_consumption,-108,production_run,PRUN_SID0011_MID0008_032
SMFEID4165,SID0011,MID0020,2025/08/08,production_consumption,-178,production_run,PRUN_SID0011_MID0020_032
SMFEID4166,SID0013,MID0016,2025/08/08,production_consumption,-58,production_run,PRUN_SID0013_MID0016_032
SMFEID4167,SID0013,MID0020,2025/08/08,production_consumption,-5,production_run,PRUN_SID0013_MID0020_032
SMFEID4168,SID0015,MID0007,2025/08/08,production_consumption,-172,production_run,PRUN_SID0015_MID0007_032
SMFEID4169,SID0015,MID0025,2025/08/08,production_consumption,-39,production_run,PRUN_SID0015_MID0025_015
SMFEID4170,SID0017,MID0001,2025/08/08,production_consumption,-33,production_run,PRUN_SID0017_MID0001_015
SMFEID4171,SID0017,MID0004,2025/08/08,production_consumption,-46,production_run,PRUN_SID0017_MID0004_015
SMFEID4172,SID0017,MID0005,2025/08/08,external_receipt,55,order,OID0558
SMFEID4173,SID0017,MID0005,2025/08/08,production_consumption,-19,production_run,PRUN_SID0017_MID0005_008
SMFEID4174,SID0017,MID0018,2025/08/08,production_consumption,-11,production_run,PRUN_SID0017_MID0018_008
SMFEID4175,SID0018,MID0004,2025/08/08,production_consumption,-201,production_run,PRUN_SID0018_MID0004_032
SMFEID4176,SID0019,MID0010,2025/08/08,production_consumption,-43,production_run,PRUN_SID0019_MID0010_032
SMFEID4177,SID0019,MID0013,2025/08/08,production_consumption,-25,production_run,PRUN_SID0019_MID0013_015
SMFEID4178,SID0019,MID0015,2025/08/08,production_consumption,-33,production_run,PRUN_SID0019_MID0015_015
SMFEID4179,SID0019,MID0016,2025/08/08,production_consumption,-93,production_run,PRUN_SID0019_MID0016_032
SMFEID4180,SID0020,MID0017,2025/08/08,external_receipt,319,order,OID0528
SMFEID4181,SID0021,MID0004,2025/08/08,external_receipt,354,order,OID0551
SMFEID4182,SID0021,MID0004,2025/08/08,production_consumption,-29,production_run,PRUN_SID0021_MID0004_032
SMFEID4183,SID0021,MID0005,2025/08/08,production_consumption,-65,production_run,PRUN_SID0021_MID0005_015
SMFEID4184,SID0021,MID0018,2025/08/08,production_consumption,-22,production_run,PRUN_SID0021_MID0018_015
SMFEID4185,SID0006,MID0020,2025/08/09,external_receipt,627,order,OID0552
SMFEID4186,SID0013,MID0020,2025/08/09,external_receipt,364,order,OID0563
SMFEID4187,SID0020,MID0003,2025/08/09,external_receipt,97,order,OID0535
SMFEID4188,SID0020,MID0003,2025/08/09,external_receipt,49,order,OID0536
SMFEID4189,SID0007,MID0017,2025/08/10,external_receipt,449,order,OID0566
SMFEID4190,SID0011,MID0025,2025/08/10,external_receipt,182,order,OID0567
SMFEID4191,SID0002,MID0001,2025/08/11,production_consumption,-23,production_run,PRUN_SID0002_MID0001_033
SMFEID4192,SID0002,MID0025,2025/08/11,external_receipt,182,order,OID0559
SMFEID4193,SID0004,MID0020,2025/08/11,production_consumption,-15,production_run,PRUN_SID0004_MID0020_033
SMFEID4194,SID0006,MID0020,2025/08/11,production_consumption,-57,production_run,PRUN_SID0006_MID0020_033
SMFEID4195,SID0007,MID0017,2025/08/11,production_consumption,-104,production_run,PRUN_SID0007_MID0017_033
SMFEID4196,SID0011,MID0007,2025/08/11,production_consumption,-35,production_run,PRUN_SID0011_MID0007_033
SMFEID4197,SID0011,MID0020,2025/08/11,external_receipt,735,order,OID0564
SMFEID4198,SID0011,MID0025,2025/08/11,production_consumption,-30,production_run,PRUN_SID0011_MID0025_033
SMFEID4199,SID0017,MID0001,2025/08/11,production_consumption,-4,production_run,PRUN_SID0017_MID0001_015
SMFEID4200,SID0017,MID0004,2025/08/11,external_receipt,404,order,OID0537
SMFEID4201,SID0017,MID0004,2025/08/11,production_consumption,-30,production_run,PRUN_SID0017_MID0004_015
SMFEID4202,SID0017,MID0005,2025/08/11,production_consumption,-8,production_run,PRUN_SID0017_MID0005_008
SMFEID4203,SID0018,MID0004,2025/08/11,production_consumption,-4,production_run,PRUN_SID0018_MID0004_033
SMFEID4204,SID0018,MID0007,2025/08/11,production_consumption,-32,production_run,PRUN_SID0018_MID0007_033
SMFEID4205,SID0018,MID0020,2025/08/11,external_receipt,1212,order,OID0538
SMFEID4206,SID0019,MID0010,2025/08/11,production_consumption,-85,production_run,PRUN_SID0019_MID0010_033
SMFEID4207,SID0019,MID0013,2025/08/11,production_consumption,-24,production_run,PRUN_SID0019_MID0013_015
SMFEID4208,SID0019,MID0015,2025/08/11,production_consumption,-44,production_run,PRUN_SID0019_MID0015_015
SMFEID4209,SID0021,MID0004,2025/08/11,production_consumption,-18,production_run,PRUN_SID0021_MID0004_033
SMFEID4210,SID0021,MID0005,2025/08/11,production_consumption,-21,production_run,PRUN_SID0021_MID0005_015
SMFEID4211,SID0002,MID0001,2025/08/12,production_consumption,-22,production_run,PRUN_SID0002_MID0001_033
SMFEID4212,SID0002,MID0025,2025/08/12,production_consumption,-2,production_run,PRUN_SID0002_MID0025_033
SMFEID4213,SID0004,MID0020,2025/08/12,production_consumption,-16,production_run,PRUN_SID0004_MID0020_033
SMFEID4214,SID0006,MID0020,2025/08/12,production_consumption,-52,production_run,PRUN_SID0006_MID0020_033
SMFEID4215,SID0007,MID0017,2025/08/12,production_consumption,-59,production_run,PRUN_SID0007_MID0017_033
SMFEID4216,SID0007,MID0020,2025/08/12,production_consumption,-114,production_run,PRUN_SID0007_MID0020_033
SMFEID4217,SID0008,MID0022,2025/08/12,external_receipt,21,order,OID0568
SMFEID4218,SID0011,MID0007,2025/08/12,production_consumption,-24,production_run,PRUN_SID0011_MID0007_033
SMFEID4219,SID0011,MID0008,2025/08/12,external_receipt,1152,order,OID0560
SMFEID4220,SID0011,MID0008,2025/08/12,production_consumption,-104,production_run,PRUN_SID0011_MID0008_033
SMFEID4221,SID0011,MID0025,2025/08/12,production_consumption,-29,production_run,PRUN_SID0011_MID0025_033
SMFEID4222,SID0013,MID0016,2025/08/12,production_consumption,-56,production_run,PRUN_SID0013_MID0016_033
SMFEID4223,SID0013,MID0020,2025/08/12,production_consumption,-67,production_run,PRUN_SID0013_MID0020_033
SMFEID4224,SID0017,MID0001,2025/08/12,production_consumption,-7,production_run,PRUN_SID0017_MID0001_015
SMFEID4225,SID0017,MID0005,2025/08/12,production_consumption,-18,production_run,PRUN_SID0017_MID0005_008
SMFEID4226,SID0018,MID0004,2025/08/12,production_consumption,-137,production_run,PRUN_SID0018_MID0004_033
SMFEID4227,SID0018,MID0007,2025/08/12,production_consumption,-13,production_run,PRUN_SID0018_MID0007_033
SMFEID4228,SID0019,MID0010,2025/08/12,production_consumption,-37,production_run,PRUN_SID0019_MID0010_033
SMFEID4229,SID0019,MID0013,2025/08/12,production_consumption,-7,production_run,PRUN_SID0019_MID0013_015
SMFEID4230,SID0019,MID0015,2025/08/12,production_consumption,-10,production_run,PRUN_SID0019_MID0015_015
SMFEID4231,SID0021,MID0001,2025/08/12,production_consumption,-66,production_run,PRUN_SID0021_MID0001_033
SMFEID4232,SID0021,MID0004,2025/08/12,production_consumption,-20,production_run,PRUN_SID0021_MID0004_033
SMFEID4233,SID0002,MID0001,2025/08/13,production_consumption,-16,production_run,PRUN_SID0002_MID0001_033
SMFEID4234,SID0002,MID0025,2025/08/13,production_consumption,-22,production_run,PRUN_SID0002_MID0025_033
SMFEID4235,SID0004,MID0007,2025/08/13,external_receipt,526,order,OID0561
SMFEID4236,SID0004,MID0020,2025/08/13,production_consumption,-19,production_run,PRUN_SID0004_MID0020_033
SMFEID4237,SID0006,MID0010,2025/08/13,production_consumption,-111,production_run,PRUN_SID0006_MID0010_033
SMFEID4238,SID0006,MID0020,2025/08/13,production_consumption,-68,production_run,PRUN_SID0006_MID0020_033
SMFEID4239,SID0007,MID0017,2025/08/13,production_consumption,-89,production_run,PRUN_SID0007_MID0017_033
SMFEID4240,SID0007,MID0020,2025/08/13,production_consumption,-213,production_run,PRUN_SID0007_MID0020_033
SMFEID4241,SID0011,MID0001,2025/08/13,production_consumption,-4,production_run,PRUN_SID0011_MID0001_033
SMFEID4242,SID0011,MID0007,2025/08/13,external_receipt,356,order,OID0575
SMFEID4243,SID0011,MID0007,2025/08/13,production_consumption,-21,production_run,PRUN_SID0011_MID0007_033
SMFEID4244,SID0011,MID0008,2025/08/13,production_consumption,-2,production_run,PRUN_SID0011_MID0008_033
SMFEID4245,SID0011,MID0020,2025/08/13,production_consumption,-234,production_run,PRUN_SID0011_MID0020_033
SMFEID4246,SID0011,MID0025,2025/08/13,production_consumption,-2,production_run,PRUN_SID0011_MID0025_033
SMFEID4247,SID0013,MID0016,2025/08/13,production_consumption,-45,production_run,PRUN_SID0013_MID0016_033
SMFEID4248,SID0013,MID0020,2025/08/13,production_consumption,-50,production_run,PRUN_SID0013_MID0020_033
SMFEID4249,SID0015,MID0020,2025/08/13,production_consumption,-118,production_run,PRUN_SID0015_MID0020_033
SMFEID4250,SID0017,MID0005,2025/08/13,production_consumption,-14,production_run,PRUN_SID0017_MID0005_008
SMFEID4251,SID0018,MID0004,2025/08/13,production_consumption,-55,production_run,PRUN_SID0018_MID0004_033
SMFEID4252,SID0018,MID0007,2025/08/13,production_consumption,-12,production_run,PRUN_SID0018_MID0007_033
SMFEID4253,SID0018,MID0008,2025/08/13,production_consumption,-28,production_run,PRUN_SID0018_MID0008_015
SMFEID4254,SID0018,MID0020,2025/08/13,production_consumption,-117,production_run,PRUN_SID0018_MID0020_033
SMFEID4255,SID0019,MID0016,2025/08/13,production_consumption,-25,production_run,PRUN_SID0019_MID0016_033
SMFEID4256,SID0021,MID0001,2025/08/13,production_consumption,-12,production_run,PRUN_SID0021_MID0001_033
SMFEID4257,SID0021,MID0004,2025/08/13,production_consumption,-65,production_run,PRUN_SID0021_MID0004_033
SMFEID4258,SID0002,MID0001,2025/08/14,production_consumption,-21,production_run,PRUN_SID0002_MID0001_033
SMFEID4259,SID0002,MID0025,2025/08/14,production_consumption,-35,production_run,PRUN_SID0002_MID0025_033
SMFEID4260,SID0004,MID0007,2025/08/14,production_consumption,-96,production_run,PRUN_SID0004_MID0007_033
SMFEID4261,SID0004,MID0020,2025/08/14,production_consumption,-24,production_run,PRUN_SID0004_MID0020_033
SMFEID4262,SID0006,MID0010,2025/08/14,production_consumption,-8,production_run,PRUN_SID0006_MID0010_033
SMFEID4263,SID0006,MID0020,2025/08/14,production_consumption,-72,production_run,PRUN_SID0006_MID0020_033
SMFEID4264,SID0007,MID0017,2025/08/14,production_consumption,-34,production_run,PRUN_SID0007_MID0017_033
SMFEID4265,SID0007,MID0020,2025/08/14,production_consumption,-118,production_run,PRUN_SID0007_MID0020_033
SMFEID4266,SID0011,MID0001,2025/08/14,production_consumption,-64,production_run,PRUN_SID0011_MID0001_033
SMFEID4267,SID0011,MID0007,2025/08/14,production_consumption,-70,production_run,PRUN_SID0011_MID0007_033
SMFEID4268,SID0011,MID0008,2025/08/14,production_consumption,-99,production_run,PRUN_SID0011_MID0008_033
SMFEID4269,SID0011,MID0020,2025/08/14,production_consumption,-158,production_run,PRUN_SID0011_MID0020_033
SMFEID4270,SID0011,MID0025,2025/08/14,production_consumption,-25,production_run,PRUN_SID0011_MID0025_033
SMFEID4271,SID0013,MID0016,2025/08/14,production_consumption,-73,production_run,PRUN_SID0013_MID0016_033
SMFEID4272,SID0013,MID0020,2025/08/14,production_consumption,-79,production_run,PRUN_SID0013_MID0020_033
SMFEID4273,SID0015,MID0007,2025/08/14,production_consumption,-377,production_run,PRUN_SID0015_MID0007_033
SMFEID4274,SID0015,MID0020,2025/08/14,external_receipt,1879,order,OID0548
SMFEID4275,SID0015,MID0020,2025/08/14,production_consumption,-143,production_run,PRUN_SID0015_MID0020_033
SMFEID4276,SID0018,MID0004,2025/08/14,production_consumption,-122,production_run,PRUN_SID0018_MID0004_033
SMFEID4277,SID0018,MID0007,2025/08/14,production_consumption,-25,production_run,PRUN_SID0018_MID0007_033
SMFEID4278,SID0018,MID0008,2025/08/14,production_consumption,-59,production_run,PRUN_SID0018_MID0008_015
SMFEID4279,SID0018,MID0020,2025/08/14,production_consumption,-116,production_run,PRUN_SID0018_MID0020_033
SMFEID4280,SID0019,MID0015,2025/08/14,external_receipt,122,order,OID0576
SMFEID4281,SID0019,MID0016,2025/08/14,production_consumption,-57,production_run,PRUN_SID0019_MID0016_033
SMFEID4282,SID0021,MID0001,2025/08/14,production_consumption,-16,production_run,PRUN_SID0021_MID0001_033
SMFEID4283,SID0021,MID0004,2025/08/14,production_consumption,-59,production_run,PRUN_SID0021_MID0004_033
SMFEID4284,SID0004,MID0007,2025/08/15,production_consumption,-51,production_run,PRUN_SID0004_MID0007_033
SMFEID4285,SID0004,MID0020,2025/08/15,production_consumption,-6,production_run,PRUN_SID0004_MID0020_033
SMFEID4286,SID0006,MID0020,2025/08/15,production_consumption,-48,production_run,PRUN_SID0006_MID0020_033
SMFEID4287,SID0007,MID0017,2025/08/15,production_consumption,-38,production_run,PRUN_SID0007_MID0017_033
SMFEID4288,SID0007,MID0020,2025/08/15,production_consumption,-6,production_run,PRUN_SID0007_MID0020_033
SMFEID4289,SID0008,MID0022,2025/08/15,external_receipt,37,order,OID0569
SMFEID4290,SID0008,MID0024,2025/08/15,production_consumption,-20,production_run,PRUN_SID0008_MID0024_008
SMFEID4291,SID0011,MID0001,2025/08/15,external_receipt,110,order,OID0577
SMFEID4292,SID0011,MID0001,2025/08/15,production_consumption,-7,production_run,PRUN_SID0011_MID0001_033
SMFEID4293,SID0011,MID0007,2025/08/15,production_consumption,-49,production_run,PRUN_SID0011_MID0007_033
SMFEID4294,SID0011,MID0008,2025/08/15,production_consumption,-96,production_run,PRUN_SID0011_MID0008_033
SMFEID4295,SID0011,MID0020,2025/08/15,production_consumption,-160,production_run,PRUN_SID0011_MID0020_033
SMFEID4296,SID0011,MID0025,2025/08/15,production_consumption,-9,production_run,PRUN_SID0011_MID0025_033
SMFEID4297,SID0013,MID0020,2025/08/15,production_consumption,-30,production_run,PRUN_SID0013_MID0020_033
SMFEID4298,SID0015,MID0007,2025/08/15,production_consumption,-37,production_run,PRUN_SID0015_MID0007_033
SMFEID4299,SID0015,MID0020,2025/08/15,production_consumption,-89,production_run,PRUN_SID0015_MID0020_033
SMFEID4300,SID0017,MID0001,2025/08/15,external_receipt,122,order,OID0553
SMFEID4301,SID0018,MID0002,2025/08/15,external_receipt,61,order,OID0529
SMFEID4302,SID0018,MID0004,2025/08/15,production_consumption,-2,production_run,PRUN_SID0018_MID0004_033
SMFEID4303,SID0018,MID0007,2025/08/15,production_consumption,-19,production_run,PRUN_SID0018_MID0007_033
SMFEID4304,SID0018,MID0020,2025/08/15,production_consumption,-145,production_run,PRUN_SID0018_MID0020_033
SMFEID4305,SID0019,MID0016,2025/08/15,production_consumption,-50,production_run,PRUN_SID0019_MID0016_033
SMFEID4306,SID0020,MID0003,2025/08/15,production_consumption,-9,production_run,PRUN_SID0020_MID0003_008
SMFEID4307,SID0021,MID0001,2025/08/15,production_consumption,-50,production_run,PRUN_SID0021_MID0001_033
SMFEID4308,SID0021,MID0004,2025/08/15,production_consumption,-43,production_run,PRUN_SID0021_MID0004_033
SMFEID4309,SID0021,MID0001,2025/08/16,external_receipt,495,order,OID0554
SMFEID4310,SID0011,MID0020,2025/08/17,external_receipt,766,order,OID0581
SMFEID4311,SID0019,MID0010,2025/08/17,external_receipt,363,order,OID0565
SMFEID4312,SID0002,MID0001,2025/08/18,production_consumption,-58,production_run,PRUN_SID0002_MID0001_034
SMFEID4313,SID0004,MID0020,2025/08/18,production_consumption,-22,production_run,PRUN_SID0004_MID0020_034
SMFEID4314,SID0006,MID0010,2025/08/18,production_consumption,-8,production_run,PRUN_SID0006_MID0010_034
SMFEID4315,SID0006,MID0020,2025/08/18,production_consumption,-85,production_run,PRUN_SID0006_MID0020_034
SMFEID4316,SID0007,MID0020,2025/08/18,production_consumption,-46,production_run,PRUN_SID0007_MID0020_034
SMFEID4317,SID0008,MID0024,2025/08/18,production_consumption,-30,production_run,PRUN_SID0008_MID0024_008
SMFEID4318,SID0011,MID0001,2025/08/18,production_consumption,-10,production_run,PRUN_SID0011_MID0001_034
SMFEID4319,SID0011,MID0007,2025/08/18,production_consumption,-40,production_run,PRUN_SID0011_MID0007_034
SMFEID4320,SID0011,MID0008,2025/08/18,production_consumption,-138,production_run,PRUN_SID0011_MID0008_034
SMFEID4321,SID0011,MID0020,2025/08/18,production_consumption,-203,production_run,PRUN_SID0011_MID0020_034
SMFEID4322,SID0013,MID0020,2025/08/18,production_consumption,-86,production_run,PRUN_SID0013_MID0020_034
SMFEID4323,SID0018,MID0002,2025/08/18,production_consumption,-23,production_run,PRUN_SID0018_MID0002_008
SMFEID4324,SID0018,MID0004,2025/08/18,production_consumption,-115,production_run,PRUN_SID0018_MID0004_034
SMFEID4325,SID0018,MID0007,2025/08/18,external_receipt,76,order,OID0578
SMFEID4326,SID0018,MID0007,2025/08/18,production_consumption,-36,production_run,PRUN_SID0018_MID0007_034
SMFEID4327,SID0018,MID0008,2025/08/18,external_receipt,146,order,OID0573
SMFEID4328,SID0018,MID0020,2025/08/18,production_consumption,-170,production_run,PRUN_SID0018_MID0020_034
SMFEID4329,SID0020,MID0003,2025/08/18,production_consumption,-13,production_run,PRUN_SID0020_MID0003_008
SMFEID4330,SID0021,MID0018,2025/08/18,production_consumption,-11,production_run,PRUN_SID0021_MID0018_016
SMFEID4331,SID0002,MID0001,2025/08/19,production_consumption,-20,production_run,PRUN_SID0002_MID0001_034
SMFEID4332,SID0004,MID0020,2025/08/19,external_receipt,162,order,OID0584
SMFEID4333,SID0004,MID0020,2025/08/19,production_consumption,-6,production_run,PRUN_SID0004_MID0020_034
SMFEID4334,SID0006,MID0010,2025/08/19,production_consumption,-23,production_run,PRUN_SID0006_MID0010_034
SMFEID4335,SID0006,MID0020,2025/08/19,production_consumption,-70,production_run,PRUN_SID0006_MID0020_034
SMFEID4336,SID0007,MID0020,2025/08/19,production_consumption,-270,production_run,PRUN_SID0007_MID0020_034
SMFEID4337,SID0008,MID0024,2025/08/19,production_consumption,-20,production_run,PRUN_SID0008_MID0024_008
SMFEID4338,SID0011,MID0001,2025/08/19,production_consumption,-20,production_run,PRUN_SID0011_MID0001_034
SMFEID4339,SID0011,MID0007,2025/08/19,production_consumption,-51,production_run,PRUN_SID0011_MID0007_034
SMFEID4340,SID0011,MID0008,2025/08/19,production_consumption,-57,production_run,PRUN_SID0011_MID0008_034
SMFEID4341,SID0011,MID0020,2025/08/19,production_consumption,-115,production_run,PRUN_SID0011_MID0020_034
SMFEID4342,SID0013,MID0020,2025/08/19,external_receipt,364,order,OID0593
SMFEID4343,SID0013,MID0020,2025/08/19,production_consumption,-115,production_run,PRUN_SID0013_MID0020_034
SMFEID4344,SID0018,MID0002,2025/08/19,production_consumption,-20,production_run,PRUN_SID0018_MID0002_008
SMFEID4345,SID0018,MID0004,2025/08/19,external_receipt,1202,order,OID0555
SMFEID4346,SID0018,MID0004,2025/08/19,production_consumption,-48,production_run,PRUN_SID0018_MID0004_034
SMFEID4347,SID0018,MID0007,2025/08/19,production_consumption,-38,production_run,PRUN_SID0018_MID0007_034
SMFEID4348,SID0018,MID0020,2025/08/19,production_consumption,-92,production_run,PRUN_SID0018_MID0020_034
SMFEID4349,SID0019,MID0010,2025/08/19,production_consumption,-56,production_run,PRUN_SID0019_MID0010_034
SMFEID4350,SID0019,MID0013,2025/08/19,production_consumption,-19,production_run,PRUN_SID0019_MID0013_016
SMFEID4351,SID0020,MID0003,2025/08/19,production_consumption,-20,production_run,PRUN_SID0020_MID0003_008
SMFEID4352,SID0021,MID0001,2025/08/19,production_consumption,-31,production_run,PRUN_SID0021_MID0001_034
SMFEID4353,SID0021,MID0004,2025/08/19,external_receipt,177,order,OID0582
SMFEID4354,SID0021,MID0018,2025/08/19,production_consumption,-6,production_run,PRUN_SID0021_MID0018_016
SMFEID4355,SID0002,MID0001,2025/08/20,external_receipt,223,order,OID0574
SMFEID4356,SID0002,MID0025,2025/08/20,production_consumption,-19,production_run,PRUN_SID0002_MID0025_034
SMFEID4357,SID0004,MID0007,2025/08/20,production_consumption,-75,production_run,PRUN_SID0004_MID0007_034
SMFEID4358,SID0004,MID0020,2025/08/20,production_consumption,-8,production_run,PRUN_SID0004_MID0020_034
SMFEID4359,SID0006,MID0010,2025/08/20,production_consumption,-30,production_run,PRUN_SID0006_MID0010_034
SMFEID4360,SID0006,MID0020,2025/08/20,production_consumption,-76,production_run,PRUN_SID0006_MID0020_034
SMFEID4361,SID0007,MID0020,2025/08/20,external_receipt,836,order,OID0589
SMFEID4362,SID0007,MID0020,2025/08/20,production_consumption,-172,production_run,PRUN_SID0007_MID0020_034
SMFEID4363,SID0008,MID0024,2025/08/20,production_consumption,-4,production_run,PRUN_SID0008_MID0024_008
SMFEID4364,SID0011,MID0001,2025/08/20,production_consumption,-15,production_run,PRUN_SID0011_MID0001_034
SMFEID4365,SID0011,MID0007,2025/08/20,production_consumption,-35,production_run,PRUN_SID0011_MID0007_034
SMFEID4366,SID0011,MID0008,2025/08/20,production_consumption,-150,production_run,PRUN_SID0011_MID0008_034
SMFEID4367,SID0011,MID0020,2025/08/20,production_consumption,-119,production_run,PRUN_SID0011_MID0020_034
SMFEID4368,SID0011,MID0025,2025/08/20,external_receipt,167,order,OID0594
SMFEID4369,SID0013,MID0016,2025/08/20,external_receipt,182,order,OID0585
SMFEID4370,SID0013,MID0016,2025/08/20,production_consumption,-115,production_run,PRUN_SID0013_MID0016_034
SMFEID4371,SID0013,MID0020,2025/08/20,production_consumption,-11,production_run,PRUN_SID0013_MID0020_034
SMFEID4372,SID0015,MID0007,2025/08/20,production_consumption,-178,production_run,PRUN_SID0015_MID0007_034
SMFEID4373,SID0015,MID0020,2025/08/20,production_consumption,-76,production_run,PRUN_SID0015_MID0020_034
SMFEID4374,SID0017,MID0004,2025/08/20,production_consumption,-86,production_run,PRUN_SID0017_MID0004_016
SMFEID4375,SID0018,MID0004,2025/08/20,production_consumption,-118,production_run,PRUN_SID0018_MID0004_034
SMFEID4376,SID0018,MID0007,2025/08/20,external_receipt,152,order,OID0579
SMFEID4377,SID0018,MID0007,2025/08/20,production_consumption,-37,production_run,PRUN_SID0018_MID0007_034
SMFEID4378,SID0018,MID0020,2025/08/20,production_consumption,-124,production_run,PRUN_SID0018_MID0020_034
SMFEID4379,SID0019,MID0010,2025/08/20,production_consumption,-51,production_run,PRUN_SID0019_MID0010_034
SMFEID4380,SID0019,MID0013,2025/08/20,production_consumption,-20,production_run,PRUN_SID0019_MID0013_016
SMFEID4381,SID0020,MID0003,2025/08/20,production_consumption,-22,production_run,PRUN_SID0020_MID0003_008
SMFEID4382,SID0021,MID0001,2025/08/20,production_consumption,-50,production_run,PRUN_SID0021_MID0001_034
SMFEID4383,SID0021,MID0004,2025/08/20,external_receipt,177,order,OID0598
SMFEID4384,SID0021,MID0004,2025/08/20,production_consumption,-98,production_run,PRUN_SID0021_MID0004_034
SMFEID4385,SID0021,MID0018,2025/08/20,production_consumption,-11,production_run,PRUN_SID0021_MID0018_016
SMFEID4386,SID0002,MID0025,2025/08/21,production_consumption,-30,production_run,PRUN_SID0002_MID0025_034
SMFEID4387,SID0004,MID0007,2025/08/21,production_consumption,-75,production_run,PRUN_SID0004_MID0007_034
SMFEID4388,SID0004,MID0020,2025/08/21,production_consumption,-31,production_run,PRUN_SID0004_MID0020_034
SMFEID4389,SID0006,MID0010,2025/08/21,production_consumption,-54,production_run,PRUN_SID0006_MID0010_034
SMFEID4390,SID0006,MID0020,2025/08/21,production_consumption,-74,production_run,PRUN_SID0006_MID0020_034
SMFEID4391,SID0007,MID0017,2025/08/21,external_receipt,449,order,OID0586
SMFEID4392,SID0007,MID0017,2025/08/21,production_consumption,-196,production_run,PRUN_SID0007_MID0017_034
SMFEID4393,SID0011,MID0001,2025/08/21,production_consumption,-23,production_run,PRUN_SID0011_MID0001_034
SMFEID4394,SID0011,MID0007,2025/08/21,production_consumption,-32,production_run,PRUN_SID0011_MID0007_034
SMFEID4395,SID0011,MID0020,2025/08/21,production_consumption,-129,production_run,PRUN_SID0011_MID0020_034
SMFEID4396,SID0011,MID0025,2025/08/21,production_consumption,-23,production_run,PRUN_SID0011_MID0025_034
SMFEID4397,SID0013,MID0016,2025/08/21,production_consumption,-74,production_run,PRUN_SID0013_MID0016_034
SMFEID4398,SID0015,MID0007,2025/08/21,production_consumption,-160,production_run,PRUN_SID0015_MID0007_034
SMFEID4399,SID0015,MID0020,2025/08/21,production_consumption,-184,production_run,PRUN_SID0015_MID0020_034
SMFEID4400,SID0017,MID0004,2025/08/21,production_consumption,-11,production_run,PRUN_SID0017_MID0004_016
SMFEID4401,SID0018,MID0004,2025/08/21,production_consumption,-42,production_run,PRUN_SID0018_MID0004_034
SMFEID4402,SID0019,MID0013,2025/08/21,production_consumption,-21,production_run,PRUN_SID0019_MID0013_016
SMFEID4403,SID0019,MID0015,2025/08/21,external_receipt,61,order,OID0595
SMFEID4404,SID0019,MID0016,2025/08/21,production_consumption,-58,production_run,PRUN_SID0019_MID0016_034
SMFEID4405,SID0020,MID0003,2025/08/21,production_consumption,-18,production_run,PRUN_SID0020_MID0003_008
SMFEID4406,SID0020,MID0017,2025/08/21,production_consumption,-36,production_run,PRUN_SID0020_MID0017_016
SMFEID4407,SID0021,MID0001,2025/08/21,production_consumption,-36,production_run,PRUN_SID0021_MID0001_034
SMFEID4408,SID0021,MID0004,2025/08/21,production_consumption,-47,production_run,PRUN_SID0021_MID0004_034
SMFEID4409,SID0021,MID0018,2025/08/21,external_receipt,61,order,OID0580
SMFEID4410,SID0021,MID0018,2025/08/21,production_consumption,-13,production_run,PRUN_SID0021_MID0018_016
SMFEID4411,SID0002,MID0020,2025/08/22,external_receipt,200,order,OID0571
SMFEID4412,SID0002,MID0025,2025/08/22,production_consumption,-11,production_run,PRUN_SID0002_MID0025_034
SMFEID4413,SID0004,MID0020,2025/08/22,production_consumption,-12,production_run,PRUN_SID0004_MID0020_034
SMFEID4414,SID0006,MID0010,2025/08/22,external_receipt,172,order,OID0590
SMFEID4415,SID0006,MID0010,2025/08/22,external_receipt,172,order,OID0591
SMFEID4416,SID0006,MID0010,2025/08/22,production_consumption,-13,production_run,PRUN_SID0006_MID0010_034
SMFEID4417,SID0006,MID0020,2025/08/22,production_consumption,-16,production_run,PRUN_SID0006_MID0020_034
SMFEID4418,SID0007,MID0017,2025/08/22,production_consumption,-142,production_run,PRUN_SID0007_MID0017_034
SMFEID4419,SID0008,MID0023,2025/08/22,production_consumption,-5,production_run,PRUN_SID0008_MID0023_008
SMFEID4420,SID0011,MID0001,2025/08/22,production_consumption,-8,production_run,PRUN_SID0011_MID0001_034
SMFEID4421,SID0011,MID0007,2025/08/22,production_consumption,-26,production_run,PRUN_SID0011_MID0007_034
SMFEID4422,SID0011,MID0025,2025/08/22,production_consumption,-56,production_run,PRUN_SID0011_MID0025_034
SMFEID4423,SID0013,MID0016,2025/08/22,external_receipt,364,order,OID0587
SMFEID4424,SID0015,MID0007,2025/08/22,production_consumption,-101,production_run,PRUN_SID0015_MID0007_034
SMFEID4425,SID0015,MID0020,2025/08/22,production_consumption,-136,production_run,PRUN_SID0015_MID0020_034
SMFEID4426,SID0017,MID0001,2025/08/22,production_consumption,-26,production_run,PRUN_SID0017_MID0001_016
SMFEID4427,SID0017,MID0005,2025/08/22,external_receipt,73,order,OID0588
SMFEID4428,SID0019,MID0013,2025/08/22,production_consumption,-6,production_run,PRUN_SID0019_MID0013_016
SMFEID4429,SID0019,MID0016,2025/08/22,production_consumption,-58,production_run,PRUN_SID0019_MID0016_034
SMFEID4430,SID0020,MID0017,2025/08/22,production_consumption,-132,production_run,PRUN_SID0020_MID0017_016
SMFEID4431,SID0021,MID0001,2025/08/22,production_consumption,-22,production_run,PRUN_SID0021_MID0001_034
SMFEID4432,SID0021,MID0004,2025/08/22,production_consumption,-64,production_run,PRUN_SID0021_MID0004_034
SMFEID4433,SID0021,MID0018,2025/08/22,production_consumption,-12,production_run,PRUN_SID0021_MID0018_016
SMFEID4434,SID0015,MID0007,2025/08/23,external_receipt,1528,order,OID0562
SMFEID4435,SID0018,MID0021,2025/08/23,external_receipt,191,order,OID0570
SMFEID4436,SID0002,MID0020,2025/08/25,production_consumption,-6,production_run,PRUN_SID0002_MID0020_016
SMFEID4437,SID0002,MID0025,2025/08/25,production_consumption,-5,production_run,PRUN_SID0002_MID0025_035
SMFEID4438,SID0004,MID0007,2025/08/25,production_consumption,-11,production_run,PRUN_SID0004_MID0007_035
SMFEID4439,SID0006,MID0020,2025/08/25,production_consumption,-47,production_run,PRUN_SID0006_MID0020_035
SMFEID4440,SID0007,MID0017,2025/08/25,production_consumption,-60,production_run,PRUN_SID0007_MID0017_035
SMFEID4441,SID0008,MID0023,2025/08/25,production_consumption,-5,production_run,PRUN_SID0008_MID0023_008
SMFEID4442,SID0011,MID0001,2025/08/25,external_receipt,110,order,OID0601
SMFEID4443,SID0011,MID0001,2025/08/25,production_consumption,-3,production_run,PRUN_SID0011_MID0001_035
SMFEID4444,SID0011,MID0007,2025/08/25,production_consumption,-40,production_run,PRUN_SID0011_MID0007_035
SMFEID4445,SID0013,MID0020,2025/08/25,production_consumption,-58,production_run,PRUN_SID0013_MID0020_035
SMFEID4446,SID0015,MID0007,2025/08/25,production_consumption,-31,production_run,PRUN_SID0015_MID0007_035
SMFEID4447,SID0015,MID0020,2025/08/25,production_consumption,-76,production_run,PRUN_SID0015_MID0020_035
SMFEID4448,SID0015,MID0025,2025/08/25,external_receipt,146,order,OID0572
SMFEID4449,SID0017,MID0001,2025/08/25,production_consumption,-7,production_run,PRUN_SID0017_MID0001_016
SMFEID4450,SID0018,MID0004,2025/08/25,production_consumption,-140,production_run,PRUN_SID0018_MID0004_035
SMFEID4451,SID0018,MID0007,2025/08/25,production_consumption,-22,production_run,PRUN_SID0018_MID0007_035
SMFEID4452,SID0018,MID0008,2025/08/25,production_consumption,-40,production_run,PRUN_SID0018_MID0008_016
SMFEID4453,SID0018,MID0021,2025/08/25,production_consumption,-15,production_run,PRUN_SID0018_MID0021_016
SMFEID4454,SID0019,MID0010,2025/08/25,production_consumption,-31,production_run,PRUN_SID0019_MID0010_035
SMFEID4455,SID0019,MID0013,2025/08/25,production_consumption,-6,production_run,PRUN_SID0019_MID0013_016
SMFEID4456,SID0019,MID0016,2025/08/25,production_consumption,-70,production_run,PRUN_SID0019_MID0016_035
SMFEID4457,SID0021,MID0001,2025/08/25,production_consumption,-30,production_run,PRUN_SID0021_MID0001_035
SMFEID4458,SID0021,MID0004,2025/08/25,production_consumption,-42,production_run,PRUN_SID0021_MID0004_035
SMFEID4459,SID0002,MID0001,2025/08/26,production_consumption,-15,production_run,PRUN_SID0002_MID0001_035
SMFEID4460,SID0002,MID0020,2025/08/26,production_consumption,-10,production_run,PRUN_SID0002_MID0020_016
SMFEID4461,SID0002,MID0025,2025/08/26,production_consumption,-20,production_run,PRUN_SID0002_MID0025_035
SMFEID4462,SID0004,MID0007,2025/08/26,production_consumption,-5,production_run,PRUN_SID0004_MID0007_035
SMFEID4463,SID0004,MID0020,2025/08/26,production_consumption,-43,production_run,PRUN_SID0004_MID0020_035
SMFEID4464,SID0006,MID0020,2025/08/26,production_consumption,-19,production_run,PRUN_SID0006_MID0020_035
SMFEID4465,SID0007,MID0017,2025/08/26,production_consumption,-316,production_run,PRUN_SID0007_MID0017_035
SMFEID4466,SID0008,MID0022,2025/08/26,production_consumption,-11,production_run,PRUN_SID0008_MID0022_016
SMFEID4467,SID0008,MID0023,2025/08/26,external_receipt,55,order,OID0592
SMFEID4468,SID0008,MID0023,2025/08/26,production_consumption,-8,production_run,PRUN_SID0008_MID0023_008
SMFEID4469,SID0011,MID0001,2025/08/26,production_consumption,-51,production_run,PRUN_SID0011_MID0001_035
SMFEID4470,SID0011,MID0007,2025/08/26,external_receipt,356,order,OID0602
SMFEID4471,SID0011,MID0007,2025/08/26,production_consumption,-56,production_run,PRUN_SID0011_MID0007_035
SMFEID4472,SID0011,MID0008,2025/08/26,production_consumption,-35,production_run,PRUN_SID0011_MID0008_035
SMFEID4473,SID0011,MID0025,2025/08/26,production_consumption,-32,production_run,PRUN_SID0011_MID0025_035
SMFEID4474,SID0013,MID0016,2025/08/26,production_consumption,-21,production_run,PRUN_SID0013_MID0016_035
SMFEID4475,SID0013,MID0020,2025/08/26,production_consumption,-52,production_run,PRUN_SID0013_MID0020_035
SMFEID4476,SID0015,MID0007,2025/08/26,production_consumption,-119,production_run,PRUN_SID0015_MID0007_035
SMFEID4477,SID0015,MID0020,2025/08/26,production_consumption,-88,production_run,PRUN_SID0015_MID0020_035
SMFEID4478,SID0017,MID0001,2025/08/26,production_consumption,-23,production_run,PRUN_SID0017_MID0001_016
SMFEID4479,SID0018,MID0004,2025/08/26,production_consumption,-137,production_run,PRUN_SID0018_MID0004_035
SMFEID4480,SID0018,MID0007,2025/08/26,production_consumption,-33,production_run,PRUN_SID0018_MID0007_035
SMFEID4481,SID0018,MID0008,2025/08/26,production_consumption,-28,production_run,PRUN_SID0018_MID0008_016
SMFEID4482,SID0018,MID0020,2025/08/26,production_consumption,-46,production_run,PRUN_SID0018_MID0020_035
SMFEID4483,SID0018,MID0021,2025/08/26,production_consumption,-8,production_run,PRUN_SID0018_MID0021_016
SMFEID4484,SID0019,MID0010,2025/08/26,production_consumption,-22,production_run,PRUN_SID0019_MID0010_035
SMFEID4485,SID0019,MID0016,2025/08/26,production_consumption,-11,production_run,PRUN_SID0019_MID0016_035
SMFEID4486,SID0021,MID0001,2025/08/26,production_consumption,-23,production_run,PRUN_SID0021_MID0001_035
SMFEID4487,SID0021,MID0004,2025/08/26,production_consumption,-30,production_run,PRUN_SID0021_MID0004_035
SMFEID4488,SID0002,MID0001,2025/08/27,production_consumption,-22,production_run,PRUN_SID0002_MID0001_035
SMFEID4489,SID0002,MID0020,2025/08/27,production_consumption,-21,production_run,PRUN_SID0002_MID0020_016
SMFEID4490,SID0002,MID0025,2025/08/27,production_consumption,-7,production_run,PRUN_SID0002_MID0025_035
SMFEID4491,SID0004,MID0007,2025/08/27,production_consumption,-2,production_run,PRUN_SID0004_MID0007_035
SMFEID4492,SID0004,MID0020,2025/08/27,production_consumption,-18,production_run,PRUN_SID0004_MID0020_035
SMFEID4493,SID0006,MID0020,2025/08/27,external_receipt,940,order,OID0583
SMFEID4494,SID0006,MID0020,2025/08/27,production_consumption,-97,production_run,PRUN_SID0006_MID0020_035
SMFEID4495,SID0007,MID0020,2025/08/27,production_consumption,-388,production_run,PRUN_SID0007_MID0020_035
SMFEID4496,SID0008,MID0022,2025/08/27,production_consumption,-13,production_run,PRUN_SID0008_MID0022_016
SMFEID4497,SID0008,MID0023,2025/08/27,production_consumption,-12,production_run,PRUN_SID0008_MID0023_008
SMFEID4498,SID0011,MID0001,2025/08/27,production_consumption,-23,production_run,PRUN_SID0011_MID0001_035
SMFEID4499,SID0011,MID0007,2025/08/27,production_consumption,-52,production_run,PRUN_SID0011_MID0007_035
SMFEID4500,SID0011,MID0008,2025/08/27,production_consumption,-193,production_run,PRUN_SID0011_MID0008_035
SMFEID4501,SID0011,MID0020,2025/08/27,production_consumption,-183,production_run,PRUN_SID0011_MID0020_035
SMFEID4502,SID0011,MID0025,2025/08/27,production_consumption,-19,production_run,PRUN_SID0011_MID0025_035
SMFEID4503,SID0013,MID0016,2025/08/27,production_consumption,-88,production_run,PRUN_SID0013_MID0016_035
SMFEID4504,SID0013,MID0020,2025/08/27,production_consumption,-31,production_run,PRUN_SID0013_MID0020_035
SMFEID4505,SID0015,MID0007,2025/08/27,production_consumption,-81,production_run,PRUN_SID0015_MID0007_035
SMFEID4506,SID0015,MID0020,2025/08/27,production_consumption,-101,production_run,PRUN_SID0015_MID0020_035
SMFEID4507,SID0018,MID0007,2025/08/27,production_consumption,-12,production_run,PRUN_SID0018_MID0007_035
SMFEID4508,SID0018,MID0008,2025/08/27,production_consumption,-6,production_run,PRUN_SID0018_MID0008_016
SMFEID4509,SID0018,MID0020,2025/08/27,production_consumption,-191,production_run,PRUN_SID0018_MID0020_035
SMFEID4510,SID0018,MID0021,2025/08/27,production_consumption,-14,production_run,PRUN_SID0018_MID0021_016
SMFEID4511,SID0019,MID0010,2025/08/27,production_consumption,-2,production_run,PRUN_SID0019_MID0010_035
SMFEID4512,SID0019,MID0015,2025/08/27,production_consumption,-38,production_run,PRUN_SID0019_MID0015_016
SMFEID4513,SID0019,MID0016,2025/08/27,production_consumption,-10,production_run,PRUN_SID0019_MID0016_035
SMFEID4514,SID0021,MID0001,2025/08/27,production_consumption,-35,production_run,PRUN_SID0021_MID0001_035
SMFEID4515,SID0021,MID0004,2025/08/27,external_receipt,177,order,OID0607
SMFEID4516,SID0021,MID0004,2025/08/27,production_consumption,-33,production_run,PRUN_SID0021_MID0004_035
SMFEID4517,SID0021,MID0005,2025/08/27,production_consumption,-12,production_run,PRUN_SID0021_MID0005_016
SMFEID4518,SID0002,MID0001,2025/08/28,production_consumption,-20,production_run,PRUN_SID0002_MID0001_035
SMFEID4519,SID0002,MID0020,2025/08/28,production_consumption,-49,production_run,PRUN_SID0002_MID0020_016
SMFEID4520,SID0002,MID0025,2025/08/28,production_consumption,-32,production_run,PRUN_SID0002_MID0025_035
SMFEID4521,SID0004,MID0007,2025/08/28,production_consumption,-60,production_run,PRUN_SID0004_MID0007_035
SMFEID4522,SID0004,MID0020,2025/08/28,production_consumption,-14,production_run,PRUN_SID0004_MID0020_035
SMFEID4523,SID0006,MID0010,2025/08/28,production_consumption,-114,production_run,PRUN_SID0006_MID0010_035
SMFEID4524,SID0006,MID0020,2025/08/28,production_consumption,-89,production_run,PRUN_SID0006_MID0020_035
SMFEID4525,SID0007,MID0017,2025/08/28,external_receipt,897,order,OID0610
SMFEID4526,SID0007,MID0020,2025/08/28,production_consumption,-89,production_run,PRUN_SID0007_MID0020_035
SMFEID4527,SID0008,MID0022,2025/08/28,production_consumption,-9,production_run,PRUN_SID0008_MID0022_016
SMFEID4528,SID0008,MID0023,2025/08/28,production_consumption,-4,production_run,PRUN_SID0008_MID0023_008
SMFEID4529,SID0011,MID0007,2025/08/28,production_consumption,-37,production_run,PRUN_SID0011_MID0007_035
SMFEID4530,SID0011,MID0008,2025/08/28,production_consumption,-145,production_run,PRUN_SID0011_MID0008_035
SMFEID4531,SID0011,MID0020,2025/08/28,external_receipt,813,order,OID0608
SMFEID4532,SID0011,MID0020,2025/08/28,production_consumption,-138,production_run,PRUN_SID0011_MID0020_035
SMFEID4533,SID0011,MID0025,2025/08/28,production_consumption,-20,production_run,PRUN_SID0011_MID0025_035
SMFEID4534,SID0013,MID0016,2025/08/28,production_consumption,-70,production_run,PRUN_SID0013_MID0016_035
SMFEID4535,SID0013,MID0020,2025/08/28,production_consumption,-26,production_run,PRUN_SID0013_MID0020_035
SMFEID4536,SID0015,MID0007,2025/08/28,production_consumption,-159,production_run,PRUN_SID0015_MID0007_035
SMFEID4537,SID0015,MID0020,2025/08/28,production_consumption,-42,production_run,PRUN_SID0015_MID0020_035
SMFEID4538,SID0015,MID0025,2025/08/28,production_consumption,-78,production_run,PRUN_SID0015_MID0025_016
SMFEID4539,SID0018,MID0007,2025/08/28,production_consumption,-23,production_run,PRUN_SID0018_MID0007_035
SMFEID4540,SID0018,MID0020,2025/08/28,production_consumption,-98,production_run,PRUN_SID0018_MID0020_035
SMFEID4541,SID0018,MID0021,2025/08/28,production_consumption,-3,production_run,PRUN_SID0018_MID0021_016
SMFEID4542,SID0019,MID0010,2025/08/28,production_consumption,-22,production_run,PRUN_SID0019_MID0010_035
SMFEID4543,SID0019,MID0015,2025/08/28,production_consumption,-34,production_run,PRUN_SID0019_MID0015_016
SMFEID4544,SID0019,MID0016,2025/08/28,production_consumption,-38,production_run,PRUN_SID0019_MID0016_035
SMFEID4545,SID0021,MID0001,2025/08/28,production_consumption,-34,production_run,PRUN_SID0021_MID0001_035
SMFEID4546,SID0021,MID0004,2025/08/28,production_consumption,-64,production_run,PRUN_SID0021_MID0004_035
SMFEID4547,SID0021,MID0005,2025/08/28,production_consumption,-61,production_run,PRUN_SID0021_MID0005_016
SMFEID4548,SID0021,MID0018,2025/08/28,external_receipt,61,order,OID0600
SMFEID4549,SID0002,MID0001,2025/08/29,production_consumption,-25,production_run,PRUN_SID0002_MID0001_035
SMFEID4550,SID0002,MID0020,2025/08/29,production_consumption,-61,production_run,PRUN_SID0002_MID0020_016
SMFEID4551,SID0004,MID0007,2025/08/29,production_consumption,-75,production_run,PRUN_SID0004_MID0007_035
SMFEID4552,SID0006,MID0010,2025/08/29,production_consumption,-13,production_run,PRUN_SID0006_MID0010_035
SMFEID4553,SID0006,MID0020,2025/08/29,production_consumption,-60,production_run,PRUN_SID0006_MID0020_035
SMFEID4554,SID0008,MID0022,2025/08/29,production_consumption,-11,production_run,PRUN_SID0008_MID0022_016
SMFEID4555,SID0008,MID0023,2025/08/29,production_consumption,-11,production_run,PRUN_SID0008_MID0023_008
SMFEID4556,SID0011,MID0007,2025/08/29,production_consumption,-6,production_run,PRUN_SID0011_MID0007_035
SMFEID4557,SID0011,MID0020,2025/08/29,production_consumption,-188,production_run,PRUN_SID0011_MID0020_035
SMFEID4558,SID0011,MID0025,2025/08/29,production_consumption,-20,production_run,PRUN_SID0011_MID0025_035
SMFEID4559,SID0013,MID0020,2025/08/29,production_consumption,-52,production_run,PRUN_SID0013_MID0020_035
SMFEID4560,SID0015,MID0007,2025/08/29,production_consumption,-38,production_run,PRUN_SID0015_MID0007_035
SMFEID4561,SID0015,MID0020,2025/08/29,production_consumption,-62,production_run,PRUN_SID0015_MID0020_035
SMFEID4562,SID0015,MID0025,2025/08/29,production_consumption,-21,production_run,PRUN_SID0015_MID0025_016
SMFEID4563,SID0018,MID0007,2025/08/29,production_consumption,-17,production_run,PRUN_SID0018_MID0007_035
SMFEID4564,SID0018,MID0021,2025/08/29,production_consumption,-23,production_run,PRUN_SID0018_MID0021_016
SMFEID4565,SID0019,MID0010,2025/08/29,production_consumption,-31,production_run,PRUN_SID0019_MID0010_035
SMFEID4566,SID0019,MID0015,2025/08/29,production_consumption,-37,production_run,PRUN_SID0019_MID0015_016
SMFEID4567,SID0019,MID0016,2025/08/29,production_consumption,-4,production_run,PRUN_SID0019_MID0016_035
SMFEID4568,SID0021,MID0001,2025/08/29,production_consumption,-7,production_run,PRUN_SID0021_MID0001_035
SMFEID4569,SID0021,MID0004,2025/08/29,production_consumption,-16,production_run,PRUN_SID0021_MID0004_035
SMFEID4570,SID0021,MID0005,2025/08/29,production_consumption,-55,production_run,PRUN_SID0021_MID0005_016
SMFEID4571,SID0004,MID0007,2025/08/30,external_receipt,526,order,OID0596
SMFEID4572,SID0019,MID0015,2025/08/30,external_receipt,91,order,OID0609
SMFEID4573,SID0019,MID0016,2025/08/30,external_receipt,510,order,OID0597
SMFEID4574,SID0004,MID0020,2025/09/01,external_receipt,162,order,OID0633
SMFEID4575,SID0004,MID0020,2025/09/01,production_consumption,-24,production_run,PRUN_SID0004_MID0020_036
SMFEID4576,SID0006,MID0020,2025/09/01,production_consumption,-191,production_run,PRUN_SID0006_MID0020_036
SMFEID4577,SID0007,MID0017,2025/09/01,production_consumption,-177,production_run,PRUN_SID0007_MID0017_036
SMFEID4578,SID0007,MID0020,2025/09/01,production_consumption,-142,production_run,PRUN_SID0007_MID0020_036
SMFEID4579,SID0011,MID0007,2025/09/01,production_consumption,-31,production_run,PRUN_SID0011_MID0007_036
SMFEID4580,SID0011,MID0025,2025/09/01,external_receipt,170,order,OID0622
SMFEID4581,SID0013,MID0016,2025/09/01,production_consumption,-38,production_run,PRUN_SID0013_MID0016_036
SMFEID4582,SID0017,MID0001,2025/09/01,production_consumption,-2,production_run,PRUN_SID0017_MID0001_017
SMFEID4583,SID0018,MID0007,2025/09/01,external_receipt,152,order,OID0603
SMFEID4584,SID0018,MID0007,2025/09/01,production_consumption,-18,production_run,PRUN_SID0018_MID0007_036
SMFEID4585,SID0018,MID0021,2025/09/01,production_consumption,-52,production_run,PRUN_SID0018_MID0021_017
SMFEID4586,SID0019,MID0010,2025/09/01,production_consumption,-22,production_run,PRUN_SID0019_MID0010_036
SMFEID4587,SID0019,MID0013,2025/09/01,production_consumption,-18,production_run,PRUN_SID0019_MID0013_017
SMFEID4588,SID0019,MID0016,2025/09/01,production_consumption,-8,production_run,PRUN_SID0019_MID0016_036
SMFEID4589,SID0021,MID0001,2025/09/01,production_consumption,-27,production_run,PRUN_SID0021_MID0001_036
SMFEID4590,SID0002,MID0001,2025/09/02,production_consumption,-11,production_run,PRUN_SID0002_MID0001_036
SMFEID4591,SID0004,MID0020,2025/09/02,production_consumption,-23,production_run,PRUN_SID0004_MID0020_036
SMFEID4592,SID0006,MID0010,2025/09/02,production_consumption,-66,production_run,PRUN_SID0006_MID0010_036
SMFEID4593,SID0006,MID0020,2025/09/02,production_consumption,-16,production_run,PRUN_SID0006_MID0020_036
SMFEID4594,SID0007,MID0017,2025/09/02,production_consumption,-66,production_run,PRUN_SID0007_MID0017_036
SMFEID4595,SID0007,MID0020,2025/09/02,production_consumption,-19,production_run,PRUN_SID0007_MID0020_036
SMFEID4596,SID0011,MID0001,2025/09/02,external_receipt,100,order,OID0628
SMFEID4597,SID0011,MID0007,2025/09/02,production_consumption,-52,production_run,PRUN_SID0011_MID0007_036
SMFEID4598,SID0011,MID0020,2025/09/02,production_consumption,-159,production_run,PRUN_SID0011_MID0020_036
SMFEID4599,SID0013,MID0016,2025/09/02,production_consumption,-107,production_run,PRUN_SID0013_MID0016_036
SMFEID4600,SID0013,MID0020,2025/09/02,production_consumption,-52,production_run,PRUN_SID0013_MID0020_036
SMFEID4601,SID0017,MID0001,2025/09/02,production_consumption,-17,production_run,PRUN_SID0017_MID0001_017
SMFEID4602,SID0018,MID0004,2025/09/02,production_consumption,-121,production_run,PRUN_SID0018_MID0004_036
SMFEID4603,SID0018,MID0007,2025/09/02,production_consumption,-7,production_run,PRUN_SID0018_MID0007_036
SMFEID4604,SID0018,MID0008,2025/09/02,production_consumption,-8,production_run,PRUN_SID0018_MID0008_017
SMFEID4605,SID0018,MID0021,2025/09/02,production_consumption,-14,production_run,PRUN_SID0018_MID0021_017
SMFEID4606,SID0019,MID0010,2025/09/02,production_consumption,-13,production_run,PRUN_SID0019_MID0010_036
SMFEID4607,SID0019,MID0013,2025/09/02,production_consumption,-26,production_run,PRUN_SID0019_MID0013_017
SMFEID4608,SID0019,MID0016,2025/09/02,production_consumption,-34,production_run,PRUN_SID0019_MID0016_036
SMFEID4609,SID0021,MID0001,2025/09/02,production_consumption,-24,production_run,PRUN_SID0021_MID0001_036
SMFEID4610,SID0002,MID0001,2025/09/03,production_consumption,-23,production_run,PRUN_SID0002_MID0001_036
SMFEID4611,SID0002,MID0025,2025/09/03,external_receipt,182,order,OID0604
SMFEID4612,SID0002,MID0025,2025/09/03,production_consumption,-16,production_run,PRUN_SID0002_MID0025_036
SMFEID4613,SID0004,MID0007,2025/09/03,production_consumption,-104,production_run,PRUN_SID0004_MID0007_036
SMFEID4614,SID0004,MID0020,2025/09/03,production_consumption,-21,production_run,PRUN_SID0004_MID0020_036
SMFEID4615,SID0006,MID0010,2025/09/03,production_consumption,-8,production_run,PRUN_SID0006_MID0010_036
SMFEID4616,SID0006,MID0020,2025/09/03,production_consumption,-117,production_run,PRUN_SID0006_MID0020_036
SMFEID4617,SID0007,MID0017,2025/09/03,production_consumption,-132,production_run,PRUN_SID0007_MID0017_036
SMFEID4618,SID0007,MID0020,2025/09/03,production_consumption,-118,production_run,PRUN_SID0007_MID0020_036
SMFEID4619,SID0011,MID0001,2025/09/03,production_consumption,-73,production_run,PRUN_SID0011_MID0001_036
SMFEID4620,SID0011,MID0007,2025/09/03,production_consumption,-39,production_run,PRUN_SID0011_MID0007_036
SMFEID4621,SID0011,MID0020,2025/09/03,production_consumption,-405,production_run,PRUN_SID0011_MID0020_036
SMFEID4622,SID0013,MID0016,2025/09/03,production_consumption,-2,production_run,PRUN_SID0013_MID0016_036
SMFEID4623,SID0013,MID0017,2025/09/03,external_receipt,41,order,OID0611
SMFEID4624,SID0013,MID0020,2025/09/03,production_consumption,-100,production_run,PRUN_SID0013_MID0020_036
SMFEID4625,SID0015,MID0007,2025/09/03,production_consumption,-15,production_run,PRUN_SID0015_MID0007_036
SMFEID4626,SID0015,MID0020,2025/09/03,production_consumption,-215,production_run,PRUN_SID0015_MID0020_036
SMFEID4627,SID0017,MID0001,2025/09/03,production_consumption,-4,production_run,PRUN_SID0017_MID0001_017
SMFEID4628,SID0018,MID0004,2025/09/03,production_consumption,-51,production_run,PRUN_SID0018_MID0004_036
SMFEID4629,SID0018,MID0007,2025/09/03,production_consumption,-30,production_run,PRUN_SID0018_MID0007_036
SMFEID4630,SID0018,MID0008,2025/09/03,external_receipt,146,order,OID0618
SMFEID4631,SID0018,MID0008,2025/09/03,production_consumption,-7,production_run,PRUN_SID0018_MID0008_017
SMFEID4632,SID0018,MID0020,2025/09/03,production_consumption,-194,production_run,PRUN_SID0018_MID0020_036
SMFEID4633,SID0019,MID0010,2025/09/03,production_consumption,-39,production_run,PRUN_SID0019_MID0010_036
SMFEID4634,SID0019,MID0013,2025/09/03,external_receipt,71,order,OID0619
SMFEID4635,SID0019,MID0013,2025/09/03,production_consumption,-20,production_run,PRUN_SID0019_MID0013_017
SMFEID4636,SID0019,MID0016,2025/09/03,production_consumption,-27,production_run,PRUN_SID0019_MID0016_036
SMFEID4637,SID0021,MID0001,2025/09/03,production_consumption,-7,production_run,PRUN_SID0021_MID0001_036
SMFEID4638,SID0021,MID0004,2025/09/03,production_consumption,-128,production_run,PRUN_SID0021_MID0004_036
SMFEID4639,SID0002,MID0001,2025/09/04,production_consumption,-16,production_run,PRUN_SID0002_MID0001_036
SMFEID4640,SID0002,MID0025,2025/09/04,production_consumption,-45,production_run,PRUN_SID0002_MID0025_036
SMFEID4641,SID0004,MID0007,2025/09/04,production_consumption,-88,production_run,PRUN_SID0004_MID0007_036
SMFEID4642,SID0004,MID0020,2025/09/04,production_consumption,-7,production_run,PRUN_SID0004_MID0020_036
SMFEID4643,SID0006,MID0010,2025/09/04,production_consumption,-22,production_run,PRUN_SID0006_MID0010_036
SMFEID4644,SID0007,MID0020,2025/09/04,production_consumption,-33,production_run,PRUN_SID0007_MID0020_036
SMFEID4645,SID0011,MID0001,2025/09/04,production_consumption,-2,production_run,PRUN_SID0011_MID0001_036
SMFEID4646,SID0011,MID0007,2025/09/04,production_consumption,-45,production_run,PRUN_SID0011_MID0007_036
SMFEID4647,SID0011,MID0008,2025/09/04,production_consumption,-148,production_run,PRUN_SID0011_MID0008_036
SMFEID4648,SID0011,MID0025,2025/09/04,production_consumption,-37,production_run,PRUN_SID0011_MID0025_036
SMFEID4649,SID0013,MID0016,2025/09/04,production_consumption,-64,production_run,PRUN_SID0013_MID0016_036
SMFEID4650,SID0013,MID0020,2025/09/04,external_receipt,364,order,OID0629
SMFEID4651,SID0013,MID0020,2025/09/04,production_consumption,-44,production_run,PRUN_SID0013_MID0020_036
SMFEID4652,SID0015,MID0007,2025/09/04,production_consumption,-433,production_run,PRUN_SID0015_MID0007_036
SMFEID4653,SID0015,MID0020,2025/09/04,production_consumption,-231,production_run,PRUN_SID0015_MID0020_036
SMFEID4654,SID0015,MID0025,2025/09/04,production_consumption,-37,production_run,PRUN_SID0015_MID0025_017
SMFEID4655,SID0017,MID0001,2025/09/04,production_consumption,-19,production_run,PRUN_SID0017_MID0001_017
SMFEID4656,SID0017,MID0004,2025/09/04,production_consumption,-36,production_run,PRUN_SID0017_MID0004_017
SMFEID4657,SID0018,MID0004,2025/09/04,production_consumption,-77,production_run,PRUN_SID0018_MID0004_036
SMFEID4658,SID0018,MID0007,2025/09/04,external_receipt,76,order,OID0605
SMFEID4659,SID0018,MID0007,2025/09/04,production_consumption,-32,production_run,PRUN_SID0018_MID0007_036
SMFEID4660,SID0018,MID0008,2025/09/04,production_consumption,-32,production_run,PRUN_SID0018_MID0008_017
SMFEID4661,SID0018,MID0020,2025/09/04,production_consumption,-125,production_run,PRUN_SID0018_MID0020_036
SMFEID4662,SID0019,MID0010,2025/09/04,production_consumption,-14,production_run,PRUN_SID0019_MID0010_036
SMFEID4663,SID0019,MID0013,2025/09/04,production_consumption,-14,production_run,PRUN_SID0019_MID0013_017
SMFEID4664,SID0019,MID0016,2025/09/04,production_consumption,-37,production_run,PRUN_SID0019_MID0016_036
SMFEID4665,SID0021,MID0001,2025/09/04,production_consumption,-42,production_run,PRUN_SID0021_MID0001_036
SMFEID4666,SID0021,MID0004,2025/09/04,external_receipt,354,order,OID0634
SMFEID4667,SID0021,MID0004,2025/09/04,production_consumption,-83,production_run,PRUN_SID0021_MID0004_036
SMFEID4668,SID0002,MID0001,2025/09/05,production_consumption,-18,production_run,PRUN_SID0002_MID0001_036
SMFEID4669,SID0006,MID0010,2025/09/05,external_receipt,172,order,OID0635
SMFEID4670,SID0006,MID0010,2025/09/05,production_consumption,-30,production_run,PRUN_SID0006_MID0010_036
SMFEID4671,SID0007,MID0020,2025/09/05,production_consumption,-68,production_run,PRUN_SID0007_MID0020_036
SMFEID4672,SID0008,MID0022,2025/09/05,production_consumption,-20,production_run,PRUN_SID0008_MID0022_017
SMFEID4673,SID0011,MID0001,2025/09/05,production_consumption,-2,production_run,PRUN_SID0011_MID0001_036
SMFEID4674,SID0011,MID0007,2025/09/05,production_consumption,-51,production_run,PRUN_SID0011_MID0007_036
SMFEID4675,SID0011,MID0008,2025/09/05,production_consumption,-141,production_run,PRUN_SID0011_MID0008_036
SMFEID4676,SID0011,MID0025,2025/09/05,production_consumption,-41,production_run,PRUN_SID0011_MID0025_036
SMFEID4677,SID0015,MID0025,2025/09/05,production_consumption,-18,production_run,PRUN_SID0015_MID0025_017
SMFEID4678,SID0017,MID0001,2025/09/05,production_consumption,-16,production_run,PRUN_SID0017_MID0001_017
SMFEID4679,SID0017,MID0004,2025/09/05,production_consumption,-44,production_run,PRUN_SID0017_MID0004_017
SMFEID4680,SID0017,MID0018,2025/09/05,external_receipt,61,order,OID0599
SMFEID4681,SID0018,MID0004,2025/09/05,production_consumption,-35,production_run,PRUN_SID0018_MID0004_036
SMFEID4682,SID0018,MID0007,2025/09/05,production_consumption,-33,production_run,PRUN_SID0018_MID0007_036
SMFEID4683,SID0018,MID0008,2025/09/05,production_consumption,-42,production_run,PRUN_SID0018_MID0008_017
SMFEID4684,SID0019,MID0010,2025/09/05,production_consumption,-10,production_run,PRUN_SID0019_MID0010_036
SMFEID4685,SID0019,MID0016,2025/09/05,production_consumption,-4,production_run,PRUN_SID0019_MID0016_036
SMFEID4686,SID0020,MID0017,2025/09/05,production_consumption,-50,production_run,PRUN_SID0020_MID0017_017
SMFEID4687,SID0021,MID0001,2025/09/05,production_consumption,-24,production_run,PRUN_SID0021_MID0001_036
SMFEID4688,SID0002,MID0001,2025/09/06,external_receipt,223,order,OID0615
SMFEID4689,SID0007,MID0020,2025/09/06,external_receipt,946,order,OID0620
SMFEID4690,SID0002,MID0020,2025/09/07,external_receipt,334,order,OID0623
SMFEID4691,SID0011,MID0001,2025/09/07,external_receipt,110,order,OID0639
SMFEID4692,SID0019,MID0015,2025/09/07,external_receipt,91,order,OID0636
SMFEID4693,SID0002,MID0025,2025/09/08,production_consumption,-11,production_run,PRUN_SID0002_MID0025_037
SMFEID4694,SID0004,MID0020,2025/09/08,production_consumption,-19,production_run,PRUN_SID0004_MID0020_037
SMFEID4695,SID0007,MID0017,2025/09/08,external_receipt,449,order,OID0640
SMFEID4696,SID0008,MID0022,2025/09/08,production_consumption,-4,production_run,PRUN_SID0008_MID0022_017
SMFEID4697,SID0008,MID0024,2025/09/08,external_receipt,52,order,OID0624
SMFEID4698,SID0011,MID0001,2025/09/08,production_consumption,-21,production_run,PRUN_SID0011_MID0001_037
SMFEID4699,SID0011,MID0020,2025/09/08,production_consumption,-193,production_run,PRUN_SID0011_MID0020_037
SMFEID4700,SID0011,MID0025,2025/09/08,production_consumption,-24,production_run,PRUN_SID0011_MID0025_037
SMFEID4701,SID0013,MID0016,2025/09/08,external_receipt,182,order,OID0630
SMFEID4702,SID0013,MID0016,2025/09/08,production_consumption,-35,production_run,PRUN_SID0013_MID0016_037
SMFEID4703,SID0013,MID0020,2025/09/08,production_consumption,-53,production_run,PRUN_SID0013_MID0020_037
SMFEID4704,SID0015,MID0007,2025/09/08,production_consumption,-75,production_run,PRUN_SID0015_MID0007_037
SMFEID4705,SID0015,MID0025,2025/09/08,production_consumption,-49,production_run,PRUN_SID0015_MID0025_017
SMFEID4706,SID0017,MID0001,2025/09/08,external_receipt,137,order,OID0612
SMFEID4707,SID0017,MID0004,2025/09/08,production_consumption,-19,production_run,PRUN_SID0017_MID0004_017
SMFEID4708,SID0018,MID0020,2025/09/08,production_consumption,-72,production_run,PRUN_SID0018_MID0020_037
SMFEID4709,SID0019,MID0010,2025/09/08,production_consumption,-6,production_run,PRUN_SID0019_MID0010_037
SMFEID4710,SID0019,MID0016,2025/09/08,production_consumption,-40,production_run,PRUN_SID0019_MID0016_037
SMFEID4711,SID0020,MID0017,2025/09/08,production_consumption,-47,production_run,PRUN_SID0020_MID0017_017
SMFEID4712,SID0021,MID0001,2025/09/08,external_receipt,396,order,OID0613
SMFEID4713,SID0021,MID0001,2025/09/08,production_consumption,-9,production_run,PRUN_SID0021_MID0001_037
SMFEID4714,SID0021,MID0004,2025/09/08,production_consumption,-8,production_run,PRUN_SID0021_MID0004_037
SMFEID4715,SID0002,MID0001,2025/09/09,production_consumption,-5,production_run,PRUN_SID0002_MID0001_037
SMFEID4716,SID0002,MID0020,2025/09/09,production_consumption,-10,production_run,PRUN_SID0002_MID0020_017
SMFEID4717,SID0002,MID0025,2025/09/09,production_consumption,-22,production_run,PRUN_SID0002_MID0025_037
SMFEID4718,SID0004,MID0020,2025/09/09,production_consumption,-17,production_run,PRUN_SID0004_MID0020_037
SMFEID4719,SID0006,MID0010,2025/09/09,production_consumption,-46,production_run,PRUN_SID0006_MID0010_037
SMFEID4720,SID0006,MID0020,2025/09/09,production_consumption,-194,production_run,PRUN_SID0006_MID0020_037
SMFEID4721,SID0007,MID0017,2025/09/09,production_consumption,-13,production_run,PRUN_SID0007_MID0017_037
SMFEID4722,SID0007,MID0020,2025/09/09,production_consumption,-118,production_run,PRUN_SID0007_MID0020_037
SMFEID4723,SID0008,MID0022,2025/09/09,production_consumption,-19,production_run,PRUN_SID0008_MID0022_017
SMFEID4724,SID0011,MID0001,2025/09/09,production_consumption,-3,production_run,PRUN_SID0011_MID0001_037
SMFEID4725,SID0011,MID0008,2025/09/09,production_consumption,-45,production_run,PRUN_SID0011_MID0008_037
SMFEID4726,SID0011,MID0020,2025/09/09,external_receipt,1219,order,OID0638
SMFEID4727,SID0011,MID0020,2025/09/09,production_consumption,-140,production_run,PRUN_SID0011_MID0020_037
SMFEID4728,SID0011,MID0025,2025/09/09,production_consumption,-23,production_run,PRUN_SID0011_MID0025_037
SMFEID4729,SID0013,MID0016,2025/09/09,production_consumption,-42,production_run,PRUN_SID0013_MID0016_037
SMFEID4730,SID0013,MID0020,2025/09/09,production_consumption,-54,production_run,PRUN_SID0013_MID0020_037
SMFEID4731,SID0015,MID0007,2025/09/09,production_consumption,-123,production_run,PRUN_SID0015_MID0007_037
SMFEID4732,SID0015,MID0020,2025/09/09,production_consumption,-53,production_run,PRUN_SID0015_MID0020_037
SMFEID4733,SID0017,MID0004,2025/09/09,production_consumption,-14,production_run,PRUN_SID0017_MID0004_017
SMFEID4734,SID0017,MID0005,2025/09/09,production_consumption,-22,production_run,PRUN_SID0017_MID0005_009
SMFEID4735,SID0018,MID0004,2025/09/09,production_consumption,-100,production_run,PRUN_SID0018_MID0004_037
SMFEID4736,SID0018,MID0020,2025/09/09,production_consumption,-38,production_run,PRUN_SID0018_MID0020_037
SMFEID4737,SID0019,MID0010,2025/09/09,production_consumption,-53,production_run,PRUN_SID0019_MID0010_037
SMFEID4738,SID0019,MID0015,2025/09/09,production_consumption,-8,production_run,PRUN_SID0019_MID0015_017
SMFEID4739,SID0019,MID0016,2025/09/09,production_consumption,-9,production_run,PRUN_SID0019_MID0016_037
SMFEID4740,SID0020,MID0017,2025/09/09,production_consumption,-33,production_run,PRUN_SID0020_MID0017_017
SMFEID4741,SID0021,MID0001,2025/09/09,production_consumption,-59,production_run,PRUN_SID0021_MID0001_037
SMFEID4742,SID0021,MID0004,2025/09/09,production_consumption,-67,production_run,PRUN_SID0021_MID0004_037
SMFEID4743,SID0021,MID0005,2025/09/09,production_consumption,-27,production_run,PRUN_SID0021_MID0005_017
SMFEID4744,SID0021,MID0018,2025/09/09,production_consumption,-16,production_run,PRUN_SID0021_MID0018_017
SMFEID4745,SID0002,MID0001,2025/09/10,production_consumption,-8,production_run,PRUN_SID0002_MID0001_037
SMFEID4746,SID0002,MID0020,2025/09/10,production_consumption,-51,production_run,PRUN_SID0002_MID0020_017
SMFEID4747,SID0002,MID0025,2025/09/10,production_consumption,-7,production_run,PRUN_SID0002_MID0025_037
SMFEID4748,SID0004,MID0007,2025/09/10,production_consumption,-96,production_run,PRUN_SID0004_MID0007_037
SMFEID4749,SID0004,MID0020,2025/09/10,production_consumption,-5,production_run,PRUN_SID0004_MID0020_037
SMFEID4750,SID0006,MID0010,2025/09/10,production_consumption,-11,production_run,PRUN_SID0006_MID0010_037
SMFEID4751,SID0006,MID0020,2025/09/10,production_consumption,-103,production_run,PRUN_SID0006_MID0020_037
SMFEID4752,SID0007,MID0017,2025/09/10,production_consumption,-200,production_run,PRUN_SID0007_MID0017_037
SMFEID4753,SID0007,MID0020,2025/09/10,production_consumption,-13,production_run,PRUN_SID0007_MID0020_037
SMFEID4754,SID0008,MID0012,2025/09/10,production_consumption,-4,production_run,PRUN_SID0008_MID0012_009
SMFEID4755,SID0011,MID0001,2025/09/10,production_consumption,-17,production_run,PRUN_SID0011_MID0001_037
SMFEID4756,SID0011,MID0008,2025/09/10,external_receipt,922,order,OID0625
SMFEID4757,SID0011,MID0008,2025/09/10,production_consumption,-64,production_run,PRUN_SID0011_MID0008_037
SMFEID4758,SID0011,MID0020,2025/09/10,production_consumption,-169,production_run,PRUN_SID0011_MID0020_037
SMFEID4759,SID0011,MID0025,2025/09/10,production_consumption,-15,production_run,PRUN_SID0011_MID0025_037
SMFEID4760,SID0013,MID0016,2025/09/10,production_consumption,-51,production_run,PRUN_SID0013_MID0016_037
SMFEID4761,SID0013,MID0020,2025/09/10,production_consumption,-64,production_run,PRUN_SID0013_MID0020_037
SMFEID4762,SID0015,MID0007,2025/09/10,production_consumption,-44,production_run,PRUN_SID0015_MID0007_037
SMFEID4763,SID0015,MID0020,2025/09/10,production_consumption,-423,production_run,PRUN_SID0015_MID0020_037
SMFEID4764,SID0017,MID0005,2025/09/10,production_consumption,-42,production_run,PRUN_SID0017_MID0005_009
SMFEID4765,SID0018,MID0004,2025/09/10,production_consumption,-124,production_run,PRUN_SID0018_MID0004_037
SMFEID4766,SID0018,MID0007,2025/09/10,production_consumption,-1,production_run,PRUN_SID0018_MID0007_037
SMFEID4767,SID0018,MID0020,2025/09/10,production_consumption,-71,production_run,PRUN_SID0018_MID0020_037
SMFEID4768,SID0019,MID0010,2025/09/10,production_consumption,-5,production_run,PRUN_SID0019_MID0010_037
SMFEID4769,SID0019,MID0015,2025/09/10,production_consumption,-42,production_run,PRUN_SID0019_MID0015_017
SMFEID4770,SID0019,MID0016,2025/09/10,production_consumption,-57,production_run,PRUN_SID0019_MID0016_037
SMFEID4771,SID0020,MID0017,2025/09/10,external_receipt,255,order,OID0614
SMFEID4772,SID0020,MID0017,2025/09/10,production_consumption,-27,production_run,PRUN_SID0020_MID0017_017
SMFEID4773,SID0021,MID0001,2025/09/10,production_consumption,-42,production_run,PRUN_SID0021_MID0001_037
SMFEID4774,SID0021,MID0004,2025/09/10,production_consumption,-64,production_run,PRUN_SID0021_MID0004_037
SMFEID4775,SID0021,MID0005,2025/09/10,production_consumption,-11,production_run,PRUN_SID0021_MID0005_017
SMFEID4776,SID0021,MID0018,2025/09/10,production_consumption,-17,production_run,PRUN_SID0021_MID0018_017
SMFEID4777,SID0002,MID0001,2025/09/11,production_consumption,-44,production_run,PRUN_SID0002_MID0001_037
SMFEID4778,SID0002,MID0020,2025/09/11,production_consumption,-58,production_run,PRUN_SID0002_MID0020_017
SMFEID4779,SID0002,MID0025,2025/09/11,production_consumption,-16,production_run,PRUN_SID0002_MID0025_037
SMFEID4780,SID0004,MID0007,2025/09/11,production_consumption,-61,production_run,PRUN_SID0004_MID0007_037
SMFEID4781,SID0004,MID0020,2025/09/11,production_consumption,-13,production_run,PRUN_SID0004_MID0020_037
SMFEID4782,SID0006,MID0010,2025/09/11,production_consumption,-22,production_run,PRUN_SID0006_MID0010_037
SMFEID4783,SID0007,MID0017,2025/09/11,production_consumption,-158,production_run,PRUN_SID0007_MID0017_037
SMFEID4784,SID0007,MID0020,2025/09/11,production_consumption,-170,production_run,PRUN_SID0007_MID0020_037
SMFEID4785,SID0008,MID0012,2025/09/11,production_consumption,-9,production_run,PRUN_SID0008_MID0012_009
SMFEID4786,SID0008,MID0023,2025/09/11,production_consumption,-24,production_run,PRUN_SID0008_MID0023_009
SMFEID4787,SID0011,MID0001,2025/09/11,production_consumption,-34,production_run,PRUN_SID0011_MID0001_037
SMFEID4788,SID0011,MID0007,2025/09/11,production_consumption,-119,production_run,PRUN_SID0011_MID0007_037
SMFEID4789,SID0011,MID0008,2025/09/11,production_consumption,-172,production_run,PRUN_SID0011_MID0008_037
SMFEID4790,SID0011,MID0020,2025/09/11,production_consumption,-30,production_run,PRUN_SID0011_MID0020_037
SMFEID4791,SID0011,MID0025,2025/09/11,production_consumption,-24,production_run,PRUN_SID0011_MID0025_037
SMFEID4792,SID0013,MID0016,2025/09/11,production_consumption,-60,production_run,PRUN_SID0013_MID0016_037
SMFEID4793,SID0013,MID0020,2025/09/11,production_consumption,-4,production_run,PRUN_SID0013_MID0020_037
SMFEID4794,SID0015,MID0007,2025/09/11,production_consumption,-139,production_run,PRUN_SID0015_MID0007_037
SMFEID4795,SID0015,MID0020,2025/09/11,external_receipt,1879,order,OID0606
SMFEID4796,SID0017,MID0018,2025/09/11,production_consumption,-2,production_run,PRUN_SID0017_MID0018_009
SMFEID4797,SID0018,MID0004,2025/09/11,production_consumption,-75,production_run,PRUN_SID0018_MID0004_037
SMFEID4798,SID0018,MID0007,2025/09/11,production_consumption,-106,production_run,PRUN_SID0018_MID0007_037
SMFEID4799,SID0018,MID0020,2025/09/11,production_consumption,-53,production_run,PRUN_SID0018_MID0020_037
SMFEID4800,SID0019,MID0010,2025/09/11,external_receipt,297,order,OID0626
SMFEID4801,SID0019,MID0010,2025/09/11,production_consumption,-32,production_run,PRUN_SID0019_MID0010_037
SMFEID4802,SID0019,MID0015,2025/09/11,production_consumption,-35,production_run,PRUN_SID0019_MID0015_017
SMFEID4803,SID0021,MID0001,2025/09/11,production_consumption,-24,production_run,PRUN_SID0021_MID0001_037
SMFEID4804,SID0021,MID0004,2025/09/11,production_consumption,-75,production_run,PRUN_SID0021_MID0004_037
SMFEID4805,SID0021,MID0005,2025/09/11,external_receipt,164,order,OID0616
SMFEID4806,SID0021,MID0005,2025/09/11,production_consumption,-116,production_run,PRUN_SID0021_MID0005_017
SMFEID4807,SID0021,MID0018,2025/09/11,production_consumption,-22,production_run,PRUN_SID0021_MID0018_017
SMFEID4808,SID0002,MID0001,2025/09/12,production_consumption,-19,production_run,PRUN_SID0002_MID0001_037
SMFEID4809,SID0002,MID0020,2025/09/12,production_consumption,-34,production_run,PRUN_SID0002_MID0020_017
SMFEID4810,SID0002,MID0025,2025/09/12,production_consumption,-7,production_run,PRUN_SID0002_MID0025_037
SMFEID4811,SID0004,MID0020,2025/09/12,production_consumption,-20,production_run,PRUN_SID0004_MID0020_037
SMFEID4812,SID0006,MID0010,2025/09/12,production_consumption,-45,production_run,PRUN_SID0006_MID0010_037
SMFEID4813,SID0007,MID0020,2025/09/12,production_consumption,-155,production_run,PRUN_SID0007_MID0020_037
SMFEID4814,SID0008,MID0012,2025/09/12,production_consumption,-4,production_run,PRUN_SID0008_MID0012_009
SMFEID4815,SID0008,MID0023,2025/09/12,production_consumption,-4,production_run,PRUN_SID0008_MID0023_009
SMFEID4816,SID0011,MID0007,2025/09/12,production_consumption,-99,production_run,PRUN_SID0011_MID0007_037
SMFEID4817,SID0013,MID0016,2025/09/12,external_receipt,182,order,OID0631
SMFEID4818,SID0013,MID0016,2025/09/12,production_consumption,-25,production_run,PRUN_SID0013_MID0016_037
SMFEID4819,SID0013,MID0020,2025/09/12,production_consumption,-20,production_run,PRUN_SID0013_MID0020_037
SMFEID4820,SID0015,MID0007,2025/09/12,production_consumption,-36,production_run,PRUN_SID0015_MID0007_037
SMFEID4821,SID0015,MID0025,2025/09/12,external_receipt,182,order,OID0632
SMFEID4822,SID0017,MID0018,2025/09/12,production_consumption,-9,production_run,PRUN_SID0017_MID0018_009
SMFEID4823,SID0018,MID0020,2025/09/12,external_receipt,947,order,OID0621
SMFEID4824,SID0018,MID0020,2025/09/12,production_consumption,-50,production_run,PRUN_SID0018_MID0020_037
SMFEID4825,SID0019,MID0010,2025/09/12,production_consumption,-11,production_run,PRUN_SID0019_MID0010_037
SMFEID4826,SID0019,MID0015,2025/09/12,production_consumption,-36,production_run,PRUN_SID0019_MID0015_017
SMFEID4827,SID0021,MID0005,2025/09/12,external_receipt,50,order,OID0617
SMFEID4828,SID0021,MID0018,2025/09/12,production_consumption,-11,production_run,PRUN_SID0021_MID0018_017
SMFEID4829,SID0006,MID0010,2025/09/13,external_receipt,172,order,OID0652
SMFEID4830,SID0004,MID0020,2025/09/14,external_receipt,152,order,OID0657
SMFEID4831,SID0011,MID0007,2025/09/14,external_receipt,356,order,OID0643
SMFEID4832,SID0015,MID0007,2025/09/14,external_receipt,2291,order,OID0627
SMFEID4833,SID0002,MID0025,2025/09/15,production_consumption,-38,production_run,PRUN_SID0002_MID0025_038
SMFEID4834,SID0004,MID0007,2025/09/15,production_consumption,-113,production_run,PRUN_SID0004_MID0007_038
SMFEID4835,SID0004,MID0020,2025/09/15,production_consumption,-9,production_run,PRUN_SID0004_MID0020_038
SMFEID4836,SID0008,MID0012,2025/09/15,production_consumption,-6,production_run,PRUN_SID0008_MID0012_009
SMFEID4837,SID0008,MID0023,2025/09/15,production_consumption,-15,production_run,PRUN_SID0008_MID0023_009
SMFEID4838,SID0011,MID0001,2025/09/15,production_consumption,-17,production_run,PRUN_SID0011_MID0001_038
SMFEID4839,SID0013,MID0016,2025/09/15,production_consumption,-9,production_run,PRUN_SID0013_MID0016_038
SMFEID4840,SID0013,MID0020,2025/09/15,production_consumption,-55,production_run,PRUN_SID0013_MID0020_038
SMFEID4841,SID0015,MID0020,2025/09/15,production_consumption,-44,production_run,PRUN_SID0015_MID0020_038
SMFEID4842,SID0017,MID0005,2025/09/15,external_receipt,73,order,OID0658
SMFEID4843,SID0017,MID0018,2025/09/15,production_consumption,-21,production_run,PRUN_SID0017_MID0018_009
SMFEID4844,SID0018,MID0004,2025/09/15,production_consumption,-82,production_run,PRUN_SID0018_MID0004_038
SMFEID4845,SID0018,MID0007,2025/09/15,production_consumption,-43,production_run,PRUN_SID0018_MID0007_038
SMFEID4846,SID0019,MID0010,2025/09/15,production_consumption,-31,production_run,PRUN_SID0019_MID0010_038
SMFEID4847,SID0019,MID0013,2025/09/15,external_receipt,71,order,OID0641
SMFEID4848,SID0019,MID0016,2025/09/15,production_consumption,-11,production_run,PRUN_SID0019_MID0016_038
SMFEID4849,SID0021,MID0004,2025/09/15,external_receipt,354,order,OID0653
SMFEID4850,SID0021,MID0004,2025/09/15,production_consumption,-55,production_run,PRUN_SID0021_MID0004_038
SMFEID4851,SID0021,MID0018,2025/09/15,production_consumption,-2,production_run,PRUN_SID0021_MID0018_017
SMFEID4852,SID0002,MID0025,2025/09/16,production_consumption,-14,production_run,PRUN_SID0002_MID0025_038
SMFEID4853,SID0004,MID0007,2025/09/16,production_consumption,-75,production_run,PRUN_SID0004_MID0007_038
SMFEID4854,SID0004,MID0020,2025/09/16,production_consumption,-11,production_run,PRUN_SID0004_MID0020_038
SMFEID4855,SID0006,MID0010,2025/09/16,production_consumption,-6,production_run,PRUN_SID0006_MID0010_038
SMFEID4856,SID0006,MID0020,2025/09/16,production_consumption,-41,production_run,PRUN_SID0006_MID0020_038
SMFEID4857,SID0007,MID0017,2025/09/16,production_consumption,-55,production_run,PRUN_SID0007_MID0017_038
SMFEID4858,SID0007,MID0020,2025/09/16,production_consumption,-217,production_run,PRUN_SID0007_MID0020_038
SMFEID4859,SID0008,MID0012,2025/09/16,production_consumption,-6,production_run,PRUN_SID0008_MID0012_009
SMFEID4860,SID0011,MID0001,2025/09/16,production_consumption,-19,production_run,PRUN_SID0011_MID0001_038
SMFEID4861,SID0013,MID0016,2025/09/16,production_consumption,-54,production_run,PRUN_SID0013_MID0016_038
SMFEID4862,SID0013,MID0020,2025/09/16,production_consumption,-102,production_run,PRUN_SID0013_MID0020_038
SMFEID4863,SID0015,MID0007,2025/09/16,production_consumption,-99,production_run,PRUN_SID0015_MID0007_038
SMFEID4864,SID0015,MID0020,2025/09/16,production_consumption,-97,production_run,PRUN_SID0015_MID0020_038
SMFEID4865,SID0018,MID0002,2025/09/16,production_consumption,-4,production_run,PRUN_SID0018_MID0002_009
SMFEID4866,SID0018,MID0004,2025/09/16,production_consumption,-66,production_run,PRUN_SID0018_MID0004_038
SMFEID4867,SID0018,MID0007,2025/09/16,production_consumption,-29,production_run,PRUN_SID0018_MID0007_038
SMFEID4868,SID0018,MID0020,2025/09/16,production_consumption,-106,production_run,PRUN_SID0018_MID0020_038
SMFEID4869,SID0019,MID0010,2025/09/16,production_consumption,-12,production_run,PRUN_SID0019_MID0010_038
SMFEID4870,SID0019,MID0015,2025/09/16,production_consumption,-32,production_run,PRUN_SID0019_MID0015_018
SMFEID4871,SID0019,MID0016,2025/09/16,production_consumption,-35,production_run,PRUN_SID0019_MID0016_038
SMFEID4872,SID0020,MID0011,2025/09/16,production_consumption,-10,production_run,PRUN_SID0020_MID0011_009
SMFEID4873,SID0021,MID0001,2025/09/16,production_consumption,-42,production_run,PRUN_SID0021_MID0001_038
SMFEID4874,SID0021,MID0004,2025/09/16,production_consumption,-15,production_run,PRUN_SID0021_MID0004_038
SMFEID4875,SID0002,MID0025,2025/09/17,production_consumption,-7,production_run,PRUN_SID0002_MID0025_038
SMFEID4876,SID0004,MID0020,2025/09/17,production_consumption,-25,production_run,PRUN_SID0004_MID0020_038
SMFEID4877,SID0006,MID0010,2025/09/17,production_consumption,-44,production_run,PRUN_SID0006_MID0010_038
SMFEID4878,SID0006,MID0020,2025/09/17,production_consumption,-266,production_run,PRUN_SID0006_MID0020_038
SMFEID4879,SID0007,MID0017,2025/09/17,external_receipt,449,order,OID0659
SMFEID4880,SID0007,MID0017,2025/09/17,production_consumption,-114,production_run,PRUN_SID0007_MID0017_038
SMFEID4881,SID0007,MID0020,2025/09/17,production_consumption,-226,production_run,PRUN_SID0007_MID0020_038
SMFEID4882,SID0011,MID0001,2025/09/17,production_consumption,-9,production_run,PRUN_SID0011_MID0001_038
SMFEID4883,SID0011,MID0007,2025/09/17,production_consumption,-134,production_run,PRUN_SID0011_MID0007_038
SMFEID4884,SID0011,MID0008,2025/09/17,production_consumption,-159,production_run,PRUN_SID0011_MID0008_038
SMFEID4885,SID0011,MID0020,2025/09/17,production_consumption,-73,production_run,PRUN_SID0011_MID0020_038
SMFEID4886,SID0011,MID0025,2025/09/17,external_receipt,91,order,OID0667
SMFEID4887,SID0013,MID0016,2025/09/17,production_consumption,-60,production_run,PRUN_SID0013_MID0016_038
SMFEID4888,SID0013,MID0017,2025/09/17,production_consumption,-9,production_run,PRUN_SID0013_MID0017_003
SMFEID4889,SID0013,MID0020,2025/09/17,production_consumption,-43,production_run,PRUN_SID0013_MID0020_038
SMFEID4890,SID0015,MID0007,2025/09/17,production_consumption,-121,production_run,PRUN_SID0015_MID0007_038
SMFEID4891,SID0015,MID0020,2025/09/17,production_consumption,-109,production_run,PRUN_SID0015_MID0020_038
SMFEID4892,SID0017,MID0001,2025/09/17,production_consumption,-3,production_run,PRUN_SID0017_MID0001_018
SMFEID4893,SID0018,MID0002,2025/09/17,production_consumption,-11,production_run,PRUN_SID0018_MID0002_009
SMFEID4894,SID0018,MID0004,2025/09/17,production_consumption,-22,production_run,PRUN_SID0018_MID0004_038
SMFEID4895,SID0018,MID0007,2025/09/17,production_consumption,-37,production_run,PRUN_SID0018_MID0007_038
SMFEID4896,SID0018,MID0020,2025/09/17,production_consumption,-16,production_run,PRUN_SID0018_MID0020_038
SMFEID4897,SID0019,MID0010,2025/09/17,production_consumption,-45,production_run,PRUN_SID0019_MID0010_038
SMFEID4898,SID0019,MID0015,2025/09/17,production_consumption,-29,production_run,PRUN_SID0019_MID0015_018
SMFEID4899,SID0019,MID0016,2025/09/17,production_consumption,-5,production_run,PRUN_SID0019_MID0016_038
SMFEID4900,SID0020,MID0011,2025/09/17,production_consumption,-7,production_run,PRUN_SID0020_MID0011_009
SMFEID4901,SID0021,MID0001,2025/09/17,production_consumption,-18,production_run,PRUN_SID0021_MID0001_038
SMFEID4902,SID0021,MID0004,2025/09/17,production_consumption,-50,production_run,PRUN_SID0021_MID0004_038
SMFEID4903,SID0002,MID0001,2025/09/18,production_consumption,-48,production_run,PRUN_SID0002_MID0001_038
SMFEID4904,SID0004,MID0020,2025/09/18,production_consumption,-19,production_run,PRUN_SID0004_MID0020_038
SMFEID4905,SID0006,MID0010,2025/09/18,production_consumption,-43,production_run,PRUN_SID0006_MID0010_038
SMFEID4906,SID0007,MID0017,2025/09/18,production_consumption,-7,production_run,PRUN_SID0007_MID0017_038
SMFEID4907,SID0011,MID0001,2025/09/18,production_consumption,-16,production_run,PRUN_SID0011_MID0001_038
SMFEID4908,SID0011,MID0007,2025/09/18,production_consumption,-39,production_run,PRUN_SID0011_MID0007_038
SMFEID4909,SID0011,MID0008,2025/09/18,production_consumption,-130,production_run,PRUN_SID0011_MID0008_038
SMFEID4910,SID0011,MID0020,2025/09/18,production_consumption,-498,production_run,PRUN_SID0011_MID0020_038
SMFEID4911,SID0011,MID0025,2025/09/18,production_consumption,-52,production_run,PRUN_SID0011_MID0025_038
SMFEID4912,SID0013,MID0016,2025/09/18,production_consumption,-9,production_run,PRUN_SID0013_MID0016_038
SMFEID4913,SID0013,MID0017,2025/09/18,production_consumption,-10,production_run,PRUN_SID0013_MID0017_003
SMFEID4914,SID0015,MID0007,2025/09/18,production_consumption,-184,production_run,PRUN_SID0015_MID0007_038
SMFEID4915,SID0015,MID0020,2025/09/18,production_consumption,-52,production_run,PRUN_SID0015_MID0020_038
SMFEID4916,SID0017,MID0001,2025/09/18,production_consumption,-38,production_run,PRUN_SID0017_MID0001_018
SMFEID4917,SID0018,MID0002,2025/09/18,production_consumption,-10,production_run,PRUN_SID0018_MID0002_009
SMFEID4918,SID0018,MID0004,2025/09/18,production_consumption,-121,production_run,PRUN_SID0018_MID0004_038
SMFEID4919,SID0018,MID0020,2025/09/18,production_consumption,-84,production_run,PRUN_SID0018_MID0020_038
SMFEID4920,SID0019,MID0010,2025/09/18,production_consumption,-11,production_run,PRUN_SID0019_MID0010_038
SMFEID4921,SID0019,MID0015,2025/09/18,external_receipt,91,order,OID0660
SMFEID4922,SID0019,MID0015,2025/09/18,production_consumption,-30,production_run,PRUN_SID0019_MID0015_018
SMFEID4923,SID0019,MID0016,2025/09/18,production_consumption,-40,production_run,PRUN_SID0019_MID0016_038
SMFEID4924,SID0020,MID0011,2025/09/18,production_consumption,-4,production_run,PRUN_SID0020_MID0011_009
SMFEID4925,SID0021,MID0001,2025/09/18,production_consumption,-42,production_run,PRUN_SID0021_MID0001_038
SMFEID4926,SID0021,MID0004,2025/09/18,production_consumption,-72,production_run,PRUN_SID0021_MID0004_038
SMFEID4927,SID0002,MID0001,2025/09/19,production_consumption,-30,production_run,PRUN_SID0002_MID0001_038
SMFEID4928,SID0002,MID0025,2025/09/19,external_receipt,122,order,OID0647
SMFEID4929,SID0004,MID0020,2025/09/19,production_consumption,-11,production_run,PRUN_SID0004_MID0020_038
SMFEID4930,SID0006,MID0010,2025/09/19,production_consumption,-36,production_run,PRUN_SID0006_MID0010_038
SMFEID4931,SID0006,MID0020,2025/09/19,external_receipt,940,order,OID0637
SMFEID4932,SID0007,MID0017,2025/09/19,production_consumption,-171,production_run,PRUN_SID0007_MID0017_038
SMFEID4933,SID0011,MID0001,2025/09/19,production_consumption,-17,production_run,PRUN_SID0011_MID0001_038
SMFEID4934,SID0011,MID0025,2025/09/19,production_consumption,-38,production_run,PRUN_SID0011_MID0025_038
SMFEID4935,SID0013,MID0016,2025/09/19,production_consumption,-74,production_run,PRUN_SID0013_MID0016_038
SMFEID4936,SID0013,MID0017,2025/09/19,production_consumption,-35,production_run,PRUN_SID0013_MID0017_003
SMFEID4937,SID0013,MID0020,2025/09/19,external_receipt,343,order,OID0648
SMFEID4938,SID0015,MID0007,2025/09/19,production_consumption,-47,production_run,PRUN_SID0015_MID0007_038
SMFEID4939,SID0015,MID0020,2025/09/19,production_consumption,-132,production_run,PRUN_SID0015_MID0020_038
SMFEID4940,SID0017,MID0001,2025/09/19,production_consumption,-26,production_run,PRUN_SID0017_MID0001_018
SMFEID4941,SID0018,MID0002,2025/09/19,production_consumption,-2,production_run,PRUN_SID0018_MID0002_009
SMFEID4942,SID0018,MID0020,2025/09/19,production_consumption,-107,production_run,PRUN_SID0018_MID0020_038
SMFEID4943,SID0019,MID0013,2025/09/19,production_consumption,-5,production_run,PRUN_SID0019_MID0013_018
SMFEID4944,SID0019,MID0015,2025/09/19,production_consumption,-12,production_run,PRUN_SID0019_MID0015_018
SMFEID4945,SID0019,MID0016,2025/09/19,production_consumption,-28,production_run,PRUN_SID0019_MID0016_038
SMFEID4946,SID0020,MID0011,2025/09/19,production_consumption,-10,production_run,PRUN_SID0020_MID0011_009
SMFEID4947,SID0021,MID0001,2025/09/19,production_consumption,-39,production_run,PRUN_SID0021_MID0001_038
SMFEID4948,SID0008,MID0022,2025/09/20,external_receipt,41,order,OID0645
SMFEID4949,SID0013,MID0016,2025/09/20,external_receipt,176,order,OID0661
SMFEID4950,SID0008,MID0022,2025/09/21,external_receipt,21,order,OID0646
SMFEID4951,SID0018,MID0007,2025/09/21,external_receipt,152,order,OID0649
SMFEID4952,SID0021,MID0018,2025/09/21,external_receipt,61,order,OID0654
SMFEID4953,SID0002,MID0001,2025/09/22,production_consumption,-62,production_run,PRUN_SID0002_MID0001_039
SMFEID4954,SID0002,MID0025,2025/09/22,production_consumption,-29,production_run,PRUN_SID0002_MID0025_039
SMFEID4955,SID0006,MID0010,2025/09/22,production_consumption,-34,production_run,PRUN_SID0006_MID0010_039
SMFEID4956,SID0007,MID0017,2025/09/22,production_consumption,-52,production_run,PRUN_SID0007_MID0017_039
SMFEID4957,SID0007,MID0020,2025/09/22,production_consumption,-138,production_run,PRUN_SID0007_MID0020_039
SMFEID4958,SID0011,MID0001,2025/09/22,production_consumption,-17,production_run,PRUN_SID0011_MID0001_039
SMFEID4959,SID0011,MID0007,2025/09/22,production_consumption,-7,production_run,PRUN_SID0011_MID0007_039
SMFEID4960,SID0011,MID0008,2025/09/22,production_consumption,-18,production_run,PRUN_SID0011_MID0008_039
SMFEID4961,SID0011,MID0020,2025/09/22,production_consumption,-151,production_run,PRUN_SID0011_MID0020_039
SMFEID4962,SID0013,MID0016,2025/09/22,external_receipt,163,order,OID0662
SMFEID4963,SID0013,MID0016,2025/09/22,production_consumption,-72,production_run,PRUN_SID0013_MID0016_039
SMFEID4964,SID0013,MID0020,2025/09/22,production_consumption,-61,production_run,PRUN_SID0013_MID0020_039
SMFEID4965,SID0015,MID0007,2025/09/22,production_consumption,-5,production_run,PRUN_SID0015_MID0007_039
SMFEID4966,SID0015,MID0020,2025/09/22,production_consumption,-156,production_run,PRUN_SID0015_MID0020_039
SMFEID4967,SID0018,MID0002,2025/09/22,production_consumption,-6,production_run,PRUN_SID0018_MID0002_009
SMFEID4968,SID0018,MID0004,2025/09/22,external_receipt,1019,order,OID0644
SMFEID4969,SID0018,MID0007,2025/09/22,production_consumption,-8,production_run,PRUN_SID0018_MID0007_039
SMFEID4970,SID0018,MID0008,2025/09/22,production_consumption,-1,production_run,PRUN_SID0018_MID0008_018
SMFEID4971,SID0018,MID0020,2025/09/22,production_consumption,-74,production_run,PRUN_SID0018_MID0020_039
SMFEID4972,SID0018,MID0021,2025/09/22,production_consumption,-10,production_run,PRUN_SID0018_MID0021_018
SMFEID4973,SID0019,MID0010,2025/09/22,production_consumption,-26,production_run,PRUN_SID0019_MID0010_039
SMFEID4974,SID0019,MID0013,2025/09/22,production_consumption,-31,production_run,PRUN_SID0019_MID0013_018
SMFEID4975,SID0019,MID0015,2025/09/22,production_consumption,-19,production_run,PRUN_SID0019_MID0015_018
SMFEID4976,SID0020,MID0011,2025/09/22,external_receipt,101,order,OID0642
SMFEID4977,SID0020,MID0011,2025/09/22,production_consumption,-5,production_run,PRUN_SID0020_MID0011_009
SMFEID4978,SID0021,MID0004,2025/09/22,production_consumption,-52,production_run,PRUN_SID0021_MID0004_039
SMFEID4979,SID0021,MID0005,2025/09/22,external_receipt,219,order,OID0655
SMFEID4980,SID0021,MID0005,2025/09/22,production_consumption,-60,production_run,PRUN_SID0021_MID0005_018
SMFEID4981,SID0002,MID0001,2025/09/23,production_consumption,-10,production_run,PRUN_SID0002_MID0001_039
SMFEID4982,SID0002,MID0025,2025/09/23,production_consumption,-7,production_run,PRUN_SID0002_MID0025_039
SMFEID4983,SID0004,MID0007,2025/09/23,production_consumption,-65,production_run,PRUN_SID0004_MID0007_039
SMFEID4984,SID0004,MID0020,2025/09/23,production_consumption,-18,production_run,PRUN_SID0004_MID0020_039
SMFEID4985,SID0006,MID0010,2025/09/23,production_consumption,-78,production_run,PRUN_SID0006_MID0010_039
SMFEID4986,SID0006,MID0020,2025/09/23,production_consumption,-64,production_run,PRUN_SID0006_MID0020_039
SMFEID4987,SID0007,MID0017,2025/09/23,production_consumption,-123,production_run,PRUN_SID0007_MID0017_039
SMFEID4988,SID0007,MID0020,2025/09/23,production_consumption,-280,production_run,PRUN_SID0007_MID0020_039
SMFEID4989,SID0008,MID0024,2025/09/23,production_consumption,-23,production_run,PRUN_SID0008_MID0024_009
SMFEID4990,SID0011,MID0001,2025/09/23,production_consumption,-17,production_run,PRUN_SID0011_MID0001_039
SMFEID4991,SID0011,MID0007,2025/09/23,production_consumption,-12,production_run,PRUN_SID0011_MID0007_039
SMFEID4992,SID0011,MID0008,2025/09/23,production_consumption,-2,production_run,PRUN_SID0011_MID0008_039
SMFEID4993,SID0011,MID0020,2025/09/23,external_receipt,813,order,OID0674
SMFEID4994,SID0011,MID0020,2025/09/23,production_consumption,-88,production_run,PRUN_SID0011_MID0020_039
SMFEID4995,SID0011,MID0025,2025/09/23,production_consumption,-44,production_run,PRUN_SID0011_MID0025_039
SMFEID4996,SID0013,MID0016,2025/09/23,production_consumption,-23,production_run,PRUN_SID0013_MID0016_039
SMFEID4997,SID0013,MID0020,2025/09/23,production_consumption,-30,production_run,PRUN_SID0013_MID0020_039
SMFEID4998,SID0015,MID0007,2025/09/23,production_consumption,-167,production_run,PRUN_SID0015_MID0007_039
SMFEID4999,SID0015,MID0020,2025/09/23,production_consumption,-51,production_run,PRUN_SID0015_MID0020_039
SMFEID5000,SID0018,MID0002,2025/09/23,production_consumption,-9,production_run,PRUN_SID0018_MID0002_009
SMFEID5001,SID0018,MID0004,2025/09/23,production_consumption,-96,production_run,PRUN_SID0018_MID0004_039
SMFEID5002,SID0018,MID0007,2025/09/23,external_receipt,76,order,OID0650
SMFEID5003,SID0018,MID0007,2025/09/23,production_consumption,-52,production_run,PRUN_SID0018_MID0007_039
SMFEID5004,SID0018,MID0008,2025/09/23,production_consumption,-54,production_run,PRUN_SID0018_MID0008_018
SMFEID5005,SID0018,MID0020,2025/09/23,production_consumption,-108,production_run,PRUN_SID0018_MID0020_039
SMFEID5006,SID0018,MID0021,2025/09/23,production_consumption,-4,production_run,PRUN_SID0018_MID0021_018
SMFEID5007,SID0019,MID0010,2025/09/23,production_consumption,-17,production_run,PRUN_SID0019_MID0010_039
SMFEID5008,SID0019,MID0013,2025/09/23,production_consumption,-17,production_run,PRUN_SID0019_MID0013_018
SMFEID5009,SID0021,MID0004,2025/09/23,production_consumption,-66,production_run,PRUN_SID0021_MID0004_039
SMFEID5010,SID0021,MID0005,2025/09/23,production_consumption,-77,production_run,PRUN_SID0021_MID0005_018
SMFEID5011,SID0002,MID0020,2025/09/24,production_consumption,-158,production_run,PRUN_SID0002_MID0020_018
SMFEID5012,SID0002,MID0025,2025/09/24,production_consumption,-8,production_run,PRUN_SID0002_MID0025_039
SMFEID5013,SID0004,MID0007,2025/09/24,production_consumption,-31,production_run,PRUN_SID0004_MID0007_039
SMFEID5014,SID0004,MID0020,2025/09/24,production_consumption,-5,production_run,PRUN_SID0004_MID0020_039
SMFEID5015,SID0006,MID0010,2025/09/24,production_consumption,-6,production_run,PRUN_SID0006_MID0010_039
SMFEID5016,SID0006,MID0020,2025/09/24,production_consumption,-53,production_run,PRUN_SID0006_MID0020_039
SMFEID5017,SID0007,MID0017,2025/09/24,production_consumption,-101,production_run,PRUN_SID0007_MID0017_039
SMFEID5018,SID0007,MID0020,2025/09/24,external_receipt,631,order,OID0668
SMFEID5019,SID0008,MID0012,2025/09/24,external_receipt,76,order,OID0663
SMFEID5020,SID0008,MID0024,2025/09/24,production_consumption,-27,production_run,PRUN_SID0008_MID0024_009
SMFEID5021,SID0011,MID0001,2025/09/24,external_receipt,100,order,OID0679
SMFEID5022,SID0011,MID0001,2025/09/24,production_consumption,-14,production_run,PRUN_SID0011_MID0001_039
SMFEID5023,SID0011,MID0007,2025/09/24,production_consumption,-111,production_run,PRUN_SID0011_MID0007_039
SMFEID5024,SID0011,MID0008,2025/09/24,production_consumption,-193,production_run,PRUN_SID0011_MID0008_039
SMFEID5025,SID0011,MID0020,2025/09/24,production_consumption,-70,production_run,PRUN_SID0011_MID0020_039
SMFEID5026,SID0011,MID0025,2025/09/24,production_consumption,-32,production_run,PRUN_SID0011_MID0025_039
SMFEID5027,SID0013,MID0016,2025/09/24,production_consumption,-50,production_run,PRUN_SID0013_MID0016_039
SMFEID5028,SID0013,MID0020,2025/09/24,production_consumption,-42,production_run,PRUN_SID0013_MID0020_039
SMFEID5029,SID0015,MID0007,2025/09/24,production_consumption,-224,production_run,PRUN_SID0015_MID0007_039
SMFEID5030,SID0015,MID0020,2025/09/24,production_consumption,-45,production_run,PRUN_SID0015_MID0020_039
SMFEID5031,SID0018,MID0004,2025/09/24,production_consumption,-7,production_run,PRUN_SID0018_MID0004_039
SMFEID5032,SID0018,MID0007,2025/09/24,production_consumption,-39,production_run,PRUN_SID0018_MID0007_039
SMFEID5033,SID0018,MID0008,2025/09/24,production_consumption,-12,production_run,PRUN_SID0018_MID0008_018
SMFEID5034,SID0018,MID0020,2025/09/24,production_consumption,-66,production_run,PRUN_SID0018_MID0020_039
SMFEID5035,SID0018,MID0021,2025/09/24,production_consumption,-17,production_run,PRUN_SID0018_MID0021_018
SMFEID5036,SID0019,MID0010,2025/09/24,production_consumption,-50,production_run,PRUN_SID0019_MID0010_039
SMFEID5037,SID0019,MID0013,2025/09/24,external_receipt,142,order,OID0680
SMFEID5038,SID0019,MID0013,2025/09/24,production_consumption,-35,production_run,PRUN_SID0019_MID0013_018
SMFEID5039,SID0019,MID0016,2025/09/24,production_consumption,-19,production_run,PRUN_SID0019_MID0016_039
SMFEID5040,SID0021,MID0001,2025/09/24,production_consumption,-111,production_run,PRUN_SID0021_MID0001_039
SMFEID5041,SID0021,MID0004,2025/09/24,production_consumption,-64,production_run,PRUN_SID0021_MID0004_039
SMFEID5042,SID0021,MID0005,2025/09/24,external_receipt,55,order,OID0656
SMFEID5043,SID0021,MID0018,2025/09/24,production_consumption,-14,production_run,PRUN_SID0021_MID0018_018
SMFEID5044,SID0002,MID0020,2025/09/25,production_consumption,-15,production_run,PRUN_SID0002_MID0020_018
SMFEID5045,SID0002,MID0025,2025/09/25,production_consumption,-17,production_run,PRUN_SID0002_MID0025_039
SMFEID5046,SID0004,MID0007,2025/09/25,external_receipt,788,order,OID0664
SMFEID5047,SID0004,MID0007,2025/09/25,production_consumption,-20,production_run,PRUN_SID0004_MID0007_039
SMFEID5048,SID0004,MID0020,2025/09/25,production_consumption,-20,production_run,PRUN_SID0004_MID0020_039
SMFEID5049,SID0006,MID0010,2025/09/25,production_consumption,-10,production_run,PRUN_SID0006_MID0010_039
SMFEID5050,SID0006,MID0020,2025/09/25,production_consumption,-100,production_run,PRUN_SID0006_MID0020_039
SMFEID5051,SID0007,MID0017,2025/09/25,production_consumption,-120,production_run,PRUN_SID0007_MID0017_039
SMFEID5052,SID0008,MID0024,2025/09/25,production_consumption,-24,production_run,PRUN_SID0008_MID0024_009
SMFEID5053,SID0011,MID0001,2025/09/25,production_consumption,-15,production_run,PRUN_SID0011_MID0001_039
SMFEID5054,SID0011,MID0007,2025/09/25,production_consumption,-57,production_run,PRUN_SID0011_MID0007_039
SMFEID5055,SID0011,MID0008,2025/09/25,production_consumption,-99,production_run,PRUN_SID0011_MID0008_039
SMFEID5056,SID0011,MID0020,2025/09/25,production_consumption,-98,production_run,PRUN_SID0011_MID0020_039
SMFEID5057,SID0011,MID0025,2025/09/25,external_receipt,182,order,OID0681
SMFEID5058,SID0013,MID0016,2025/09/25,production_consumption,-40,production_run,PRUN_SID0013_MID0016_039
SMFEID5059,SID0013,MID0020,2025/09/25,production_consumption,-60,production_run,PRUN_SID0013_MID0020_039
SMFEID5060,SID0015,MID0007,2025/09/25,production_consumption,-68,production_run,PRUN_SID0015_MID0007_039
SMFEID5061,SID0015,MID0020,2025/09/25,production_consumption,-151,production_run,PRUN_SID0015_MID0020_039
SMFEID5062,SID0015,MID0025,2025/09/25,production_consumption,-52,production_run,PRUN_SID0015_MID0025_018
SMFEID5063,SID0018,MID0004,2025/09/25,production_consumption,-180,production_run,PRUN_SID0018_MID0004_039
SMFEID5064,SID0018,MID0008,2025/09/25,production_consumption,-33,production_run,PRUN_SID0018_MID0008_018
SMFEID5065,SID0018,MID0020,2025/09/25,production_consumption,-110,production_run,PRUN_SID0018_MID0020_039
SMFEID5066,SID0018,MID0021,2025/09/25,production_consumption,-19,production_run,PRUN_SID0018_MID0021_018
SMFEID5067,SID0019,MID0016,2025/09/25,production_consumption,-1,production_run,PRUN_SID0019_MID0016_039
SMFEID5068,SID0020,MID0014,2025/09/25,production_consumption,-6,production_run,PRUN_SID0020_MID0014_009
SMFEID5069,SID0021,MID0001,2025/09/25,production_consumption,-30,production_run,PRUN_SID0021_MID0001_039
SMFEID5070,SID0021,MID0004,2025/09/25,production_consumption,-15,production_run,PRUN_SID0021_MID0004_039
SMFEID5071,SID0021,MID0018,2025/09/25,production_consumption,-1,production_run,PRUN_SID0021_MID0018_018
SMFEID5072,SID0004,MID0007,2025/09/26,production_consumption,-61,production_run,PRUN_SID0004_MID0007_039
SMFEID5073,SID0004,MID0020,2025/09/26,production_consumption,-33,production_run,PRUN_SID0004_MID0020_039
SMFEID5074,SID0006,MID0010,2025/09/26,external_receipt,172,order,OID0682
SMFEID5075,SID0006,MID0020,2025/09/26,production_consumption,-69,production_run,PRUN_SID0006_MID0020_039
SMFEID5076,SID0008,MID0022,2025/09/26,production_consumption,-24,production_run,PRUN_SID0008_MID0022_018
SMFEID5077,SID0011,MID0001,2025/09/26,production_consumption,-15,production_run,PRUN_SID0011_MID0001_039
SMFEID5078,SID0011,MID0007,2025/09/26,external_receipt,356,order,OID0671
SMFEID5079,SID0011,MID0020,2025/09/26,production_consumption,-139,production_run,PRUN_SID0011_MID0020_039
SMFEID5080,SID0013,MID0020,2025/09/26,production_consumption,-18,production_run,PRUN_SID0013_MID0020_039
SMFEID5081,SID0015,MID0025,2025/09/26,production_consumption,-61,production_run,PRUN_SID0015_MID0025_018
SMFEID5082,SID0017,MID0004,2025/09/26,production_consumption,-40,production_run,PRUN_SID0017_MID0004_018
SMFEID5083,SID0018,MID0021,2025/09/26,production_consumption,-16,production_run,PRUN_SID0018_MID0021_018
SMFEID5084,SID0019,MID0016,2025/09/26,production_consumption,-82,production_run,PRUN_SID0019_MID0016_039
SMFEID5085,SID0020,MID0014,2025/09/26,production_consumption,-98,production_run,PRUN_SID0020_MID0014_009
SMFEID5086,SID0020,MID0017,2025/09/26,external_receipt,255,order,OID0651
SMFEID5087,SID0020,MID0017,2025/09/26,production_consumption,-82,production_run,PRUN_SID0020_MID0017_018
SMFEID5088,SID0021,MID0001,2025/09/26,production_consumption,-5,production_run,PRUN_SID0021_MID0001_039
SMFEID5089,SID0021,MID0004,2025/09/26,production_consumption,-2,production_run,PRUN_SID0021_MID0004_039
SMFEID5090,SID0021,MID0018,2025/09/26,production_consumption,-40,production_run,PRUN_SID0021_MID0018_018
SMFEID5091,SID0007,MID0017,2025/09/28,external_receipt,398,order,OID0686
SMFEID5092,SID0013,MID0020,2025/09/28,external_receipt,364,order,OID0688
SMFEID5093,SID0017,MID0004,2025/09/28,external_receipt,162,order,OID0665
SMFEID5094,SID0018,MID0020,2025/09/28,external_receipt,1010,order,OID0669
SMFEID5095,SID0004,MID0020,2025/09/29,production_consumption,-20,production_run,PRUN_SID0004_MID0020_040
SMFEID5096,SID0006,MID0010,2025/09/29,production_consumption,-19,production_run,PRUN_SID0006_MID0010_040
SMFEID5097,SID0006,MID0020,2025/09/29,production_consumption,-87,production_run,PRUN_SID0006_MID0020_040
SMFEID5098,SID0007,MID0017,2025/09/29,production_consumption,-118,production_run,PRUN_SID0007_MID0017_040
SMFEID5099,SID0007,MID0020,2025/09/29,production_consumption,-28,production_run,PRUN_SID0007_MID0020_040
SMFEID5100,SID0008,MID0022,2025/09/29,production_consumption,-15,production_run,PRUN_SID0008_MID0022_018
SMFEID5101,SID0011,MID0001,2025/09/29,production_consumption,-2,production_run,PRUN_SID0011_MID0001_040
SMFEID5102,SID0011,MID0007,2025/09/29,production_consumption,-8,production_run,PRUN_SID0011_MID0007_040
SMFEID5103,SID0011,MID0020,2025/09/29,production_consumption,-132,production_run,PRUN_SID0011_MID0020_040
SMFEID5104,SID0013,MID0016,2025/09/29,production_consumption,-50,production_run,PRUN_SID0013_MID0016_040
SMFEID5105,SID0015,MID0007,2025/09/29,production_consumption,-145,production_run,PRUN_SID0015_MID0007_040
SMFEID5106,SID0015,MID0020,2025/09/29,production_consumption,-101,production_run,PRUN_SID0015_MID0020_040
SMFEID5107,SID0017,MID0004,2025/09/29,production_consumption,-61,production_run,PRUN_SID0017_MID0004_018
SMFEID5108,SID0018,MID0020,2025/09/29,production_consumption,-64,production_run,PRUN_SID0018_MID0020_040
SMFEID5109,SID0019,MID0010,2025/09/29,external_receipt,297,order,OID0675
SMFEID5110,SID0019,MID0010,2025/09/29,production_consumption,-36,production_run,PRUN_SID0019_MID0010_040
SMFEID5111,SID0019,MID0016,2025/09/29,production_consumption,-18,production_run,PRUN_SID0019_MID0016_040
SMFEID5112,SID0020,MID0003,2025/09/29,production_consumption,-62,production_run,PRUN_SID0020_MID0003_009
SMFEID5113,SID0020,MID0017,2025/09/29,production_consumption,-81,production_run,PRUN_SID0020_MID0017_018
SMFEID5114,SID0021,MID0001,2025/09/29,production_consumption,-11,production_run,PRUN_SID0021_MID0001_040
SMFEID5115,SID0021,MID0018,2025/09/29,production_consumption,-7,production_run,PRUN_SID0021_MID0018_018
SMFEID5116,SID0002,MID0025,2025/09/30,production_consumption,-3,production_run,PRUN_SID0002_MID0025_040
SMFEID5117,SID0004,MID0020,2025/09/30,production_consumption,-14,production_run,PRUN_SID0004_MID0020_040
SMFEID5118,SID0006,MID0010,2025/09/30,production_consumption,-45,production_run,PRUN_SID0006_MID0010_040
SMFEID5119,SID0006,MID0020,2025/09/30,production_consumption,-133,production_run,PRUN_SID0006_MID0020_040
SMFEID5120,SID0007,MID0017,2025/09/30,production_consumption,-25,production_run,PRUN_SID0007_MID0017_040
SMFEID5121,SID0007,MID0020,2025/09/30,production_consumption,-53,production_run,PRUN_SID0007_MID0020_040
SMFEID5122,SID0008,MID0022,2025/09/30,production_consumption,-5,production_run,PRUN_SID0008_MID0022_018
SMFEID5123,SID0008,MID0024,2025/09/30,external_receipt,91,order,OID0683
SMFEID5124,SID0011,MID0001,2025/09/30,production_consumption,-33,production_run,PRUN_SID0011_MID0001_040
SMFEID5125,SID0011,MID0007,2025/09/30,production_consumption,-40,production_run,PRUN_SID0011_MID0007_040
SMFEID5126,SID0011,MID0008,2025/09/30,production_consumption,-287,production_run,PRUN_SID0011_MID0008_040
SMFEID5127,SID0011,MID0020,2025/09/30,production_consumption,-68,production_run,PRUN_SID0011_MID0020_040
SMFEID5128,SID0013,MID0016,2025/09/30,production_consumption,-137,production_run,PRUN_SID0013_MID0016_040
SMFEID5129,SID0015,MID0007,2025/09/30,production_consumption,-61,production_run,PRUN_SID0015_MID0007_040
SMFEID5130,SID0015,MID0020,2025/09/30,production_consumption,-101,production_run,PRUN_SID0015_MID0020_040
SMFEID5131,SID0018,MID0007,2025/09/30,production_consumption,-70,production_run,PRUN_SID0018_MID0007_040
SMFEID5132,SID0018,MID0008,2025/09/30,external_receipt,146,order,OID0684
SMFEID5133,SID0018,MID0020,2025/09/30,production_consumption,-166,production_run,PRUN_SID0018_MID0020_040
SMFEID5134,SID0019,MID0010,2025/09/30,production_consumption,-50,production_run,PRUN_SID0019_MID0010_040
SMFEID5135,SID0019,MID0016,2025/09/30,production_consumption,-43,production_run,PRUN_SID0019_MID0016_040
SMFEID5136,SID0020,MID0003,2025/09/30,production_consumption,-12,production_run,PRUN_SID0020_MID0003_009
SMFEID5137,SID0021,MID0001,2025/09/30,production_consumption,-32,production_run,PRUN_SID0021_MID0001_040
SMFEID5138,SID0021,MID0004,2025/09/30,production_consumption,-35,production_run,PRUN_SID0021_MID0004_040
SMFEID5139,SID0002,MID0025,2025/10/01,production_consumption,-59,production_run,PRUN_SID0002_MID0025_040
SMFEID5140,SID0004,MID0020,2025/10/01,external_receipt,162,order,OID0703
SMFEID5141,SID0004,MID0020,2025/10/01,production_consumption,-21,production_run,PRUN_SID0004_MID0020_040
SMFEID5142,SID0006,MID0010,2025/10/01,production_consumption,-28,production_run,PRUN_SID0006_MID0010_040
SMFEID5143,SID0006,MID0020,2025/10/01,production_consumption,-52,production_run,PRUN_SID0006_MID0020_040
SMFEID5144,SID0007,MID0017,2025/10/01,production_consumption,-106,production_run,PRUN_SID0007_MID0017_040
SMFEID5145,SID0007,MID0020,2025/10/01,production_consumption,-47,production_run,PRUN_SID0007_MID0020_040
SMFEID5146,SID0008,MID0022,2025/10/01,external_receipt,41,order,OID0672
SMFEID5147,SID0008,MID0024,2025/10/01,external_receipt,91,order,OID0689
SMFEID5148,SID0011,MID0001,2025/10/01,production_consumption,-33,production_run,PRUN_SID0011_MID0001_040
SMFEID5149,SID0011,MID0007,2025/10/01,production_consumption,-9,production_run,PRUN_SID0011_MID0007_040
SMFEID5150,SID0011,MID0008,2025/10/01,external_receipt,922,order,OID0676
SMFEID5151,SID0011,MID0008,2025/10/01,production_consumption,-44,production_run,PRUN_SID0011_MID0008_040
SMFEID5152,SID0011,MID0020,2025/10/01,external_receipt,813,order,OID0698
SMFEID5153,SID0011,MID0020,2025/10/01,production_consumption,-157,production_run,PRUN_SID0011_MID0020_040
SMFEID5154,SID0011,MID0025,2025/10/01,production_consumption,-16,production_run,PRUN_SID0011_MID0025_040
SMFEID5155,SID0013,MID0016,2025/10/01,production_consumption,-23,production_run,PRUN_SID0013_MID0016_040
SMFEID5156,SID0015,MID0007,2025/10/01,production_consumption,-122,production_run,PRUN_SID0015_MID0007_040
SMFEID5157,SID0015,MID0020,2025/10/01,production_consumption,-50,production_run,PRUN_SID0015_MID0020_040
SMFEID5158,SID0018,MID0004,2025/10/01,production_consumption,-19,production_run,PRUN_SID0018_MID0004_040
SMFEID5159,SID0018,MID0007,2025/10/01,production_consumption,-4,production_run,PRUN_SID0018_MID0007_040
SMFEID5160,SID0018,MID0008,2025/10/01,production_consumption,-14,production_run,PRUN_SID0018_MID0008_019
SMFEID5161,SID0018,MID0020,2025/10/01,production_consumption,-24,production_run,PRUN_SID0018_MID0020_040
SMFEID5162,SID0019,MID0010,2025/10/01,production_consumption,-13,production_run,PRUN_SID0019_MID0010_040
SMFEID5163,SID0019,MID0015,2025/10/01,production_consumption,-10,production_run,PRUN_SID0019_MID0015_019
SMFEID5164,SID0019,MID0016,2025/10/01,production_consumption,-67,production_run,PRUN_SID0019_MID0016_040
SMFEID5165,SID0020,MID0011,2025/10/01,production_consumption,-20,production_run,PRUN_SID0020_MID0011_010
SMFEID5166,SID0021,MID0001,2025/10/01,production_consumption,-28,production_run,PRUN_SID0021_MID0001_040
SMFEID5167,SID0021,MID0004,2025/10/01,production_consumption,-68,production_run,PRUN_SID0021_MID0004_040
SMFEID5168,SID0002,MID0001,2025/10/02,production_consumption,-37,production_run,PRUN_SID0002_MID0001_040
SMFEID5169,SID0004,MID0007,2025/10/02,production_consumption,-104,production_run,PRUN_SID0004_MID0007_040
SMFEID5170,SID0004,MID0020,2025/10/02,production_consumption,-12,production_run,PRUN_SID0004_MID0020_040
SMFEID5171,SID0006,MID0010,2025/10/02,production_consumption,-24,production_run,PRUN_SID0006_MID0010_040
SMFEID5172,SID0006,MID0020,2025/10/02,production_consumption,-4,production_run,PRUN_SID0006_MID0020_040
SMFEID5173,SID0007,MID0017,2025/10/02,production_consumption,-118,production_run,PRUN_SID0007_MID0017_040
SMFEID5174,SID0007,MID0020,2025/10/02,production_consumption,-184,production_run,PRUN_SID0007_MID0020_040
SMFEID5175,SID0008,MID0022,2025/10/02,external_receipt,21,order,OID0673
SMFEID5176,SID0011,MID0001,2025/10/02,production_consumption,-6,production_run,PRUN_SID0011_MID0001_040
SMFEID5177,SID0011,MID0007,2025/10/02,production_consumption,-47,production_run,PRUN_SID0011_MID0007_040
SMFEID5178,SID0011,MID0020,2025/10/02,production_consumption,-93,production_run,PRUN_SID0011_MID0020_040
SMFEID5179,SID0011,MID0025,2025/10/02,production_consumption,-65,production_run,PRUN_SID0011_MID0025_040
SMFEID5180,SID0013,MID0016,2025/10/02,external_receipt,182,order,OID0690
SMFEID5181,SID0013,MID0017,2025/10/02,external_receipt,57,order,OID0687
SMFEID5182,SID0013,MID0020,2025/10/02,production_consumption,-34,production_run,PRUN_SID0013_MID0020_040
SMFEID5183,SID0015,MID0007,2025/10/02,production_consumption,-82,production_run,PRUN_SID0015_MID0007_040
SMFEID5184,SID0015,MID0020,2025/10/02,production_consumption,-98,production_run,PRUN_SID0015_MID0020_040
SMFEID5185,SID0018,MID0004,2025/10/02,production_consumption,-116,production_run,PRUN_SID0018_MID0004_040
SMFEID5186,SID0018,MID0007,2025/10/02,external_receipt,76,order,OID0691
SMFEID5187,SID0018,MID0007,2025/10/02,external_receipt,152,order,OID0692
SMFEID5188,SID0018,MID0007,2025/10/02,production_consumption,-31,production_run,PRUN_SID0018_MID0007_040
SMFEID5189,SID0018,MID0008,2025/10/02,production_consumption,-39,production_run,PRUN_SID0018_MID0008_019
SMFEID5190,SID0018,MID0020,2025/10/02,production_consumption,-66,production_run,PRUN_SID0018_MID0020_040
SMFEID5191,SID0019,MID0015,2025/10/02,external_receipt,91,order,OID0704
SMFEID5192,SID0019,MID0015,2025/10/02,production_consumption,-21,production_run,PRUN_SID0019_MID0015_019
SMFEID5193,SID0020,MID0011,2025/10/02,production_consumption,-18,production_run,PRUN_SID0020_MID0011_010
SMFEID5194,SID0020,MID0017,2025/10/02,production_consumption,-40,production_run,PRUN_SID0020_MID0017_019
SMFEID5195,SID0021,MID0001,2025/10/02,production_consumption,-37,production_run,PRUN_SID0021_MID0001_040
SMFEID5196,SID0021,MID0004,2025/10/02,production_consumption,-45,production_run,PRUN_SID0021_MID0004_040
SMFEID5197,SID0021,MID0005,2025/10/02,production_consumption,-7,production_run,PRUN_SID0021_MID0005_019
SMFEID5198,SID0002,MID0001,2025/10/03,external_receipt,223,order,OID0685
SMFEID5199,SID0002,MID0001,2025/10/03,production_consumption,-30,production_run,PRUN_SID0002_MID0001_040
SMFEID5200,SID0004,MID0007,2025/10/03,production_consumption,-54,production_run,PRUN_SID0004_MID0007_040
SMFEID5201,SID0004,MID0020,2025/10/03,production_consumption,-20,production_run,PRUN_SID0004_MID0020_040
SMFEID5202,SID0006,MID0020,2025/10/03,production_consumption,-7,production_run,PRUN_SID0006_MID0020_040
SMFEID5203,SID0007,MID0020,2025/10/03,external_receipt,946,order,OID0699
SMFEID5204,SID0007,MID0020,2025/10/03,production_consumption,-100,production_run,PRUN_SID0007_MID0020_040
SMFEID5205,SID0008,MID0012,2025/10/03,production_consumption,-2,production_run,PRUN_SID0008_MID0012_010
SMFEID5206,SID0011,MID0007,2025/10/03,production_consumption,-68,production_run,PRUN_SID0011_MID0007_040
SMFEID5207,SID0011,MID0020,2025/10/03,production_consumption,-151,production_run,PRUN_SID0011_MID0020_040
SMFEID5208,SID0013,MID0020,2025/10/03,production_consumption,-190,production_run,PRUN_SID0013_MID0020_040
SMFEID5209,SID0015,MID0020,2025/10/03,external_receipt,1879,order,OID0666
SMFEID5210,SID0015,MID0020,2025/10/03,production_consumption,-33,production_run,PRUN_SID0015_MID0020_040
SMFEID5211,SID0018,MID0004,2025/10/03,production_consumption,-157,production_run,PRUN_SID0018_MID0004_040
SMFEID5212,SID0018,MID0008,2025/10/03,production_consumption,-10,production_run,PRUN_SID0018_MID0008_019
SMFEID5213,SID0019,MID0015,2025/10/03,production_consumption,-52,production_run,PRUN_SID0019_MID0015_019
SMFEID5214,SID0020,MID0017,2025/10/03,production_consumption,-18,production_run,PRUN_SID0020_MID0017_019
SMFEID5215,SID0021,MID0001,2025/10/03,production_consumption,-22,production_run,PRUN_SID0021_MID0001_040
SMFEID5216,SID0021,MID0004,2025/10/03,external_receipt,177,order,OID0700
SMFEID5217,SID0021,MID0004,2025/10/03,production_consumption,-47,production_run,PRUN_SID0021_MID0004_040
SMFEID5218,SID0021,MID0005,2025/10/03,production_consumption,-37,production_run,PRUN_SID0021_MID0005_019
SMFEID5219,SID0020,MID0003,2025/10/05,external_receipt,73,order,OID0693
SMFEID5220,SID0021,MID0001,2025/10/05,external_receipt,594,order,OID0670
SMFEID5221,SID0002,MID0025,2025/10/06,external_receipt,182,order,OID0694
SMFEID5222,SID0002,MID0025,2025/10/06,production_consumption,-5,production_run,PRUN_SID0002_MID0025_041
SMFEID5223,SID0004,MID0007,2025/10/06,production_consumption,-25,production_run,PRUN_SID0004_MID0007_041
SMFEID5224,SID0004,MID0020,2025/10/06,production_consumption,-38,production_run,PRUN_SID0004_MID0020_041
SMFEID5225,SID0006,MID0010,2025/10/06,production_consumption,-9,production_run,PRUN_SID0006_MID0010_041
SMFEID5226,SID0007,MID0017,2025/10/06,production_consumption,-154,production_run,PRUN_SID0007_MID0017_041
SMFEID5227,SID0007,MID0020,2025/10/06,production_consumption,-199,production_run,PRUN_SID0007_MID0020_041
SMFEID5228,SID0008,MID0012,2025/10/06,production_consumption,-8,production_run,PRUN_SID0008_MID0012_010
SMFEID5229,SID0011,MID0001,2025/10/06,external_receipt,110,order,OID0711
SMFEID5230,SID0011,MID0001,2025/10/06,production_consumption,-9,production_run,PRUN_SID0011_MID0001_041
SMFEID5231,SID0011,MID0007,2025/10/06,production_consumption,-51,production_run,PRUN_SID0011_MID0007_041
SMFEID5232,SID0011,MID0008,2025/10/06,production_consumption,-232,production_run,PRUN_SID0011_MID0008_041
SMFEID5233,SID0011,MID0020,2025/10/06,production_consumption,-124,production_run,PRUN_SID0011_MID0020_041
SMFEID5234,SID0013,MID0016,2025/10/06,external_receipt,182,order,OID0695
SMFEID5235,SID0013,MID0016,2025/10/06,production_consumption,-31,production_run,PRUN_SID0013_MID0016_041
SMFEID5236,SID0013,MID0020,2025/10/06,production_consumption,-47,production_run,PRUN_SID0013_MID0020_041
SMFEID5237,SID0015,MID0007,2025/10/06,production_consumption,-35,production_run,PRUN_SID0015_MID0007_041
SMFEID5238,SID0017,MID0004,2025/10/06,production_consumption,-39,production_run,PRUN_SID0017_MID0004_019
SMFEID5239,SID0018,MID0002,2025/10/06,external_receipt,61,order,OID0677
SMFEID5240,SID0018,MID0004,2025/10/06,production_consumption,-21,production_run,PRUN_SID0018_MID0004_041
SMFEID5241,SID0018,MID0007,2025/10/06,production_consumption,-39,production_run,PRUN_SID0018_MID0007_041
SMFEID5242,SID0018,MID0008,2025/10/06,production_consumption,-42,production_run,PRUN_SID0018_MID0008_019
SMFEID5243,SID0019,MID0015,2025/10/06,production_consumption,-22,production_run,PRUN_SID0019_MID0015_019
SMFEID5244,SID0019,MID0016,2025/10/06,external_receipt,340,order,OID0678
SMFEID5245,SID0020,MID0003,2025/10/06,external_receipt,25,order,OID0696
SMFEID5246,SID0020,MID0017,2025/10/06,production_consumption,-39,production_run,PRUN_SID0020_MID0017_019
SMFEID5247,SID0021,MID0004,2025/10/06,production_consumption,-107,production_run,PRUN_SID0021_MID0004_041
SMFEID5248,SID0021,MID0005,2025/10/06,production_consumption,-5,production_run,PRUN_SID0021_MID0005_019
SMFEID5249,SID0021,MID0018,2025/10/06,external_receipt,61,order,OID0705
SMFEID5250,SID0002,MID0025,2025/10/07,production_consumption,-24,production_run,PRUN_SID0002_MID0025_041
SMFEID5251,SID0004,MID0007,2025/10/07,production_consumption,-10,production_run,PRUN_SID0004_MID0007_041
SMFEID5252,SID0004,MID0020,2025/10/07,production_consumption,-5,production_run,PRUN_SID0004_MID0020_041
SMFEID5253,SID0006,MID0010,2025/10/07,production_consumption,-10,production_run,PRUN_SID0006_MID0010_041
SMFEID5254,SID0007,MID0017,2025/10/07,production_consumption,-182,production_run,PRUN_SID0007_MID0017_041
SMFEID5255,SID0007,MID0020,2025/10/07,production_consumption,-112,production_run,PRUN_SID0007_MID0020_041
SMFEID5256,SID0008,MID0012,2025/10/07,production_consumption,-5,production_run,PRUN_SID0008_MID0012_010
SMFEID5257,SID0011,MID0001,2025/10/07,production_consumption,-7,production_run,PRUN_SID0011_MID0001_041
SMFEID5258,SID0011,MID0007,2025/10/07,production_consumption,-25,production_run,PRUN_SID0011_MID0007_041
SMFEID5259,SID0011,MID0008,2025/10/07,production_consumption,-30,production_run,PRUN_SID0011_MID0008_041
SMFEID5260,SID0011,MID0020,2025/10/07,production_consumption,-22,production_run,PRUN_SID0011_MID0020_041
SMFEID5261,SID0011,MID0025,2025/10/07,production_consumption,-22,production_run,PRUN_SID0011_MID0025_041
SMFEID5262,SID0013,MID0016,2025/10/07,production_consumption,-117,production_run,PRUN_SID0013_MID0016_041
SMFEID5263,SID0013,MID0020,2025/10/07,production_consumption,-78,production_run,PRUN_SID0013_MID0020_041
SMFEID5264,SID0015,MID0007,2025/10/07,production_consumption,-285,production_run,PRUN_SID0015_MID0007_041
SMFEID5265,SID0015,MID0020,2025/10/07,production_consumption,-32,production_run,PRUN_SID0015_MID0020_041
SMFEID5266,SID0017,MID0001,2025/10/07,production_consumption,-17,production_run,PRUN_SID0017_MID0001_019
SMFEID5267,SID0017,MID0004,2025/10/07,production_consumption,-29,production_run,PRUN_SID0017_MID0004_019
SMFEID5268,SID0017,MID0005,2025/10/07,production_consumption,-34,production_run,PRUN_SID0017_MID0005_010
SMFEID5269,SID0018,MID0004,2025/10/07,production_consumption,-49,production_run,PRUN_SID0018_MID0004_041
SMFEID5270,SID0018,MID0007,2025/10/07,production_consumption,-46,production_run,PRUN_SID0018_MID0007_041
SMFEID5271,SID0018,MID0008,2025/10/07,production_consumption,-5,production_run,PRUN_SID0018_MID0008_019
SMFEID5272,SID0019,MID0010,2025/10/07,production_consumption,-46,production_run,PRUN_SID0019_MID0010_041
SMFEID5273,SID0019,MID0016,2025/10/07,production_consumption,-40,production_run,PRUN_SID0019_MID0016_041
SMFEID5274,SID0020,MID0017,2025/10/07,production_consumption,-17,production_run,PRUN_SID0020_MID0017_019
SMFEID5275,SID0021,MID0001,2025/10/07,production_consumption,-42,production_run,PRUN_SID0021_MID0001_041
SMFEID5276,SID0021,MID0004,2025/10/07,production_consumption,-84,production_run,PRUN_SID0021_MID0004_041
SMFEID5277,SID0021,MID0005,2025/10/07,production_consumption,-77,production_run,PRUN_SID0021_MID0005_019
SMFEID5278,SID0002,MID0025,2025/10/08,production_consumption,-22,production_run,PRUN_SID0002_MID0025_041
SMFEID5279,SID0004,MID0007,2025/10/08,production_consumption,-31,production_run,PRUN_SID0004_MID0007_041
SMFEID5280,SID0004,MID0020,2025/10/08,external_receipt,162,order,OID0723
SMFEID5281,SID0004,MID0020,2025/10/08,production_consumption,-15,production_run,PRUN_SID0004_MID0020_041
SMFEID5282,SID0006,MID0010,2025/10/08,production_consumption,-14,production_run,PRUN_SID0006_MID0010_041
SMFEID5283,SID0006,MID0020,2025/10/08,production_consumption,-115,production_run,PRUN_SID0006_MID0020_041
SMFEID5284,SID0007,MID0017,2025/10/08,production_consumption,-65,production_run,PRUN_SID0007_MID0017_041
SMFEID5285,SID0007,MID0020,2025/10/08,production_consumption,-25,production_run,PRUN_SID0007_MID0020_041
SMFEID5286,SID0008,MID0012,2025/10/08,production_consumption,-10,production_run,PRUN_SID0008_MID0012_010
SMFEID5287,SID0011,MID0001,2025/10/08,production_consumption,-22,production_run,PRUN_SID0011_MID0001_041
SMFEID5288,SID0011,MID0007,2025/10/08,production_consumption,-55,production_run,PRUN_SID0011_MID0007_041
SMFEID5289,SID0011,MID0020,2025/10/08,production_consumption,-136,production_run,PRUN_SID0011_MID0020_041
SMFEID5290,SID0011,MID0025,2025/10/08,external_receipt,182,order,OID0720
SMFEID5291,SID0011,MID0025,2025/10/08,production_consumption,-28,production_run,PRUN_SID0011_MID0025_041
SMFEID5292,SID0013,MID0016,2025/10/08,production_consumption,-9,production_run,PRUN_SID0013_MID0016_041
SMFEID5293,SID0013,MID0020,2025/10/08,production_consumption,-71,production_run,PRUN_SID0013_MID0020_041
SMFEID5294,SID0015,MID0007,2025/10/08,production_consumption,-110,production_run,PRUN_SID0015_MID0007_041
SMFEID5295,SID0015,MID0020,2025/10/08,production_consumption,-195,production_run,PRUN_SID0015_MID0020_041
SMFEID5296,SID0017,MID0001,2025/10/08,production_consumption,-50,production_run,PRUN_SID0017_MID0001_019
SMFEID5297,SID0017,MID0004,2025/10/08,production_consumption,-13,production_run,PRUN_SID0017_MID0004_019
SMFEID5298,SID0017,MID0005,2025/10/08,production_consumption,-20,production_run,PRUN_SID0017_MID0005_010
SMFEID5299,SID0018,MID0004,2025/10/08,production_consumption,-98,production_run,PRUN_SID0018_MID0004_041
SMFEID5300,SID0018,MID0007,2025/10/08,production_consumption,-37,production_run,PRUN_SID0018_MID0007_041
SMFEID5301,SID0018,MID0020,2025/10/08,production_consumption,-19,production_run,PRUN_SID0018_MID0020_041
SMFEID5302,SID0019,MID0010,2025/10/08,production_consumption,-57,production_run,PRUN_SID0019_MID0010_041
SMFEID5303,SID0019,MID0013,2025/10/08,production_consumption,-34,production_run,PRUN_SID0019_MID0013_019
SMFEID5304,SID0019,MID0016,2025/10/08,production_consumption,-36,production_run,PRUN_SID0019_MID0016_041
SMFEID5305,SID0020,MID0017,2025/10/08,production_consumption,-47,production_run,PRUN_SID0020_MID0017_019
SMFEID5306,SID0021,MID0001,2025/10/08,production_consumption,-38,production_run,PRUN_SID0021_MID0001_041
SMFEID5307,SID0021,MID0005,2025/10/08,production_consumption,-6,production_run,PRUN_SID0021_MID0005_019
SMFEID5308,SID0002,MID0001,2025/10/09,production_consumption,-60,production_run,PRUN_SID0002_MID0001_041
SMFEID5309,SID0002,MID0020,2025/10/09,external_receipt,400,order,OID0706
SMFEID5310,SID0002,MID0020,2025/10/09,production_consumption,-33,production_run,PRUN_SID0002_MID0020_019
SMFEID5311,SID0002,MID0025,2025/10/09,production_consumption,-7,production_run,PRUN_SID0002_MID0025_041
SMFEID5312,SID0004,MID0007,2025/10/09,production_consumption,-113,production_run,PRUN_SID0004_MID0007_041
SMFEID5313,SID0004,MID0020,2025/10/09,production_consumption,-32,production_run,PRUN_SID0004_MID0020_041
SMFEID5314,SID0006,MID0010,2025/10/09,production_consumption,-42,production_run,PRUN_SID0006_MID0010_041
SMFEID5315,SID0006,MID0020,2025/10/09,external_receipt,627,order,OID0707
SMFEID5316,SID0006,MID0020,2025/10/09,production_consumption,-101,production_run,PRUN_SID0006_MID0020_041
SMFEID5317,SID0007,MID0017,2025/10/09,external_receipt,449,order,OID0712
SMFEID5318,SID0008,MID0012,2025/10/09,production_consumption,-8,production_run,PRUN_SID0008_MID0012_010
SMFEID5319,SID0008,MID0022,2025/10/09,production_consumption,-25,production_run,PRUN_SID0008_MID0022_019
SMFEID5320,SID0011,MID0001,2025/10/09,production_consumption,-26,production_run,PRUN_SID0011_MID0001_041
SMFEID5321,SID0011,MID0007,2025/10/09,production_consumption,-46,production_run,PRUN_SID0011_MID0007_041
SMFEID5322,SID0011,MID0020,2025/10/09,production_consumption,-158,production_run,PRUN_SID0011_MID0020_041
SMFEID5323,SID0011,MID0025,2025/10/09,production_consumption,-19,production_run,PRUN_SID0011_MID0025_041
SMFEID5324,SID0013,MID0016,2025/10/09,production_consumption,-31,production_run,PRUN_SID0013_MID0016_041
SMFEID5325,SID0013,MID0020,2025/10/09,production_consumption,-15,production_run,PRUN_SID0013_MID0020_041
SMFEID5326,SID0015,MID0020,2025/10/09,production_consumption,-184,production_run,PRUN_SID0015_MID0020_041
SMFEID5327,SID0017,MID0004,2025/10/09,production_consumption,-38,production_run,PRUN_SID0017_MID0004_019
SMFEID5328,SID0018,MID0004,2025/10/09,production_consumption,-33,production_run,PRUN_SID0018_MID0004_041
SMFEID5329,SID0018,MID0020,2025/10/09,production_consumption,-140,production_run,PRUN_SID0018_MID0020_041
SMFEID5330,SID0018,MID0021,2025/10/09,production_consumption,-17,production_run,PRUN_SID0018_MID0021_019
SMFEID5331,SID0019,MID0013,2025/10/09,production_consumption,-39,production_run,PRUN_SID0019_MID0013_019
SMFEID5332,SID0019,MID0016,2025/10/09,production_consumption,-29,production_run,PRUN_SID0019_MID0016_041
SMFEID5333,SID0021,MID0001,2025/10/09,production_consumption,-19,production_run,PRUN_SID0021_MID0001_041
SMFEID5334,SID0002,MID0001,2025/10/10,production_consumption,-7,production_run,PRUN_SID0002_MID0001_041
SMFEID5335,SID0002,MID0020,2025/10/10,production_consumption,-68,production_run,PRUN_SID0002_MID0020_019
SMFEID5336,SID0004,MID0020,2025/10/10,production_consumption,-8,production_run,PRUN_SID0004_MID0020_041
SMFEID5337,SID0006,MID0010,2025/10/10,external_receipt,172,order,OID0714
SMFEID5338,SID0006,MID0010,2025/10/10,production_consumption,-30,production_run,PRUN_SID0006_MID0010_041
SMFEID5339,SID0006,MID0020,2025/10/10,production_consumption,-54,production_run,PRUN_SID0006_MID0020_041
SMFEID5340,SID0008,MID0022,2025/10/10,production_consumption,-5,production_run,PRUN_SID0008_MID0022_019
SMFEID5341,SID0011,MID0020,2025/10/10,production_consumption,-132,production_run,PRUN_SID0011_MID0020_041
SMFEID5342,SID0011,MID0025,2025/10/10,production_consumption,-17,production_run,PRUN_SID0011_MID0025_041
SMFEID5343,SID0013,MID0016,2025/10/10,production_consumption,-5,production_run,PRUN_SID0013_MID0016_041
SMFEID5344,SID0015,MID0020,2025/10/10,production_consumption,-50,production_run,PRUN_SID0015_MID0020_041
SMFEID5345,SID0015,MID0025,2025/10/10,production_consumption,-30,production_run,PRUN_SID0015_MID0025_019
SMFEID5346,SID0018,MID0004,2025/10/10,production_consumption,-73,production_run,PRUN_SID0018_MID0004_041
SMFEID5347,SID0018,MID0020,2025/10/10,production_consumption,-166,production_run,PRUN_SID0018_MID0020_041
SMFEID5348,SID0018,MID0021,2025/10/10,production_consumption,-2,production_run,PRUN_SID0018_MID0021_019
SMFEID5349,SID0021,MID0001,2025/10/10,production_consumption,-24,production_run,PRUN_SID0021_MID0001_041
SMFEID5350,SID0021,MID0004,2025/10/10,external_receipt,157,order,OID0715
SMFEID5351,SID0008,MID0023,2025/10/11,external_receipt,37,order,OID0708
SMFEID5352,SID0011,MID0007,2025/10/11,external_receipt,356,order,OID0716
SMFEID5353,SID0011,MID0020,2025/10/11,external_receipt,813,order,OID0725
SMFEID5354,SID0013,MID0020,2025/10/11,external_receipt,364,order,OID0724
SMFEID5355,SID0006,MID0010,2025/10/12,external_receipt,172,order,OID0739
SMFEID5356,SID0007,MID0017,2025/10/12,external_receipt,897,order,OID0730
SMFEID5357,SID0015,MID0025,2025/10/12,external_receipt,255,order,OID0697
SMFEID5358,SID0002,MID0020,2025/10/13,production_consumption,-52,production_run,PRUN_SID0002_MID0020_019
SMFEID5359,SID0004,MID0007,2025/10/13,production_consumption,-63,production_run,PRUN_SID0004_MID0007_042
SMFEID5360,SID0006,MID0020,2025/10/13,production_consumption,-144,production_run,PRUN_SID0006_MID0020_042
SMFEID5361,SID0007,MID0017,2025/10/13,production_consumption,-124,production_run,PRUN_SID0007_MID0017_042
SMFEID5362,SID0008,MID0022,2025/10/13,production_consumption,-8,production_run,PRUN_SID0008_MID0022_019
SMFEID5363,SID0011,MID0007,2025/10/13,production_consumption,-95,production_run,PRUN_SID0011_MID0007_042
SMFEID5364,SID0011,MID0025,2025/10/13,production_consumption,-10,production_run,PRUN_SID0011_MID0025_042
SMFEID5365,SID0013,MID0016,2025/10/13,production_consumption,-94,production_run,PRUN_SID0013_MID0016_042
SMFEID5366,SID0013,MID0020,2025/10/13,production_consumption,-72,production_run,PRUN_SID0013_MID0020_042
SMFEID5367,SID0015,MID0007,2025/10/13,production_consumption,-238,production_run,PRUN_SID0015_MID0007_042
SMFEID5368,SID0015,MID0020,2025/10/13,production_consumption,-204,production_run,PRUN_SID0015_MID0020_042
SMFEID5369,SID0015,MID0025,2025/10/13,production_consumption,-40,production_run,PRUN_SID0015_MID0025_019
SMFEID5370,SID0018,MID0004,2025/10/13,production_consumption,-69,production_run,PRUN_SID0018_MID0004_042
SMFEID5371,SID0018,MID0007,2025/10/13,external_receipt,152,order,OID0717
SMFEID5372,SID0018,MID0007,2025/10/13,external_receipt,152,order,OID0718
SMFEID5373,SID0018,MID0021,2025/10/13,production_consumption,-30,production_run,PRUN_SID0018_MID0021_019
SMFEID5374,SID0019,MID0010,2025/10/13,production_consumption,-3,production_run,PRUN_SID0019_MID0010_042
SMFEID5375,SID0019,MID0016,2025/10/13,production_consumption,-2,production_run,PRUN_SID0019_MID0016_042
SMFEID5376,SID0021,MID0001,2025/10/13,production_consumption,-99,production_run,PRUN_SID0021_MID0001_042
SMFEID5377,SID0021,MID0004,2025/10/13,production_consumption,-61,production_run,PRUN_SID0021_MID0004_042
SMFEID5378,SID0021,MID0018,2025/10/13,production_consumption,-29,production_run,PRUN_SID0021_MID0018_019
SMFEID5379,SID0002,MID0020,2025/10/14,production_consumption,-4,production_run,PRUN_SID0002_MID0020_019
SMFEID5380,SID0004,MID0007,2025/10/14,production_consumption,-94,production_run,PRUN_SID0004_MID0007_042
SMFEID5381,SID0006,MID0010,2025/10/14,production_consumption,-64,production_run,PRUN_SID0006_MID0010_042
SMFEID5382,SID0006,MID0020,2025/10/14,production_consumption,-101,production_run,PRUN_SID0006_MID0020_042
SMFEID5383,SID0007,MID0017,2025/10/14,production_consumption,-43,production_run,PRUN_SID0007_MID0017_042
SMFEID5384,SID0008,MID0022,2025/10/14,production_consumption,-12,production_run,PRUN_SID0008_MID0022_019
SMFEID5385,SID0011,MID0001,2025/10/14,production_consumption,-3,production_run,PRUN_SID0011_MID0001_042
SMFEID5386,SID0011,MID0007,2025/10/14,production_consumption,-75,production_run,PRUN_SID0011_MID0007_042
SMFEID5387,SID0011,MID0008,2025/10/14,production_consumption,-77,production_run,PRUN_SID0011_MID0008_042
SMFEID5388,SID0011,MID0020,2025/10/14,production_consumption,-181,production_run,PRUN_SID0011_MID0020_042
SMFEID5389,SID0011,MID0025,2025/10/14,production_consumption,-11,production_run,PRUN_SID0011_MID0025_042
SMFEID5390,SID0013,MID0016,2025/10/14,production_consumption,-45,production_run,PRUN_SID0013_MID0016_042
SMFEID5391,SID0013,MID0020,2025/10/14,production_consumption,-25,production_run,PRUN_SID0013_MID0020_042
SMFEID5392,SID0015,MID0007,2025/10/14,production_consumption,-183,production_run,PRUN_SID0015_MID0007_042
SMFEID5393,SID0015,MID0020,2025/10/14,production_consumption,-150,production_run,PRUN_SID0015_MID0020_042
SMFEID5394,SID0015,MID0025,2025/10/14,production_consumption,-47,production_run,PRUN_SID0015_MID0025_019
SMFEID5395,SID0017,MID0004,2025/10/14,external_receipt,324,order,OID0701
SMFEID5396,SID0018,MID0004,2025/10/14,production_consumption,-65,production_run,PRUN_SID0018_MID0004_042
SMFEID5397,SID0018,MID0020,2025/10/14,production_consumption,-111,production_run,PRUN_SID0018_MID0020_042
SMFEID5398,SID0018,MID0021,2025/10/14,production_consumption,-2,production_run,PRUN_SID0018_MID0021_019
SMFEID5399,SID0019,MID0010,2025/10/14,production_consumption,-26,production_run,PRUN_SID0019_MID0010_042
SMFEID5400,SID0019,MID0016,2025/10/14,production_consumption,-18,production_run,PRUN_SID0019_MID0016_042
SMFEID5401,SID0020,MID0017,2025/10/14,external_receipt,319,order,OID0709
SMFEID5402,SID0021,MID0001,2025/10/14,production_consumption,-28,production_run,PRUN_SID0021_MID0001_042
SMFEID5403,SID0021,MID0004,2025/10/14,production_consumption,-59,production_run,PRUN_SID0021_MID0004_042
SMFEID5404,SID0021,MID0018,2025/10/14,production_consumption,-17,production_run,PRUN_SID0021_MID0018_019
SMFEID5405,SID0002,MID0001,2025/10/15,production_consumption,-17,production_run,PRUN_SID0002_MID0001_042
SMFEID5406,SID0002,MID0025,2025/10/15,production_consumption,-21,production_run,PRUN_SID0002_MID0025_042
SMFEID5407,SID0004,MID0007,2025/10/15,production_consumption,-24,production_run,PRUN_SID0004_MID0007_042
SMFEID5408,SID0006,MID0010,2025/10/15,production_consumption,-42,production_run,PRUN_SID0006_MID0010_042
SMFEID5409,SID0006,MID0020,2025/10/15,production_consumption,-12,production_run,PRUN_SID0006_MID0020_042
SMFEID5410,SID0007,MID0017,2025/10/15,production_consumption,-134,production_run,PRUN_SID0007_MID0017_042
SMFEID5411,SID0007,MID0020,2025/10/15,production_consumption,-253,production_run,PRUN_SID0007_MID0020_042
SMFEID5412,SID0011,MID0001,2025/10/15,production_consumption,-16,production_run,PRUN_SID0011_MID0001_042
SMFEID5413,SID0011,MID0007,2025/10/15,production_consumption,-17,production_run,PRUN_SID0011_MID0007_042
SMFEID5414,SID0011,MID0008,2025/10/15,production_consumption,-122,production_run,PRUN_SID0011_MID0008_042
SMFEID5415,SID0011,MID0020,2025/10/15,production_consumption,-263,production_run,PRUN_SID0011_MID0020_042
SMFEID5416,SID0011,MID0025,2025/10/15,production_consumption,-17,production_run,PRUN_SID0011_MID0025_042
SMFEID5417,SID0013,MID0016,2025/10/15,production_consumption,-44,production_run,PRUN_SID0013_MID0016_042
SMFEID5418,SID0013,MID0020,2025/10/15,production_consumption,-63,production_run,PRUN_SID0013_MID0020_042
SMFEID5419,SID0015,MID0020,2025/10/15,production_consumption,-27,production_run,PRUN_SID0015_MID0020_042
SMFEID5420,SID0018,MID0004,2025/10/15,production_consumption,-63,production_run,PRUN_SID0018_MID0004_042
SMFEID5421,SID0018,MID0007,2025/10/15,production_consumption,-33,production_run,PRUN_SID0018_MID0007_042
SMFEID5422,SID0018,MID0020,2025/10/15,production_consumption,-71,production_run,PRUN_SID0018_MID0020_042
SMFEID5423,SID0018,MID0021,2025/10/15,production_consumption,-25,production_run,PRUN_SID0018_MID0021_019
SMFEID5424,SID0019,MID0010,2025/10/15,production_consumption,-30,production_run,PRUN_SID0019_MID0010_042
SMFEID5425,SID0019,MID0016,2025/10/15,production_consumption,-65,production_run,PRUN_SID0019_MID0016_042
SMFEID5426,SID0020,MID0014,2025/10/15,external_receipt,122,order,OID0702
SMFEID5427,SID0021,MID0004,2025/10/15,production_consumption,-75,production_run,PRUN_SID0021_MID0004_042
SMFEID5428,SID0021,MID0018,2025/10/15,production_consumption,-13,production_run,PRUN_SID0021_MID0018_019
SMFEID5429,SID0002,MID0001,2025/10/16,production_consumption,-42,production_run,PRUN_SID0002_MID0001_042
SMFEID5430,SID0002,MID0025,2025/10/16,production_consumption,-16,production_run,PRUN_SID0002_MID0025_042
SMFEID5431,SID0004,MID0007,2025/10/16,production_consumption,-9,production_run,PRUN_SID0004_MID0007_042
SMFEID5432,SID0004,MID0020,2025/10/16,production_consumption,-87,production_run,PRUN_SID0004_MID0020_042
SMFEID5433,SID0007,MID0017,2025/10/16,production_consumption,-141,production_run,PRUN_SID0007_MID0017_042
SMFEID5434,SID0007,MID0020,2025/10/16,production_consumption,-146,production_run,PRUN_SID0007_MID0020_042
SMFEID5435,SID0011,MID0001,2025/10/16,external_receipt,110,order,OID0737
SMFEID5436,SID0011,MID0001,2025/10/16,production_consumption,-37,production_run,PRUN_SID0011_MID0001_042
SMFEID5437,SID0011,MID0008,2025/10/16,production_consumption,-22,production_run,PRUN_SID0011_MID0008_042
SMFEID5438,SID0011,MID0020,2025/10/16,production_consumption,-71,production_run,PRUN_SID0011_MID0020_042
SMFEID5439,SID0011,MID0025,2025/10/16,production_consumption,-17,production_run,PRUN_SID0011_MID0025_042
SMFEID5440,SID0013,MID0016,2025/10/16,production_consumption,-21,production_run,PRUN_SID0013_MID0016_042
SMFEID5441,SID0013,MID0020,2025/10/16,production_consumption,-20,production_run,PRUN_SID0013_MID0020_042
SMFEID5442,SID0015,MID0020,2025/10/16,production_consumption,-60,production_run,PRUN_SID0015_MID0020_042
SMFEID5443,SID0018,MID0004,2025/10/16,production_consumption,-2,production_run,PRUN_SID0018_MID0004_042
SMFEID5444,SID0018,MID0007,2025/10/16,production_consumption,-36,production_run,PRUN_SID0018_MID0007_042
SMFEID5445,SID0018,MID0020,2025/10/16,production_consumption,-84,production_run,PRUN_SID0018_MID0020_042
SMFEID5446,SID0019,MID0010,2025/10/16,production_consumption,-25,production_run,PRUN_SID0019_MID0010_042
SMFEID5447,SID0019,MID0013,2025/10/16,production_consumption,-47,production_run,PRUN_SID0019_MID0013_020
SMFEID5448,SID0019,MID0016,2025/10/16,production_consumption,-32,production_run,PRUN_SID0019_MID0016_042
SMFEID5449,SID0021,MID0004,2025/10/16,external_receipt,354,order,OID0726
SMFEID5450,SID0002,MID0025,2025/10/17,production_consumption,-21,production_run,PRUN_SID0002_MID0025_042
SMFEID5451,SID0004,MID0007,2025/10/17,external_receipt,526,order,OID0721
SMFEID5452,SID0004,MID0007,2025/10/17,production_consumption,-7,production_run,PRUN_SID0004_MID0007_042
SMFEID5453,SID0004,MID0020,2025/10/17,production_consumption,-10,production_run,PRUN_SID0004_MID0020_042
SMFEID5454,SID0008,MID0023,2025/10/17,production_consumption,-10,production_run,PRUN_SID0008_MID0023_010
SMFEID5455,SID0008,MID0024,2025/10/17,production_consumption,-41,production_run,PRUN_SID0008_MID0024_010
SMFEID5456,SID0011,MID0001,2025/10/17,production_consumption,-5,production_run,PRUN_SID0011_MID0001_042
SMFEID5457,SID0011,MID0008,2025/10/17,production_consumption,-51,production_run,PRUN_SID0011_MID0008_042
SMFEID5458,SID0011,MID0020,2025/10/17,production_consumption,-65,production_run,PRUN_SID0011_MID0020_042
SMFEID5459,SID0011,MID0025,2025/10/17,production_consumption,-26,production_run,PRUN_SID0011_MID0025_042
SMFEID5460,SID0013,MID0020,2025/10/17,production_consumption,-43,production_run,PRUN_SID0013_MID0020_042
SMFEID5461,SID0017,MID0001,2025/10/17,production_consumption,-21,production_run,PRUN_SID0017_MID0001_020
SMFEID5462,SID0018,MID0004,2025/10/17,production_consumption,-73,production_run,PRUN_SID0018_MID0004_042
SMFEID5463,SID0018,MID0007,2025/10/17,production_consumption,-57,production_run,PRUN_SID0018_MID0007_042
SMFEID5464,SID0018,MID0008,2025/10/17,production_consumption,-29,production_run,PRUN_SID0018_MID0008_020
SMFEID5465,SID0018,MID0020,2025/10/17,production_consumption,-32,production_run,PRUN_SID0018_MID0020_042
SMFEID5466,SID0019,MID0010,2025/10/17,production_consumption,-9,production_run,PRUN_SID0019_MID0010_042
SMFEID5467,SID0019,MID0013,2025/10/17,production_consumption,-13,production_run,PRUN_SID0019_MID0013_020
SMFEID5468,SID0019,MID0015,2025/10/17,production_consumption,-2,production_run,PRUN_SID0019_MID0015_020
SMFEID5469,SID0020,MID0003,2025/10/17,production_consumption,-22,production_run,PRUN_SID0020_MID0003_010
SMFEID5470,SID0013,MID0016,2025/10/18,external_receipt,182,order,OID0731
SMFEID5471,SID0018,MID0008,2025/10/18,external_receipt,65,order,OID0727
SMFEID5472,SID0020,MID0014,2025/10/18,external_receipt,170,order,OID0710
SMFEID5473,SID0002,MID0001,2025/10/19,external_receipt,223,order,OID0740
SMFEID5474,SID0013,MID0016,2025/10/19,external_receipt,182,order,OID0732
SMFEID5475,SID0013,MID0020,2025/10/19,external_receipt,364,order,OID0744
SMFEID5476,SID0002,MID0001,2025/10/20,production_consumption,-17,production_run,PRUN_SID0002_MID0001_043
SMFEID5477,SID0002,MID0025,2025/10/20,production_consumption,-15,production_run,PRUN_SID0002_MID0025_043
SMFEID5478,SID0004,MID0007,2025/10/20,production_consumption,-42,production_run,PRUN_SID0004_MID0007_043
SMFEID5479,SID0006,MID0020,2025/10/20,production_consumption,-11,production_run,PRUN_SID0006_MID0020_043
SMFEID5480,SID0007,MID0017,2025/10/20,production_consumption,-94,production_run,PRUN_SID0007_MID0017_043
SMFEID5481,SID0008,MID0023,2025/10/20,production_consumption,-1,production_run,PRUN_SID0008_MID0023_010
SMFEID5482,SID0008,MID0024,2025/10/20,production_consumption,-40,production_run,PRUN_SID0008_MID0024_010
SMFEID5483,SID0011,MID0001,2025/10/20,production_consumption,-18,production_run,PRUN_SID0011_MID0001_043
SMFEID5484,SID0011,MID0007,2025/10/20,external_receipt,356,order,OID0745
SMFEID5485,SID0011,MID0020,2025/10/20,external_receipt,724,order,OID0751
SMFEID5486,SID0011,MID0020,2025/10/20,production_consumption,-204,production_run,PRUN_SID0011_MID0020_043
SMFEID5487,SID0013,MID0016,2025/10/20,production_consumption,-77,production_run,PRUN_SID0013_MID0016_043
SMFEID5488,SID0013,MID0020,2025/10/20,production_consumption,-84,production_run,PRUN_SID0013_MID0020_043
SMFEID5489,SID0015,MID0025,2025/10/20,production_consumption,-7,production_run,PRUN_SID0015_MID0025_020
SMFEID5490,SID0017,MID0001,2025/10/20,production_consumption,-44,production_run,PRUN_SID0017_MID0001_020
SMFEID5491,SID0017,MID0004,2025/10/20,production_consumption,-42,production_run,PRUN_SID0017_MID0004_020
SMFEID5492,SID0018,MID0008,2025/10/20,production_consumption,-31,production_run,PRUN_SID0018_MID0008_020
SMFEID5493,SID0019,MID0010,2025/10/20,production_consumption,-13,production_run,PRUN_SID0019_MID0010_043
SMFEID5494,SID0019,MID0013,2025/10/20,production_consumption,-24,production_run,PRUN_SID0019_MID0013_020
SMFEID5495,SID0019,MID0015,2025/10/20,production_consumption,-9,production_run,PRUN_SID0019_MID0015_020
SMFEID5496,SID0020,MID0003,2025/10/20,production_consumption,-7,production_run,PRUN_SID0020_MID0003_010
SMFEID5497,SID0002,MID0001,2025/10/21,production_consumption,-12,production_run,PRUN_SID0002_MID0001_043
SMFEID5498,SID0002,MID0025,2025/10/21,production_consumption,-20,production_run,PRUN_SID0002_MID0025_043
SMFEID5499,SID0004,MID0007,2025/10/21,production_consumption,-19,production_run,PRUN_SID0004_MID0007_043
SMFEID5500,SID0006,MID0020,2025/10/21,production_consumption,-74,production_run,PRUN_SID0006_MID0020_043
SMFEID5501,SID0007,MID0017,2025/10/21,production_consumption,-86,production_run,PRUN_SID0007_MID0017_043
SMFEID5502,SID0007,MID0020,2025/10/21,production_consumption,-126,production_run,PRUN_SID0007_MID0020_043
SMFEID5503,SID0008,MID0023,2025/10/21,production_consumption,-8,production_run,PRUN_SID0008_MID0023_010
SMFEID5504,SID0011,MID0001,2025/10/21,production_consumption,-12,production_run,PRUN_SID0011_MID0001_043
SMFEID5505,SID0011,MID0007,2025/10/21,production_consumption,-56,production_run,PRUN_SID0011_MID0007_043
SMFEID5506,SID0011,MID0020,2025/10/21,production_consumption,-184,production_run,PRUN_SID0011_MID0020_043
SMFEID5507,SID0013,MID0016,2025/10/21,production_consumption,-2,production_run,PRUN_SID0013_MID0016_043
SMFEID5508,SID0013,MID0020,2025/10/21,production_consumption,-3,production_run,PRUN_SID0013_MID0020_043
SMFEID5509,SID0015,MID0007,2025/10/21,external_receipt,2196,order,OID0713
SMFEID5510,SID0015,MID0007,2025/10/21,production_consumption,-209,production_run,PRUN_SID0015_MID0007_043
SMFEID5511,SID0015,MID0025,2025/10/21,production_consumption,-45,production_run,PRUN_SID0015_MID0025_020
SMFEID5512,SID0017,MID0001,2025/10/21,production_consumption,-17,production_run,PRUN_SID0017_MID0001_020
SMFEID5513,SID0017,MID0004,2025/10/21,production_consumption,-52,production_run,PRUN_SID0017_MID0004_020
SMFEID5514,SID0018,MID0004,2025/10/21,external_receipt,1019,order,OID0722
SMFEID5515,SID0018,MID0004,2025/10/21,production_consumption,-44,production_run,PRUN_SID0018_MID0004_043
SMFEID5516,SID0018,MID0007,2025/10/21,production_consumption,-47,production_run,PRUN_SID0018_MID0007_043
SMFEID5517,SID0018,MID0008,2025/10/21,production_consumption,-24,production_run,PRUN_SID0018_MID0008_020
SMFEID5518,SID0018,MID0020,2025/10/21,production_consumption,-65,production_run,PRUN_SID0018_MID0020_043
SMFEID5519,SID0018,MID0021,2025/10/21,external_receipt,191,order,OID0719
SMFEID5520,SID0019,MID0010,2025/10/21,external_receipt,297,order,OID0738
SMFEID5521,SID0019,MID0010,2025/10/21,production_consumption,-10,production_run,PRUN_SID0019_MID0010_043
SMFEID5522,SID0019,MID0015,2025/10/21,external_receipt,91,order,OID0752
SMFEID5523,SID0019,MID0015,2025/10/21,production_consumption,-23,production_run,PRUN_SID0019_MID0015_020
SMFEID5524,SID0020,MID0003,2025/10/21,production_consumption,-24,production_run,PRUN_SID0020_MID0003_010
SMFEID5525,SID0020,MID0017,2025/10/21,production_consumption,-72,production_run,PRUN_SID0020_MID0017_020
SMFEID5526,SID0021,MID0001,2025/10/21,production_consumption,-58,production_run,PRUN_SID0021_MID0001_043
SMFEID5527,SID0021,MID0004,2025/10/21,production_consumption,-17,production_run,PRUN_SID0021_MID0004_043
SMFEID5528,SID0002,MID0001,2025/10/22,production_consumption,-20,production_run,PRUN_SID0002_MID0001_043
SMFEID5529,SID0002,MID0020,2025/10/22,production_consumption,-32,production_run,PRUN_SID0002_MID0020_020
SMFEID5530,SID0002,MID0025,2025/10/22,production_consumption,-1,production_run,PRUN_SID0002_MID0025_043
SMFEID5531,SID0004,MID0007,2025/10/22,production_consumption,-30,production_run,PRUN_SID0004_MID0007_043
SMFEID5532,SID0004,MID0020,2025/10/22,production_consumption,-15,production_run,PRUN_SID0004_MID0020_043
SMFEID5533,SID0006,MID0020,2025/10/22,production_consumption,-93,production_run,PRUN_SID0006_MID0020_043
SMFEID5534,SID0007,MID0017,2025/10/22,production_consumption,-9,production_run,PRUN_SID0007_MID0017_043
SMFEID5535,SID0007,MID0020,2025/10/22,production_consumption,-113,production_run,PRUN_SID0007_MID0020_043
SMFEID5536,SID0008,MID0023,2025/10/22,production_consumption,-9,production_run,PRUN_SID0008_MID0023_010
SMFEID5537,SID0011,MID0001,2025/10/22,production_consumption,-12,production_run,PRUN_SID0011_MID0001_043
SMFEID5538,SID0011,MID0007,2025/10/22,production_consumption,-80,production_run,PRUN_SID0011_MID0007_043
SMFEID5539,SID0011,MID0008,2025/10/22,production_consumption,-213,production_run,PRUN_SID0011_MID0008_043
SMFEID5540,SID0011,MID0020,2025/10/22,production_consumption,-187,production_run,PRUN_SID0011_MID0020_043
SMFEID5541,SID0013,MID0016,2025/10/22,production_consumption,-52,production_run,PRUN_SID0013_MID0016_043
SMFEID5542,SID0013,MID0020,2025/10/22,production_consumption,-36,production_run,PRUN_SID0013_MID0020_043
SMFEID5543,SID0015,MID0007,2025/10/22,production_consumption,-104,production_run,PRUN_SID0015_MID0007_043
SMFEID5544,SID0015,MID0020,2025/10/22,production_consumption,-197,production_run,PRUN_SID0015_MID0020_043
SMFEID5545,SID0015,MID0025,2025/10/22,production_consumption,-10,production_run,PRUN_SID0015_MID0025_020
SMFEID5546,SID0017,MID0001,2025/10/22,external_receipt,182,order,OID0733
SMFEID5547,SID0017,MID0004,2025/10/22,production_consumption,-27,production_run,PRUN_SID0017_MID0004_020
SMFEID5548,SID0018,MID0004,2025/10/22,production_consumption,-65,production_run,PRUN_SID0018_MID0004_043
SMFEID5549,SID0018,MID0007,2025/10/22,production_consumption,-54,production_run,PRUN_SID0018_MID0007_043
SMFEID5550,SID0018,MID0008,2025/10/22,production_consumption,-27,production_run,PRUN_SID0018_MID0008_020
SMFEID5551,SID0018,MID0020,2025/10/22,production_consumption,-214,production_run,PRUN_SID0018_MID0020_043
SMFEID5552,SID0019,MID0010,2025/10/22,production_consumption,-32,production_run,PRUN_SID0019_MID0010_043
SMFEID5553,SID0019,MID0015,2025/10/22,production_consumption,-27,production_run,PRUN_SID0019_MID0015_020
SMFEID5554,SID0020,MID0003,2025/10/22,production_consumption,-2,production_run,PRUN_SID0020_MID0003_010
SMFEID5555,SID0020,MID0014,2025/10/22,production_consumption,-26,production_run,PRUN_SID0020_MID0014_010
SMFEID5556,SID0020,MID0017,2025/10/22,production_consumption,-7,production_run,PRUN_SID0020_MID0017_020
SMFEID5557,SID0021,MID0001,2025/10/22,production_consumption,-60,production_run,PRUN_SID0021_MID0001_043
SMFEID5558,SID0021,MID0004,2025/10/22,external_receipt,177,order,OID0753
SMFEID5559,SID0021,MID0004,2025/10/22,production_consumption,-56,production_run,PRUN_SID0021_MID0004_043
SMFEID5560,SID0002,MID0001,2025/10/23,production_consumption,-6,production_run,PRUN_SID0002_MID0001_043
SMFEID5561,SID0002,MID0020,2025/10/23,production_consumption,-30,production_run,PRUN_SID0002_MID0020_020
SMFEID5562,SID0002,MID0025,2025/10/23,production_consumption,-24,production_run,PRUN_SID0002_MID0025_043
SMFEID5563,SID0004,MID0007,2025/10/23,production_consumption,-75,production_run,PRUN_SID0004_MID0007_043
SMFEID5564,SID0004,MID0020,2025/10/23,production_consumption,-16,production_run,PRUN_SID0004_MID0020_043
SMFEID5565,SID0006,MID0010,2025/10/23,production_consumption,-108,production_run,PRUN_SID0006_MID0010_043
SMFEID5566,SID0006,MID0020,2025/10/23,production_consumption,-89,production_run,PRUN_SID0006_MID0020_043
SMFEID5567,SID0007,MID0017,2025/10/23,production_consumption,-111,production_run,PRUN_SID0007_MID0017_043
SMFEID5568,SID0007,MID0020,2025/10/23,production_consumption,-109,production_run,PRUN_SID0007_MID0020_043
SMFEID5569,SID0008,MID0023,2025/10/23,production_consumption,-8,production_run,PRUN_SID0008_MID0023_010
SMFEID5570,SID0011,MID0001,2025/10/23,production_consumption,-16,production_run,PRUN_SID0011_MID0001_043
SMFEID5571,SID0011,MID0007,2025/10/23,production_consumption,-33,production_run,PRUN_SID0011_MID0007_043
SMFEID5572,SID0011,MID0008,2025/10/23,production_consumption,-85,production_run,PRUN_SID0011_MID0008_043
SMFEID5573,SID0011,MID0025,2025/10/23,production_consumption,-41,production_run,PRUN_SID0011_MID0025_043
SMFEID5574,SID0013,MID0016,2025/10/23,production_consumption,-23,production_run,PRUN_SID0013_MID0016_043
SMFEID5575,SID0013,MID0020,2025/10/23,production_consumption,-54,production_run,PRUN_SID0013_MID0020_043
SMFEID5576,SID0015,MID0007,2025/10/23,production_consumption,-67,production_run,PRUN_SID0015_MID0007_043
SMFEID5577,SID0015,MID0020,2025/10/23,production_consumption,-256,production_run,PRUN_SID0015_MID0020_043
SMFEID5578,SID0015,MID0025,2025/10/23,production_consumption,-18,production_run,PRUN_SID0015_MID0025_020
SMFEID5579,SID0018,MID0004,2025/10/23,production_consumption,-130,production_run,PRUN_SID0018_MID0004_043
SMFEID5580,SID0018,MID0020,2025/10/23,external_receipt,1010,order,OID0728
SMFEID5581,SID0018,MID0020,2025/10/23,production_consumption,-31,production_run,PRUN_SID0018_MID0020_043
SMFEID5582,SID0019,MID0010,2025/10/23,production_consumption,-48,production_run,PRUN_SID0019_MID0010_043
SMFEID5583,SID0019,MID0015,2025/10/23,production_consumption,-56,production_run,PRUN_SID0019_MID0015_020
SMFEID5584,SID0019,MID0016,2025/10/23,production_consumption,-69,production_run,PRUN_SID0019_MID0016_043
SMFEID5585,SID0020,MID0003,2025/10/23,production_consumption,-12,production_run,PRUN_SID0020_MID0003_010
SMFEID5586,SID0020,MID0014,2025/10/23,production_consumption,-9,production_run,PRUN_SID0020_MID0014_010
SMFEID5587,SID0020,MID0017,2025/10/23,production_consumption,-125,production_run,PRUN_SID0020_MID0017_020
SMFEID5588,SID0021,MID0001,2025/10/23,production_consumption,-9,production_run,PRUN_SID0021_MID0001_043
SMFEID5589,SID0021,MID0004,2025/10/23,production_consumption,-47,production_run,PRUN_SID0021_MID0004_043
SMFEID5590,SID0021,MID0018,2025/10/23,production_consumption,-19,production_run,PRUN_SID0021_MID0018_020
SMFEID5591,SID0002,MID0001,2025/10/24,production_consumption,-8,production_run,PRUN_SID0002_MID0001_043
SMFEID5592,SID0002,MID0020,2025/10/24,production_consumption,-6,production_run,PRUN_SID0002_MID0020_020
SMFEID5593,SID0004,MID0007,2025/10/24,production_consumption,-25,production_run,PRUN_SID0004_MID0007_043
SMFEID5594,SID0004,MID0020,2025/10/24,production_consumption,-63,production_run,PRUN_SID0004_MID0020_043
SMFEID5595,SID0006,MID0010,2025/10/24,production_consumption,-5,production_run,PRUN_SID0006_MID0010_043
SMFEID5596,SID0007,MID0017,2025/10/24,production_consumption,-129,production_run,PRUN_SID0007_MID0017_043
SMFEID5597,SID0008,MID0022,2025/10/24,production_consumption,-8,production_run,PRUN_SID0008_MID0022_020
SMFEID5598,SID0008,MID0023,2025/10/24,production_consumption,-6,production_run,PRUN_SID0008_MID0023_010
SMFEID5599,SID0011,MID0001,2025/10/24,production_consumption,-11,production_run,PRUN_SID0011_MID0001_043
SMFEID5600,SID0011,MID0008,2025/10/24,external_receipt,867,order,OID0729
SMFEID5601,SID0011,MID0008,2025/10/24,production_consumption,-12,production_run,PRUN_SID0011_MID0008_043
SMFEID5602,SID0011,MID0025,2025/10/24,production_consumption,-46,production_run,PRUN_SID0011_MID0025_043
SMFEID5603,SID0013,MID0016,2025/10/24,production_consumption,-52,production_run,PRUN_SID0013_MID0016_043
SMFEID5604,SID0013,MID0020,2025/10/24,production_consumption,-26,production_run,PRUN_SID0013_MID0020_043
SMFEID5605,SID0015,MID0007,2025/10/24,production_consumption,-73,production_run,PRUN_SID0015_MID0007_043
SMFEID5606,SID0015,MID0025,2025/10/24,production_consumption,-48,production_run,PRUN_SID0015_MID0025_020
SMFEID5607,SID0019,MID0016,2025/10/24,production_consumption,-55,production_run,PRUN_SID0019_MID0016_043
SMFEID5608,SID0020,MID0014,2025/10/24,production_consumption,-35,production_run,PRUN_SID0020_MID0014_010
SMFEID5609,SID0021,MID0004,2025/10/24,production_consumption,-61,production_run,PRUN_SID0021_MID0004_043
SMFEID5610,SID0021,MID0018,2025/10/24,production_consumption,-6,production_run,PRUN_SID0021_MID0018_020
SMFEID5611,SID0004,MID0020,2025/10/25,external_receipt,243,order,OID0757
SMFEID5612,SID0007,MID0017,2025/10/25,external_receipt,897,order,OID0763
SMFEID5613,SID0021,MID0005,2025/10/25,external_receipt,55,order,OID0734
SMFEID5614,SID0021,MID0005,2025/10/25,external_receipt,164,order,OID0735
SMFEID5615,SID0007,MID0020,2025/10/26,external_receipt,946,order,OID0746
SMFEID5616,SID0008,MID0022,2025/10/26,external_receipt,21,order,OID0741
SMFEID5617,SID0008,MID0022,2025/10/26,external_receipt,101,order,OID0742
SMFEID5618,SID0019,MID0013,2025/10/26,external_receipt,142,order,OID0758
SMFEID5619,SID0019,MID0016,2025/10/26,external_receipt,510,order,OID0736
SMFEID5620,SID0002,MID0020,2025/10/27,production_consumption,-59,production_run,PRUN_SID0002_MID0020_020
SMFEID5621,SID0002,MID0025,2025/10/27,production_consumption,-5,production_run,PRUN_SID0002_MID0025_044
SMFEID5622,SID0004,MID0007,2025/10/27,production_consumption,-93,production_run,PRUN_SID0004_MID0007_044
SMFEID5623,SID0006,MID0010,2025/10/27,production_consumption,-8,production_run,PRUN_SID0006_MID0010_044
SMFEID5624,SID0008,MID0022,2025/10/27,production_consumption,-2,production_run,PRUN_SID0008_MID0022_020
SMFEID5625,SID0011,MID0001,2025/10/27,external_receipt,110,order,OID0762
SMFEID5626,SID0011,MID0001,2025/10/27,production_consumption,-14,production_run,PRUN_SID0011_MID0001_044
SMFEID5627,SID0011,MID0007,2025/10/27,production_consumption,-80,production_run,PRUN_SID0011_MID0007_044
SMFEID5628,SID0011,MID0008,2025/10/27,production_consumption,-30,production_run,PRUN_SID0011_MID0008_044
SMFEID5629,SID0013,MID0016,2025/10/27,external_receipt,167,order,OID0754
SMFEID5630,SID0013,MID0020,2025/10/27,production_consumption,-211,production_run,PRUN_SID0013_MID0020_044
SMFEID5631,SID0015,MID0020,2025/10/27,production_consumption,-186,production_run,PRUN_SID0015_MID0020_044
SMFEID5632,SID0018,MID0021,2025/10/27,production_consumption,-31,production_run,PRUN_SID0018_MID0021_020
SMFEID5633,SID0019,MID0010,2025/10/27,production_consumption,-20,production_run,PRUN_SID0019_MID0010_044
SMFEID5634,SID0019,MID0016,2025/10/27,production_consumption,-35,production_run,PRUN_SID0019_MID0016_044
SMFEID5635,SID0020,MID0014,2025/10/27,production_consumption,-24,production_run,PRUN_SID0020_MID0014_010
SMFEID5636,SID0021,MID0001,2025/10/27,production_consumption,-119,production_run,PRUN_SID0021_MID0001_044
SMFEID5637,SID0021,MID0018,2025/10/27,external_receipt,122,order,OID0747
SMFEID5638,SID0021,MID0018,2025/10/27,production_consumption,-41,production_run,PRUN_SID0021_MID0018_020
SMFEID5639,SID0002,MID0001,2025/10/28,production_consumption,-15,production_run,PRUN_SID0002_MID0001_044
SMFEID5640,SID0002,MID0020,2025/10/28,production_consumption,-43,production_run,PRUN_SID0002_MID0020_020
SMFEID5641,SID0002,MID0025,2025/10/28,production_consumption,-9,production_run,PRUN_SID0002_MID0025_044
SMFEID5642,SID0004,MID0007,2025/10/28,production_consumption,-6,production_run,PRUN_SID0004_MID0007_044
SMFEID5643,SID0004,MID0020,2025/10/28,production_consumption,-36,production_run,PRUN_SID0004_MID0020_044
SMFEID5644,SID0006,MID0010,2025/10/28,external_receipt,172,order,OID0767
SMFEID5645,SID0006,MID0010,2025/10/28,external_receipt,172,order,OID0768
SMFEID5646,SID0006,MID0010,2025/10/28,production_consumption,-8,production_run,PRUN_SID0006_MID0010_044
SMFEID5647,SID0008,MID0022,2025/10/28,production_consumption,-30,production_run,PRUN_SID0008_MID0022_020
SMFEID5648,SID0008,MID0024,2025/10/28,external_receipt,110,order,OID0760
SMFEID5649,SID0011,MID0001,2025/10/28,production_consumption,-23,production_run,PRUN_SID0011_MID0001_044
SMFEID5650,SID0011,MID0007,2025/10/28,production_consumption,-26,production_run,PRUN_SID0011_MID0007_044
SMFEID5651,SID0011,MID0008,2025/10/28,production_consumption,-88,production_run,PRUN_SID0011_MID0008_044
SMFEID5652,SID0011,MID0020,2025/10/28,external_receipt,813,order,OID0764
SMFEID5653,SID0011,MID0020,2025/10/28,production_consumption,-216,production_run,PRUN_SID0011_MID0020_044
SMFEID5654,SID0011,MID0025,2025/10/28,production_consumption,-24,production_run,PRUN_SID0011_MID0025_044
SMFEID5655,SID0013,MID0016,2025/10/28,external_receipt,182,order,OID0755
SMFEID5656,SID0013,MID0020,2025/10/28,production_consumption,-14,production_run,PRUN_SID0013_MID0020_044
SMFEID5657,SID0015,MID0007,2025/10/28,production_consumption,-392,production_run,PRUN_SID0015_MID0007_044
SMFEID5658,SID0015,MID0020,2025/10/28,production_consumption,-232,production_run,PRUN_SID0015_MID0020_044
SMFEID5659,SID0015,MID0025,2025/10/28,external_receipt,203,order,OID0743
SMFEID5660,SID0017,MID0018,2025/10/28,production_consumption,-6,production_run,PRUN_SID0017_MID0018_010
SMFEID5661,SID0018,MID0002,2025/10/28,production_consumption,-16,production_run,PRUN_SID0018_MID0002_010
SMFEID5662,SID0018,MID0007,2025/10/28,production_consumption,-32,production_run,PRUN_SID0018_MID0007_044
SMFEID5663,SID0018,MID0008,2025/10/28,external_receipt,146,order,OID0761
SMFEID5664,SID0018,MID0021,2025/10/28,production_consumption,-9,production_run,PRUN_SID0018_MID0021_020
SMFEID5665,SID0019,MID0010,2025/10/28,production_consumption,-30,production_run,PRUN_SID0019_MID0010_044
SMFEID5666,SID0019,MID0015,2025/10/28,external_receipt,61,order,OID0769
SMFEID5667,SID0019,MID0016,2025/10/28,production_consumption,-26,production_run,PRUN_SID0019_MID0016_044
SMFEID5668,SID0020,MID0014,2025/10/28,production_consumption,-30,production_run,PRUN_SID0020_MID0014_010
SMFEID5669,SID0021,MID0001,2025/10/28,production_consumption,-12,production_run,PRUN_SID0021_MID0001_044
SMFEID5670,SID0021,MID0004,2025/10/28,production_consumption,-32,production_run,PRUN_SID0021_MID0004_044
SMFEID5671,SID0021,MID0005,2025/10/28,production_consumption,-31,production_run,PRUN_SID0021_MID0005_020
SMFEID5672,SID0002,MID0001,2025/10/29,production_consumption,-14,production_run,PRUN_SID0002_MID0001_044
SMFEID5673,SID0002,MID0025,2025/10/29,external_receipt,182,order,OID0756
SMFEID5674,SID0002,MID0025,2025/10/29,production_consumption,-31,production_run,PRUN_SID0002_MID0025_044
SMFEID5675,SID0004,MID0007,2025/10/29,production_consumption,-80,production_run,PRUN_SID0004_MID0007_044
SMFEID5676,SID0004,MID0020,2025/10/29,production_consumption,-47,production_run,PRUN_SID0004_MID0020_044
SMFEID5677,SID0006,MID0010,2025/10/29,production_consumption,-54,production_run,PRUN_SID0006_MID0010_044
SMFEID5678,SID0006,MID0020,2025/10/29,production_consumption,-62,production_run,PRUN_SID0006_MID0020_044
SMFEID5679,SID0007,MID0020,2025/10/29,production_consumption,-280,production_run,PRUN_SID0007_MID0020_044
SMFEID5680,SID0008,MID0022,2025/10/29,production_consumption,-12,production_run,PRUN_SID0008_MID0022_020
SMFEID5681,SID0011,MID0001,2025/10/29,production_consumption,-10,production_run,PRUN_SID0011_MID0001_044
SMFEID5682,SID0011,MID0007,2025/10/29,production_consumption,-51,production_run,PRUN_SID0011_MID0007_044
SMFEID5683,SID0011,MID0008,2025/10/29,production_consumption,-75,production_run,PRUN_SID0011_MID0008_044
SMFEID5684,SID0011,MID0020,2025/10/29,production_consumption,-224,production_run,PRUN_SID0011_MID0020_044
SMFEID5685,SID0011,MID0025,2025/10/29,production_consumption,-24,production_run,PRUN_SID0011_MID0025_044
SMFEID5686,SID0013,MID0016,2025/10/29,production_consumption,-16,production_run,PRUN_SID0013_MID0016_044
SMFEID5687,SID0015,MID0007,2025/10/29,production_consumption,-19,production_run,PRUN_SID0015_MID0007_044
SMFEID5688,SID0015,MID0020,2025/10/29,production_consumption,-39,production_run,PRUN_SID0015_MID0020_044
SMFEID5689,SID0017,MID0018,2025/10/29,production_consumption,-19,production_run,PRUN_SID0017_MID0018_010
SMFEID5690,SID0018,MID0002,2025/10/29,production_consumption,-20,production_run,PRUN_SID0018_MID0002_010
SMFEID5691,SID0018,MID0004,2025/10/29,production_consumption,-62,production_run,PRUN_SID0018_MID0004_044
SMFEID5692,SID0018,MID0007,2025/10/29,production_consumption,-95,production_run,PRUN_SID0018_MID0007_044
SMFEID5693,SID0018,MID0020,2025/10/29,production_consumption,-157,production_run,PRUN_SID0018_MID0020_044
SMFEID5694,SID0018,MID0021,2025/10/29,production_consumption,-36,production_run,PRUN_SID0018_MID0021_020
SMFEID5695,SID0019,MID0010,2025/10/29,production_consumption,-14,production_run,PRUN_SID0019_MID0010_044
SMFEID5696,SID0019,MID0016,2025/10/29,production_consumption,-31,production_run,PRUN_SID0019_MID0016_044
SMFEID5697,SID0021,MID0004,2025/10/29,production_consumption,-56,production_run,PRUN_SID0021_MID0004_044
SMFEID5698,SID0021,MID0005,2025/10/29,production_consumption,-138,production_run,PRUN_SID0021_MID0005_020
SMFEID5699,SID0002,MID0001,2025/10/30,production_consumption,-4,production_run,PRUN_SID0002_MID0001_044
SMFEID5700,SID0002,MID0025,2025/10/30,production_consumption,-16,production_run,PRUN_SID0002_MID0025_044
SMFEID5701,SID0006,MID0010,2025/10/30,production_consumption,-32,production_run,PRUN_SID0006_MID0010_044
SMFEID5702,SID0006,MID0020,2025/10/30,production_consumption,-73,production_run,PRUN_SID0006_MID0020_044
SMFEID5703,SID0007,MID0017,2025/10/30,production_consumption,-146,production_run,PRUN_SID0007_MID0017_044
SMFEID5704,SID0007,MID0020,2025/10/30,production_consumption,-88,production_run,PRUN_SID0007_MID0020_044
SMFEID5705,SID0011,MID0001,2025/10/30,production_consumption,-6,production_run,PRUN_SID0011_MID0001_044
SMFEID5706,SID0011,MID0007,2025/10/30,production_consumption,-28,production_run,PRUN_SID0011_MID0007_044
SMFEID5707,SID0011,MID0008,2025/10/30,production_consumption,-3,production_run,PRUN_SID0011_MID0008_044
SMFEID5708,SID0011,MID0020,2025/10/30,production_consumption,-171,production_run,PRUN_SID0011_MID0020_044
SMFEID5709,SID0011,MID0025,2025/10/30,external_receipt,182,order,OID0770
SMFEID5710,SID0011,MID0025,2025/10/30,production_consumption,-35,production_run,PRUN_SID0011_MID0025_044
SMFEID5711,SID0013,MID0016,2025/10/30,production_consumption,-126,production_run,PRUN_SID0013_MID0016_044
SMFEID5712,SID0015,MID0020,2025/10/30,production_consumption,-39,production_run,PRUN_SID0015_MID0020_044
SMFEID5713,SID0017,MID0018,2025/10/30,production_consumption,-6,production_run,PRUN_SID0017_MID0018_010
SMFEID5714,SID0018,MID0002,2025/10/30,production_consumption,-8,production_run,PRUN_SID0018_MID0002_010
SMFEID5715,SID0018,MID0004,2025/10/30,production_consumption,-66,production_run,PRUN_SID0018_MID0004_044
SMFEID5716,SID0018,MID0020,2025/10/30,production_consumption,-134,production_run,PRUN_SID0018_MID0020_044
SMFEID5717,SID0019,MID0010,2025/10/30,production_consumption,-11,production_run,PRUN_SID0019_MID0010_044
SMFEID5718,SID0019,MID0016,2025/10/30,production_consumption,-34,production_run,PRUN_SID0019_MID0016_044
SMFEID5719,SID0021,MID0004,2025/10/30,production_consumption,-55,production_run,PRUN_SID0021_MID0004_044
SMFEID5720,SID0002,MID0001,2025/10/31,production_consumption,-38,production_run,PRUN_SID0002_MID0001_044
SMFEID5721,SID0006,MID0010,2025/10/31,production_consumption,-16,production_run,PRUN_SID0006_MID0010_044
SMFEID5722,SID0006,MID0020,2025/10/31,external_receipt,627,order,OID0748
SMFEID5723,SID0006,MID0020,2025/10/31,production_consumption,-112,production_run,PRUN_SID0006_MID0020_044
SMFEID5724,SID0007,MID0017,2025/10/31,production_consumption,-209,production_run,PRUN_SID0007_MID0017_044
SMFEID5725,SID0011,MID0001,2025/10/31,production_consumption,-10,production_run,PRUN_SID0011_MID0001_044
SMFEID5726,SID0011,MID0007,2025/10/31,production_consumption,-8,production_run,PRUN_SID0011_MID0007_044
SMFEID5727,SID0011,MID0008,2025/10/31,production_consumption,-69,production_run,PRUN_SID0011_MID0008_044
SMFEID5728,SID0013,MID0016,2025/10/31,production_consumption,-93,production_run,PRUN_SID0013_MID0016_044
SMFEID5729,SID0018,MID0004,2025/10/31,production_consumption,-129,production_run,PRUN_SID0018_MID0004_044
SMFEID5730,SID0018,MID0020,2025/10/31,production_consumption,-27,production_run,PRUN_SID0018_MID0020_044
SMFEID5731,SID0019,MID0010,2025/10/31,production_consumption,-31,production_run,PRUN_SID0019_MID0010_044
SMFEID5732,SID0021,MID0004,2025/10/31,production_consumption,-57,production_run,PRUN_SID0021_MID0004_044
SMFEID5733,SID0013,MID0020,2025/11/01,external_receipt,364,order,OID0774
SMFEID5734,SID0015,MID0020,2025/11/01,external_receipt,1879,order,OID0749
SMFEID5735,SID0021,MID0004,2025/11/01,external_receipt,177,order,OID0773
SMFEID5736,SID0018,MID0007,2025/11/02,external_receipt,152,order,OID0765
SMFEID5737,SID0004,MID0020,2025/11/03,production_consumption,-6,production_run,PRUN_SID0004_MID0020_045
SMFEID5738,SID0006,MID0020,2025/11/03,production_consumption,-24,production_run,PRUN_SID0006_MID0020_045
SMFEID5739,SID0007,MID0020,2025/11/03,production_consumption,-131,production_run,PRUN_SID0007_MID0020_045
SMFEID5740,SID0011,MID0007,2025/11/03,production_consumption,-24,production_run,PRUN_SID0011_MID0007_045
SMFEID5741,SID0011,MID0008,2025/11/03,production_consumption,-164,production_run,PRUN_SID0011_MID0008_045
SMFEID5742,SID0015,MID0020,2025/11/03,production_consumption,-64,production_run,PRUN_SID0015_MID0020_045
SMFEID5743,SID0018,MID0004,2025/11/03,production_consumption,-14,production_run,PRUN_SID0018_MID0004_045
SMFEID5744,SID0018,MID0007,2025/11/03,external_receipt,76,order,OID0766
SMFEID5745,SID0018,MID0007,2025/11/03,production_consumption,-7,production_run,PRUN_SID0018_MID0007_045
SMFEID5746,SID0018,MID0020,2025/11/03,production_consumption,-129,production_run,PRUN_SID0018_MID0020_045
SMFEID5747,SID0019,MID0010,2025/11/03,production_consumption,-21,production_run,PRUN_SID0019_MID0010_045
SMFEID5748,SID0021,MID0001,2025/11/03,external_receipt,545,order,OID0750
SMFEID5749,SID0021,MID0004,2025/11/03,external_receipt,177,order,OID0786
SMFEID5750,SID0021,MID0004,2025/11/03,production_consumption,-40,production_run,PRUN_SID0021_MID0004_045
SMFEID5751,SID0021,MID0005,2025/11/03,production_consumption,-1,production_run,PRUN_SID0021_MID0005_021
SMFEID5752,SID0004,MID0007,2025/11/04,production_consumption,-29,production_run,PRUN_SID0004_MID0007_045
SMFEID5753,SID0004,MID0020,2025/11/04,production_consumption,-47,production_run,PRUN_SID0004_MID0020_045
SMFEID5754,SID0006,MID0010,2025/11/04,production_consumption,-56,production_run,PRUN_SID0006_MID0010_045
SMFEID5755,SID0006,MID0020,2025/11/04,production_consumption,-62,production_run,PRUN_SID0006_MID0020_045
SMFEID5756,SID0007,MID0020,2025/11/04,production_consumption,-76,production_run,PRUN_SID0007_MID0020_045
SMFEID5757,SID0011,MID0007,2025/11/04,external_receipt,356,order,OID0775
SMFEID5758,SID0011,MID0007,2025/11/04,production_consumption,-26,production_run,PRUN_SID0011_MID0007_045
SMFEID5759,SID0011,MID0008,2025/11/04,production_consumption,-97,production_run,PRUN_SID0011_MID0008_045
SMFEID5760,SID0015,MID0020,2025/11/04,production_consumption,-13,production_run,PRUN_SID0015_MID0020_045
SMFEID5761,SID0017,MID0004,2025/11/04,production_consumption,-38,production_run,PRUN_SID0017_MID0004_021
SMFEID5762,SID0018,MID0004,2025/11/04,production_consumption,-88,production_run,PRUN_SID0018_MID0004_045
SMFEID5763,SID0018,MID0007,2025/11/04,production_consumption,-48,production_run,PRUN_SID0018_MID0007_045
SMFEID5764,SID0018,MID0020,2025/11/04,production_consumption,-79,production_run,PRUN_SID0018_MID0020_045
SMFEID5765,SID0019,MID0010,2025/11/04,production_consumption,-9,production_run,PRUN_SID0019_MID0010_045
SMFEID5766,SID0019,MID0016,2025/11/04,production_consumption,-45,production_run,PRUN_SID0019_MID0016_045
SMFEID5767,SID0021,MID0001,2025/11/04,production_consumption,-69,production_run,PRUN_SID0021_MID0001_045
SMFEID5768,SID0021,MID0004,2025/11/04,production_consumption,-83,production_run,PRUN_SID0021_MID0004_045
SMFEID5769,SID0021,MID0005,2025/11/04,production_consumption,-32,production_run,PRUN_SID0021_MID0005_021
SMFEID5770,SID0002,MID0001,2025/11/05,production_consumption,-23,production_run,PRUN_SID0002_MID0001_045
SMFEID5771,SID0002,MID0020,2025/11/05,production_consumption,-95,production_run,PRUN_SID0002_MID0020_021
SMFEID5772,SID0002,MID0025,2025/11/05,production_consumption,-56,production_run,PRUN_SID0002_MID0025_045
SMFEID5773,SID0004,MID0007,2025/11/05,production_consumption,-78,production_run,PRUN_SID0004_MID0007_045
SMFEID5774,SID0004,MID0020,2025/11/05,production_consumption,-38,production_run,PRUN_SID0004_MID0020_045
SMFEID5775,SID0006,MID0010,2025/11/05,production_consumption,-14,production_run,PRUN_SID0006_MID0010_045
SMFEID5776,SID0006,MID0020,2025/11/05,production_consumption,-84,production_run,PRUN_SID0006_MID0020_045
SMFEID5777,SID0007,MID0017,2025/11/05,production_consumption,-211,production_run,PRUN_SID0007_MID0017_045
SMFEID5778,SID0007,MID0020,2025/11/05,production_consumption,-127,production_run,PRUN_SID0007_MID0020_045
SMFEID5779,SID0008,MID0022,2025/11/05,production_consumption,-6,production_run,PRUN_SID0008_MID0022_021
SMFEID5780,SID0011,MID0001,2025/11/05,production_consumption,-32,production_run,PRUN_SID0011_MID0001_045
SMFEID5781,SID0011,MID0007,2025/11/05,production_consumption,-32,production_run,PRUN_SID0011_MID0007_045
SMFEID5782,SID0011,MID0020,2025/11/05,production_consumption,-194,production_run,PRUN_SID0011_MID0020_045
SMFEID5783,SID0011,MID0025,2025/11/05,production_consumption,-33,production_run,PRUN_SID0011_MID0025_045
SMFEID5784,SID0013,MID0020,2025/11/05,production_consumption,-7,production_run,PRUN_SID0013_MID0020_045
SMFEID5785,SID0015,MID0007,2025/11/05,production_consumption,-335,production_run,PRUN_SID0015_MID0007_045
SMFEID5786,SID0015,MID0020,2025/11/05,production_consumption,-83,production_run,PRUN_SID0015_MID0020_045
SMFEID5787,SID0015,MID0025,2025/11/05,production_consumption,-54,production_run,PRUN_SID0015_MID0025_021
SMFEID5788,SID0017,MID0001,2025/11/05,production_consumption,-37,production_run,PRUN_SID0017_MID0001_021
SMFEID5789,SID0017,MID0004,2025/11/05,production_consumption,-10,production_run,PRUN_SID0017_MID0004_021
SMFEID5790,SID0018,MID0004,2025/11/05,production_consumption,-129,production_run,PRUN_SID0018_MID0004_045
SMFEID5791,SID0018,MID0007,2025/11/05,production_consumption,-55,production_run,PRUN_SID0018_MID0007_045
SMFEID5792,SID0018,MID0020,2025/11/05,production_consumption,-73,production_run,PRUN_SID0018_MID0020_045
SMFEID5793,SID0019,MID0010,2025/11/05,production_consumption,-13,production_run,PRUN_SID0019_MID0010_045
SMFEID5794,SID0019,MID0016,2025/11/05,production_consumption,-81,production_run,PRUN_SID0019_MID0016_045
SMFEID5795,SID0021,MID0001,2025/11/05,production_consumption,-44,production_run,PRUN_SID0021_MID0001_045
SMFEID5796,SID0021,MID0004,2025/11/05,production_consumption,-12,production_run,PRUN_SID0021_MID0004_045
SMFEID5797,SID0021,MID0005,2025/11/05,production_consumption,-31,production_run,PRUN_SID0021_MID0005_021
SMFEID5798,SID0021,MID0018,2025/11/05,external_receipt,91,order,OID0776
SMFEID5799,SID0002,MID0001,2025/11/06,production_consumption,-16,production_run,PRUN_SID0002_MID0001_045
SMFEID5800,SID0002,MID0020,2025/11/06,production_consumption,-10,production_run,PRUN_SID0002_MID0020_021
SMFEID5801,SID0002,MID0025,2025/11/06,production_consumption,-6,production_run,PRUN_SID0002_MID0025_045
SMFEID5802,SID0004,MID0007,2025/11/06,production_consumption,-77,production_run,PRUN_SID0004_MID0007_045
SMFEID5803,SID0006,MID0010,2025/11/06,production_consumption,-24,production_run,PRUN_SID0006_MID0010_045
SMFEID5804,SID0006,MID0020,2025/11/06,production_consumption,-36,production_run,PRUN_SID0006_MID0020_045
SMFEID5805,SID0007,MID0017,2025/11/06,production_consumption,-124,production_run,PRUN_SID0007_MID0017_045
SMFEID5806,SID0007,MID0020,2025/11/06,production_consumption,-45,production_run,PRUN_SID0007_MID0020_045
SMFEID5807,SID0008,MID0022,2025/11/06,production_consumption,-10,production_run,PRUN_SID0008_MID0022_021
SMFEID5808,SID0008,MID0023,2025/11/06,external_receipt,34,order,OID0771
SMFEID5809,SID0011,MID0001,2025/11/06,production_consumption,-37,production_run,PRUN_SID0011_MID0001_045
SMFEID5810,SID0011,MID0007,2025/11/06,production_consumption,-34,production_run,PRUN_SID0011_MID0007_045
SMFEID5811,SID0011,MID0020,2025/11/06,production_consumption,-102,production_run,PRUN_SID0011_MID0020_045
SMFEID5812,SID0011,MID0025,2025/11/06,production_consumption,-33,production_run,PRUN_SID0011_MID0025_045
SMFEID5813,SID0013,MID0016,2025/11/06,production_consumption,-147,production_run,PRUN_SID0013_MID0016_045
SMFEID5814,SID0013,MID0020,2025/11/06,production_consumption,-131,production_run,PRUN_SID0013_MID0020_045
SMFEID5815,SID0015,MID0007,2025/11/06,production_consumption,-123,production_run,PRUN_SID0015_MID0007_045
SMFEID5816,SID0015,MID0020,2025/11/06,production_consumption,-192,production_run,PRUN_SID0015_MID0020_045
SMFEID5817,SID0015,MID0025,2025/11/06,production_consumption,-7,production_run,PRUN_SID0015_MID0025_021
SMFEID5818,SID0017,MID0001,2025/11/06,production_consumption,-40,production_run,PRUN_SID0017_MID0001_021
SMFEID5819,SID0017,MID0004,2025/11/06,production_consumption,-52,production_run,PRUN_SID0017_MID0004_021
SMFEID5820,SID0019,MID0010,2025/11/06,production_consumption,-28,production_run,PRUN_SID0019_MID0010_045
SMFEID5821,SID0021,MID0001,2025/11/06,production_consumption,-8,production_run,PRUN_SID0021_MID0001_045
SMFEID5822,SID0021,MID0004,2025/11/06,production_consumption,-32,production_run,PRUN_SID0021_MID0004_045
SMFEID5823,SID0021,MID0005,2025/11/06,production_consumption,-30,production_run,PRUN_SID0021_MID0005_021
SMFEID5824,SID0002,MID0001,2025/11/07,production_consumption,-17,production_run,PRUN_SID0002_MID0001_045
SMFEID5825,SID0002,MID0020,2025/11/07,production_consumption,-1,production_run,PRUN_SID0002_MID0020_021
SMFEID5826,SID0006,MID0010,2025/11/07,production_consumption,-16,production_run,PRUN_SID0006_MID0010_045
SMFEID5827,SID0006,MID0020,2025/11/07,production_consumption,-70,production_run,PRUN_SID0006_MID0020_045
SMFEID5828,SID0007,MID0017,2025/11/07,production_consumption,-145,production_run,PRUN_SID0007_MID0017_045
SMFEID5829,SID0008,MID0022,2025/11/07,production_consumption,-6,production_run,PRUN_SID0008_MID0022_021
SMFEID5830,SID0008,MID0024,2025/11/07,production_consumption,-45,production_run,PRUN_SID0008_MID0024_011
SMFEID5831,SID0011,MID0007,2025/11/07,production_consumption,-46,production_run,PRUN_SID0011_MID0007_045
SMFEID5832,SID0011,MID0020,2025/11/07,production_consumption,-291,production_run,PRUN_SID0011_MID0020_045
SMFEID5833,SID0013,MID0016,2025/11/07,production_consumption,-67,production_run,PRUN_SID0013_MID0016_045
SMFEID5834,SID0013,MID0020,2025/11/07,production_consumption,-103,production_run,PRUN_SID0013_MID0020_045
SMFEID5835,SID0015,MID0007,2025/11/07,production_consumption,-22,production_run,PRUN_SID0015_MID0007_045
SMFEID5836,SID0015,MID0020,2025/11/07,production_consumption,-136,production_run,PRUN_SID0015_MID0020_045
SMFEID5837,SID0015,MID0025,2025/11/07,production_consumption,-32,production_run,PRUN_SID0015_MID0025_021
SMFEID5838,SID0017,MID0018,2025/11/07,external_receipt,92,order,OID0759
SMFEID5839,SID0018,MID0008,2025/11/07,production_consumption,-39,production_run,PRUN_SID0018_MID0008_021
SMFEID5840,SID0019,MID0010,2025/11/07,production_consumption,-24,production_run,PRUN_SID0019_MID0010_045
SMFEID5841,SID0021,MID0004,2025/11/07,production_consumption,-21,production_run,PRUN_SID0021_MID0004_045
SMFEID5842,SID0021,MID0005,2025/11/07,production_consumption,-30,production_run,PRUN_SID0021_MID0005_021
SMFEID5843,SID0007,MID0017,2025/11/08,external_receipt,897,order,OID0790
SMFEID5844,SID0011,MID0020,2025/11/09,external_receipt,813,order,OID0791
SMFEID5845,SID0013,MID0016,2025/11/09,external_receipt,350,order,OID0779
SMFEID5846,SID0002,MID0001,2025/11/10,production_consumption,-21,production_run,PRUN_SID0002_MID0001_046
SMFEID5847,SID0002,MID0020,2025/11/10,production_consumption,-32,production_run,PRUN_SID0002_MID0020_021
SMFEID5848,SID0002,MID0025,2025/11/10,production_consumption,-19,production_run,PRUN_SID0002_MID0025_046
SMFEID5849,SID0006,MID0010,2025/11/10,production_consumption,-45,production_run,PRUN_SID0006_MID0010_046
SMFEID5850,SID0007,MID0017,2025/11/10,production_consumption,-143,production_run,PRUN_SID0007_MID0017_046
SMFEID5851,SID0007,MID0020,2025/11/10,production_consumption,-146,production_run,PRUN_SID0007_MID0020_046
SMFEID5852,SID0008,MID0022,2025/11/10,production_consumption,-12,production_run,PRUN_SID0008_MID0022_021
SMFEID5853,SID0008,MID0024,2025/11/10,production_consumption,-25,production_run,PRUN_SID0008_MID0024_011
SMFEID5854,SID0011,MID0007,2025/11/10,production_consumption,-30,production_run,PRUN_SID0011_MID0007_046
SMFEID5855,SID0011,MID0020,2025/11/10,production_consumption,-50,production_run,PRUN_SID0011_MID0020_046
SMFEID5856,SID0013,MID0016,2025/11/10,production_consumption,-30,production_run,PRUN_SID0013_MID0016_046
SMFEID5857,SID0013,MID0020,2025/11/10,production_consumption,-29,production_run,PRUN_SID0013_MID0020_046
SMFEID5858,SID0015,MID0020,2025/11/10,production_consumption,-27,production_run,PRUN_SID0015_MID0020_046
SMFEID5859,SID0018,MID0008,2025/11/10,production_consumption,-10,production_run,PRUN_SID0018_MID0008_021
SMFEID5860,SID0018,MID0020,2025/11/10,production_consumption,-72,production_run,PRUN_SID0018_MID0020_046
SMFEID5861,SID0019,MID0015,2025/11/10,external_receipt,57,order,OID0792
SMFEID5862,SID0020,MID0011,2025/11/10,production_consumption,-8,production_run,PRUN_SID0020_MID0011_011
SMFEID5863,SID0020,MID0017,2025/11/10,production_consumption,-60,production_run,PRUN_SID0020_MID0017_021
SMFEID5864,SID0021,MID0004,2025/11/10,production_consumption,-76,production_run,PRUN_SID0021_MID0004_046
SMFEID5865,SID0021,MID0018,2025/11/10,production_consumption,-19,production_run,PRUN_SID0021_MID0018_021
SMFEID5866,SID0002,MID0001,2025/11/11,production_consumption,-4,production_run,PRUN_SID0002_MID0001_046
SMFEID5867,SID0002,MID0020,2025/11/11,production_consumption,-24,production_run,PRUN_SID0002_MID0020_021
SMFEID5868,SID0002,MID0025,2025/11/11,production_consumption,-21,production_run,PRUN_SID0002_MID0025_046
SMFEID5869,SID0004,MID0020,2025/11/11,production_consumption,-3,production_run,PRUN_SID0004_MID0020_046
SMFEID5870,SID0006,MID0010,2025/11/11,production_consumption,-41,production_run,PRUN_SID0006_MID0010_046
SMFEID5871,SID0007,MID0017,2025/11/11,production_consumption,-67,production_run,PRUN_SID0007_MID0017_046
SMFEID5872,SID0007,MID0020,2025/11/11,external_receipt,899,order,OID0780
SMFEID5873,SID0007,MID0020,2025/11/11,production_consumption,-162,production_run,PRUN_SID0007_MID0020_046
SMFEID5874,SID0008,MID0012,2025/11/11,production_consumption,-4,production_run,PRUN_SID0008_MID0012_011
SMFEID5875,SID0008,MID0022,2025/11/11,production_consumption,-14,production_run,PRUN_SID0008_MID0022_021
SMFEID5876,SID0011,MID0007,2025/11/11,production_consumption,-66,production_run,PRUN_SID0011_MID0007_046
SMFEID5877,SID0011,MID0008,2025/11/11,production_consumption,-156,production_run,PRUN_SID0011_MID0008_046
SMFEID5878,SID0011,MID0020,2025/11/11,production_consumption,-94,production_run,PRUN_SID0011_MID0020_046
SMFEID5879,SID0011,MID0025,2025/11/11,production_consumption,-24,production_run,PRUN_SID0011_MID0025_046
SMFEID5880,SID0013,MID0016,2025/11/11,production_consumption,-85,production_run,PRUN_SID0013_MID0016_046
SMFEID5881,SID0013,MID0020,2025/11/11,production_consumption,-96,production_run,PRUN_SID0013_MID0020_046
SMFEID5882,SID0015,MID0007,2025/11/11,production_consumption,-232,production_run,PRUN_SID0015_MID0007_046
SMFEID5883,SID0015,MID0020,2025/11/11,production_consumption,-117,production_run,PRUN_SID0015_MID0020_046
SMFEID5884,SID0018,MID0007,2025/11/11,production_consumption,-38,production_run,PRUN_SID0018_MID0007_046
SMFEID5885,SID0018,MID0008,2025/11/11,production_consumption,-10,production_run,PRUN_SID0018_MID0008_021
SMFEID5886,SID0018,MID0020,2025/11/11,production_consumption,-69,production_run,PRUN_SID0018_MID0020_046
SMFEID5887,SID0018,MID0021,2025/11/11,production_consumption,-17,production_run,PRUN_SID0018_MID0021_021
SMFEID5888,SID0019,MID0010,2025/11/11,production_consumption,-54,production_run,PRUN_SID0019_MID0010_046
SMFEID5889,SID0019,MID0013,2025/11/11,production_consumption,-29,production_run,PRUN_SID0019_MID0013_021
SMFEID5890,SID0019,MID0016,2025/11/11,production_consumption,-33,production_run,PRUN_SID0019_MID0016_046
SMFEID5891,SID0020,MID0011,2025/11/11,production_consumption,-9,production_run,PRUN_SID0020_MID0011_011
SMFEID5892,SID0020,MID0017,2025/11/11,external_receipt,319,order,OID0772
SMFEID5893,SID0020,MID0017,2025/11/11,production_consumption,-1,production_run,PRUN_SID0020_MID0017_021
SMFEID5894,SID0021,MID0001,2025/11/11,production_consumption,-107,production_run,PRUN_SID0021_MID0001_046
SMFEID5895,SID0021,MID0004,2025/11/11,production_consumption,-93,production_run,PRUN_SID0021_MID0004_046
SMFEID5896,SID0021,MID0018,2025/11/11,production_consumption,-9,production_run,PRUN_SID0021_MID0018_021
SMFEID5897,SID0002,MID0001,2025/11/12,production_consumption,-15,production_run,PRUN_SID0002_MID0001_046
SMFEID5898,SID0002,MID0025,2025/11/12,production_consumption,-14,production_run,PRUN_SID0002_MID0025_046
SMFEID5899,SID0004,MID0007,2025/11/12,production_consumption,-55,production_run,PRUN_SID0004_MID0007_046
SMFEID5900,SID0004,MID0020,2025/11/12,production_consumption,-29,production_run,PRUN_SID0004_MID0020_046
SMFEID5901,SID0006,MID0010,2025/11/12,production_consumption,-5,production_run,PRUN_SID0006_MID0010_046
SMFEID5902,SID0006,MID0020,2025/11/12,external_receipt,627,order,OID0781
SMFEID5903,SID0006,MID0020,2025/11/12,production_consumption,-158,production_run,PRUN_SID0006_MID0020_046
SMFEID5904,SID0007,MID0017,2025/11/12,production_consumption,-60,production_run,PRUN_SID0007_MID0017_046
SMFEID5905,SID0007,MID0020,2025/11/12,production_consumption,-72,production_run,PRUN_SID0007_MID0020_046
SMFEID5906,SID0008,MID0012,2025/11/12,production_consumption,-2,production_run,PRUN_SID0008_MID0012_011
SMFEID5907,SID0011,MID0001,2025/11/12,production_consumption,-15,production_run,PRUN_SID0011_MID0001_046
SMFEID5908,SID0011,MID0007,2025/11/12,production_consumption,-61,production_run,PRUN_SID0011_MID0007_046
SMFEID5909,SID0011,MID0008,2025/11/12,production_consumption,-117,production_run,PRUN_SID0011_MID0008_046
SMFEID5910,SID0011,MID0020,2025/11/12,production_consumption,-151,production_run,PRUN_SID0011_MID0020_046
SMFEID5911,SID0011,MID0025,2025/11/12,production_consumption,-9,production_run,PRUN_SID0011_MID0025_046
SMFEID5912,SID0013,MID0016,2025/11/12,external_receipt,168,order,OID0782
SMFEID5913,SID0013,MID0016,2025/11/12,production_consumption,-58,production_run,PRUN_SID0013_MID0016_046
SMFEID5914,SID0013,MID0020,2025/11/12,external_receipt,364,order,OID0804
SMFEID5915,SID0013,MID0020,2025/11/12,production_consumption,-103,production_run,PRUN_SID0013_MID0020_046
SMFEID5916,SID0015,MID0007,2025/11/12,production_consumption,-150,production_run,PRUN_SID0015_MID0007_046
SMFEID5917,SID0015,MID0020,2025/11/12,production_consumption,-166,production_run,PRUN_SID0015_MID0020_046
SMFEID5918,SID0017,MID0018,2025/11/12,production_consumption,-10,production_run,PRUN_SID0017_MID0018_011
SMFEID5919,SID0018,MID0007,2025/11/12,production_consumption,-26,production_run,PRUN_SID0018_MID0007_046
SMFEID5920,SID0018,MID0008,2025/11/12,production_consumption,-37,production_run,PRUN_SID0018_MID0008_021
SMFEID5921,SID0018,MID0020,2025/11/12,external_receipt,1010,order,OID0777
SMFEID5922,SID0018,MID0020,2025/11/12,production_consumption,-63,production_run,PRUN_SID0018_MID0020_046
SMFEID5923,SID0018,MID0021,2025/11/12,production_consumption,-53,production_run,PRUN_SID0018_MID0021_021
SMFEID5924,SID0019,MID0010,2025/11/12,production_consumption,-8,production_run,PRUN_SID0019_MID0010_046
SMFEID5925,SID0019,MID0013,2025/11/12,production_consumption,-36,production_run,PRUN_SID0019_MID0013_021
SMFEID5926,SID0019,MID0015,2025/11/12,production_consumption,-46,production_run,PRUN_SID0019_MID0015_021
SMFEID5927,SID0019,MID0016,2025/11/12,production_consumption,-37,production_run,PRUN_SID0019_MID0016_046
SMFEID5928,SID0020,MID0011,2025/11/12,production_consumption,-15,production_run,PRUN_SID0020_MID0011_011
SMFEID5929,SID0020,MID0017,2025/11/12,production_consumption,-13,production_run,PRUN_SID0020_MID0017_021
SMFEID5930,SID0021,MID0001,2025/11/12,production_consumption,-12,production_run,PRUN_SID0021_MID0001_046
SMFEID5931,SID0021,MID0018,2025/11/12,production_consumption,-4,production_run,PRUN_SID0021_MID0018_021
SMFEID5932,SID0002,MID0001,2025/11/13,production_consumption,-10,production_run,PRUN_SID0002_MID0001_046
SMFEID5933,SID0002,MID0025,2025/11/13,production_consumption,-6,production_run,PRUN_SID0002_MID0025_046
SMFEID5934,SID0004,MID0007,2025/11/13,external_receipt,526,order,OID0783
SMFEID5935,SID0004,MID0007,2025/11/13,production_consumption,-21,production_run,PRUN_SID0004_MID0007_046
SMFEID5936,SID0004,MID0020,2025/11/13,production_consumption,-38,production_run,PRUN_SID0004_MID0020_046
SMFEID5937,SID0006,MID0020,2025/11/13,production_consumption,-61,production_run,PRUN_SID0006_MID0020_046
SMFEID5938,SID0007,MID0017,2025/11/13,production_consumption,-107,production_run,PRUN_SID0007_MID0017_046
SMFEID5939,SID0008,MID0012,2025/11/13,production_consumption,-5,production_run,PRUN_SID0008_MID0012_011
SMFEID5940,SID0011,MID0001,2025/11/13,external_receipt,110,order,OID0793
SMFEID5941,SID0011,MID0001,2025/11/13,production_consumption,-56,production_run,PRUN_SID0011_MID0001_046
SMFEID5942,SID0011,MID0020,2025/11/13,production_consumption,-141,production_run,PRUN_SID0011_MID0020_046
SMFEID5943,SID0011,MID0025,2025/11/13,production_consumption,-39,production_run,PRUN_SID0011_MID0025_046
SMFEID5944,SID0013,MID0016,2025/11/13,production_consumption,-46,production_run,PRUN_SID0013_MID0016_046
SMFEID5945,SID0015,MID0007,2025/11/13,production_consumption,-80,production_run,PRUN_SID0015_MID0007_046
SMFEID5946,SID0015,MID0020,2025/11/13,production_consumption,-111,production_run,PRUN_SID0015_MID0020_046
SMFEID5947,SID0017,MID0018,2025/11/13,production_consumption,-15,production_run,PRUN_SID0017_MID0018_011
SMFEID5948,SID0018,MID0004,2025/11/13,production_consumption,-198,production_run,PRUN_SID0018_MID0004_046
SMFEID5949,SID0018,MID0007,2025/11/13,production_consumption,-8,production_run,PRUN_SID0018_MID0007_046
SMFEID5950,SID0018,MID0020,2025/11/13,production_consumption,-19,production_run,PRUN_SID0018_MID0020_046
SMFEID5951,SID0018,MID0021,2025/11/13,production_consumption,-1,production_run,PRUN_SID0018_MID0021_021
SMFEID5952,SID0019,MID0010,2025/11/13,production_consumption,-36,production_run,PRUN_SID0019_MID0010_046
SMFEID5953,SID0019,MID0013,2025/11/13,production_consumption,-18,production_run,PRUN_SID0019_MID0013_021
SMFEID5954,SID0019,MID0015,2025/11/13,production_consumption,-28,production_run,PRUN_SID0019_MID0015_021
SMFEID5955,SID0019,MID0016,2025/11/13,production_consumption,-4,production_run,PRUN_SID0019_MID0016_046
SMFEID5956,SID0020,MID0011,2025/11/13,production_consumption,-2,production_run,PRUN_SID0020_MID0011_011
SMFEID5957,SID0020,MID0017,2025/11/13,production_consumption,-3,production_run,PRUN_SID0020_MID0017_021
SMFEID5958,SID0021,MID0004,2025/11/13,external_receipt,177,order,OID0805
SMFEID5959,SID0021,MID0005,2025/11/13,external_receipt,55,order,OID0784
SMFEID5960,SID0021,MID0018,2025/11/13,production_consumption,-28,production_run,PRUN_SID0021_MID0018_021
SMFEID5961,SID0002,MID0001,2025/11/14,production_consumption,-9,production_run,PRUN_SID0002_MID0001_046
SMFEID5962,SID0004,MID0007,2025/11/14,production_consumption,-95,production_run,PRUN_SID0004_MID0007_046
SMFEID5963,SID0004,MID0020,2025/11/14,external_receipt,75,order,OID0796
SMFEID5964,SID0004,MID0020,2025/11/14,production_consumption,-31,production_run,PRUN_SID0004_MID0020_046
SMFEID5965,SID0006,MID0020,2025/11/14,production_consumption,-51,production_run,PRUN_SID0006_MID0020_046
SMFEID5966,SID0007,MID0017,2025/11/14,production_consumption,-109,production_run,PRUN_SID0007_MID0017_046
SMFEID5967,SID0008,MID0012,2025/11/14,production_consumption,-6,production_run,PRUN_SID0008_MID0012_011
SMFEID5968,SID0011,MID0020,2025/11/14,production_consumption,-115,production_run,PRUN_SID0011_MID0020_046
SMFEID5969,SID0015,MID0020,2025/11/14,production_consumption,-19,production_run,PRUN_SID0015_MID0020_046
SMFEID5970,SID0017,MID0018,2025/11/14,production_consumption,-5,production_run,PRUN_SID0017_MID0018_011
SMFEID5971,SID0018,MID0004,2025/11/14,production_consumption,-37,production_run,PRUN_SID0018_MID0004_046
SMFEID5972,SID0018,MID0007,2025/11/14,production_consumption,-48,production_run,PRUN_SID0018_MID0007_046
SMFEID5973,SID0018,MID0020,2025/11/14,production_consumption,-68,production_run,PRUN_SID0018_MID0020_046
SMFEID5974,SID0019,MID0015,2025/11/14,production_consumption,-20,production_run,PRUN_SID0019_MID0015_021
SMFEID5975,SID0019,MID0016,2025/11/14,production_consumption,-34,production_run,PRUN_SID0019_MID0016_046
SMFEID5976,SID0020,MID0017,2025/11/14,production_consumption,-63,production_run,PRUN_SID0020_MID0017_021
SMFEID5977,SID0002,MID0020,2025/11/15,external_receipt,267,order,OID0789
SMFEID5978,SID0002,MID0025,2025/11/15,external_receipt,182,order,OID0801
SMFEID5979,SID0019,MID0010,2025/11/15,external_receipt,297,order,OID0787
SMFEID5980,SID0021,MID0005,2025/11/15,external_receipt,219,order,OID0785
SMFEID5981,SID0006,MID0010,2025/11/16,external_receipt,172,order,OID0815
SMFEID5982,SID0018,MID0007,2025/11/16,external_receipt,152,order,OID0797
SMFEID5983,SID0002,MID0001,2025/11/17,production_consumption,-28,production_run,PRUN_SID0002_MID0001_047
SMFEID5984,SID0002,MID0025,2025/11/17,production_consumption,-8,production_run,PRUN_SID0002_MID0025_047
SMFEID5985,SID0004,MID0007,2025/11/17,production_consumption,-57,production_run,PRUN_SID0004_MID0007_047
SMFEID5986,SID0004,MID0020,2025/11/17,external_receipt,162,order,OID0806
SMFEID5987,SID0004,MID0020,2025/11/17,production_consumption,-9,production_run,PRUN_SID0004_MID0020_047
SMFEID5988,SID0006,MID0010,2025/11/17,production_consumption,-23,production_run,PRUN_SID0006_MID0010_047
SMFEID5989,SID0006,MID0020,2025/11/17,production_consumption,-152,production_run,PRUN_SID0006_MID0020_047
SMFEID5990,SID0007,MID0020,2025/11/17,production_consumption,-74,production_run,PRUN_SID0007_MID0020_047
SMFEID5991,SID0008,MID0012,2025/11/17,production_consumption,-3,production_run,PRUN_SID0008_MID0012_011
SMFEID5992,SID0011,MID0001,2025/11/17,external_receipt,110,order,OID0821
SMFEID5993,SID0011,MID0001,2025/11/17,production_consumption,-17,production_run,PRUN_SID0011_MID0001_047
SMFEID5994,SID0011,MID0008,2025/11/17,production_consumption,-90,production_run,PRUN_SID0011_MID0008_047
SMFEID5995,SID0011,MID0020,2025/11/17,external_receipt,813,order,OID0811
SMFEID5996,SID0011,MID0025,2025/11/17,production_consumption,-4,production_run,PRUN_SID0011_MID0025_047
SMFEID5997,SID0013,MID0016,2025/11/17,production_consumption,-12,production_run,PRUN_SID0013_MID0016_047
SMFEID5998,SID0013,MID0020,2025/11/17,production_consumption,-29,production_run,PRUN_SID0013_MID0020_047
SMFEID5999,SID0015,MID0007,2025/11/17,production_consumption,-23,production_run,PRUN_SID0015_MID0007_047
SMFEID6000,SID0018,MID0007,2025/11/17,external_receipt,152,order,OID0798
SMFEID6001,SID0018,MID0007,2025/11/17,production_consumption,-9,production_run,PRUN_SID0018_MID0007_047
SMFEID6002,SID0018,MID0020,2025/11/17,production_consumption,-164,production_run,PRUN_SID0018_MID0020_047
SMFEID6003,SID0019,MID0013,2025/11/17,external_receipt,125,order,OID0807
SMFEID6004,SID0019,MID0015,2025/11/17,external_receipt,122,order,OID0816
SMFEID6005,SID0019,MID0016,2025/11/17,production_consumption,-57,production_run,PRUN_SID0019_MID0016_047
SMFEID6006,SID0021,MID0001,2025/11/17,production_consumption,-11,production_run,PRUN_SID0021_MID0001_047
SMFEID6007,SID0021,MID0004,2025/11/17,production_consumption,-92,production_run,PRUN_SID0021_MID0004_047
SMFEID6008,SID0002,MID0001,2025/11/18,production_consumption,-9,production_run,PRUN_SID0002_MID0001_047
SMFEID6009,SID0002,MID0025,2025/11/18,production_consumption,-23,production_run,PRUN_SID0002_MID0025_047
SMFEID6010,SID0004,MID0007,2025/11/18,production_consumption,-80,production_run,PRUN_SID0004_MID0007_047
SMFEID6011,SID0004,MID0020,2025/11/18,production_consumption,-20,production_run,PRUN_SID0004_MID0020_047
SMFEID6012,SID0006,MID0010,2025/11/18,production_consumption,-16,production_run,PRUN_SID0006_MID0010_047
SMFEID6013,SID0006,MID0020,2025/11/18,production_consumption,-22,production_run,PRUN_SID0006_MID0020_047
SMFEID6014,SID0007,MID0017,2025/11/18,production_consumption,-31,production_run,PRUN_SID0007_MID0017_047
SMFEID6015,SID0007,MID0020,2025/11/18,production_consumption,-85,production_run,PRUN_SID0007_MID0020_047
SMFEID6016,SID0008,MID0012,2025/11/18,production_consumption,-4,production_run,PRUN_SID0008_MID0012_011
SMFEID6017,SID0008,MID0023,2025/11/18,production_consumption,-6,production_run,PRUN_SID0008_MID0023_011
SMFEID6018,SID0011,MID0001,2025/11/18,production_consumption,-46,production_run,PRUN_SID0011_MID0001_047
SMFEID6019,SID0011,MID0008,2025/11/18,external_receipt,922,order,OID0794
SMFEID6020,SID0011,MID0008,2025/11/18,production_consumption,-50,production_run,PRUN_SID0011_MID0008_047
SMFEID6021,SID0011,MID0020,2025/11/18,production_consumption,-202,production_run,PRUN_SID0011_MID0020_047
SMFEID6022,SID0011,MID0025,2025/11/18,production_consumption,-46,production_run,PRUN_SID0011_MID0025_047
SMFEID6023,SID0013,MID0016,2025/11/18,production_consumption,-19,production_run,PRUN_SID0013_MID0016_047
SMFEID6024,SID0013,MID0020,2025/11/18,production_consumption,-55,production_run,PRUN_SID0013_MID0020_047
SMFEID6025,SID0015,MID0007,2025/11/18,production_consumption,-149,production_run,PRUN_SID0015_MID0007_047
SMFEID6026,SID0015,MID0020,2025/11/18,production_consumption,-123,production_run,PRUN_SID0015_MID0020_047
SMFEID6027,SID0018,MID0007,2025/11/18,production_consumption,-25,production_run,PRUN_SID0018_MID0007_047
SMFEID6028,SID0018,MID0008,2025/11/18,production_consumption,-4,production_run,PRUN_SID0018_MID0008_022
SMFEID6029,SID0018,MID0020,2025/11/18,production_consumption,-78,production_run,PRUN_SID0018_MID0020_047
SMFEID6030,SID0019,MID0016,2025/11/18,production_consumption,-58,production_run,PRUN_SID0019_MID0016_047
SMFEID6031,SID0021,MID0001,2025/11/18,production_consumption,-25,production_run,PRUN_SID0021_MID0001_047
SMFEID6032,SID0021,MID0004,2025/11/18,production_consumption,-105,production_run,PRUN_SID0021_MID0004_047
SMFEID6033,SID0002,MID0001,2025/11/19,production_consumption,-11,production_run,PRUN_SID0002_MID0001_047
SMFEID6034,SID0002,MID0025,2025/11/19,production_consumption,-39,production_run,PRUN_SID0002_MID0025_047
SMFEID6035,SID0004,MID0007,2025/11/19,production_consumption,-11,production_run,PRUN_SID0004_MID0007_047
SMFEID6036,SID0004,MID0020,2025/11/19,production_consumption,-10,production_run,PRUN_SID0004_MID0020_047
SMFEID6037,SID0006,MID0010,2025/11/19,production_consumption,-23,production_run,PRUN_SID0006_MID0010_047
SMFEID6038,SID0006,MID0020,2025/11/19,production_consumption,-88,production_run,PRUN_SID0006_MID0020_047
SMFEID6039,SID0007,MID0017,2025/11/19,production_consumption,-163,production_run,PRUN_SID0007_MID0017_047
SMFEID6040,SID0007,MID0020,2025/11/19,production_consumption,-73,production_run,PRUN_SID0007_MID0020_047
SMFEID6041,SID0008,MID0023,2025/11/19,production_consumption,-6,production_run,PRUN_SID0008_MID0023_011
SMFEID6042,SID0011,MID0001,2025/11/19,production_consumption,-2,production_run,PRUN_SID0011_MID0001_047
SMFEID6043,SID0011,MID0007,2025/11/19,production_consumption,-71,production_run,PRUN_SID0011_MID0007_047
SMFEID6044,SID0011,MID0008,2025/11/19,production_consumption,-11,production_run,PRUN_SID0011_MID0008_047
SMFEID6045,SID0011,MID0020,2025/11/19,production_consumption,-197,production_run,PRUN_SID0011_MID0020_047
SMFEID6046,SID0011,MID0025,2025/11/19,external_receipt,182,order,OID0812
SMFEID6047,SID0011,MID0025,2025/11/19,production_consumption,-19,production_run,PRUN_SID0011_MID0025_047
SMFEID6048,SID0013,MID0016,2025/11/19,production_consumption,-100,production_run,PRUN_SID0013_MID0016_047
SMFEID6049,SID0013,MID0020,2025/11/19,production_consumption,-23,production_run,PRUN_SID0013_MID0020_047
SMFEID6050,SID0015,MID0007,2025/11/19,production_consumption,-32,production_run,PRUN_SID0015_MID0007_047
SMFEID6051,SID0015,MID0020,2025/11/19,production_consumption,-311,production_run,PRUN_SID0015_MID0020_047
SMFEID6052,SID0018,MID0002,2025/11/19,external_receipt,101,order,OID0778
SMFEID6053,SID0018,MID0004,2025/11/19,production_consumption,-52,production_run,PRUN_SID0018_MID0004_047
SMFEID6054,SID0018,MID0007,2025/11/19,production_consumption,-34,production_run,PRUN_SID0018_MID0007_047
SMFEID6055,SID0018,MID0008,2025/11/19,production_consumption,-40,production_run,PRUN_SID0018_MID0008_022
SMFEID6056,SID0018,MID0020,2025/11/19,production_consumption,-54,production_run,PRUN_SID0018_MID0020_047
SMFEID6057,SID0019,MID0010,2025/11/19,production_consumption,-82,production_run,PRUN_SID0019_MID0010_047
SMFEID6058,SID0020,MID0017,2025/11/19,production_consumption,-36,production_run,PRUN_SID0020_MID0017_022
SMFEID6059,SID0021,MID0001,2025/11/19,production_consumption,-31,production_run,PRUN_SID0021_MID0001_047
SMFEID6060,SID0021,MID0004,2025/11/19,external_receipt,177,order,OID0813
SMFEID6061,SID0021,MID0005,2025/11/19,production_consumption,-27,production_run,PRUN_SID0021_MID0005_022
SMFEID6062,SID0002,MID0001,2025/11/20,production_consumption,-12,production_run,PRUN_SID0002_MID0001_047
SMFEID6063,SID0004,MID0007,2025/11/20,production_consumption,-34,production_run,PRUN_SID0004_MID0007_047
SMFEID6064,SID0004,MID0020,2025/11/20,production_consumption,-26,production_run,PRUN_SID0004_MID0020_047
SMFEID6065,SID0006,MID0010,2025/11/20,production_consumption,-32,production_run,PRUN_SID0006_MID0010_047
SMFEID6066,SID0007,MID0017,2025/11/20,production_consumption,-145,production_run,PRUN_SID0007_MID0017_047
SMFEID6067,SID0007,MID0020,2025/11/20,production_consumption,-84,production_run,PRUN_SID0007_MID0020_047
SMFEID6068,SID0008,MID0023,2025/11/20,production_consumption,-7,production_run,PRUN_SID0008_MID0023_011
SMFEID6069,SID0011,MID0007,2025/11/20,production_consumption,-107,production_run,PRUN_SID0011_MID0007_047
SMFEID6070,SID0011,MID0008,2025/11/20,production_consumption,-72,production_run,PRUN_SID0011_MID0008_047
SMFEID6071,SID0011,MID0020,2025/11/20,production_consumption,-2,production_run,PRUN_SID0011_MID0020_047
SMFEID6072,SID0013,MID0016,2025/11/20,production_consumption,-24,production_run,PRUN_SID0013_MID0016_047
SMFEID6073,SID0013,MID0020,2025/11/20,production_consumption,-43,production_run,PRUN_SID0013_MID0020_047
SMFEID6074,SID0015,MID0007,2025/11/20,production_consumption,-157,production_run,PRUN_SID0015_MID0007_047
SMFEID6075,SID0015,MID0025,2025/11/20,external_receipt,219,order,OID0802
SMFEID6076,SID0018,MID0004,2025/11/20,external_receipt,983,order,OID0788
SMFEID6077,SID0018,MID0004,2025/11/20,production_consumption,-211,production_run,PRUN_SID0018_MID0004_047
SMFEID6078,SID0018,MID0007,2025/11/20,production_consumption,-23,production_run,PRUN_SID0018_MID0007_047
SMFEID6079,SID0018,MID0008,2025/11/20,production_consumption,-54,production_run,PRUN_SID0018_MID0008_022
SMFEID6080,SID0019,MID0010,2025/11/20,production_consumption,-16,production_run,PRUN_SID0019_MID0010_047
SMFEID6081,SID0020,MID0003,2025/11/20,production_consumption,-22,production_run,PRUN_SID0020_MID0003_011
SMFEID6082,SID0020,MID0014,2025/11/20,production_consumption,-12,production_run,PRUN_SID0020_MID0014_011
SMFEID6083,SID0020,MID0017,2025/11/20,production_consumption,-50,production_run,PRUN_SID0020_MID0017_022
SMFEID6084,SID0021,MID0001,2025/11/20,production_consumption,-5,production_run,PRUN_SID0021_MID0001_047
SMFEID6085,SID0021,MID0005,2025/11/20,production_consumption,-5,production_run,PRUN_SID0021_MID0005_022
SMFEID6086,SID0004,MID0007,2025/11/21,production_consumption,-1,production_run,PRUN_SID0004_MID0007_047
SMFEID6087,SID0004,MID0020,2025/11/21,production_consumption,-22,production_run,PRUN_SID0004_MID0020_047
SMFEID6088,SID0007,MID0017,2025/11/21,production_consumption,-91,production_run,PRUN_SID0007_MID0017_047
SMFEID6089,SID0007,MID0020,2025/11/21,production_consumption,-67,production_run,PRUN_SID0007_MID0020_047
SMFEID6090,SID0008,MID0022,2025/11/21,production_consumption,-19,production_run,PRUN_SID0008_MID0022_022
SMFEID6091,SID0008,MID0023,2025/11/21,production_consumption,-7,production_run,PRUN_SID0008_MID0023_011
SMFEID6092,SID0011,MID0008,2025/11/21,production_consumption,-63,production_run,PRUN_SID0011_MID0008_047
SMFEID6093,SID0011,MID0020,2025/11/21,production_consumption,-185,production_run,PRUN_SID0011_MID0020_047
SMFEID6094,SID0013,MID0016,2025/11/21,production_consumption,-35,production_run,PRUN_SID0013_MID0016_047
SMFEID6095,SID0013,MID0020,2025/11/21,production_consumption,-57,production_run,PRUN_SID0013_MID0020_047
SMFEID6096,SID0015,MID0007,2025/11/21,production_consumption,-126,production_run,PRUN_SID0015_MID0007_047
SMFEID6097,SID0015,MID0025,2025/11/21,production_consumption,-37,production_run,PRUN_SID0015_MID0025_022
SMFEID6098,SID0017,MID0001,2025/11/21,production_consumption,-51,production_run,PRUN_SID0017_MID0001_022
SMFEID6099,SID0017,MID0005,2025/11/21,production_consumption,-10,production_run,PRUN_SID0017_MID0005_011
SMFEID6100,SID0018,MID0002,2025/11/21,production_consumption,-3,production_run,PRUN_SID0018_MID0002_011
SMFEID6101,SID0018,MID0007,2025/11/21,production_consumption,-14,production_run,PRUN_SID0018_MID0007_047
SMFEID6102,SID0020,MID0003,2025/11/21,production_consumption,-8,production_run,PRUN_SID0020_MID0003_011
SMFEID6103,SID0020,MID0014,2025/11/21,production_consumption,-7,production_run,PRUN_SID0020_MID0014_011
SMFEID6104,SID0020,MID0017,2025/11/21,production_consumption,-56,production_run,PRUN_SID0020_MID0017_022
SMFEID6105,SID0021,MID0001,2025/11/21,production_consumption,-34,production_run,PRUN_SID0021_MID0001_047
SMFEID6106,SID0021,MID0005,2025/11/21,production_consumption,-32,production_run,PRUN_SID0021_MID0005_022
SMFEID6107,SID0021,MID0018,2025/11/21,production_consumption,-15,production_run,PRUN_SID0021_MID0018_022
SMFEID6108,SID0018,MID0008,2025/11/22,external_receipt,73,order,OID0822
SMFEID6109,SID0007,MID0017,2025/11/23,external_receipt,897,order,OID0823
SMFEID6110,SID0002,MID0020,2025/11/24,production_consumption,-29,production_run,PRUN_SID0002_MID0020_022
SMFEID6111,SID0004,MID0020,2025/11/24,production_consumption,-47,production_run,PRUN_SID0004_MID0020_048
SMFEID6112,SID0006,MID0010,2025/11/24,production_consumption,-37,production_run,PRUN_SID0006_MID0010_048
SMFEID6113,SID0007,MID0020,2025/11/24,production_consumption,-119,production_run,PRUN_SID0007_MID0020_048
SMFEID6114,SID0008,MID0022,2025/11/24,production_consumption,-16,production_run,PRUN_SID0008_MID0022_022
SMFEID6115,SID0008,MID0023,2025/11/24,production_consumption,-4,production_run,PRUN_SID0008_MID0023_011
SMFEID6116,SID0011,MID0001,2025/11/24,production_consumption,-24,production_run,PRUN_SID0011_MID0001_048
SMFEID6117,SID0011,MID0007,2025/11/24,external_receipt,356,order,OID0817
SMFEID6118,SID0011,MID0007,2025/11/24,production_consumption,-79,production_run,PRUN_SID0011_MID0007_048
SMFEID6119,SID0013,MID0016,2025/11/24,external_receipt,182,order,OID0824
SMFEID6120,SID0013,MID0020,2025/11/24,production_consumption,-71,production_run,PRUN_SID0013_MID0020_048
SMFEID6121,SID0015,MID0007,2025/11/24,external_receipt,1528,order,OID0799
SMFEID6122,SID0015,MID0025,2025/11/24,production_consumption,-19,production_run,PRUN_SID0015_MID0025_022
SMFEID6123,SID0017,MID0001,2025/11/24,production_consumption,-19,production_run,PRUN_SID0017_MID0001_022
SMFEID6124,SID0017,MID0004,2025/11/24,external_receipt,243,order,OID0800
SMFEID6125,SID0017,MID0004,2025/11/24,production_consumption,-36,production_run,PRUN_SID0017_MID0004_022
SMFEID6126,SID0017,MID0005,2025/11/24,production_consumption,-7,production_run,PRUN_SID0017_MID0005_011
SMFEID6127,SID0018,MID0002,2025/11/24,production_consumption,-2,production_run,PRUN_SID0018_MID0002_011
SMFEID6128,SID0018,MID0004,2025/11/24,production_consumption,-13,production_run,PRUN_SID0018_MID0004_048
SMFEID6129,SID0018,MID0007,2025/11/24,production_consumption,-26,production_run,PRUN_SID0018_MID0007_048
SMFEID6130,SID0018,MID0020,2025/11/24,production_consumption,-180,production_run,PRUN_SID0018_MID0020_048
SMFEID6131,SID0019,MID0010,2025/11/24,production_consumption,-14,production_run,PRUN_SID0019_MID0010_048
SMFEID6132,SID0019,MID0015,2025/11/24,production_consumption,-24,production_run,PRUN_SID0019_MID0015_022
SMFEID6133,SID0019,MID0016,2025/11/24,external_receipt,510,order,OID0795
SMFEID6134,SID0019,MID0016,2025/11/24,production_consumption,-36,production_run,PRUN_SID0019_MID0016_048
SMFEID6135,SID0020,MID0003,2025/11/24,production_consumption,-33,production_run,PRUN_SID0020_MID0003_011
SMFEID6136,SID0020,MID0014,2025/11/24,production_consumption,-15,production_run,PRUN_SID0020_MID0014_011
SMFEID6137,SID0021,MID0005,2025/11/24,production_consumption,-23,production_run,PRUN_SID0021_MID0005_022
SMFEID6138,SID0021,MID0018,2025/11/24,production_consumption,-46,production_run,PRUN_SID0021_MID0018_022
SMFEID6139,SID0002,MID0001,2025/11/25,production_consumption,-8,production_run,PRUN_SID0002_MID0001_048
SMFEID6140,SID0002,MID0020,2025/11/25,production_consumption,-44,production_run,PRUN_SID0002_MID0020_022
SMFEID6141,SID0004,MID0020,2025/11/25,production_consumption,-40,production_run,PRUN_SID0004_MID0020_048
SMFEID6142,SID0006,MID0010,2025/11/25,production_consumption,-24,production_run,PRUN_SID0006_MID0010_048
SMFEID6143,SID0006,MID0020,2025/11/25,external_receipt,627,order,OID0818
SMFEID6144,SID0006,MID0020,2025/11/25,production_consumption,-77,production_run,PRUN_SID0006_MID0020_048
SMFEID6145,SID0007,MID0017,2025/11/25,production_consumption,-186,production_run,PRUN_SID0007_MID0017_048
SMFEID6146,SID0007,MID0020,2025/11/25,production_consumption,-85,production_run,PRUN_SID0007_MID0020_048
SMFEID6147,SID0008,MID0022,2025/11/25,external_receipt,19,order,OID0808
SMFEID6148,SID0008,MID0022,2025/11/25,production_consumption,-19,production_run,PRUN_SID0008_MID0022_022
SMFEID6149,SID0011,MID0001,2025/11/25,production_consumption,-11,production_run,PRUN_SID0011_MID0001_048
SMFEID6150,SID0011,MID0007,2025/11/25,production_consumption,-45,production_run,PRUN_SID0011_MID0007_048
SMFEID6151,SID0011,MID0008,2025/11/25,production_consumption,-93,production_run,PRUN_SID0011_MID0008_048
SMFEID6152,SID0013,MID0016,2025/11/25,production_consumption,-140,production_run,PRUN_SID0013_MID0016_048
SMFEID6153,SID0013,MID0020,2025/11/25,production_consumption,-38,production_run,PRUN_SID0013_MID0020_048
SMFEID6154,SID0015,MID0007,2025/11/25,production_consumption,-53,production_run,PRUN_SID0015_MID0007_048
SMFEID6155,SID0015,MID0020,2025/11/25,production_consumption,-107,production_run,PRUN_SID0015_MID0020_048
SMFEID6156,SID0015,MID0025,2025/11/25,production_consumption,-41,production_run,PRUN_SID0015_MID0025_022
SMFEID6157,SID0017,MID0001,2025/11/25,production_consumption,-2,production_run,PRUN_SID0017_MID0001_022
SMFEID6158,SID0017,MID0004,2025/11/25,production_consumption,-18,production_run,PRUN_SID0017_MID0004_022
SMFEID6159,SID0017,MID0005,2025/11/25,production_consumption,-9,production_run,PRUN_SID0017_MID0005_011
SMFEID6160,SID0018,MID0002,2025/11/25,production_consumption,-10,production_run,PRUN_SID0018_MID0002_011
SMFEID6161,SID0018,MID0004,2025/11/25,production_consumption,-58,production_run,PRUN_SID0018_MID0004_048
SMFEID6162,SID0018,MID0007,2025/11/25,production_consumption,-51,production_run,PRUN_SID0018_MID0007_048
SMFEID6163,SID0018,MID0020,2025/11/25,production_consumption,-83,production_run,PRUN_SID0018_MID0020_048
SMFEID6164,SID0019,MID0010,2025/11/25,production_consumption,-27,production_run,PRUN_SID0019_MID0010_048
SMFEID6165,SID0019,MID0013,2025/11/25,production_consumption,-14,production_run,PRUN_SID0019_MID0013_022
SMFEID6166,SID0019,MID0015,2025/11/25,production_consumption,-4,production_run,PRUN_SID0019_MID0015_022
SMFEID6167,SID0019,MID0016,2025/11/25,production_consumption,-13,production_run,PRUN_SID0019_MID0016_048
SMFEID6168,SID0020,MID0014,2025/11/25,production_consumption,-26,production_run,PRUN_SID0020_MID0014_011
SMFEID6169,SID0021,MID0005,2025/11/25,production_consumption,-34,production_run,PRUN_SID0021_MID0005_022
SMFEID6170,SID0002,MID0001,2025/11/26,production_consumption,-25,production_run,PRUN_SID0002_MID0001_048
SMFEID6171,SID0002,MID0020,2025/11/26,production_consumption,-43,production_run,PRUN_SID0002_MID0020_022
SMFEID6172,SID0002,MID0025,2025/11/26,production_consumption,-17,production_run,PRUN_SID0002_MID0025_048
SMFEID6173,SID0004,MID0007,2025/11/26,production_consumption,-35,production_run,PRUN_SID0004_MID0007_048
SMFEID6174,SID0004,MID0020,2025/11/26,production_consumption,-12,production_run,PRUN_SID0004_MID0020_048
SMFEID6175,SID0006,MID0010,2025/11/26,production_consumption,-30,production_run,PRUN_SID0006_MID0010_048
SMFEID6176,SID0006,MID0020,2025/11/26,production_consumption,-70,production_run,PRUN_SID0006_MID0020_048
SMFEID6177,SID0007,MID0017,2025/11/26,production_consumption,-100,production_run,PRUN_SID0007_MID0017_048
SMFEID6178,SID0007,MID0020,2025/11/26,external_receipt,631,order,OID0828
SMFEID6179,SID0007,MID0020,2025/11/26,production_consumption,-32,production_run,PRUN_SID0007_MID0020_048
SMFEID6180,SID0011,MID0001,2025/11/26,production_consumption,-4,production_run,PRUN_SID0011_MID0001_048
SMFEID6181,SID0011,MID0007,2025/11/26,production_consumption,-52,production_run,PRUN_SID0011_MID0007_048
SMFEID6182,SID0011,MID0008,2025/11/26,production_consumption,-82,production_run,PRUN_SID0011_MID0008_048
SMFEID6183,SID0011,MID0020,2025/11/26,production_consumption,-285,production_run,PRUN_SID0011_MID0020_048
SMFEID6184,SID0011,MID0025,2025/11/26,production_consumption,-20,production_run,PRUN_SID0011_MID0025_048
SMFEID6185,SID0013,MID0016,2025/11/26,production_consumption,-41,production_run,PRUN_SID0013_MID0016_048
SMFEID6186,SID0013,MID0020,2025/11/26,production_consumption,-16,production_run,PRUN_SID0013_MID0020_048
SMFEID6187,SID0015,MID0007,2025/11/26,production_consumption,-90,production_run,PRUN_SID0015_MID0007_048
SMFEID6188,SID0015,MID0020,2025/11/26,production_consumption,-158,production_run,PRUN_SID0015_MID0020_048
SMFEID6189,SID0017,MID0004,2025/11/26,production_consumption,-49,production_run,PRUN_SID0017_MID0004_022
SMFEID6190,SID0017,MID0005,2025/11/26,production_consumption,-15,production_run,PRUN_SID0017_MID0005_011
SMFEID6191,SID0018,MID0002,2025/11/26,production_consumption,-12,production_run,PRUN_SID0018_MID0002_011
SMFEID6192,SID0018,MID0004,2025/11/26,production_consumption,-70,production_run,PRUN_SID0018_MID0004_048
SMFEID6193,SID0018,MID0007,2025/11/26,production_consumption,-46,production_run,PRUN_SID0018_MID0007_048
SMFEID6194,SID0019,MID0010,2025/11/26,production_consumption,-27,production_run,PRUN_SID0019_MID0010_048
SMFEID6195,SID0019,MID0013,2025/11/26,production_consumption,-34,production_run,PRUN_SID0019_MID0013_022
SMFEID6196,SID0019,MID0015,2025/11/26,production_consumption,-25,production_run,PRUN_SID0019_MID0015_022
SMFEID6197,SID0019,MID0016,2025/11/26,production_consumption,-31,production_run,PRUN_SID0019_MID0016_048
SMFEID6198,SID0020,MID0014,2025/11/26,production_consumption,-19,production_run,PRUN_SID0020_MID0014_011
SMFEID6199,SID0021,MID0001,2025/11/26,production_consumption,-51,production_run,PRUN_SID0021_MID0001_048
SMFEID6200,SID0021,MID0004,2025/11/26,production_consumption,-50,production_run,PRUN_SID0021_MID0004_048
SMFEID6201,SID0002,MID0001,2025/11/27,external_receipt,223,order,OID0814
SMFEID6202,SID0002,MID0001,2025/11/27,production_consumption,-4,production_run,PRUN_SID0002_MID0001_048
SMFEID6203,SID0002,MID0020,2025/11/27,production_consumption,-32,production_run,PRUN_SID0002_MID0020_022
SMFEID6204,SID0002,MID0025,2025/11/27,production_consumption,-18,production_run,PRUN_SID0002_MID0025_048
SMFEID6205,SID0004,MID0007,2025/11/27,production_consumption,-97,production_run,PRUN_SID0004_MID0007_048
SMFEID6206,SID0006,MID0010,2025/11/27,production_consumption,-20,production_run,PRUN_SID0006_MID0010_048
SMFEID6207,SID0006,MID0020,2025/11/27,production_consumption,-60,production_run,PRUN_SID0006_MID0020_048
SMFEID6208,SID0007,MID0017,2025/11/27,production_consumption,-37,production_run,PRUN_SID0007_MID0017_048
SMFEID6209,SID0007,MID0020,2025/11/27,production_consumption,-69,production_run,PRUN_SID0007_MID0020_048
SMFEID6210,SID0011,MID0001,2025/11/27,production_consumption,-6,production_run,PRUN_SID0011_MID0001_048
SMFEID6211,SID0011,MID0008,2025/11/27,production_consumption,-51,production_run,PRUN_SID0011_MID0008_048
SMFEID6212,SID0011,MID0020,2025/11/27,production_consumption,-266,production_run,PRUN_SID0011_MID0020_048
SMFEID6213,SID0011,MID0025,2025/11/27,production_consumption,-18,production_run,PRUN_SID0011_MID0025_048
SMFEID6214,SID0013,MID0016,2025/11/27,production_consumption,-25,production_run,PRUN_SID0013_MID0016_048
SMFEID6215,SID0013,MID0020,2025/11/27,production_consumption,-75,production_run,PRUN_SID0013_MID0020_048
SMFEID6216,SID0015,MID0007,2025/11/27,production_consumption,-265,production_run,PRUN_SID0015_MID0007_048
SMFEID6217,SID0015,MID0020,2025/11/27,production_consumption,-213,production_run,PRUN_SID0015_MID0020_048
SMFEID6218,SID0017,MID0004,2025/11/27,production_consumption,-8,production_run,PRUN_SID0017_MID0004_022
SMFEID6219,SID0017,MID0005,2025/11/27,production_consumption,-10,production_run,PRUN_SID0017_MID0005_011
SMFEID6220,SID0018,MID0002,2025/11/27,production_consumption,-5,production_run,PRUN_SID0018_MID0002_011
SMFEID6221,SID0018,MID0004,2025/11/27,production_consumption,-67,production_run,PRUN_SID0018_MID0004_048
SMFEID6222,SID0018,MID0021,2025/11/27,production_consumption,-68,production_run,PRUN_SID0018_MID0021_022
SMFEID6223,SID0019,MID0010,2025/11/27,production_consumption,-17,production_run,PRUN_SID0019_MID0010_048
SMFEID6224,SID0019,MID0013,2025/11/27,production_consumption,-3,production_run,PRUN_SID0019_MID0013_022
SMFEID6225,SID0019,MID0015,2025/11/27,production_consumption,-23,production_run,PRUN_SID0019_MID0015_022
SMFEID6226,SID0019,MID0016,2025/11/27,production_consumption,-22,production_run,PRUN_SID0019_MID0016_048
SMFEID6227,SID0020,MID0014,2025/11/27,production_consumption,-13,production_run,PRUN_SID0020_MID0014_011
SMFEID6228,SID0021,MID0001,2025/11/27,production_consumption,-65,production_run,PRUN_SID0021_MID0001_048
SMFEID6229,SID0021,MID0004,2025/11/27,production_consumption,-74,production_run,PRUN_SID0021_MID0004_048
SMFEID6230,SID0002,MID0001,2025/11/28,production_consumption,-24,production_run,PRUN_SID0002_MID0001_048
SMFEID6231,SID0002,MID0025,2025/11/28,production_consumption,-26,production_run,PRUN_SID0002_MID0025_048
SMFEID6232,SID0004,MID0007,2025/11/28,production_consumption,-71,production_run,PRUN_SID0004_MID0007_048
SMFEID6233,SID0004,MID0020,2025/11/28,external_receipt,162,order,OID0835
SMFEID6234,SID0006,MID0020,2025/11/28,production_consumption,-60,production_run,PRUN_SID0006_MID0020_048
SMFEID6235,SID0007,MID0017,2025/11/28,production_consumption,-170,production_run,PRUN_SID0007_MID0017_048
SMFEID6236,SID0007,MID0020,2025/11/28,production_consumption,-43,production_run,PRUN_SID0007_MID0020_048
SMFEID6237,SID0008,MID0022,2025/11/28,external_receipt,41,order,OID0809
SMFEID6238,SID0011,MID0001,2025/11/28,production_consumption,-25,production_run,PRUN_SID0011_MID0001_048
SMFEID6239,SID0011,MID0008,2025/11/28,production_consumption,-17,production_run,PRUN_SID0011_MID0008_048
SMFEID6240,SID0011,MID0020,2025/11/28,production_consumption,-49,production_run,PRUN_SID0011_MID0020_048
SMFEID6241,SID0011,MID0025,2025/11/28,production_consumption,-38,production_run,PRUN_SID0011_MID0025_048
SMFEID6242,SID0013,MID0016,2025/11/28,external_receipt,182,order,OID0825
SMFEID6243,SID0013,MID0016,2025/11/28,production_consumption,-30,production_run,PRUN_SID0013_MID0016_048
SMFEID6244,SID0013,MID0020,2025/11/28,external_receipt,323,order,OID0827
SMFEID6245,SID0013,MID0020,2025/11/28,production_consumption,-24,production_run,PRUN_SID0013_MID0020_048
SMFEID6246,SID0015,MID0020,2025/11/28,production_consumption,-9,production_run,PRUN_SID0015_MID0020_048
SMFEID6247,SID0018,MID0002,2025/11/28,production_consumption,-5,production_run,PRUN_SID0018_MID0002_011
SMFEID6248,SID0018,MID0004,2025/11/28,production_consumption,-63,production_run,PRUN_SID0018_MID0004_048
SMFEID6249,SID0018,MID0021,2025/11/28,external_receipt,191,order,OID0803
SMFEID6250,SID0018,MID0021,2025/11/28,production_consumption,-9,production_run,PRUN_SID0018_MID0021_022
SMFEID6251,SID0019,MID0010,2025/11/28,production_consumption,-14,production_run,PRUN_SID0019_MID0010_048
SMFEID6252,SID0019,MID0013,2025/11/28,production_consumption,-23,production_run,PRUN_SID0019_MID0013_022
SMFEID6253,SID0019,MID0015,2025/11/28,production_consumption,-6,production_run,PRUN_SID0019_MID0015_022
SMFEID6254,SID0019,MID0016,2025/11/28,production_consumption,-15,production_run,PRUN_SID0019_MID0016_048
SMFEID6255,SID0021,MID0004,2025/11/28,external_receipt,177,order,OID0829
SMFEID6256,SID0021,MID0004,2025/11/28,production_consumption,-66,production_run,PRUN_SID0021_MID0004_048
SMFEID6257,SID0004,MID0007,2025/11/29,external_receipt,526,order,OID0826
SMFEID6258,SID0018,MID0008,2025/11/29,external_receipt,140,order,OID0830
SMFEID6259,SID0011,MID0001,2025/11/30,external_receipt,110,order,OID0850
SMFEID6260,SID0015,MID0020,2025/11/30,external_receipt,1710,order,OID0819
SMFEID6261,SID0017,MID0001,2025/11/30,external_receipt,85,order,OID0820
SMFEID6262,SID0021,MID0018,2025/11/30,external_receipt,91,order,OID0841
SMFEID6263,SID0002,MID0001,2025/12/01,production_consumption,-30,production_run,PRUN_SID0002_MID0001_049
SMFEID6264,SID0002,MID0020,2025/12/01,production_consumption,-57,production_run,PRUN_SID0002_MID0020_023
SMFEID6265,SID0002,MID0025,2025/12/01,external_receipt,182,order,OID0831
SMFEID6266,SID0004,MID0007,2025/12/01,production_consumption,-89,production_run,PRUN_SID0004_MID0007_049
SMFEID6267,SID0006,MID0010,2025/12/01,production_consumption,-15,production_run,PRUN_SID0006_MID0010_049
SMFEID6268,SID0007,MID0017,2025/12/01,production_consumption,-146,production_run,PRUN_SID0007_MID0017_049
SMFEID6269,SID0007,MID0020,2025/12/01,production_consumption,-25,production_run,PRUN_SID0007_MID0020_049
SMFEID6270,SID0011,MID0008,2025/12/01,production_consumption,-92,production_run,PRUN_SID0011_MID0008_049
SMFEID6271,SID0011,MID0020,2025/12/01,production_consumption,-59,production_run,PRUN_SID0011_MID0020_049
SMFEID6272,SID0017,MID0004,2025/12/01,production_consumption,-96,production_run,PRUN_SID0017_MID0004_023
SMFEID6273,SID0018,MID0004,2025/12/01,production_consumption,-2,production_run,PRUN_SID0018_MID0004_049
SMFEID6274,SID0018,MID0020,2025/12/01,production_consumption,-35,production_run,PRUN_SID0018_MID0020_049
SMFEID6275,SID0019,MID0010,2025/12/01,external_receipt,297,order,OID0832
SMFEID6276,SID0019,MID0016,2025/12/01,production_consumption,-72,production_run,PRUN_SID0019_MID0016_049
SMFEID6277,SID0021,MID0001,2025/12/01,production_consumption,-8,production_run,PRUN_SID0021_MID0001_049
SMFEID6278,SID0021,MID0018,2025/12/01,production_consumption,-27,production_run,PRUN_SID0021_MID0018_023
SMFEID6279,SID0002,MID0001,2025/12/02,production_consumption,-6,production_run,PRUN_SID0002_MID0001_049
SMFEID6280,SID0002,MID0020,2025/12/02,production_consumption,-51,production_run,PRUN_SID0002_MID0020_023
SMFEID6281,SID0004,MID0007,2025/12/02,production_consumption,-80,production_run,PRUN_SID0004_MID0007_049
SMFEID6282,SID0006,MID0010,2025/12/02,production_consumption,-41,production_run,PRUN_SID0006_MID0010_049
SMFEID6283,SID0006,MID0020,2025/12/02,production_consumption,-44,production_run,PRUN_SID0006_MID0020_049
SMFEID6284,SID0007,MID0017,2025/12/02,production_consumption,-179,production_run,PRUN_SID0007_MID0017_049
SMFEID6285,SID0007,MID0020,2025/12/02,production_consumption,-166,production_run,PRUN_SID0007_MID0020_049
SMFEID6286,SID0008,MID0022,2025/12/02,external_receipt,81,order,OID0833
SMFEID6287,SID0011,MID0001,2025/12/02,production_consumption,-37,production_run,PRUN_SID0011_MID0001_049
SMFEID6288,SID0011,MID0008,2025/12/02,production_consumption,-61,production_run,PRUN_SID0011_MID0008_049
SMFEID6289,SID0011,MID0020,2025/12/02,production_consumption,-148,production_run,PRUN_SID0011_MID0020_049
SMFEID6290,SID0013,MID0016,2025/12/02,production_consumption,-58,production_run,PRUN_SID0013_MID0016_049
SMFEID6291,SID0013,MID0020,2025/12/02,production_consumption,-210,production_run,PRUN_SID0013_MID0020_049
SMFEID6292,SID0015,MID0007,2025/12/02,production_consumption,-138,production_run,PRUN_SID0015_MID0007_049
SMFEID6293,SID0015,MID0020,2025/12/02,production_consumption,-51,production_run,PRUN_SID0015_MID0020_049
SMFEID6294,SID0017,MID0004,2025/12/02,production_consumption,-20,production_run,PRUN_SID0017_MID0004_023
SMFEID6295,SID0018,MID0004,2025/12/02,production_consumption,-259,production_run,PRUN_SID0018_MID0004_049
SMFEID6296,SID0018,MID0007,2025/12/02,production_consumption,-13,production_run,PRUN_SID0018_MID0007_049
SMFEID6297,SID0018,MID0020,2025/12/02,production_consumption,-5,production_run,PRUN_SID0018_MID0020_049
SMFEID6298,SID0019,MID0010,2025/12/02,production_consumption,-30,production_run,PRUN_SID0019_MID0010_049
SMFEID6299,SID0019,MID0015,2025/12/02,production_consumption,-55,production_run,PRUN_SID0019_MID0015_023
SMFEID6300,SID0019,MID0016,2025/12/02,production_consumption,-64,production_run,PRUN_SID0019_MID0016_049
SMFEID6301,SID0021,MID0001,2025/12/02,production_consumption,-14,production_run,PRUN_SID0021_MID0001_049
SMFEID6302,SID0021,MID0018,2025/12/02,production_consumption,-27,production_run,PRUN_SID0021_MID0018_023
SMFEID6303,SID0002,MID0001,2025/12/03,production_consumption,-12,production_run,PRUN_SID0002_MID0001_049
SMFEID6304,SID0002,MID0020,2025/12/03,production_consumption,-51,production_run,PRUN_SID0002_MID0020_023
SMFEID6305,SID0006,MID0010,2025/12/03,production_consumption,-10,production_run,PRUN_SID0006_MID0010_049
SMFEID6306,SID0006,MID0020,2025/12/03,production_consumption,-75,production_run,PRUN_SID0006_MID0020_049
SMFEID6307,SID0007,MID0017,2025/12/03,production_consumption,-71,production_run,PRUN_SID0007_MID0017_049
SMFEID6308,SID0007,MID0020,2025/12/03,production_consumption,-66,production_run,PRUN_SID0007_MID0020_049
SMFEID6309,SID0011,MID0001,2025/12/03,production_consumption,-32,production_run,PRUN_SID0011_MID0001_049
SMFEID6310,SID0011,MID0007,2025/12/03,production_consumption,-50,production_run,PRUN_SID0011_MID0007_049
SMFEID6311,SID0011,MID0008,2025/12/03,production_consumption,-2,production_run,PRUN_SID0011_MID0008_049
SMFEID6312,SID0011,MID0020,2025/12/03,external_receipt,813,order,OID0843
SMFEID6313,SID0011,MID0020,2025/12/03,production_consumption,-123,production_run,PRUN_SID0011_MID0020_049
SMFEID6314,SID0013,MID0016,2025/12/03,production_consumption,-18,production_run,PRUN_SID0013_MID0016_049
SMFEID6315,SID0013,MID0017,2025/12/03,production_consumption,-15,production_run,PRUN_SID0013_MID0017_004
SMFEID6316,SID0013,MID0020,2025/12/03,production_consumption,-31,production_run,PRUN_SID0013_MID0020_049
SMFEID6317,SID0015,MID0007,2025/12/03,production_consumption,-166,production_run,PRUN_SID0015_MID0007_049
SMFEID6318,SID0015,MID0020,2025/12/03,production_consumption,-104,production_run,PRUN_SID0015_MID0020_049
SMFEID6319,SID0015,MID0025,2025/12/03,production_consumption,-22,production_run,PRUN_SID0015_MID0025_023
SMFEID6320,SID0018,MID0007,2025/12/03,production_consumption,-84,production_run,PRUN_SID0018_MID0007_049
SMFEID6321,SID0018,MID0020,2025/12/03,production_consumption,-93,production_run,PRUN_SID0018_MID0020_049
SMFEID6322,SID0018,MID0021,2025/12/03,production_consumption,-21,production_run,PRUN_SID0018_MID0021_023
SMFEID6323,SID0019,MID0010,2025/12/03,production_consumption,-65,production_run,PRUN_SID0019_MID0010_049
SMFEID6324,SID0019,MID0015,2025/12/03,production_consumption,-49,production_run,PRUN_SID0019_MID0015_023
SMFEID6325,SID0020,MID0011,2025/12/03,production_consumption,-9,production_run,PRUN_SID0020_MID0011_012
SMFEID6326,SID0021,MID0001,2025/12/03,production_consumption,-20,production_run,PRUN_SID0021_MID0001_049
SMFEID6327,SID0021,MID0004,2025/12/03,production_consumption,-117,production_run,PRUN_SID0021_MID0004_049
SMFEID6328,SID0021,MID0018,2025/12/03,production_consumption,-24,production_run,PRUN_SID0021_MID0018_023
SMFEID6329,SID0002,MID0001,2025/12/04,production_consumption,-11,production_run,PRUN_SID0002_MID0001_049
SMFEID6330,SID0002,MID0025,2025/12/04,production_consumption,-36,production_run,PRUN_SID0002_MID0025_049
SMFEID6331,SID0004,MID0020,2025/12/04,production_consumption,-42,production_run,PRUN_SID0004_MID0020_049
SMFEID6332,SID0006,MID0010,2025/12/04,production_consumption,-4,production_run,PRUN_SID0006_MID0010_049
SMFEID6333,SID0006,MID0020,2025/12/04,production_consumption,-77,production_run,PRUN_SID0006_MID0020_049
SMFEID6334,SID0007,MID0017,2025/12/04,production_consumption,-117,production_run,PRUN_SID0007_MID0017_049
SMFEID6335,SID0007,MID0020,2025/12/04,production_consumption,-55,production_run,PRUN_SID0007_MID0020_049
SMFEID6336,SID0011,MID0007,2025/12/04,production_consumption,-50,production_run,PRUN_SID0011_MID0007_049
SMFEID6337,SID0011,MID0008,2025/12/04,production_consumption,-100,production_run,PRUN_SID0011_MID0008_049
SMFEID6338,SID0011,MID0020,2025/12/04,production_consumption,-53,production_run,PRUN_SID0011_MID0020_049
SMFEID6339,SID0011,MID0025,2025/12/04,production_consumption,-44,production_run,PRUN_SID0011_MID0025_049
SMFEID6340,SID0013,MID0016,2025/12/04,external_receipt,182,order,OID0851
SMFEID6341,SID0013,MID0016,2025/12/04,production_consumption,-74,production_run,PRUN_SID0013_MID0016_049
SMFEID6342,SID0013,MID0017,2025/12/04,production_consumption,-8,production_run,PRUN_SID0013_MID0017_004
SMFEID6343,SID0013,MID0020,2025/12/04,external_receipt,364,order,OID0856
SMFEID6344,SID0015,MID0007,2025/12/04,production_consumption,-154,production_run,PRUN_SID0015_MID0007_049
SMFEID6345,SID0015,MID0020,2025/12/04,production_consumption,-189,production_run,PRUN_SID0015_MID0020_049
SMFEID6346,SID0015,MID0025,2025/12/04,production_consumption,-71,production_run,PRUN_SID0015_MID0025_023
SMFEID6347,SID0018,MID0020,2025/12/04,production_consumption,-88,production_run,PRUN_SID0018_MID0020_049
SMFEID6348,SID0018,MID0021,2025/12/04,production_consumption,-25,production_run,PRUN_SID0018_MID0021_023
SMFEID6349,SID0020,MID0011,2025/12/04,production_consumption,-9,production_run,PRUN_SID0020_MID0011_012
SMFEID6350,SID0021,MID0001,2025/12/04,production_consumption,-32,production_run,PRUN_SID0021_MID0001_049
SMFEID6351,SID0021,MID0004,2025/12/04,production_consumption,-19,production_run,PRUN_SID0021_MID0004_049
SMFEID6352,SID0002,MID0025,2025/12/05,production_consumption,-32,production_run,PRUN_SID0002_MID0025_049
SMFEID6353,SID0004,MID0020,2025/12/05,production_consumption,-66,production_run,PRUN_SID0004_MID0020_049
SMFEID6354,SID0006,MID0010,2025/12/05,external_receipt,172,order,OID0844
SMFEID6355,SID0006,MID0010,2025/12/05,production_consumption,-36,production_run,PRUN_SID0006_MID0010_049
SMFEID6356,SID0006,MID0020,2025/12/05,production_consumption,-58,production_run,PRUN_SID0006_MID0020_049
SMFEID6357,SID0007,MID0017,2025/12/05,external_receipt,840,order,OID0857
SMFEID6358,SID0011,MID0007,2025/12/05,production_consumption,-42,production_run,PRUN_SID0011_MID0007_049
SMFEID6359,SID0011,MID0020,2025/12/05,production_consumption,-99,production_run,PRUN_SID0011_MID0020_049
SMFEID6360,SID0011,MID0025,2025/12/05,production_consumption,-15,production_run,PRUN_SID0011_MID0025_049
SMFEID6361,SID0013,MID0016,2025/12/05,production_consumption,-45,production_run,PRUN_SID0013_MID0016_049
SMFEID6362,SID0013,MID0017,2025/12/05,production_consumption,-12,production_run,PRUN_SID0013_MID0017_004
SMFEID6363,SID0015,MID0007,2025/12/05,production_consumption,-18,production_run,PRUN_SID0015_MID0007_049
SMFEID6364,SID0015,MID0020,2025/12/05,production_consumption,-67,production_run,PRUN_SID0015_MID0020_049
SMFEID6365,SID0017,MID0005,2025/12/05,external_receipt,37,order,OID0852
SMFEID6366,SID0018,MID0020,2025/12/05,production_consumption,-91,production_run,PRUN_SID0018_MID0020_049
SMFEID6367,SID0018,MID0021,2025/12/05,production_consumption,-4,production_run,PRUN_SID0018_MID0021_023
SMFEID6368,SID0019,MID0013,2025/12/05,external_receipt,142,order,OID0858
SMFEID6369,SID0019,MID0015,2025/12/05,external_receipt,61,order,OID0862
SMFEID6370,SID0020,MID0011,2025/12/05,external_receipt,81,order,OID0810
SMFEID6371,SID0020,MID0011,2025/12/05,production_consumption,-5,production_run,PRUN_SID0020_MID0011_012
SMFEID6372,SID0021,MID0001,2025/12/05,production_consumption,-29,production_run,PRUN_SID0021_MID0001_049
SMFEID6373,SID0021,MID0004,2025/12/05,external_receipt,354,order,OID0860
SMFEID6374,SID0021,MID0004,2025/12/05,production_consumption,-53,production_run,PRUN_SID0021_MID0004_049
SMFEID6375,SID0008,MID0022,2025/12/06,external_receipt,21,order,OID0834
SMFEID6376,SID0013,MID0016,2025/12/06,external_receipt,182,order,OID0853
SMFEID6377,SID0013,MID0020,2025/12/06,external_receipt,364,order,OID0868
SMFEID6378,SID0020,MID0003,2025/12/06,external_receipt,25,order,OID0836
SMFEID6379,SID0011,MID0025,2025/12/07,external_receipt,91,order,OID0863
SMFEID6380,SID0019,MID0015,2025/12/07,external_receipt,61,order,OID0870
SMFEID6381,SID0020,MID0003,2025/12/07,external_receipt,25,order,OID0837
SMFEID6382,SID0004,MID0007,2025/12/08,production_consumption,-45,production_run,PRUN_SID0004_MID0007_050
SMFEID6383,SID0004,MID0020,2025/12/08,production_consumption,-39,production_run,PRUN_SID0004_MID0020_050
SMFEID6384,SID0006,MID0010,2025/12/08,production_consumption,-19,production_run,PRUN_SID0006_MID0010_050
SMFEID6385,SID0006,MID0020,2025/12/08,production_consumption,-77,production_run,PRUN_SID0006_MID0020_050
SMFEID6386,SID0007,MID0017,2025/12/08,production_consumption,-182,production_run,PRUN_SID0007_MID0017_050
SMFEID6387,SID0008,MID0022,2025/12/08,production_consumption,-28,production_run,PRUN_SID0008_MID0022_023
SMFEID6388,SID0011,MID0001,2025/12/08,production_consumption,-11,production_run,PRUN_SID0011_MID0001_050
SMFEID6389,SID0011,MID0007,2025/12/08,production_consumption,-62,production_run,PRUN_SID0011_MID0007_050
SMFEID6390,SID0011,MID0020,2025/12/08,production_consumption,-91,production_run,PRUN_SID0011_MID0020_050
SMFEID6391,SID0013,MID0017,2025/12/08,production_consumption,-4,production_run,PRUN_SID0013_MID0017_004
SMFEID6392,SID0013,MID0020,2025/12/08,production_consumption,-91,production_run,PRUN_SID0013_MID0020_050
SMFEID6393,SID0018,MID0004,2025/12/08,production_consumption,-54,production_run,PRUN_SID0018_MID0004_050
SMFEID6394,SID0018,MID0007,2025/12/08,external_receipt,76,order,OID0854
SMFEID6395,SID0018,MID0007,2025/12/08,production_consumption,-44,production_run,PRUN_SID0018_MID0007_050
SMFEID6396,SID0018,MID0020,2025/12/08,production_consumption,-68,production_run,PRUN_SID0018_MID0020_050
SMFEID6397,SID0018,MID0021,2025/12/08,production_consumption,-42,production_run,PRUN_SID0018_MID0021_023
SMFEID6398,SID0019,MID0010,2025/12/08,production_consumption,-19,production_run,PRUN_SID0019_MID0010_050
SMFEID6399,SID0019,MID0013,2025/12/08,production_consumption,-40,production_run,PRUN_SID0019_MID0013_023
SMFEID6400,SID0019,MID0016,2025/12/08,production_consumption,-65,production_run,PRUN_SID0019_MID0016_050
SMFEID6401,SID0020,MID0011,2025/12/08,production_consumption,-6,production_run,PRUN_SID0020_MID0011_012
SMFEID6402,SID0002,MID0025,2025/12/09,production_consumption,-38,production_run,PRUN_SID0002_MID0025_050
SMFEID6403,SID0004,MID0007,2025/12/09,production_consumption,-9,production_run,PRUN_SID0004_MID0007_050
SMFEID6404,SID0004,MID0020,2025/12/09,production_consumption,-20,production_run,PRUN_SID0004_MID0020_050
SMFEID6405,SID0006,MID0010,2025/12/09,production_consumption,-23,production_run,PRUN_SID0006_MID0010_050
SMFEID6406,SID0006,MID0020,2025/12/09,production_consumption,-71,production_run,PRUN_SID0006_MID0020_050
SMFEID6407,SID0007,MID0017,2025/12/09,production_consumption,-82,production_run,PRUN_SID0007_MID0017_050
SMFEID6408,SID0007,MID0020,2025/12/09,external_receipt,946,order,OID0869
SMFEID6409,SID0008,MID0022,2025/12/09,production_consumption,-8,production_run,PRUN_SID0008_MID0022_023
SMFEID6410,SID0008,MID0023,2025/12/09,external_receipt,32,order,OID0861
SMFEID6411,SID0011,MID0001,2025/12/09,production_consumption,-12,production_run,PRUN_SID0011_MID0001_050
SMFEID6412,SID0011,MID0007,2025/12/09,production_consumption,-19,production_run,PRUN_SID0011_MID0007_050
SMFEID6413,SID0011,MID0008,2025/12/09,production_consumption,-53,production_run,PRUN_SID0011_MID0008_050
SMFEID6414,SID0011,MID0020,2025/12/09,production_consumption,-232,production_run,PRUN_SID0011_MID0020_050
SMFEID6415,SID0011,MID0025,2025/12/09,production_consumption,-38,production_run,PRUN_SID0011_MID0025_050
SMFEID6416,SID0013,MID0016,2025/12/09,production_consumption,-39,production_run,PRUN_SID0013_MID0016_050
SMFEID6417,SID0013,MID0017,2025/12/09,production_consumption,-16,production_run,PRUN_SID0013_MID0017_004
SMFEID6418,SID0013,MID0020,2025/12/09,production_consumption,-39,production_run,PRUN_SID0013_MID0020_050
SMFEID6419,SID0015,MID0007,2025/12/09,production_consumption,-175,production_run,PRUN_SID0015_MID0007_050
SMFEID6420,SID0018,MID0004,2025/12/09,production_consumption,-43,production_run,PRUN_SID0018_MID0004_050
SMFEID6421,SID0018,MID0007,2025/12/09,external_receipt,152,order,OID0855
SMFEID6422,SID0018,MID0007,2025/12/09,production_consumption,-45,production_run,PRUN_SID0018_MID0007_050
SMFEID6423,SID0018,MID0020,2025/12/09,production_consumption,-66,production_run,PRUN_SID0018_MID0020_050
SMFEID6424,SID0019,MID0010,2025/12/09,production_consumption,-27,production_run,PRUN_SID0019_MID0010_050
SMFEID6425,SID0019,MID0013,2025/12/09,production_consumption,-46,production_run,PRUN_SID0019_MID0013_023
SMFEID6426,SID0019,MID0016,2025/12/09,production_consumption,-14,production_run,PRUN_SID0019_MID0016_050
SMFEID6427,SID0020,MID0011,2025/12/09,production_consumption,-7,production_run,PRUN_SID0020_MID0011_012
SMFEID6428,SID0020,MID0014,2025/12/09,external_receipt,194,order,OID0838
SMFEID6429,SID0021,MID0004,2025/12/09,production_consumption,-49,production_run,PRUN_SID0021_MID0004_050
SMFEID6430,SID0002,MID0001,2025/12/10,external_receipt,198,order,OID0864
SMFEID6431,SID0002,MID0001,2025/12/10,production_consumption,-25,production_run,PRUN_SID0002_MID0001_050
SMFEID6432,SID0002,MID0025,2025/12/10,production_consumption,-10,production_run,PRUN_SID0002_MID0025_050
SMFEID6433,SID0004,MID0007,2025/12/10,production_consumption,-44,production_run,PRUN_SID0004_MID0007_050
SMFEID6434,SID0004,MID0020,2025/12/10,production_consumption,-31,production_run,PRUN_SID0004_MID0020_050
SMFEID6435,SID0006,MID0010,2025/12/10,production_consumption,-10,production_run,PRUN_SID0006_MID0010_050
SMFEID6436,SID0006,MID0020,2025/12/10,production_consumption,-20,production_run,PRUN_SID0006_MID0020_050
SMFEID6437,SID0007,MID0017,2025/12/10,production_consumption,-113,production_run,PRUN_SID0007_MID0017_050
SMFEID6438,SID0007,MID0020,2025/12/10,production_consumption,-114,production_run,PRUN_SID0007_MID0020_050
SMFEID6439,SID0008,MID0022,2025/12/10,production_consumption,-5,production_run,PRUN_SID0008_MID0022_023
SMFEID6440,SID0011,MID0001,2025/12/10,production_consumption,-16,production_run,PRUN_SID0011_MID0001_050
SMFEID6441,SID0011,MID0007,2025/12/10,external_receipt,356,order,OID0865
SMFEID6442,SID0011,MID0007,2025/12/10,production_consumption,-47,production_run,PRUN_SID0011_MID0007_050
SMFEID6443,SID0011,MID0008,2025/12/10,production_consumption,-8,production_run,PRUN_SID0011_MID0008_050
SMFEID6444,SID0011,MID0020,2025/12/10,production_consumption,-189,production_run,PRUN_SID0011_MID0020_050
SMFEID6445,SID0011,MID0025,2025/12/10,production_consumption,-25,production_run,PRUN_SID0011_MID0025_050
SMFEID6446,SID0013,MID0016,2025/12/10,production_consumption,-4,production_run,PRUN_SID0013_MID0016_050
SMFEID6447,SID0013,MID0017,2025/12/10,production_consumption,-2,production_run,PRUN_SID0013_MID0017_004
SMFEID6448,SID0013,MID0020,2025/12/10,production_consumption,-114,production_run,PRUN_SID0013_MID0020_050
SMFEID6449,SID0015,MID0007,2025/12/10,production_consumption,-153,production_run,PRUN_SID0015_MID0007_050
SMFEID6450,SID0015,MID0020,2025/12/10,production_consumption,-262,production_run,PRUN_SID0015_MID0020_050
SMFEID6451,SID0017,MID0001,2025/12/10,production_consumption,-32,production_run,PRUN_SID0017_MID0001_023
SMFEID6452,SID0018,MID0002,2025/12/10,production_consumption,-3,production_run,PRUN_SID0018_MID0002_012
SMFEID6453,SID0018,MID0004,2025/12/10,production_consumption,-89,production_run,PRUN_SID0018_MID0004_050
SMFEID6454,SID0018,MID0007,2025/12/10,production_consumption,-14,production_run,PRUN_SID0018_MID0007_050
SMFEID6455,SID0018,MID0020,2025/12/10,production_consumption,-90,production_run,PRUN_SID0018_MID0020_050
SMFEID6456,SID0019,MID0010,2025/12/10,production_consumption,-31,production_run,PRUN_SID0019_MID0010_050
SMFEID6457,SID0019,MID0013,2025/12/10,production_consumption,-12,production_run,PRUN_SID0019_MID0013_023
SMFEID6458,SID0019,MID0016,2025/12/10,production_consumption,-49,production_run,PRUN_SID0019_MID0016_050
SMFEID6459,SID0020,MID0011,2025/12/10,production_consumption,-11,production_run,PRUN_SID0020_MID0011_012
SMFEID6460,SID0020,MID0017,2025/12/10,production_consumption,-76,production_run,PRUN_SID0020_MID0017_023
SMFEID6461,SID0021,MID0004,2025/12/10,production_consumption,-53,production_run,PRUN_SID0021_MID0004_050
SMFEID6462,SID0002,MID0001,2025/12/11,production_consumption,-32,production_run,PRUN_SID0002_MID0001_050
SMFEID6463,SID0002,MID0025,2025/12/11,production_consumption,-27,production_run,PRUN_SID0002_MID0025_050
SMFEID6464,SID0004,MID0007,2025/12/11,production_consumption,-20,production_run,PRUN_SID0004_MID0007_050
SMFEID6465,SID0004,MID0020,2025/12/11,production_consumption,-13,production_run,PRUN_SID0004_MID0020_050
SMFEID6466,SID0006,MID0010,2025/12/11,production_consumption,-26,production_run,PRUN_SID0006_MID0010_050
SMFEID6467,SID0006,MID0020,2025/12/11,production_consumption,-68,production_run,PRUN_SID0006_MID0020_050
SMFEID6468,SID0007,MID0017,2025/12/11,production_consumption,-155,production_run,PRUN_SID0007_MID0017_050
SMFEID6469,SID0007,MID0020,2025/12/11,production_consumption,-247,production_run,PRUN_SID0007_MID0020_050
SMFEID6470,SID0008,MID0022,2025/12/11,production_consumption,-17,production_run,PRUN_SID0008_MID0022_023
SMFEID6471,SID0011,MID0001,2025/12/11,production_consumption,-8,production_run,PRUN_SID0011_MID0001_050
SMFEID6472,SID0011,MID0007,2025/12/11,production_consumption,-51,production_run,PRUN_SID0011_MID0007_050
SMFEID6473,SID0011,MID0008,2025/12/11,production_consumption,-68,production_run,PRUN_SID0011_MID0008_050
SMFEID6474,SID0011,MID0020,2025/12/11,external_receipt,813,order,OID0871
SMFEID6475,SID0011,MID0020,2025/12/11,production_consumption,-29,production_run,PRUN_SID0011_MID0020_050
SMFEID6476,SID0013,MID0016,2025/12/11,production_consumption,-75,production_run,PRUN_SID0013_MID0016_050
SMFEID6477,SID0015,MID0007,2025/12/11,production_consumption,-17,production_run,PRUN_SID0015_MID0007_050
SMFEID6478,SID0015,MID0020,2025/12/11,production_consumption,-135,production_run,PRUN_SID0015_MID0020_050
SMFEID6479,SID0017,MID0001,2025/12/11,production_consumption,-23,production_run,PRUN_SID0017_MID0001_023
SMFEID6480,SID0018,MID0002,2025/12/11,production_consumption,-7,production_run,PRUN_SID0018_MID0002_012
SMFEID6481,SID0018,MID0004,2025/12/11,production_consumption,-88,production_run,PRUN_SID0018_MID0004_050
SMFEID6482,SID0018,MID0020,2025/12/11,production_consumption,-2,production_run,PRUN_SID0018_MID0020_050
SMFEID6483,SID0019,MID0010,2025/12/11,production_consumption,-13,production_run,PRUN_SID0019_MID0010_050
SMFEID6484,SID0019,MID0013,2025/12/11,production_consumption,-1,production_run,PRUN_SID0019_MID0013_023
SMFEID6485,SID0019,MID0016,2025/12/11,production_consumption,-10,production_run,PRUN_SID0019_MID0016_050
SMFEID6486,SID0020,MID0017,2025/12/11,production_consumption,-26,production_run,PRUN_SID0020_MID0017_023
SMFEID6487,SID0021,MID0001,2025/12/11,production_consumption,-86,production_run,PRUN_SID0021_MID0001_050
SMFEID6488,SID0021,MID0004,2025/12/11,production_consumption,-25,production_run,PRUN_SID0021_MID0004_050
SMFEID6489,SID0021,MID0005,2025/12/11,production_consumption,-29,production_run,PRUN_SID0021_MID0005_023
SMFEID6490,SID0002,MID0001,2025/12/12,production_consumption,-13,production_run,PRUN_SID0002_MID0001_050
SMFEID6491,SID0002,MID0020,2025/12/12,external_receipt,267,order,OID0845
SMFEID6492,SID0004,MID0007,2025/12/12,production_consumption,-66,production_run,PRUN_SID0004_MID0007_050
SMFEID6493,SID0006,MID0010,2025/12/12,production_consumption,-28,production_run,PRUN_SID0006_MID0010_050
SMFEID6494,SID0007,MID0017,2025/12/12,production_consumption,-8,production_run,PRUN_SID0007_MID0017_050
SMFEID6495,SID0011,MID0001,2025/12/12,production_consumption,-21,production_run,PRUN_SID0011_MID0001_050
SMFEID6496,SID0011,MID0008,2025/12/12,production_consumption,-97,production_run,PRUN_SID0011_MID0008_050
SMFEID6497,SID0013,MID0016,2025/12/12,production_consumption,-92,production_run,PRUN_SID0013_MID0016_050
SMFEID6498,SID0015,MID0007,2025/12/12,production_consumption,-95,production_run,PRUN_SID0015_MID0007_050
SMFEID6499,SID0015,MID0020,2025/12/12,production_consumption,-12,production_run,PRUN_SID0015_MID0020_050
SMFEID6500,SID0017,MID0001,2025/12/12,external_receipt,137,order,OID0842
SMFEID6501,SID0017,MID0001,2025/12/12,production_consumption,-30,production_run,PRUN_SID0017_MID0001_023
SMFEID6502,SID0018,MID0002,2025/12/12,production_consumption,-12,production_run,PRUN_SID0018_MID0002_012
SMFEID6503,SID0018,MID0004,2025/12/12,external_receipt,1019,order,OID0839
SMFEID6504,SID0018,MID0008,2025/12/12,production_consumption,-59,production_run,PRUN_SID0018_MID0008_023
SMFEID6505,SID0018,MID0020,2025/12/12,external_receipt,1010,order,OID0846
SMFEID6506,SID0018,MID0020,2025/12/12,production_consumption,-74,production_run,PRUN_SID0018_MID0020_050
SMFEID6507,SID0018,MID0021,2025/12/12,external_receipt,233,order,OID0840
SMFEID6508,SID0019,MID0010,2025/12/12,production_consumption,-6,production_run,PRUN_SID0019_MID0010_050
SMFEID6509,SID0020,MID0003,2025/12/12,external_receipt,73,order,OID0847
SMFEID6510,SID0020,MID0003,2025/12/12,external_receipt,25,order,OID0848
SMFEID6511,SID0020,MID0017,2025/12/12,production_consumption,-51,production_run,PRUN_SID0020_MID0017_023
SMFEID6512,SID0021,MID0001,2025/12/12,production_consumption,-20,production_run,PRUN_SID0021_MID0001_050
SMFEID6513,SID0021,MID0004,2025/12/12,production_consumption,-50,production_run,PRUN_SID0021_MID0004_050
SMFEID6514,SID0021,MID0005,2025/12/12,production_consumption,-113,production_run,PRUN_SID0021_MID0005_023
SMFEID6515,SID0004,MID0020,2025/12/13,external_receipt,162,order,OID0872
SMFEID6516,SID0006,MID0010,2025/12/14,external_receipt,172,order,OID0875
SMFEID6517,SID0006,MID0020,2025/12/14,external_receipt,627,order,OID0874
SMFEID6518,SID0017,MID0005,2025/12/14,external_receipt,55,order,OID0873
SMFEID6519,SID0021,MID0001,2025/12/14,external_receipt,396,order,OID0859
SMFEID6520,SID0002,MID0025,2025/12/15,production_consumption,-23,production_run,PRUN_SID0002_MID0025_051
SMFEID6521,SID0004,MID0007,2025/12/15,production_consumption,-59,production_run,PRUN_SID0004_MID0007_051
SMFEID6522,SID0006,MID0010,2025/12/15,production_consumption,-56,production_run,PRUN_SID0006_MID0010_051
SMFEID6523,SID0007,MID0017,2025/12/15,external_receipt,897,order,OID0880
SMFEID6524,SID0007,MID0017,2025/12/15,production_consumption,-137,production_run,PRUN_SID0007_MID0017_051
SMFEID6525,SID0011,MID0001,2025/12/15,external_receipt,110,order,OID0877
SMFEID6526,SID0011,MID0007,2025/12/15,production_consumption,-35,production_run,PRUN_SID0011_MID0007_051
SMFEID6527,SID0011,MID0025,2025/12/15,external_receipt,91,order,OID0884
SMFEID6528,SID0018,MID0002,2025/12/15,production_consumption,-12,production_run,PRUN_SID0018_MID0002_012
SMFEID6529,SID0018,MID0007,2025/12/15,production_consumption,-29,production_run,PRUN_SID0018_MID0007_051
SMFEID6530,SID0018,MID0008,2025/12/15,production_consumption,-56,production_run,PRUN_SID0018_MID0008_023
SMFEID6531,SID0018,MID0020,2025/12/15,production_consumption,-14,production_run,PRUN_SID0018_MID0020_051
SMFEID6532,SID0019,MID0010,2025/12/15,production_consumption,-27,production_run,PRUN_SID0019_MID0010_051
SMFEID6533,SID0019,MID0016,2025/12/15,production_consumption,-49,production_run,PRUN_SID0019_MID0016_051
SMFEID6534,SID0020,MID0014,2025/12/15,production_consumption,-29,production_run,PRUN_SID0020_MID0014_012
SMFEID6535,SID0021,MID0001,2025/12/15,production_consumption,-12,production_run,PRUN_SID0021_MID0001_051
SMFEID6536,SID0021,MID0004,2025/12/15,production_consumption,-15,production_run,PRUN_SID0021_MID0004_051
SMFEID6537,SID0002,MID0001,2025/12/16,production_consumption,-6,production_run,PRUN_SID0002_MID0001_051
SMFEID6538,SID0002,MID0025,2025/12/16,production_consumption,-5,production_run,PRUN_SID0002_MID0025_051
SMFEID6539,SID0004,MID0007,2025/12/16,production_consumption,-16,production_run,PRUN_SID0004_MID0007_051
SMFEID6540,SID0006,MID0010,2025/12/16,production_consumption,-56,production_run,PRUN_SID0006_MID0010_051
SMFEID6541,SID0007,MID0017,2025/12/16,production_consumption,-154,production_run,PRUN_SID0007_MID0017_051
SMFEID6542,SID0008,MID0022,2025/12/16,production_consumption,-10,production_run,PRUN_SID0008_MID0022_024
SMFEID6543,SID0011,MID0007,2025/12/16,production_consumption,-48,production_run,PRUN_SID0011_MID0007_051
SMFEID6544,SID0013,MID0020,2025/12/16,production_consumption,-78,production_run,PRUN_SID0013_MID0020_051
SMFEID6545,SID0015,MID0007,2025/12/16,production_consumption,-82,production_run,PRUN_SID0015_MID0007_051
SMFEID6546,SID0015,MID0025,2025/12/16,production_consumption,-35,production_run,PRUN_SID0015_MID0025_024
SMFEID6547,SID0018,MID0002,2025/12/16,production_consumption,-7,production_run,PRUN_SID0018_MID0002_012
SMFEID6548,SID0018,MID0004,2025/12/16,production_consumption,-57,production_run,PRUN_SID0018_MID0004_051
SMFEID6549,SID0018,MID0007,2025/12/16,production_consumption,-25,production_run,PRUN_SID0018_MID0007_051
SMFEID6550,SID0018,MID0020,2025/12/16,production_consumption,-96,production_run,PRUN_SID0018_MID0020_051
SMFEID6551,SID0019,MID0010,2025/12/16,production_consumption,-2,production_run,PRUN_SID0019_MID0010_051
SMFEID6552,SID0019,MID0016,2025/12/16,production_consumption,-36,production_run,PRUN_SID0019_MID0016_051
SMFEID6553,SID0020,MID0014,2025/12/16,production_consumption,-30,production_run,PRUN_SID0020_MID0014_012
SMFEID6554,SID0020,MID0017,2025/12/16,production_consumption,-42,production_run,PRUN_SID0020_MID0017_024
SMFEID6555,SID0021,MID0001,2025/12/16,production_consumption,-21,production_run,PRUN_SID0021_MID0001_051
SMFEID6556,SID0021,MID0004,2025/12/16,production_consumption,-59,production_run,PRUN_SID0021_MID0004_051
SMFEID6557,SID0021,MID0005,2025/12/16,production_consumption,-36,production_run,PRUN_SID0021_MID0005_024
SMFEID6558,SID0002,MID0001,2025/12/17,production_consumption,-10,production_run,PRUN_SID0002_MID0001_051
SMFEID6559,SID0002,MID0025,2025/12/17,production_consumption,-15,production_run,PRUN_SID0002_MID0025_051
SMFEID6560,SID0004,MID0007,2025/12/17,production_consumption,-12,production_run,PRUN_SID0004_MID0007_051
SMFEID6561,SID0004,MID0020,2025/12/17,external_receipt,162,order,OID0888
SMFEID6562,SID0004,MID0020,2025/12/17,production_consumption,-24,production_run,PRUN_SID0004_MID0020_051
SMFEID6563,SID0006,MID0020,2025/12/17,production_consumption,-73,production_run,PRUN_SID0006_MID0020_051
SMFEID6564,SID0007,MID0017,2025/12/17,production_consumption,-4,production_run,PRUN_SID0007_MID0017_051
SMFEID6565,SID0007,MID0020,2025/12/17,production_consumption,-156,production_run,PRUN_SID0007_MID0020_051
SMFEID6566,SID0008,MID0022,2025/12/17,production_consumption,-18,production_run,PRUN_SID0008_MID0022_024
SMFEID6567,SID0011,MID0007,2025/12/17,production_consumption,-4,production_run,PRUN_SID0011_MID0007_051
SMFEID6568,SID0011,MID0008,2025/12/17,production_consumption,-36,production_run,PRUN_SID0011_MID0008_051
SMFEID6569,SID0013,MID0016,2025/12/17,production_consumption,-104,production_run,PRUN_SID0013_MID0016_051
SMFEID6570,SID0013,MID0020,2025/12/17,production_consumption,-50,production_run,PRUN_SID0013_MID0020_051
SMFEID6571,SID0015,MID0007,2025/12/17,external_receipt,2291,order,OID0849
SMFEID6572,SID0015,MID0007,2025/12/17,production_consumption,-119,production_run,PRUN_SID0015_MID0007_051
SMFEID6573,SID0015,MID0020,2025/12/17,production_consumption,-65,production_run,PRUN_SID0015_MID0020_051
SMFEID6574,SID0015,MID0025,2025/12/17,production_consumption,-47,production_run,PRUN_SID0015_MID0025_024
SMFEID6575,SID0018,MID0002,2025/12/17,production_consumption,-3,production_run,PRUN_SID0018_MID0002_012
SMFEID6576,SID0018,MID0004,2025/12/17,production_consumption,-34,production_run,PRUN_SID0018_MID0004_051
SMFEID6577,SID0018,MID0007,2025/12/17,production_consumption,-25,production_run,PRUN_SID0018_MID0007_051
SMFEID6578,SID0018,MID0008,2025/12/17,production_consumption,-21,production_run,PRUN_SID0018_MID0008_024
SMFEID6579,SID0018,MID0020,2025/12/17,production_consumption,-49,production_run,PRUN_SID0018_MID0020_051
SMFEID6580,SID0018,MID0021,2025/12/17,production_consumption,-4,production_run,PRUN_SID0018_MID0021_024
SMFEID6581,SID0019,MID0010,2025/12/17,production_consumption,-35,production_run,PRUN_SID0019_MID0010_051
SMFEID6582,SID0019,MID0016,2025/12/17,production_consumption,-47,production_run,PRUN_SID0019_MID0016_051
SMFEID6583,SID0020,MID0014,2025/12/17,production_consumption,-11,production_run,PRUN_SID0020_MID0014_012
SMFEID6584,SID0020,MID0017,2025/12/17,production_consumption,-97,production_run,PRUN_SID0020_MID0017_024
SMFEID6585,SID0021,MID0001,2025/12/17,production_consumption,-14,production_run,PRUN_SID0021_MID0001_051
SMFEID6586,SID0021,MID0004,2025/12/17,external_receipt,177,order,OID0889
SMFEID6587,SID0021,MID0004,2025/12/17,production_consumption,-7,production_run,PRUN_SID0021_MID0004_051
SMFEID6588,SID0021,MID0005,2025/12/17,production_consumption,-58,production_run,PRUN_SID0021_MID0005_024
SMFEID6589,SID0002,MID0001,2025/12/18,production_consumption,-41,production_run,PRUN_SID0002_MID0001_051
SMFEID6590,SID0002,MID0025,2025/12/18,production_consumption,-18,production_run,PRUN_SID0002_MID0025_051
SMFEID6591,SID0004,MID0007,2025/12/18,production_consumption,-22,production_run,PRUN_SID0004_MID0007_051
SMFEID6592,SID0004,MID0020,2025/12/18,production_consumption,-36,production_run,PRUN_SID0004_MID0020_051
SMFEID6593,SID0006,MID0020,2025/12/18,production_consumption,-78,production_run,PRUN_SID0006_MID0020_051
SMFEID6594,SID0007,MID0017,2025/12/18,production_consumption,-86,production_run,PRUN_SID0007_MID0017_051
SMFEID6595,SID0007,MID0020,2025/12/18,production_consumption,-180,production_run,PRUN_SID0007_MID0020_051
SMFEID6596,SID0008,MID0022,2025/12/18,production_consumption,-15,production_run,PRUN_SID0008_MID0022_024
SMFEID6597,SID0011,MID0001,2025/12/18,production_consumption,-21,production_run,PRUN_SID0011_MID0001_051
SMFEID6598,SID0011,MID0007,2025/12/18,production_consumption,-29,production_run,PRUN_SID0011_MID0007_051
SMFEID6599,SID0011,MID0008,2025/12/18,external_receipt,691,order,OID0866
SMFEID6600,SID0011,MID0008,2025/12/18,production_consumption,-89,production_run,PRUN_SID0011_MID0008_051
SMFEID6601,SID0011,MID0020,2025/12/18,production_consumption,-141,production_run,PRUN_SID0011_MID0020_051
SMFEID6602,SID0011,MID0025,2025/12/18,production_consumption,-39,production_run,PRUN_SID0011_MID0025_051
SMFEID6603,SID0013,MID0016,2025/12/18,production_consumption,-15,production_run,PRUN_SID0013_MID0016_051
SMFEID6604,SID0013,MID0017,2025/12/18,external_receipt,33,order,OID0876
SMFEID6605,SID0013,MID0020,2025/12/18,production_consumption,-37,production_run,PRUN_SID0013_MID0020_051
SMFEID6606,SID0015,MID0007,2025/12/18,production_consumption,-94,production_run,PRUN_SID0015_MID0007_051
SMFEID6607,SID0015,MID0020,2025/12/18,production_consumption,-402,production_run,PRUN_SID0015_MID0020_051
SMFEID6608,SID0015,MID0025,2025/12/18,production_consumption,-41,production_run,PRUN_SID0015_MID0025_024
SMFEID6609,SID0018,MID0004,2025/12/18,production_consumption,-79,production_run,PRUN_SID0018_MID0004_051
SMFEID6610,SID0018,MID0007,2025/12/18,production_consumption,-13,production_run,PRUN_SID0018_MID0007_051
SMFEID6611,SID0018,MID0008,2025/12/18,production_consumption,-27,production_run,PRUN_SID0018_MID0008_024
SMFEID6612,SID0018,MID0020,2025/12/18,production_consumption,-82,production_run,PRUN_SID0018_MID0020_051
SMFEID6613,SID0018,MID0021,2025/12/18,production_consumption,-61,production_run,PRUN_SID0018_MID0021_024
SMFEID6614,SID0019,MID0010,2025/12/18,production_consumption,-7,production_run,PRUN_SID0019_MID0010_051
SMFEID6615,SID0020,MID0014,2025/12/18,production_consumption,-5,production_run,PRUN_SID0020_MID0014_012
SMFEID6616,SID0020,MID0017,2025/12/18,production_consumption,-17,production_run,PRUN_SID0020_MID0017_024
SMFEID6617,SID0021,MID0001,2025/12/18,production_consumption,-30,production_run,PRUN_SID0021_MID0001_051
SMFEID6618,SID0021,MID0004,2025/12/18,production_consumption,-14,production_run,PRUN_SID0021_MID0004_051
SMFEID6619,SID0021,MID0005,2025/12/18,production_consumption,-53,production_run,PRUN_SID0021_MID0005_024
SMFEID6620,SID0002,MID0001,2025/12/19,production_consumption,-11,production_run,PRUN_SID0002_MID0001_051
SMFEID6621,SID0002,MID0020,2025/12/19,production_consumption,-38,production_run,PRUN_SID0002_MID0020_024
SMFEID6622,SID0002,MID0025,2025/12/19,production_consumption,-3,production_run,PRUN_SID0002_MID0025_051
SMFEID6623,SID0004,MID0007,2025/12/19,production_consumption,-53,production_run,PRUN_SID0004_MID0007_051
SMFEID6624,SID0004,MID0020,2025/12/19,production_consumption,-33,production_run,PRUN_SID0004_MID0020_051
SMFEID6625,SID0006,MID0020,2025/12/19,production_consumption,-97,production_run,PRUN_SID0006_MID0020_051
SMFEID6626,SID0007,MID0017,2025/12/19,production_consumption,-49,production_run,PRUN_SID0007_MID0017_051
SMFEID6627,SID0008,MID0022,2025/12/19,production_consumption,-16,production_run,PRUN_SID0008_MID0022_024
SMFEID6628,SID0008,MID0023,2025/12/19,production_consumption,-3,production_run,PRUN_SID0008_MID0023_012
SMFEID6629,SID0011,MID0001,2025/12/19,production_consumption,-41,production_run,PRUN_SID0011_MID0001_051
SMFEID6630,SID0011,MID0007,2025/12/19,production_consumption,-36,production_run,PRUN_SID0011_MID0007_051
SMFEID6631,SID0011,MID0008,2025/12/19,production_consumption,-138,production_run,PRUN_SID0011_MID0008_051
SMFEID6632,SID0011,MID0020,2025/12/19,production_consumption,-399,production_run,PRUN_SID0011_MID0020_051
SMFEID6633,SID0011,MID0025,2025/12/19,production_consumption,-18,production_run,PRUN_SID0011_MID0025_051
SMFEID6634,SID0013,MID0016,2025/12/19,production_consumption,-85,production_run,PRUN_SID0013_MID0016_051
SMFEID6635,SID0013,MID0020,2025/12/19,production_consumption,-90,production_run,PRUN_SID0013_MID0020_051
SMFEID6636,SID0015,MID0007,2025/12/19,production_consumption,-162,production_run,PRUN_SID0015_MID0007_051
SMFEID6637,SID0015,MID0020,2025/12/19,production_consumption,-47,production_run,PRUN_SID0015_MID0020_051
SMFEID6638,SID0018,MID0004,2025/12/19,production_consumption,-117,production_run,PRUN_SID0018_MID0004_051
SMFEID6639,SID0018,MID0007,2025/12/19,production_consumption,-16,production_run,PRUN_SID0018_MID0007_051
SMFEID6640,SID0018,MID0008,2025/12/19,external_receipt,146,order,OID0878
SMFEID6641,SID0018,MID0008,2025/12/19,production_consumption,-48,production_run,PRUN_SID0018_MID0008_024
SMFEID6642,SID0018,MID0020,2025/12/19,production_consumption,-78,production_run,PRUN_SID0018_MID0020_051
SMFEID6643,SID0018,MID0021,2025/12/19,production_consumption,-34,production_run,PRUN_SID0018_MID0021_024
SMFEID6644,SID0019,MID0010,2025/12/19,production_consumption,-22,production_run,PRUN_SID0019_MID0010_051
SMFEID6645,SID0019,MID0016,2025/12/19,external_receipt,510,order,OID0867
SMFEID6646,SID0020,MID0014,2025/12/19,production_consumption,-27,production_run,PRUN_SID0020_MID0014_012
SMFEID6647,SID0021,MID0001,2025/12/19,production_consumption,-19,production_run,PRUN_SID0021_MID0001_051
SMFEID6648,SID0021,MID0004,2025/12/19,production_consumption,-67,production_run,PRUN_SID0021_MID0004_051
SMFEID6649,SID0021,MID0018,2025/12/19,production_consumption,-22,production_run,PRUN_SID0021_MID0018_024
SMFEID6650,SID0006,MID0010,2025/12/21,external_receipt,172,order,OID0901
SMFEID6651,SID0021,MID0004,2025/12/21,external_receipt,177,order,OID0908
SMFEID6652,SID0002,MID0001,2025/12/22,production_consumption,-6,production_run,PRUN_SID0002_MID0001_052
SMFEID6653,SID0002,MID0020,2025/12/22,production_consumption,-29,production_run,PRUN_SID0002_MID0020_024
SMFEID6654,SID0002,MID0025,2025/12/22,external_receipt,182,order,OID0885
SMFEID6655,SID0002,MID0025,2025/12/22,production_consumption,-32,production_run,PRUN_SID0002_MID0025_052
SMFEID6656,SID0004,MID0007,2025/12/22,production_consumption,-72,production_run,PRUN_SID0004_MID0007_052
SMFEID6657,SID0006,MID0010,2025/12/22,production_consumption,-27,production_run,PRUN_SID0006_MID0010_052
SMFEID6658,SID0006,MID0020,2025/12/22,production_consumption,-93,production_run,PRUN_SID0006_MID0020_052
SMFEID6659,SID0008,MID0023,2025/12/22,production_consumption,-1,production_run,PRUN_SID0008_MID0023_012
SMFEID6660,SID0011,MID0008,2025/12/22,production_consumption,-2,production_run,PRUN_SID0011_MID0008_052
SMFEID6661,SID0011,MID0020,2025/12/22,external_receipt,813,order,OID0896
SMFEID6662,SID0011,MID0020,2025/12/22,production_consumption,-69,production_run,PRUN_SID0011_MID0020_052
SMFEID6663,SID0011,MID0025,2025/12/22,production_consumption,-16,production_run,PRUN_SID0011_MID0025_052
SMFEID6664,SID0013,MID0020,2025/12/22,production_consumption,-28,production_run,PRUN_SID0013_MID0020_052
SMFEID6665,SID0015,MID0007,2025/12/22,production_consumption,-333,production_run,PRUN_SID0015_MID0007_052
SMFEID6666,SID0018,MID0004,2025/12/22,production_consumption,-62,production_run,PRUN_SID0018_MID0004_052
SMFEID6667,SID0018,MID0007,2025/12/22,production_consumption,-28,production_run,PRUN_SID0018_MID0007_052
SMFEID6668,SID0018,MID0008,2025/12/22,production_consumption,-32,production_run,PRUN_SID0018_MID0008_024
SMFEID6669,SID0018,MID0020,2025/12/22,production_consumption,-37,production_run,PRUN_SID0018_MID0020_052
SMFEID6670,SID0019,MID0010,2025/12/22,production_consumption,-3,production_run,PRUN_SID0019_MID0010_052
SMFEID6671,SID0019,MID0013,2025/12/22,production_consumption,-12,production_run,PRUN_SID0019_MID0013_024
SMFEID6672,SID0019,MID0015,2025/12/22,production_consumption,-37,production_run,PRUN_SID0019_MID0015_024
SMFEID6673,SID0021,MID0001,2025/12/22,production_consumption,-14,production_run,PRUN_SID0021_MID0001_052
SMFEID6674,SID0021,MID0018,2025/12/22,production_consumption,-15,production_run,PRUN_SID0021_MID0018_024
SMFEID6675,SID0002,MID0001,2025/12/23,production_consumption,-13,production_run,PRUN_SID0002_MID0001_052
SMFEID6676,SID0002,MID0020,2025/12/23,production_consumption,-34,production_run,PRUN_SID0002_MID0020_024
SMFEID6677,SID0002,MID0025,2025/12/23,production_consumption,-4,production_run,PRUN_SID0002_MID0025_052
SMFEID6678,SID0004,MID0007,2025/12/23,production_consumption,-5,production_run,PRUN_SID0004_MID0007_052
SMFEID6679,SID0004,MID0020,2025/12/23,production_consumption,-22,production_run,PRUN_SID0004_MID0020_052
SMFEID6680,SID0006,MID0010,2025/12/23,production_consumption,-22,production_run,PRUN_SID0006_MID0010_052
SMFEID6681,SID0006,MID0020,2025/12/23,production_consumption,-16,production_run,PRUN_SID0006_MID0020_052
SMFEID6682,SID0007,MID0017,2025/12/23,production_consumption,-184,production_run,PRUN_SID0007_MID0017_052
SMFEID6683,SID0008,MID0023,2025/12/23,production_consumption,-8,production_run,PRUN_SID0008_MID0023_012
SMFEID6684,SID0011,MID0001,2025/12/23,production_consumption,-31,production_run,PRUN_SID0011_MID0001_052
SMFEID6685,SID0011,MID0007,2025/12/23,production_consumption,-107,production_run,PRUN_SID0011_MID0007_052
SMFEID6686,SID0011,MID0008,2025/12/23,production_consumption,-86,production_run,PRUN_SID0011_MID0008_052
SMFEID6687,SID0011,MID0020,2025/12/23,production_consumption,-208,production_run,PRUN_SID0011_MID0020_052
SMFEID6688,SID0011,MID0025,2025/12/23,production_consumption,-16,production_run,PRUN_SID0011_MID0025_052
SMFEID6689,SID0013,MID0016,2025/12/23,external_receipt,364,order,OID0891
SMFEID6690,SID0013,MID0020,2025/12/23,production_consumption,-55,production_run,PRUN_SID0013_MID0020_052
SMFEID6691,SID0015,MID0007,2025/12/23,production_consumption,-126,production_run,PRUN_SID0015_MID0007_052
SMFEID6692,SID0015,MID0020,2025/12/23,production_consumption,-129,production_run,PRUN_SID0015_MID0020_052
SMFEID6693,SID0017,MID0018,2025/12/23,production_consumption,-8,production_run,PRUN_SID0017_MID0018_012
SMFEID6694,SID0018,MID0004,2025/12/23,production_consumption,-50,production_run,PRUN_SID0018_MID0004_052
SMFEID6695,SID0018,MID0007,2025/12/23,production_consumption,-5,production_run,PRUN_SID0018_MID0007_052
SMFEID6696,SID0018,MID0008,2025/12/23,production_consumption,-12,production_run,PRUN_SID0018_MID0008_024
SMFEID6697,SID0018,MID0020,2025/12/23,production_consumption,-7,production_run,PRUN_SID0018_MID0020_052
SMFEID6698,SID0019,MID0010,2025/12/23,production_consumption,-36,production_run,PRUN_SID0019_MID0010_052
SMFEID6699,SID0019,MID0013,2025/12/23,production_consumption,-37,production_run,PRUN_SID0019_MID0013_024
SMFEID6700,SID0019,MID0015,2025/12/23,production_consumption,-44,production_run,PRUN_SID0019_MID0015_024
SMFEID6701,SID0019,MID0016,2025/12/23,production_consumption,-40,production_run,PRUN_SID0019_MID0016_052
SMFEID6702,SID0020,MID0003,2025/12/23,production_consumption,-61,production_run,PRUN_SID0020_MID0003_012
SMFEID6703,SID0021,MID0001,2025/12/23,production_consumption,-28,production_run,PRUN_SID0021_MID0001_052
SMFEID6704,SID0021,MID0005,2025/12/23,external_receipt,164,order,OID0881
SMFEID6705,SID0021,MID0018,2025/12/23,production_consumption,-14,production_run,PRUN_SID0021_MID0018_024
SMFEID6706,SID0002,MID0001,2025/12/24,production_consumption,-11,production_run,PRUN_SID0002_MID0001_052
SMFEID6707,SID0002,MID0020,2025/12/24,production_consumption,-31,production_run,PRUN_SID0002_MID0020_024
SMFEID6708,SID0002,MID0025,2025/12/24,production_consumption,-29,production_run,PRUN_SID0002_MID0025_052
SMFEID6709,SID0004,MID0007,2025/12/24,production_consumption,-103,production_run,PRUN_SID0004_MID0007_052
SMFEID6710,SID0004,MID0020,2025/12/24,production_consumption,-36,production_run,PRUN_SID0004_MID0020_052
SMFEID6711,SID0006,MID0010,2025/12/24,production_consumption,-13,production_run,PRUN_SID0006_MID0010_052
SMFEID6712,SID0006,MID0020,2025/12/24,production_consumption,-29,production_run,PRUN_SID0006_MID0020_052
SMFEID6713,SID0007,MID0017,2025/12/24,production_consumption,-209,production_run,PRUN_SID0007_MID0017_052
SMFEID6714,SID0008,MID0023,2025/12/24,production_consumption,-8,production_run,PRUN_SID0008_MID0023_012
SMFEID6715,SID0008,MID0024,2025/12/24,production_consumption,-40,production_run,PRUN_SID0008_MID0024_012
SMFEID6716,SID0011,MID0001,2025/12/24,production_consumption,-30,production_run,PRUN_SID0011_MID0001_052
SMFEID6717,SID0011,MID0007,2025/12/24,production_consumption,-6,production_run,PRUN_SID0011_MID0007_052
SMFEID6718,SID0011,MID0008,2025/12/24,production_consumption,-10,production_run,PRUN_SID0011_MID0008_052
SMFEID6719,SID0011,MID0020,2025/12/24,production_consumption,-122,production_run,PRUN_SID0011_MID0020_052
SMFEID6720,SID0011,MID0025,2025/12/24,production_consumption,-10,production_run,PRUN_SID0011_MID0025_052
SMFEID6721,SID0013,MID0016,2025/12/24,production_consumption,-87,production_run,PRUN_SID0013_MID0016_052
SMFEID6722,SID0013,MID0020,2025/12/24,external_receipt,364,order,OID0902
SMFEID6723,SID0013,MID0020,2025/12/24,production_consumption,-42,production_run,PRUN_SID0013_MID0020_052
SMFEID6724,SID0015,MID0020,2025/12/24,production_consumption,-160,production_run,PRUN_SID0015_MID0020_052
SMFEID6725,SID0017,MID0005,2025/12/24,external_receipt,55,order,OID0909
SMFEID6726,SID0017,MID0018,2025/12/24,production_consumption,-36,production_run,PRUN_SID0017_MID0018_012
SMFEID6727,SID0018,MID0004,2025/12/24,production_consumption,-80,production_run,PRUN_SID0018_MID0004_052
SMFEID6728,SID0018,MID0007,2025/12/24,production_consumption,-34,production_run,PRUN_SID0018_MID0007_052
SMFEID6729,SID0018,MID0020,2025/12/24,production_consumption,-66,production_run,PRUN_SID0018_MID0020_052
SMFEID6730,SID0019,MID0010,2025/12/24,production_consumption,-52,production_run,PRUN_SID0019_MID0010_052
SMFEID6731,SID0019,MID0013,2025/12/24,production_consumption,-29,production_run,PRUN_SID0019_MID0013_024
SMFEID6732,SID0019,MID0015,2025/12/24,external_receipt,91,order,OID0913
SMFEID6733,SID0019,MID0015,2025/12/24,production_consumption,-26,production_run,PRUN_SID0019_MID0015_024
SMFEID6734,SID0019,MID0016,2025/12/24,production_consumption,-26,production_run,PRUN_SID0019_MID0016_052
SMFEID6735,SID0020,MID0003,2025/12/24,production_consumption,-18,production_run,PRUN_SID0020_MID0003_012
SMFEID6736,SID0020,MID0017,2025/12/24,external_receipt,255,order,OID0886
SMFEID6737,SID0021,MID0001,2025/12/24,production_consumption,-12,production_run,PRUN_SID0021_MID0001_052
SMFEID6738,SID0021,MID0018,2025/12/24,external_receipt,91,order,OID0893
SMFEID6739,SID0021,MID0018,2025/12/24,production_consumption,-23,production_run,PRUN_SID0021_MID0018_024
SMFEID6740,SID0002,MID0001,2025/12/25,production_consumption,-4,production_run,PRUN_SID0002_MID0001_052
SMFEID6741,SID0002,MID0020,2025/12/25,production_consumption,-40,production_run,PRUN_SID0002_MID0020_024
SMFEID6742,SID0004,MID0007,2025/12/25,external_receipt,495,order,OID0879
SMFEID6743,SID0004,MID0007,2025/12/25,production_consumption,-14,production_run,PRUN_SID0004_MID0007_052
SMFEID6744,SID0004,MID0020,2025/12/25,production_consumption,-22,production_run,PRUN_SID0004_MID0020_052
SMFEID6745,SID0006,MID0010,2025/12/25,production_consumption,-24,production_run,PRUN_SID0006_MID0010_052
SMFEID6746,SID0006,MID0020,2025/12/25,production_consumption,-80,production_run,PRUN_SID0006_MID0020_052
SMFEID6747,SID0007,MID0017,2025/12/25,production_consumption,-117,production_run,PRUN_SID0007_MID0017_052
SMFEID6748,SID0007,MID0020,2025/12/25,production_consumption,-206,production_run,PRUN_SID0007_MID0020_052
SMFEID6749,SID0008,MID0023,2025/12/25,production_consumption,-10,production_run,PRUN_SID0008_MID0023_012
SMFEID6750,SID0008,MID0024,2025/12/25,production_consumption,-32,production_run,PRUN_SID0008_MID0024_012
SMFEID6751,SID0011,MID0001,2025/12/25,external_receipt,106,order,OID0910
SMFEID6752,SID0011,MID0007,2025/12/25,production_consumption,-28,production_run,PRUN_SID0011_MID0007_052
SMFEID6753,SID0011,MID0008,2025/12/25,production_consumption,-60,production_run,PRUN_SID0011_MID0008_052
SMFEID6754,SID0011,MID0020,2025/12/25,production_consumption,-62,production_run,PRUN_SID0011_MID0020_052
SMFEID6755,SID0011,MID0025,2025/12/25,external_receipt,91,order,OID0911
SMFEID6756,SID0011,MID0025,2025/12/25,production_consumption,-17,production_run,PRUN_SID0011_MID0025_052
SMFEID6757,SID0013,MID0016,2025/12/25,production_consumption,-60,production_run,PRUN_SID0013_MID0016_052
SMFEID6758,SID0013,MID0020,2025/12/25,production_consumption,-100,production_run,PRUN_SID0013_MID0020_052
SMFEID6759,SID0015,MID0020,2025/12/25,production_consumption,-102,production_run,PRUN_SID0015_MID0020_052
SMFEID6760,SID0017,MID0001,2025/12/25,production_consumption,-42,production_run,PRUN_SID0017_MID0001_024
SMFEID6761,SID0018,MID0004,2025/12/25,production_consumption,-27,production_run,PRUN_SID0018_MID0004_052
SMFEID6762,SID0018,MID0007,2025/12/25,external_receipt,76,order,OID0894
SMFEID6763,SID0018,MID0007,2025/12/25,production_consumption,-37,production_run,PRUN_SID0018_MID0007_052
SMFEID6764,SID0018,MID0020,2025/12/25,production_consumption,-28,production_run,PRUN_SID0018_MID0020_052
SMFEID6765,SID0019,MID0013,2025/12/25,production_consumption,-17,production_run,PRUN_SID0019_MID0013_024
SMFEID6766,SID0019,MID0016,2025/12/25,production_consumption,-40,production_run,PRUN_SID0019_MID0016_052
SMFEID6767,SID0020,MID0003,2025/12/25,production_consumption,-7,production_run,PRUN_SID0020_MID0003_012
SMFEID6768,SID0021,MID0001,2025/12/25,production_consumption,-13,production_run,PRUN_SID0021_MID0001_052
SMFEID6769,SID0021,MID0004,2025/12/25,production_consumption,-133,production_run,PRUN_SID0021_MID0004_052
SMFEID6770,SID0002,MID0001,2025/12/26,production_consumption,-36,production_run,PRUN_SID0002_MID0001_052
SMFEID6771,SID0004,MID0007,2025/12/26,production_consumption,-6,production_run,PRUN_SID0004_MID0007_052
SMFEID6772,SID0004,MID0020,2025/12/26,production_consumption,-26,production_run,PRUN_SID0004_MID0020_052
SMFEID6773,SID0006,MID0010,2025/12/26,production_consumption,-9,production_run,PRUN_SID0006_MID0010_052
SMFEID6774,SID0007,MID0020,2025/12/26,external_receipt,946,order,OID0906
SMFEID6775,SID0007,MID0020,2025/12/26,production_consumption,-152,production_run,PRUN_SID0007_MID0020_052
SMFEID6776,SID0008,MID0012,2025/12/26,production_consumption,-8,production_run,PRUN_SID0008_MID0012_012
SMFEID6777,SID0008,MID0023,2025/12/26,production_consumption,-5,production_run,PRUN_SID0008_MID0023_012
SMFEID6778,SID0011,MID0007,2025/12/26,external_receipt,356,order,OID0903
SMFEID6779,SID0011,MID0008,2025/12/26,production_consumption,-67,production_run,PRUN_SID0011_MID0008_052
SMFEID6780,SID0011,MID0020,2025/12/26,production_consumption,-67,production_run,PRUN_SID0011_MID0020_052
SMFEID6781,SID0013,MID0016,2025/12/26,external_receipt,182,order,OID0892
SMFEID6782,SID0013,MID0016,2025/12/26,production_consumption,-48,production_run,PRUN_SID0013_MID0016_052
SMFEID6783,SID0015,MID0020,2025/12/26,production_consumption,-102,production_run,PRUN_SID0015_MID0020_052
SMFEID6784,SID0017,MID0001,2025/12/26,production_consumption,-11,production_run,PRUN_SID0017_MID0001_024
SMFEID6785,SID0017,MID0004,2025/12/26,production_consumption,-65,production_run,PRUN_SID0017_MID0004_024
SMFEID6786,SID0017,MID0005,2025/12/26,production_consumption,-28,production_run,PRUN_SID0017_MID0005_012
SMFEID6787,SID0018,MID0004,2025/12/26,production_consumption,-45,production_run,PRUN_SID0018_MID0004_052
SMFEID6788,SID0018,MID0007,2025/12/26,production_consumption,-10,production_run,PRUN_SID0018_MID0007_052
SMFEID6789,SID0018,MID0020,2025/12/26,production_consumption,-158,production_run,PRUN_SID0018_MID0020_052
SMFEID6790,SID0019,MID0016,2025/12/26,production_consumption,-14,production_run,PRUN_SID0019_MID0016_052
SMFEID6791,SID0021,MID0001,2025/12/26,production_consumption,-26,production_run,PRUN_SID0021_MID0001_052
SMFEID6792,SID0021,MID0004,2025/12/26,production_consumption,-44,production_run,PRUN_SID0021_MID0004_052
SMFEID6793,SID0021,MID0005,2025/12/26,external_receipt,50,order,OID0882
SMFEID6794,SID0018,MID0007,2025/12/27,external_receipt,152,order,OID0895
SMFEID6795,SID0018,MID0008,2025/12/27,external_receipt,146,order,OID0897
SMFEID6796,SID0004,MID0020,2025/12/28,external_receipt,228,order,OID0918
SMFEID6797,SID0017,MID0001,2025/12/28,external_receipt,228,order,OID0890
SMFEID6798,SID0019,MID0013,2025/12/28,external_receipt,142,order,OID0915
SMFEID6799,SID0021,MID0004,2025/12/28,external_receipt,354,order,OID0920
SMFEID6800,SID0002,MID0001,2025/12/29,production_consumption,-13,production_run,PRUN_SID0002_MID0001_053
SMFEID6801,SID0004,MID0020,2025/12/29,production_consumption,-32,production_run,PRUN_SID0004_MID0020_053
SMFEID6802,SID0006,MID0010,2025/12/29,production_consumption,-28,production_run,PRUN_SID0006_MID0010_053
SMFEID6803,SID0006,MID0020,2025/12/29,production_consumption,-4,production_run,PRUN_SID0006_MID0020_053
SMFEID6804,SID0007,MID0017,2025/12/29,production_consumption,-202,production_run,PRUN_SID0007_MID0017_053
SMFEID6805,SID0007,MID0020,2025/12/29,production_consumption,-63,production_run,PRUN_SID0007_MID0020_053
SMFEID6806,SID0008,MID0012,2025/12/29,production_consumption,-12,production_run,PRUN_SID0008_MID0012_012
SMFEID6807,SID0011,MID0001,2025/12/29,production_consumption,-10,production_run,PRUN_SID0011_MID0001_053
SMFEID6808,SID0011,MID0007,2025/12/29,production_consumption,-46,production_run,PRUN_SID0011_MID0007_053
SMFEID6809,SID0011,MID0008,2025/12/29,external_receipt,691,order,OID0907
SMFEID6810,SID0011,MID0008,2025/12/29,production_consumption,-80,production_run,PRUN_SID0011_MID0008_053
SMFEID6811,SID0011,MID0020,2025/12/29,production_consumption,-164,production_run,PRUN_SID0011_MID0020_053
SMFEID6812,SID0011,MID0025,2025/12/29,production_consumption,-14,production_run,PRUN_SID0011_MID0025_053
SMFEID6813,SID0013,MID0016,2025/12/29,production_consumption,-51,production_run,PRUN_SID0013_MID0016_053
SMFEID6814,SID0013,MID0020,2025/12/29,production_consumption,-22,production_run,PRUN_SID0013_MID0020_053
SMFEID6815,SID0015,MID0007,2025/12/29,production_consumption,-54,production_run,PRUN_SID0015_MID0007_053
SMFEID6816,SID0015,MID0020,2025/12/29,production_consumption,-249,production_run,PRUN_SID0015_MID0020_053
SMFEID6817,SID0017,MID0001,2025/12/29,production_consumption,-45,production_run,PRUN_SID0017_MID0001_024
SMFEID6818,SID0017,MID0004,2025/12/29,production_consumption,-42,production_run,PRUN_SID0017_MID0004_024
SMFEID6819,SID0017,MID0005,2025/12/29,production_consumption,-32,production_run,PRUN_SID0017_MID0005_012
SMFEID6820,SID0018,MID0007,2025/12/29,production_consumption,-19,production_run,PRUN_SID0018_MID0007_053
SMFEID6821,SID0018,MID0020,2025/12/29,production_consumption,-64,production_run,PRUN_SID0018_MID0020_053
SMFEID6822,SID0019,MID0016,2025/12/29,production_consumption,-18,production_run,PRUN_SID0019_MID0016_053
SMFEID6823,SID0021,MID0001,2025/12/29,production_consumption,-16,production_run,PRUN_SID0021_MID0001_053
SMFEID6824,SID0021,MID0004,2025/12/29,production_consumption,-106,production_run,PRUN_SID0021_MID0004_053
SMFEID6825,SID0002,MID0001,2025/12/30,production_consumption,-13,production_run,PRUN_SID0002_MID0001_053
SMFEID6826,SID0002,MID0025,2025/12/30,production_consumption,-19,production_run,PRUN_SID0002_MID0025_053
SMFEID6827,SID0004,MID0007,2025/12/30,production_consumption,-100,production_run,PRUN_SID0004_MID0007_053
SMFEID6828,SID0004,MID0020,2025/12/30,production_consumption,-34,production_run,PRUN_SID0004_MID0020_053
SMFEID6829,SID0006,MID0010,2025/12/30,production_consumption,-30,production_run,PRUN_SID0006_MID0010_053
SMFEID6830,SID0006,MID0020,2025/12/30,production_consumption,-60,production_run,PRUN_SID0006_MID0020_053
SMFEID6831,SID0007,MID0017,2025/12/30,external_receipt,897,order,OID0921
SMFEID6832,SID0007,MID0017,2025/12/30,production_consumption,-73,production_run,PRUN_SID0007_MID0017_053
SMFEID6833,SID0007,MID0020,2025/12/30,production_consumption,-57,production_run,PRUN_SID0007_MID0020_053
SMFEID6834,SID0008,MID0012,2025/12/30,production_consumption,-6,production_run,PRUN_SID0008_MID0012_012
SMFEID6835,SID0008,MID0023,2025/12/30,external_receipt,73,order,OID0904
SMFEID6836,SID0011,MID0001,2025/12/30,production_consumption,-18,production_run,PRUN_SID0011_MID0001_053
SMFEID6837,SID0011,MID0007,2025/12/30,production_consumption,-47,production_run,PRUN_SID0011_MID0007_053
SMFEID6838,SID0011,MID0008,2025/12/30,production_consumption,-52,production_run,PRUN_SID0011_MID0008_053
SMFEID6839,SID0011,MID0020,2025/12/30,external_receipt,813,order,OID0914
SMFEID6840,SID0011,MID0020,2025/12/30,production_consumption,-144,production_run,PRUN_SID0011_MID0020_053
SMFEID6841,SID0011,MID0025,2025/12/30,production_consumption,-10,production_run,PRUN_SID0011_MID0025_053
SMFEID6842,SID0013,MID0016,2025/12/30,production_consumption,-17,production_run,PRUN_SID0013_MID0016_053
SMFEID6843,SID0013,MID0020,2025/12/30,production_consumption,-68,production_run,PRUN_SID0013_MID0020_053
SMFEID6844,SID0015,MID0007,2025/12/30,production_consumption,-62,production_run,PRUN_SID0015_MID0007_053
SMFEID6845,SID0015,MID0020,2025/12/30,external_receipt,1879,order,OID0887
SMFEID6846,SID0015,MID0020,2025/12/30,production_consumption,-33,production_run,PRUN_SID0015_MID0020_053
SMFEID6847,SID0018,MID0004,2025/12/30,production_consumption,-87,production_run,PRUN_SID0018_MID0004_053
SMFEID6848,SID0018,MID0007,2025/12/30,production_consumption,-20,production_run,PRUN_SID0018_MID0007_053
SMFEID6849,SID0018,MID0020,2025/12/30,production_consumption,-57,production_run,PRUN_SID0018_MID0020_053
SMFEID6850,SID0019,MID0010,2025/12/30,external_receipt,297,order,OID0898
SMFEID6851,SID0019,MID0010,2025/12/30,production_consumption,-26,production_run,PRUN_SID0019_MID0010_053
SMFEID6852,SID0019,MID0016,2025/12/30,production_consumption,-31,production_run,PRUN_SID0019_MID0016_053
SMFEID6853,SID0021,MID0001,2025/12/30,production_consumption,-32,production_run,PRUN_SID0021_MID0001_053
SMFEID6854,SID0021,MID0004,2025/12/30,production_consumption,-5,production_run,PRUN_SID0021_MID0004_053
SMFEID6855,SID0002,MID0001,2025/12/31,production_consumption,-8,production_run,PRUN_SID0002_MID0001_053
SMFEID6856,SID0002,MID0025,2025/12/31,production_consumption,-20,production_run,PRUN_SID0002_MID0025_053
SMFEID6857,SID0004,MID0007,2025/12/31,production_consumption,-12,production_run,PRUN_SID0004_MID0007_053
SMFEID6858,SID0006,MID0020,2025/12/31,production_consumption,-72,production_run,PRUN_SID0006_MID0020_053
SMFEID6859,SID0007,MID0017,2025/12/31,production_consumption,-22,production_run,PRUN_SID0007_MID0017_053
SMFEID6860,SID0007,MID0020,2025/12/31,production_consumption,-80,production_run,PRUN_SID0007_MID0020_053
SMFEID6861,SID0008,MID0024,2025/12/31,external_receipt,73,order,OID0905
SMFEID6862,SID0011,MID0001,2025/12/31,production_consumption,-10,production_run,PRUN_SID0011_MID0001_053
SMFEID6863,SID0011,MID0007,2025/12/31,production_consumption,-2,production_run,PRUN_SID0011_MID0007_053
SMFEID6864,SID0011,MID0025,2025/12/31,production_consumption,-11,production_run,PRUN_SID0011_MID0025_053
SMFEID6865,SID0013,MID0016,2025/12/31,production_consumption,-58,production_run,PRUN_SID0013_MID0016_053
SMFEID6866,SID0013,MID0020,2025/12/31,production_consumption,-47,production_run,PRUN_SID0013_MID0020_053
SMFEID6867,SID0015,MID0007,2025/12/31,production_consumption,-166,production_run,PRUN_SID0015_MID0007_053
SMFEID6868,SID0017,MID0005,2025/12/31,external_receipt,73,order,OID0922
SMFEID6869,SID0018,MID0004,2025/12/31,production_consumption,-73,production_run,PRUN_SID0018_MID0004_053
SMFEID6870,SID0018,MID0007,2025/12/31,production_consumption,-17,production_run,PRUN_SID0018_MID0007_053
SMFEID6871,SID0018,MID0020,2025/12/31,production_consumption,-67,production_run,PRUN_SID0018_MID0020_053
SMFEID6872,SID0019,MID0010,2025/12/31,production_consumption,-24,production_run,PRUN_SID0019_MID0010_053
SMFEID6873,SID0019,MID0016,2025/12/31,production_consumption,-31,production_run,PRUN_SID0019_MID0016_053
SMFEID6874,SID0021,MID0001,2025/12/31,production_consumption,-19,production_run,PRUN_SID0021_MID0001_053
SMFEID6875,SID0004,MID0020,2026/01/01,external_receipt,162,order,OID0916
SMFEID6876,SID0002,MID0001,2026/01/02,external_receipt,223,order,OID0912
SMFEID6877,SID0007,MID0017,2026/01/02,external_receipt,897,order,OID0917
SMFEID6878,SID0007,MID0017,2026/01/02,external_receipt,1346,order,OID0919
SMFEID6879,SID0008,MID0023,2026/01/02,external_receipt,73,order,OID0899
SMFEID6880,SID0008,MID0024,2026/01/02,external_receipt,66,order,OID0900
SMFEID6881,SID0015,MID0020,2026/01/02,external_receipt,1879,order,OID0883
